Cell_ID,Temp_Group,t,V_mea,SOC_mea,V_10,I_m,R,I_flag,T_env,dT,SOC_true,OCV_GITT_true,Source_File,SOC_pred_lightgbm
A123_094,25C,120,4.045166969299316,1.0,4.069166660308838,2.339980810556723,0.0,1,24.0,0.0,0.0,2.8855350017547607,2_4_14_1C_Cycle.xlsx,0.0
A123_094,25C,30,4.066085815429688,1.0,4.066085815429688,2.3115235610195426,0.0,1,24.0,0.0,0.0,2.8855350017547607,10_16_13_1C_Cycle.xlsx,0.0
A123_094,25C,120,2.555711507797241,0.0,2.391117572784424,-2.499906479794046,-0.0,1,24.0,0.0,0.0,2.8855350017547607,8_29_13_1C_Cycle.xlsx,0.0
A123_094,25C,90,4.049221038818359,1.0,4.067869663238525,2.3248177781322243,0.0,1,24.0,0.0,0.0,2.8855350017547607,12_4_13_1C_Cycle.xlsx,0.0
A123_094,25C,30,2.383171558380127,0.0,2.383171558380127,-2.4997479957816875,-0.0,1,24.0,0.0,0.0,2.8855350017547607,10_07_13_1C_Cycle.xlsx,0.00023588307290671974
A123_094,25C,120,2.5607385635375977,0.0,2.3929011821746826,-2.4996489426037214,-0.0,1,24.0,0.0,0.0,2.8855350017547607,11_18_13_1C_Cycle.xlsx,0.0
A123_094,25C,120,4.041275024414063,1.0,4.067058563232422,2.323787797793098,0.0,1,24.0,0.0,0.0,2.8855350017547607,2_4_14_1C_Cycle.xlsx,0.0
A123_094,25C,60,2.5317115783691406,0.0,2.4760901927948,-2.477007442233365,-0.0,1,24.0,0.0,0.0,2.8855350017547607,1_23_14_1C_Cycle.xlsx,4.112882263056108e-05
A123_094,25C,120,4.038842678070068,1.0,4.066247940063477,2.313584728380208,0.0,1,24.0,0.0,0.0,2.8855350017547607,9_25_13_1C_Cycle.xlsx,0.0
A123_094,25C,90,2.5317115783691406,0.0,2.381387710571289,-2.499761758594338,-0.0,1,24.0,0.0,0.0,2.8855350017547607,1_23_14_1C_Cycle.xlsx,0.0001653302320509215
A123_094,25C,120,2.559603452682495,0.0,2.389333724975586,-2.499710045690122,-0.0,1,24.0,0.0,0.0,2.8855350017547607,8_29_13_1C_Cycle.xlsx,9.643084493332045e-05
A123_094,25C,120,2.561549425125122,0.0,2.3760364055633545,-2.4999183480228697,-0.0,1,24.0,0.0,0.0,2.8855350017547607,10_16_13_1C_Cycle.xlsx,0.0
A123_094,25C,120,4.041923522949219,1.0,4.067707061767578,2.3241751388224783,0.0,1,24.0,0.0,0.0,2.8855350017547607,1_23_14_1C_Cycle.xlsx,1.1820101809196355e-06
A123_094,25C,30,4.067220687866211,1.0,4.067220687866211,2.324389714906868,0.0,1,24.0,0.0,0.0,2.8855350017547607,12_13_13_1C_Cycle.xlsx,0.0003751166802930123
A123_094,25C,150,4.038193702697754,1.0,4.06884241104126,2.3390865164498487,0.0,1,24.0,0.0,0.0,2.8855350017547607,3_4_14_1C_Cycle.xlsx,0.0
A123_094,25C,30,4.06884241104126,1.0,4.06884241104126,2.344580047653388,0.0,1,24.0,0.0,0.0,2.8855350017547607,11_18_13_1C_Cycle.xlsx,0.000131484351701572
A123_094,25C,120,4.040463924407959,1.0,4.066896438598633,2.3196181743814237,0.0,1,24.0,0.0,0.0,2.8855350017547607,3_4_14_1C_Cycle.xlsx,0.0
A123_094,25C,30,4.067707061767578,1.0,4.067707061767578,2.3212482533820973,0.0,1,24.0,0.0,0.0,2.8855350017547607,7_19_13_1C_Cycle.xlsx,0.0004449210831575106
A123_094,25C,30,2.4801442623138428,0.0,2.4801442623138428,-2.4773810091376487,-0.0,1,24.0,0.0,0.0,2.8855350017547607,11_18_13_1C_Cycle.xlsx,3.873380880485437e-05
A123_094,25C,60,4.056355953216553,1.0,4.066896438598633,2.331306527838234,0.0,1,24.0,0.0,0.0,2.8855350017547607,10_07_13_1C_Cycle.xlsx,0.0005136015519297113
A123_094,25C,60,4.059274673461914,1.0,4.06884241104126,2.3444942650779828,0.0,1,24.0,0.0,0.0,2.8855350017547607,11_18_13_1C_Cycle.xlsx,0.0
A123_094,25C,120,4.039329051971436,1.0,4.066572189331055,2.3114787983623417,0.0,1,24.0,0.0,0.0,2.8855350017547607,10_16_13_1C_Cycle.xlsx,0.0
A123_094,25C,90,4.0477614402771,1.0,4.067058563232422,2.3333711301287017,0.0,1,24.0,0.0,0.0,2.8855350017547607,8_29_13_1C_Cycle.xlsx,0.00034561208044085875
A123_094,25C,150,4.036572456359863,1.0,4.0680317878723145,2.3249509797384174,0.0,1,24.0,0.0,0.0,2.8855350017547607,12_4_13_1C_Cycle.xlsx,0.0
A123_094,25C,30,4.067544937133789,1.0,4.067544937133789,2.3242275735251923,0.0,1,24.0,0.0,0.0,2.8855350017547607,12_13_13_1C_Cycle.xlsx,0.0002828024865073413
A123_094,25C,120,4.038031578063965,1.0,4.065761566162109,2.3138483091578133,0.0,1,24.0,0.0,0.0,2.8855350017547607,9_25_13_1C_Cycle.xlsx,0.0
A123_094,25C,150,4.033166885375977,1.0,4.066896438598633,2.317289422214031,0.0,1,24.0,0.0,0.0,2.8855350017547607,8_12_13_1C_Cycle.xlsx,0.0
A123_094,25C,120,2.578252077102661,0.0,2.422576904296875,-2.4997065334676583,-0.0,1,24.0,0.0,0.0,2.8855350017547607,2_20_14_1C_Cycle.xlsx,0.0
A123_094,25C,60,2.5249009132385254,0.0,2.4772253036499023,-2.4781829750402187,-0.0,1,24.0,0.0,0.0,2.8855350017547607,8_29_13_1C_Cycle.xlsx,4.18870010101365e-05
A123_094,25C,120,4.042734146118164,1.0,4.068193912506104,2.326930031242992,0.0,1,24.0,0.0,0.0,2.8855350017547607,12_4_13_1C_Cycle.xlsx,0.0008260820724674803
A123_094,25C,60,2.5043063163757324,0.0,2.4220902919769287,-2.499740313146716,-0.0,1,24.0,0.0,0.0,2.8855350017547607,2_20_14_1C_Cycle.xlsx,0.0022844882303376104
A123_094,25C,120,4.038842678070068,1.0,4.066085815429688,2.311548940406358,0.0,1,24.0,0.0,0.0,2.8855350017547607,10_16_13_1C_Cycle.xlsx,0.0
A123_094,25C,30,2.48663067817688,0.0,2.48663067817688,-2.476772313932156,-0.0,1,24.0,0.0,0.0,2.8855350017547607,2_4_14_1C_Cycle.xlsx,0.0
A123_094,25C,120,4.039977550506592,1.0,4.067058563232422,2.3176638137698173,0.0,1,24.0,0.0,0.0,2.8855350017547607,8_12_13_1C_Cycle.xlsx,0.0
A123_094,25C,60,4.056031703948975,1.0,4.066410064697266,2.3131552474787003,0.0,1,24.0,0.0,0.0,2.8855350017547607,10_07_13_1C_Cycle.xlsx,0.0
A123_094,25C,150,4.032842636108398,1.0,4.066734313964844,2.315602326525315,0.0,1,24.0,0.0,0.0,2.8855350017547607,8_29_13_1C_Cycle.xlsx,0.0
A123_094,25C,150,4.03251838684082,1.0,4.066410064697266,2.313109342924884,0.0,1,24.0,0.0,0.0,2.8855350017547607,9_25_13_1C_Cycle.xlsx,0.0
A123_094,25C,60,4.056193828582764,1.0,4.066572189331055,2.312971632500164,0.0,1,24.0,0.0,0.0,2.8855350017547607,10_07_13_1C_Cycle.xlsx,5.0152908439125753e-05
A123_094,25C,90,2.526522397994995,0.0,2.391928195953369,-2.499719472553419,-0.0,1,24.0,0.0,0.0,2.8855350017547607,8_29_13_1C_Cycle.xlsx,0.00023416933937410895
A123_094,25C,30,2.375063419342041,0.0,2.375063419342041,-2.4996948222483484,-0.0,1,24.0,0.0,0.0,2.8855350017547607,7_8_13_1C_Cycle.xlsx,4.976427672724201e-05
A123_094,25C,30,2.3927390575408936,0.0,2.3927390575408936,-2.4997454986237644,-0.0,1,24.0,0.0,0.0,2.8855350017547607,9_16_13_1C_Cycle.xlsx,0.00047248987227476786
A123_094,25C,30,2.3859283924102783,0.0,2.3859283924102783,-2.4997639888155776,-0.0,1,24.0,0.0,0.0,2.8855350017547607,10_07_13_1C_Cycle.xlsx,0.0003968375019466586
A123_094,25C,30,2.476738929748535,0.0,2.476738929748535,-2.4783325370607883,-0.0,1,24.0,0.0,0.0,2.8855350017547607,8_29_13_1C_Cycle.xlsx,5.953354922867187e-05
A123_094,25C,120,2.557819604873657,0.0,2.3799283504486084,-2.4998727414460307,-0.0,1,24.0,0.0,0.0,2.8855350017547607,9_25_13_1C_Cycle.xlsx,0.0
A123_094,25C,30,4.067707061767578,1.0,4.067707061767578,2.316939670324325,0.0,1,24.0,0.0,0.0,2.8855350017547607,8_12_13_1C_Cycle.xlsx,0.007229636843547096
A123_094,25C,30,4.067058563232422,1.0,4.067058563232422,2.315647563566604,0.0,1,24.0,0.0,0.0,2.8855350017547607,8_29_13_1C_Cycle.xlsx,0.0
A123_094,25C,60,2.476901054382324,0.0,2.38884711265564,-2.4997367589370065,-0.0,1,24.0,0.0,0.0,2.8855350017547607,8_29_13_1C_Cycle.xlsx,0.00037188149598274827
A123_094,25C,90,4.046788215637207,1.0,4.066410064697266,2.31308269054919,0.0,1,24.0,0.0,0.0,2.8855350017547607,9_25_13_1C_Cycle.xlsx,0.0
A123_094,25C,30,4.066896438598633,1.0,4.066896438598633,2.3323598875984795,0.0,1,24.0,0.0,0.0,2.8855350017547607,9_16_13_1C_Cycle.xlsx,0.0010092127502369876
A123_094,25C,60,2.536738634109497,0.0,2.484846830368042,-2.477579652604778,-0.0,1,24.0,0.0,0.0,2.8855350017547607,10_16_13_1C_Cycle.xlsx,0.0
A123_094,25C,30,2.474144220352173,0.0,2.474144220352173,-2.499765045746513,-0.0,1,24.0,0.0,0.0,2.8855350017547607,8_29_13_1C_Cycle.xlsx,4.401291855511021e-06
A123_094,25C,90,4.051004409790039,1.0,4.0680317878723145,2.3397299632299364,0.0,1,24.0,0.0,0.0,2.8855350017547607,2_20_14_1C_Cycle.xlsx,0.0
A123_094,25C,90,2.542414426803589,0.0,2.4138200283050537,-2.4997026081438416,-0.0,1,24.0,0.0,0.0,2.8855350017547607,2_4_14_1C_Cycle.xlsx,0.0
A123_094,25C,30,2.476252317428589,0.0,2.476252317428589,-2.4773568139093447,-0.0,1,24.0,0.0,0.0,2.8855350017547607,12_4_13_1C_Cycle.xlsx,5.442395060204309e-05
A123_094,25C,60,2.4752793312072754,0.0,2.387712001800537,-2.499728169934503,-0.0,1,24.0,0.0,0.0,2.8855350017547607,8_12_13_1C_Cycle.xlsx,0.00014109665042123082
A123_094,25C,120,2.553441286087036,0.0,2.399712085723877,-2.499665482569549,-0.0,1,24.0,0.0,0.0,2.8855350017547607,7_24_13_1C_Cycle.xlsx,0.0
A123_094,25C,90,4.064626216888428,1.0,4.075004577636719,0.9037446329991022,0.0,1,24.0,0.0,1.0,3.553644180297852,10_16_13_1C_Cycle.xlsx,0.9865244379555074
A123_094,25C,120,4.039653301239014,1.0,4.067220687866211,2.3158442814263607,0.0,1,24.0,0.0,0.0,2.8855350017547607,8_29_13_1C_Cycle.xlsx,0.002288901750433575
A123_094,25C,60,4.058950424194336,1.0,4.06884241104126,2.344707118820841,0.0,1,24.0,0.0,0.0,2.8855350017547607,11_18_13_1C_Cycle.xlsx,0.0
A123_094,25C,90,4.049221038818359,1.0,4.067869663238525,2.3400881350563285,0.0,1,24.0,0.0,0.0,2.8855350017547607,3_4_14_1C_Cycle.xlsx,0.0
A123_094,25C,90,4.038517951965332,1.0,4.066247940063477,2.31366912867935,0.0,1,24.0,0.0,0.0,2.8855350017547607,9_25_13_1C_Cycle.xlsx,0.006254412385184291
A123_094,25C,30,4.069166660308838,1.0,4.069166660308838,2.33867127892741,0.0,1,24.0,0.0,0.0,2.8855350017547607,3_4_14_1C_Cycle.xlsx,0.0
A123_094,25C,60,4.057491302490234,1.0,4.067869663238525,2.3259324955485634,0.0,1,24.0,0.0,0.0,2.8855350017547607,12_13_13_1C_Cycle.xlsx,7.3780320009847e-05
A123_094,25C,120,4.039815425872803,1.0,4.066896438598633,2.314428460973549,0.0,1,24.0,0.0,0.0,2.8855350017547607,9_16_13_1C_Cycle.xlsx,0.0
A123_094,25C,90,2.5276577472686768,0.0,2.375874280929565,-2.499339705114966,-0.0,1,24.0,0.0,0.0,2.8855350017547607,11_6_13_1C_Cycle.xlsx,0.0
A123_094,25C,60,4.056680202484131,1.0,4.067058563232422,2.32757679310416,0.0,1,24.0,0.0,0.0,2.8855350017547607,11_6_13_1C_Cycle.xlsx,0.0001176560438475105
A123_094,25C,30,4.066734313964844,1.0,4.066734313964844,2.3277969121181665,0.0,1,24.0,0.0,0.0,2.8855350017547607,11_6_13_1C_Cycle.xlsx,0.001257293197397483
A123_094,25C,120,4.037383079528809,1.0,4.066247940063477,2.30838817178972,0.0,1,24.0,0.0,0.0,2.8855350017547607,7_15_13_1C_Cycle.xlsx,0.0
A123_094,25C,90,2.5227928161621094,0.0,2.386739015579224,-2.499731285818692,-0.0,1,24.0,0.0,0.0,2.8855350017547607,8_12_13_1C_Cycle.xlsx,0.000728491496654755
A123_094,25C,30,2.3781445026397705,0.0,2.3781445026397705,-2.49980521846462,-0.0,1,24.0,0.0,0.0,2.8855350017547607,11_6_13_1C_Cycle.xlsx,0.00042395767085850414
A123_094,25C,60,2.474792957305908,0.0,2.38268518447876,-2.4998087693104702,-0.0368459275597128,1,24.0,0.0,0.0,2.8855350017547607,9_25_13_1C_Cycle.xlsx,0.0004669594002311003
A123_094,25C,30,2.3796041011810303,0.0,2.3796041011810303,-2.4997639888155776,-0.0,1,24.0,0.0,0.0,2.8855350017547607,9_25_13_1C_Cycle.xlsx,0.00023944693232287747
A123_094,25C,120,2.566089868545532,0.0,2.385441780090332,-2.499735232886918,-0.0,1,24.0,0.0,0.0,2.8855350017547607,1_23_14_1C_Cycle.xlsx,0.00022138939226989815
A123_094,25C,30,2.4794955253601074,0.0,2.4794955253601074,-2.4774294166241555,-0.0,1,24.0,0.0,0.0,2.8855350017547607,11_18_13_1C_Cycle.xlsx,3.873380880485437e-05
A123_094,25C,120,4.039329051971436,1.0,4.067058563232422,2.3176869381666183,0.0,1,24.0,0.0,0.0,2.8855350017547607,8_12_13_1C_Cycle.xlsx,0.0
A123_094,25C,150,4.033653259277344,1.0,4.067058563232422,2.333272677732677,0.0,1,24.0,0.0,0.0,2.8855350017547607,8_29_13_1C_Cycle.xlsx,0.0
A123_094,25C,60,4.0557074546813965,1.0,4.066247940063477,2.311710238579876,0.0,1,24.0,0.0,0.0,2.8855350017547607,10_16_13_1C_Cycle.xlsx,0.0
A123_094,25C,150,4.033166885375977,1.0,4.066734313964844,2.3278576315951947,0.0,1,24.0,0.0,0.0,2.8855350017547607,11_6_13_1C_Cycle.xlsx,0.0
A123_094,25C,60,2.531549453735352,0.0,2.4835495948791504,-2.477134854371265,-0.0,1,24.0,0.0,0.0,2.8855350017547607,12_13_13_1C_Cycle.xlsx,4.18870010101365e-05
A123_094,25C,90,2.544360399246216,0.0,2.41284704208374,-2.499719341595968,-0.0,1,24.0,0.0,0.0,2.8855350017547607,2_4_14_1C_Cycle.xlsx,0.002663721844449806
A123_094,25C,90,2.527819871902466,0.0,2.3774960041046143,-2.499883359616941,-0.0,1,24.0,0.0,0.0,2.8855350017547607,11_6_13_1C_Cycle.xlsx,0.0
A123_094,25C,60,2.5495495796203613,0.0,2.504144191741944,-2.476556452399732,-0.0,1,24.0,0.0,0.0,2.8855350017547607,2_20_14_1C_Cycle.xlsx,0.0
A123_094,25C,90,4.0514912605285645,1.0,4.068518161773682,2.339363864247213,0.0,1,24.0,0.0,0.0,2.8855350017547607,2_20_14_1C_Cycle.xlsx,9.181208388035979e-05
A123_094,25C,30,2.484684705734253,0.0,2.3985769748687744,-2.499701031693468,-0.0344472117960215,1,24.0,0.0,0.0,2.8855350017547607,11_6_13_1C_Cycle.xlsx,0.0030035992733470364
A123_094,25C,150,4.034788608551025,1.0,4.067869663238525,2.322552400350105,0.0,1,24.0,0.0,0.0,2.8855350017547607,7_17_13_1C_Cycle.xlsx,0.0
A123_094,25C,30,2.377982378005981,0.0,2.377982378005981,-2.4998752190186098,-0.0,1,24.0,0.0,0.0,2.8855350017547607,11_6_13_1C_Cycle.xlsx,1.824870944642312e-05
A123_094,25C,60,4.055545330047607,1.0,4.066247940063477,2.309819599054754,0.0,1,24.0,0.0,0.0,2.8855350017547607,11_6_13_1C_Cycle.xlsx,0.0
A123_094,25C,120,4.042896747589111,1.0,4.0680317878723145,2.33959049293608,0.0,1,24.0,0.0,0.0,2.8855350017547607,3_4_14_1C_Cycle.xlsx,0.0
A123_094,25C,90,2.5524682998657227,0.0,2.403117418289185,-2.5000069444462403,-0.030745802351319,1,24.0,0.0,0.0,2.8855350017547607,7_24_13_1C_Cycle.xlsx,0.0308940031537212
A123_094,25C,90,4.041275024414063,1.0,4.067220687866211,2.3211059958390567,0.0,1,24.0,0.0,0.0,2.8855350017547607,2_4_14_1C_Cycle.xlsx,0.0001317651694549888
A123_094,25C,120,4.044031620025635,1.0,4.068680286407471,2.3446305729448795,0.0,1,24.0,0.0,0.0,2.8855350017547607,11_18_13_1C_Cycle.xlsx,0.0
A123_094,25C,60,4.055545330047607,1.0,4.066410064697266,2.3066842881962657,0.0,1,24.0,0.0,0.0,2.8855350017547607,7_15_13_1C_Cycle.xlsx,0.0003770128702344571
A123_094,25C,90,4.039329051971436,1.0,4.066410064697266,2.311217465060801,0.0,1,24.0,0.0,0.0,2.8855350017547607,10_16_13_1C_Cycle.xlsx,0.006172580826866286
A123_094,25C,120,2.5558738708496094,0.0,2.3929011821746826,-2.4999174781467604,-0.0,1,24.0,0.0,0.0,2.8855350017547607,8_29_13_1C_Cycle.xlsx,0.0
A123_094,25C,30,4.0680317878723145,1.0,4.0680317878723145,2.3253782238116707,0.0,1,24.0,0.0,0.0,2.8855350017547607,12_4_13_1C_Cycle.xlsx,0.0
A123_094,25C,120,2.564306259155273,0.0,2.3781445026397705,-2.499719615416093,-0.0,1,24.0,0.0,0.0,2.8855350017547607,12_13_13_1C_Cycle.xlsx,1.1465468503896791e-05
A123_094,25C,150,4.0343017578125,1.0,4.067707061767578,2.31884360366634,0.0,1,24.0,0.0,0.0,2.8855350017547607,8_1_13_1C_Cycle.xlsx,3.799529900089636e-05
A123_094,25C,30,2.382198572158813,0.0,2.382198572158813,-2.499880737962976,-0.0,1,24.0,0.0,0.0,2.8855350017547607,10_07_13_1C_Cycle.xlsx,4.160405182424322e-05
A123_094,25C,60,4.0578155517578125,1.0,4.067869663238525,2.338441765809481,0.0,1,24.0,0.0,0.0,2.8855350017547607,3_4_14_1C_Cycle.xlsx,0.002075072049635469
A123_094,25C,60,2.4812793731689453,0.0,2.398090362548828,-2.4998031375754595,-0.0,1,24.0,0.0,0.0,2.8855350017547607,8_1_13_1C_Cycle.xlsx,0.001790790864803922
A123_094,25C,30,2.3865768909454346,0.0,2.3865768909454346,-2.499770234371054,-0.0,1,24.0,0.0,0.0,2.8855350017547607,8_12_13_1C_Cycle.xlsx,0.0003968375019466586
A123_094,25C,30,4.066572189331055,1.0,4.066572189331055,2.3131849091561114,0.0,1,24.0,0.0,0.0,2.8855350017547607,10_07_13_1C_Cycle.xlsx,4.922825332347347e-05
A123_094,25C,150,4.033329010009766,1.0,4.067220687866211,2.317756307125092,0.0,1,24.0,0.0,0.0,2.8855350017547607,8_12_13_1C_Cycle.xlsx,9.001743535195494e-05
A123_094,25C,90,4.041275024414063,1.0,4.0673828125,2.3215914558457293,0.0,1,24.0,0.0,0.0,2.8855350017547607,2_4_14_1C_Cycle.xlsx,0.0002293162749459734
A123_094,25C,30,2.3776581287384038,0.0,2.3776581287384038,-2.4997048291293056,-0.0,1,24.0,0.0,0.0,2.8855350017547607,12_13_13_1C_Cycle.xlsx,5.194950257119194e-05
A123_094,25C,30,4.066734313964844,1.0,4.066734313964844,2.315449341650932,0.0,1,24.0,0.0,0.0,2.8855350017547607,8_29_13_1C_Cycle.xlsx,0.0004979578794651399
A123_094,25C,30,4.067544937133789,1.0,4.067544937133789,2.3195620138966846,0.0,1,24.0,0.0,0.0,2.8855350017547607,8_1_13_1C_Cycle.xlsx,0.00039616090034569237
A123_094,25C,30,4.066896438598633,1.0,4.066896438598633,2.315555736001941,0.0,1,24.0,0.0,0.0,2.8855350017547607,8_29_13_1C_Cycle.xlsx,0.0
A123_094,25C,60,2.495225191116333,0.0,2.4117119312286377,-2.499695914762992,-0.0,1,24.0,0.0,0.0,2.8855350017547607,2_4_14_1C_Cycle.xlsx,0.005723835846539835
A123_094,25C,60,4.059112548828125,1.0,4.069004535675049,2.3446106512288925,0.0,1,24.0,0.0,0.0,2.8855350017547607,11_18_13_1C_Cycle.xlsx,0.0009448957613438118
A123_094,25C,60,2.5227928161621094,0.0,2.4759280681610107,-2.478663121204097,-0.0,1,24.0,0.0,0.0,2.8855350017547607,8_1_13_1C_Cycle.xlsx,1.5736752073211887e-05
A123_094,25C,30,2.4008471965789795,0.0,2.4008471965789795,-2.499640984050298,-0.0,1,24.0,0.0,0.0,2.8855350017547607,7_24_13_1C_Cycle.xlsx,0.00105140467129087
A123_094,25C,30,2.3817121982574463,0.0,2.3817121982574463,-2.4997223536173503,-0.0,1,24.0,0.0,0.0,2.8855350017547607,7_11_13_1C_Cycle.xlsx,7.405295529981878e-05
A123_094,25C,90,4.047923564910889,1.0,4.067220687866211,2.324706271290779,0.0,1,24.0,0.0,0.0,2.8855350017547607,12_13_13_1C_Cycle.xlsx,0.00036148516465436565
A123_094,25C,30,2.472036123275757,0.0,2.472036123275757,-2.4997505375317166,-0.0,1,24.0,0.0,0.0,2.8855350017547607,10_16_13_1C_Cycle.xlsx,6.231793016029955e-05
A123_094,25C,60,2.474630832672119,0.0,2.386739015579224,-2.499731285818692,-0.0,1,24.0,0.0,0.0,2.8855350017547607,8_12_13_1C_Cycle.xlsx,0.00037188149598274827
A123_094,25C,30,2.4005229473114014,0.0,2.4005229473114014,-2.4997305523635998,-0.0,1,24.0,0.0,0.0,2.8855350017547607,8_1_13_1C_Cycle.xlsx,0.0018560282983194
A123_094,25C,120,4.044193744659424,1.0,4.069004535675049,2.344702533304186,0.0,1,24.0,0.0,0.0,2.8855350017547607,11_18_13_1C_Cycle.xlsx,0.0003158314873081914
A123_094,25C,150,4.029437065124512,1.0,4.066085815429688,2.2678437135285803,0.0,1,24.0,0.0,0.0,2.8855350017547607,7_3_13_1C_Cycle.xlsx,0.0
A123_094,25C,30,2.374739170074463,0.0,2.374739170074463,-2.499655997457583,-0.0,1,24.0,0.0,0.0,2.8855350017547607,7_8_13_1C_Cycle.xlsx,0.0
A123_094,25C,120,4.04030179977417,1.0,4.067058563232422,2.327526680248625,0.0,1,24.0,0.0,0.0,2.8855350017547607,11_6_13_1C_Cycle.xlsx,0.0
A123_094,25C,30,2.3904688358306885,0.0,2.3904688358306885,-2.499779174993704,-0.0,1,24.0,0.0,0.0,2.8855350017547607,11_18_13_1C_Cycle.xlsx,0.0003968375019466586
A123_094,25C,120,4.041599273681641,1.0,4.067869663238525,2.3242492559883328,0.0,1,24.0,0.0,0.0,2.8855350017547607,1_23_14_1C_Cycle.xlsx,0.0
A123_094,25C,60,2.536738634109497,0.0,2.482576608657837,-2.4773009221377857,-0.0,1,24.0,0.0,0.0,2.8855350017547607,12_4_13_1C_Cycle.xlsx,0.0
A123_094,25C,150,4.033329010009766,1.0,4.067058563232422,2.3171506626605987,0.0,1,24.0,0.0,0.0,2.8855350017547607,8_12_13_1C_Cycle.xlsx,0.0
A123_094,25C,30,2.385603904724121,0.0,2.385603904724121,-2.4998839074915105,-0.0,1,24.0,0.0,0.0,2.8855350017547607,12_4_13_1C_Cycle.xlsx,8.284726725208904e-05
A123_094,25C,120,2.5604143142700195,0.0,2.386739015579224,-2.4997479957816875,-0.0,1,24.0,0.0,0.0,2.8855350017547607,10_07_13_1C_Cycle.xlsx,0.00015591434506419786
A123_094,25C,60,4.056031703948975,1.0,4.066734313964844,2.3144211045246785,0.0,1,24.0,0.0,0.0,2.8855350017547607,9_16_13_1C_Cycle.xlsx,0.00020180563905945298
A123_094,25C,60,2.531549453735352,0.0,2.4793334007263184,-2.477773174347372,-0.0,1,24.0,0.0,0.0,2.8855350017547607,10_07_13_1C_Cycle.xlsx,4.18870010101365e-05
A123_094,25C,90,2.538360357284546,0.0,2.404090404510498,-2.499709911435564,-0.0,1,24.0,0.0,0.0,2.8855350017547607,3_4_14_1C_Cycle.xlsx,0.002000255446959367
A123_094,25C,60,2.476901054382324,0.0,2.381387710571289,-2.499776680535133,-0.0382087506275114,1,24.0,0.0,0.0,2.8855350017547607,1_23_14_1C_Cycle.xlsx,0.0003915721052924477
A123_094,25C,30,2.3744149208068848,0.0,2.3744149208068848,-2.4997938259227857,-0.0,1,24.0,0.0,0.0,2.8855350017547607,11_6_13_1C_Cycle.xlsx,0.0002664218733317839
A123_094,25C,60,4.05684232711792,1.0,4.067220687866211,2.3274356010956923,0.0,1,24.0,0.0,0.0,2.8855350017547607,11_6_13_1C_Cycle.xlsx,0.002805139255965367
A123_094,25C,30,2.3865768909454346,0.0,2.3865768909454346,-2.499866908788681,-0.0,1,24.0,0.0,0.0,2.8855350017547607,7_11_13_1C_Cycle.xlsx,5.949192487426893e-05
A123_094,25C,30,2.4772253036499023,0.0,2.4772253036499023,-2.499916708260252,-0.0,1,24.0,0.0,0.0,2.8855350017547607,9_16_13_1C_Cycle.xlsx,0.0
A123_094,25C,90,2.5292792320251465,0.0,2.39176607131958,-2.499718938861881,-0.0,1,24.0,0.0,0.0,2.8855350017547607,11_18_13_1C_Cycle.xlsx,0.0002125961526520594
A123_094,25C,90,4.044680118560791,1.0,4.065923690795898,2.280034220084212,0.0,1,24.0,0.0,0.0,2.8855350017547607,7_5_13_1C_Cycle.xlsx,0.010537104211428741
A123_094,25C,120,4.039329051971436,1.0,4.066410064697266,2.311619167239213,0.0,1,24.0,0.0,0.0,2.8855350017547607,10_16_13_1C_Cycle.xlsx,0.0
A123_094,25C,90,4.044517993927002,1.0,4.065923690795898,2.2808615037037017,0.0,1,24.0,0.0,0.0,2.8855350017547607,7_5_13_1C_Cycle.xlsx,0.010537104211428741
A123_094,25C,60,4.0578155517578125,1.0,4.067707061767578,2.3238098128982214,0.0,1,24.0,0.0,0.0,2.8855350017547607,2_4_14_1C_Cycle.xlsx,0.000577809976760715
A123_094,25C,150,4.034626483917236,1.0,4.067544937133789,2.312736192687613,0.0,1,24.0,0.0,0.0571426170512523,2.916038238296457,8_19_13_1C_Cycle6.xlsx,0.002052023482171753
A123_094,25C,30,4.066734313964844,1.0,4.066734313964844,2.331001882772308,0.0,1,24.0,0.0,0.0,2.8855350017547607,9_25_13_1C_Cycle.xlsx,0.0006059544807299852
A123_094,25C,60,4.057004451751709,1.0,4.067544937133789,2.3304942286581047,0.0,1,24.0,0.0,0.0,2.8855350017547607,9_16_13_1C_Cycle.xlsx,0.010893060720907819
A123_094,25C,30,2.4074957370758057,0.0,2.4074957370758057,-2.4996930502228816,-0.0,1,24.0,0.0,0.0,2.8855350017547607,7_17_13_1C_Cycle.xlsx,0.02585615506153066
A123_094,25C,30,2.393712043762207,0.0,2.393712043762207,-2.499696145186553,-0.0,1,24.0,0.0,0.0,2.8855350017547607,11_18_13_1C_Cycle.xlsx,0.00025881133346440725
A123_094,25C,30,4.067869663238525,1.0,4.067869663238525,2.326851077565626,0.0,1,24.0,0.0,0.0,2.8855350017547607,12_4_13_1C_Cycle.xlsx,0.0
A123_094,25C,120,2.5618736743927,0.0,2.377982378005981,-2.4998752190186098,-0.0,1,24.0,0.0,0.0,2.8855350017547607,11_6_13_1C_Cycle.xlsx,0.0
A123_094,25C,90,2.532360315322876,0.0,2.39176607131958,-2.499698257446289,-0.0,1,24.0,0.0,0.0,2.8855350017547607,12_13_13_1C_Cycle.xlsx,0.00019049269992343256
A123_094,25C,90,2.532198190689087,0.0,2.384630918502808,-2.499738546686435,-0.0,1,24.0,0.0,0.0,2.8855350017547607,1_23_14_1C_Cycle.xlsx,0.0002928725840103445
A123_094,25C,90,4.047599315643311,1.0,4.067058563232422,2.3312916017391463,0.0,1,24.0,0.0,0.0,2.8855350017547607,10_07_13_1C_Cycle.xlsx,0.0003175354626718022
A123_094,25C,60,2.4793334007263184,0.0,2.3922526836395264,-2.499728901489921,-0.0,1,24.0,0.0,0.0,2.8855350017547607,8_29_13_1C_Cycle.xlsx,0.00011164396256511453
A123_094,25C,30,2.4895496368408203,0.0,2.4895496368408203,-2.476501232007717,-0.0,1,24.0,0.0,0.0,2.8855350017547607,3_4_14_1C_Cycle.xlsx,0.012421575660765318
A123_094,25C,120,4.039166927337647,1.0,4.066410064697266,2.3117909091563265,0.0,1,24.0,0.0,0.0,2.8855350017547607,10_16_13_1C_Cycle.xlsx,0.0
A123_094,25C,60,4.056680202484131,1.0,4.067220687866211,2.317624775707721,0.0,1,24.0,0.0,0.0,2.8855350017547607,8_12_13_1C_Cycle.xlsx,0.001540660874439617
A123_094,25C,120,2.557171106338501,0.0,2.3987390995025635,-2.4998108607072096,-0.0,1,24.0,0.0,0.0,2.8855350017547607,8_1_13_1C_Cycle.xlsx,0.0005591356313016373
A123_094,25C,30,2.4220902919769287,0.0,2.4220902919769287,-2.499740313146716,-0.0,1,24.0,0.0,0.0,2.8855350017547607,2_20_14_1C_Cycle.xlsx,0.0015279983554033353
A123_094,25C,90,4.0474371910095215,1.0,4.067220687866211,2.317860369563103,0.0,1,24.0,0.0,0.0,2.8855350017547607,8_12_13_1C_Cycle.xlsx,0.00046228450600106845
A123_094,25C,120,4.045815467834473,1.0,4.0701398849487305,2.3441620638941303,0.0,1,24.0,0.0,0.0,2.8855350017547607,11_18_13_1C_Cycle.xlsx,0.0004962207412638633
A123_094,25C,120,4.039491176605225,1.0,4.067058563232422,2.320042358267875,0.0,1,24.0,0.0,0.0,2.8855350017547607,8_1_13_1C_Cycle.xlsx,0.0
A123_094,25C,60,2.472360610961914,0.0,2.3760364055633545,-2.4999183480228697,-0.0,1,24.0,0.0,0.0,2.8855350017547607,10_16_13_1C_Cycle.xlsx,0.0
A123_094,25C,60,2.550360202789306,0.0,2.505603551864624,-2.476533026018404,-0.0,1,24.0,0.0,0.0,2.8855350017547607,2_20_14_1C_Cycle.xlsx,0.035344033833947575
A123_094,25C,60,4.056355953216553,1.0,4.067220687866211,2.3158442814263607,0.0,1,24.0,0.0,0.0,2.8855350017547607,8_29_13_1C_Cycle.xlsx,0.0007658597852619619
A123_094,25C,60,4.059112548828125,1.0,4.06884241104126,2.3446611849180723,0.0,1,24.0,0.0,0.0,2.8855350017547607,11_18_13_1C_Cycle.xlsx,0.0
A123_094,25C,90,4.047923564910889,1.0,4.067220687866211,2.3320296390256923,0.0,1,24.0,0.0,0.0,2.8855350017547607,9_16_13_1C_Cycle.xlsx,0.000624295964976254
A123_094,25C,90,2.549387216567993,0.0,2.422901153564453,-2.499693021596035,-0.0,1,24.0,0.0,0.0,2.8855350017547607,2_20_14_1C_Cycle.xlsx,0.0
A123_094,25C,30,2.488576650619507,0.0,2.488576650619507,-2.476553105709306,-0.0,1,24.0,0.0,0.0,2.8855350017547607,3_4_14_1C_Cycle.xlsx,0.0
A123_094,25C,60,4.0558695793151855,1.0,4.066572189331055,2.314897015811951,0.0,1,24.0,0.0,0.0,2.8855350017547607,9_16_13_1C_Cycle.xlsx,4.000236441450954e-05
A123_094,25C,120,2.559765577316284,0.0,2.3943607807159424,-2.4997454986237644,-0.0,1,24.0,0.0,0.0,2.8855350017547607,9_16_13_1C_Cycle.xlsx,0.0001856593135390302
A123_094,25C,90,4.051167011260986,1.0,4.069166660308838,2.3369582232738297,0.0,1,24.0,0.0,0.0,2.8855350017547607,7_24_13_1C_Cycle.xlsx,0.0015812999073461982
A123_094,25C,30,2.4770631790161133,0.0,2.4770631790161133,-2.499730258906653,-0.0,1,24.0,0.0,0.0,2.8855350017547607,1_23_14_1C_Cycle.xlsx,0.0
A123_094,25C,30,4.06884241104126,1.0,4.06884241104126,2.3400624820719598,0.0,1,24.0,0.0,0.0,2.8855350017547607,2_4_14_1C_Cycle.xlsx,0.0
A123_094,25C,90,4.046463966369629,1.0,4.066247940063477,2.3115414823136056,0.0,1,24.0,0.0,0.0,2.8855350017547607,10_16_13_1C_Cycle.xlsx,0.0
A123_094,25C,30,4.066734313964844,1.0,4.066734313964844,2.3147648199786985,0.0,1,24.0,0.0,0.0,2.8855350017547607,9_16_13_1C_Cycle.xlsx,0.0004979578794651399
A123_094,25C,30,2.479657888412476,0.0,2.479657888412476,-2.478385957082244,-0.0,1,24.0,0.0,0.0,2.8855350017547607,8_1_13_1C_Cycle.xlsx,4.4706582461874e-05
A123_094,25C,30,2.485171318054199,0.0,2.485171318054199,-2.4771323042106816,-0.0,1,24.0,0.0,0.0,2.8855350017547607,1_23_14_1C_Cycle.xlsx,2.6297531668736386e-06
A123_094,25C,30,4.067869663238525,1.0,4.067869663238525,2.324189036957219,0.0,1,24.0,0.0,0.0,2.8855350017547607,1_23_14_1C_Cycle.xlsx,0.0
A123_094,25C,90,4.046788215637207,1.0,4.066247940063477,2.311384692972849,0.0,1,24.0,0.0,0.0,2.8855350017547607,10_16_13_1C_Cycle.xlsx,0.0
A123_094,25C,90,2.533333301544189,0.0,2.400036334991455,-2.499684750496804,-0.0,1,24.0,0.0,0.0,2.8855350017547607,11_18_13_1C_Cycle.xlsx,0.0012241255375133127
A123_094,25C,150,4.032842636108398,1.0,4.066572189331055,2.3132619170136137,0.0,1,24.0,0.0,0.0,2.8855350017547607,10_07_13_1C_Cycle.xlsx,0.0
A123_094,25C,60,4.05976152420044,1.0,4.069328784942627,2.3385381590771046,0.0,1,24.0,0.0,0.0,2.8855350017547607,3_4_14_1C_Cycle.xlsx,0.0
A123_094,25C,90,2.524090051651001,0.0,2.393063545227051,-2.4996950137309537,-0.0,1,24.0,0.0,0.0,2.8855350017547607,8_12_13_1C_Cycle.xlsx,0.00022498272268722496
A123_094,25C,30,2.453387498855591,0.0,2.3753879070281982,-2.499670925219197,-0.0312039441033834,1,24.0,0.0,0.0,2.8855350017547607,7_8_13_1C_Cycle.xlsx,0.03581789212602234
A123_094,25C,30,4.069490909576416,1.0,4.069490909576416,2.338332123400872,0.0,1,24.0,0.0,0.0,2.8855350017547607,3_4_14_1C_Cycle.xlsx,0.0
A123_094,25C,150,4.033815383911133,1.0,4.0673828125,2.3193942436741457,0.0,1,24.0,0.0,0.0,2.8855350017547607,8_1_13_1C_Cycle.xlsx,0.0
A123_094,25C,60,2.571603536605835,0.0,2.523765802383423,-2.4762933889924,-0.0,1,24.0,0.0,0.124081841725656,2.954474097142308,2_4_14_1C_Cycle.xlsx,0.08034694467261279
A123_094,25C,150,4.034139633178711,1.0,4.067220687866211,2.3276162884440743,0.0,1,24.0,0.0,0.0,2.8855350017547607,11_6_13_1C_Cycle.xlsx,7.49279039037612e-05
A123_094,25C,60,4.056518077850342,1.0,4.067058563232422,2.3157451907473225,0.0,1,24.0,0.0,0.0,2.8855350017547607,8_29_13_1C_Cycle.xlsx,5.822592493555207e-05
A123_094,25C,30,4.068680286407471,1.0,4.068680286407471,2.339506506723793,0.0,1,24.0,0.0,0.0,2.8855350017547607,2_20_14_1C_Cycle.xlsx,0.0
A123_094,25C,120,4.045815467834473,1.0,4.069977760314941,2.3436567898902854,0.0,1,24.0,0.0,0.0,2.8855350017547607,11_18_13_1C_Cycle.xlsx,0.0
A123_094,25C,60,2.538684606552124,0.0,2.484360456466675,-2.499899778725966,-0.0,1,24.0,0.0,0.0,2.8855350017547607,3_4_14_1C_Cycle.xlsx,0.0
A123_094,25C,60,4.056193828582764,1.0,4.066572189331055,2.31306494546474,0.0,1,24.0,0.0,0.0,2.8855350017547607,10_07_13_1C_Cycle.xlsx,6.753249806714512e-05
A123_094,25C,30,2.3963067531585693,0.0,2.3963067531585693,-2.499673399150881,-0.0,1,24.0,0.0,0.0,2.8855350017547607,8_1_13_1C_Cycle.xlsx,0.0
A123_094,25C,120,4.044517993927002,1.0,4.0680317878723145,2.339465249003025,0.0,1,24.0,0.0,0.0,2.8855350017547607,2_20_14_1C_Cycle.xlsx,0.0
A123_094,25C,60,4.060247898101807,1.0,4.069166660308838,2.3387362660284627,0.0,1,24.0,0.0,0.0,2.8855350017547607,2_20_14_1C_Cycle.xlsx,0.001106620644240765
A123_094,25C,90,2.526036024093628,0.0,2.380090475082397,-2.499869542839253,-0.0,1,24.0,0.0,0.0,2.8855350017547607,9_25_13_1C_Cycle.xlsx,0.0
A123_094,25C,60,2.5255496501922607,0.0,2.480468511581421,-2.4787194643369213,-0.0,1,24.0,0.0,0.0,2.8855350017547607,7_24_13_1C_Cycle.xlsx,1.5736752073211887e-05
A123_094,25C,30,4.066410064697266,1.0,4.066410064697266,2.3112279127452,0.0,1,24.0,0.0,0.0,2.8855350017547607,10_16_13_1C_Cycle.xlsx,0.0
A123_094,25C,60,2.532360315322876,0.0,2.4778740406036377,-2.4770090851541187,-0.0,1,24.0,0.0,0.0,2.8855350017547607,1_23_14_1C_Cycle.xlsx,4.112882263056108e-05
A123_094,25C,60,2.4841983318328857,0.0,2.401982307434082,-2.499701750378649,-0.0,1,24.0,0.0,0.0,2.8855350017547607,7_17_13_1C_Cycle.xlsx,0.0020121081080964245
A123_094,25C,90,4.048409938812256,1.0,4.0673828125,2.324141091261154,0.0,1,24.0,0.0,0.0,2.8855350017547607,1_23_14_1C_Cycle.xlsx,0.00031201933957240895
A123_094,25C,60,4.0557074546813965,1.0,4.066410064697266,2.313273734428355,0.0,1,24.0,0.0,0.0,2.8855350017547607,9_25_13_1C_Cycle.xlsx,0.0
A123_094,25C,30,2.393549919128418,0.0,2.393549919128418,-2.499680493058277,-0.0,1,24.0,0.0,0.0,2.8855350017547607,7_15_13_1C_Cycle.xlsx,0.0005397893570508088
A123_094,25C,60,4.057004451751709,1.0,4.0673828125,2.3245503118532334,0.0,1,24.0,0.0,0.0,2.8855350017547607,12_13_13_1C_Cycle.xlsx,0.0007423931714347858
A123_094,25C,60,4.056031703948975,1.0,4.066896438598633,2.327711878829644,0.0,1,24.0,0.0,0.0,2.8855350017547607,11_6_13_1C_Cycle.xlsx,0.00013697501964044558
A123_094,25C,120,4.039653301239014,1.0,4.067058563232422,2.323575737304054,0.0,1,24.0,0.0,0.0,2.8855350017547607,7_15_13_1C_Cycle.xlsx,0.0019400838191278465
A123_094,25C,60,4.058788299560547,1.0,4.0680317878723145,2.3392909539111875,0.0,1,24.0,0.0,0.0,2.8855350017547607,2_4_14_1C_Cycle.xlsx,2.4788487743441962e-05
A123_094,25C,120,2.573549509048462,0.0,2.404090404510498,-2.4999024556061933,-0.0,1,24.0,0.0,0.0,2.8855350017547607,2_4_14_1C_Cycle.xlsx,9.01543482999808e-05
A123_094,25C,150,4.037545204162598,1.0,4.068356037139893,2.3450684634558225,0.0,1,24.0,0.0,0.0,2.8855350017547607,11_6_13_1C_Cycle.xlsx,0.0004888695517942229
A123_094,25C,30,2.381063461303711,0.0,2.381063461303711,-2.499726940732484,-0.0,1,24.0,0.0,0.0,2.8855350017547607,1_23_14_1C_Cycle.xlsx,7.405295529981878e-05
A123_094,25C,30,2.4734957218170166,0.0,2.4734957218170166,-2.4772064911971405,-0.0,1,24.0,0.0,0.0,2.8855350017547607,12_13_13_1C_Cycle.xlsx,5.442395060204309e-05
A123_094,25C,60,4.0558695793151855,1.0,4.066410064697266,2.311323476662813,0.0,1,24.0,0.0,0.0,2.8855350017547607,10_16_13_1C_Cycle.xlsx,0.0
A123_094,25C,60,2.482576608657837,0.0,2.3987390995025635,-2.4996896030522198,-0.0,1,24.0,0.0,0.0,2.8855350017547607,7_17_13_1C_Cycle.xlsx,0.0010822376002902901
A123_094,25C,60,2.482576608657837,0.0,2.399387836456299,-2.499640784822069,-0.0,1,24.0,0.0,0.0,2.8855350017547607,12_4_13_1C_Cycle.xlsx,0.0
A123_094,25C,60,2.4751172065734863,0.0,2.383171558380127,-2.499835980676972,-0.0,1,24.0,0.0,0.0,2.8855350017547607,10_07_13_1C_Cycle.xlsx,0.0
A123_094,25C,60,4.056193828582764,1.0,4.066896438598633,2.312952401269166,0.0,1,24.0,0.0,0.0,2.8855350017547607,9_25_13_1C_Cycle.xlsx,0.0
A123_094,25C,30,2.4770631790161133,0.0,2.4770631790161133,-2.4997559922986325,-0.0,1,24.0,0.0,0.0,2.8855350017547607,9_25_13_1C_Cycle.xlsx,6.231793016029955e-05
A123_094,25C,90,4.046950817108154,1.0,4.066896438598633,2.3130723618459506,0.0,1,24.0,0.0,0.0,2.8855350017547607,9_25_13_1C_Cycle.xlsx,0.0
A123_094,25C,90,2.530090093612671,0.0,2.383657932281494,-2.499724544178356,-0.0,1,24.0,0.0,0.0,2.8855350017547607,12_13_13_1C_Cycle.xlsx,9.673681125797658e-05
A123_094,25C,30,4.067869663238525,1.0,4.067869663238525,2.324950983463708,0.0,1,24.0,0.0,0.0,2.8855350017547607,12_4_13_1C_Cycle.xlsx,0.0
A123_094,25C,30,4.066247940063477,1.0,4.066247940063477,2.31340408813758,0.0,1,24.0,0.0,0.0,2.8855350017547607,10_07_13_1C_Cycle.xlsx,0.0
A123_094,25C,30,4.067220687866211,1.0,4.067220687866211,2.3176493362784387,0.0,1,24.0,0.0,0.0,2.8855350017547607,8_12_13_1C_Cycle.xlsx,0.005557278694868655
A123_094,25C,30,4.066734313964844,1.0,4.066734313964844,2.3196652377290383,0.0,1,24.0,0.0,0.0,2.8855350017547607,8_1_13_1C_Cycle.xlsx,0.00011249420689869365
A123_094,25C,60,4.056518077850342,1.0,4.067058563232422,2.31584572113089,0.0,1,24.0,0.0,0.0,2.8855350017547607,8_29_13_1C_Cycle.xlsx,5.822592493555207e-05
A123_094,25C,90,2.532522439956665,0.0,2.385441780090332,-2.499735232886918,-0.0,1,24.0,0.0,0.0,2.8855350017547607,1_23_14_1C_Cycle.xlsx,0.0002928725840103445
A123_094,25C,120,2.563495397567749,0.0,2.399874210357666,-2.499727081608128,-0.0,1,24.0,0.0,0.0,2.8855350017547607,11_18_13_1C_Cycle.xlsx,0.0009130267707630096
A123_094,25C,90,4.043383121490479,1.0,4.068680286407471,2.3450209834944395,0.0,1,24.0,0.0,0.0,2.8855350017547607,11_18_13_1C_Cycle.xlsx,0.0
A123_094,25C,30,2.4791712760925293,0.0,2.4791712760925293,-2.478456397236017,-0.0,1,24.0,0.0,0.0,2.8855350017547607,8_1_13_1C_Cycle.xlsx,4.4706582461874e-05
A123_094,25C,90,4.0477614402771,1.0,4.067220687866211,2.332278449637968,0.0,1,24.0,0.0,0.0,2.8855350017547607,9_16_13_1C_Cycle.xlsx,0.0007488852502800438
A123_094,25C,30,4.06884241104126,1.0,4.06884241104126,2.3446504387183715,0.0,1,24.0,0.0,0.0,2.8855350017547607,11_18_13_1C_Cycle.xlsx,0.000131484351701572
A123_094,25C,60,4.056680202484131,1.0,4.066896438598633,2.314268348178244,0.0,1,24.0,0.0,0.0,2.8855350017547607,9_16_13_1C_Cycle.xlsx,0.0001247220695746504
A123_094,25C,120,4.039491176605225,1.0,4.066734313964844,2.311623666219968,0.0,1,24.0,0.0,0.0,2.8855350017547607,10_16_13_1C_Cycle.xlsx,0.0
A123_094,25C,60,2.5297658443450928,0.0,2.480306386947632,-2.4773777819718816,-0.0,1,24.0,0.0,0.0,2.8855350017547607,11_18_13_1C_Cycle.xlsx,4.18870010101365e-05
A123_094,25C,60,2.528144121170044,0.0,2.476901054382324,-2.477914263342156,-0.0,1,24.0,0.0,0.0,2.8855350017547607,10_07_13_1C_Cycle.xlsx,4.18870010101365e-05
A123_094,25C,30,4.067869663238525,1.0,4.067869663238525,2.325266401646501,0.0,1,24.0,0.0,0.0,2.8855350017547607,12_4_13_1C_Cycle.xlsx,0.0
A123_094,25C,30,2.4793334007263184,0.0,2.4793334007263184,-2.4773632597259296,-0.0,1,24.0,0.0,0.0,2.8855350017547607,11_18_13_1C_Cycle.xlsx,3.873380880485437e-05
A123_094,25C,60,4.059112548828125,1.0,4.06884241104126,2.3447392739481847,0.0,1,24.0,0.0,0.0,2.8855350017547607,11_18_13_1C_Cycle.xlsx,0.0
A123_094,25C,60,2.484846830368042,0.0,2.3865768909454346,-2.4998149936263627,-0.0,1,24.0,0.0,0.0,2.8855350017547607,11_6_13_1C_Cycle.xlsx,3.8049713994845817e-06
A123_094,25C,90,2.56333327293396,0.0,2.4858198165893555,-2.4785880608655813,-0.0,1,24.0,0.0,0.030822834951636,2.90198850483062,8_12_13_1C_Cycle.xlsx,0.0
A123_094,25C,120,2.555711507797241,0.0,2.390630960464477,-2.4997854751089346,-0.0,1,24.0,0.0,0.0,2.8855350017547607,8_29_13_1C_Cycle.xlsx,0.00020637859888943087
A123_094,25C,30,2.478198289871216,0.0,2.478198289871216,-2.499938902102018,-0.0,1,24.0,0.0,0.0,2.8855350017547607,9_16_13_1C_Cycle.xlsx,0.0
A123_094,25C,90,2.5276577472686768,0.0,2.3838202953338623,-2.4997511943884656,-0.0,1,24.0,0.0,0.0,2.8855350017547607,10_07_13_1C_Cycle.xlsx,0.00016176637263476374
A123_094,25C,60,2.4754414558410645,0.0,2.378631114959717,-2.499877818133853,-0.0,1,24.0,0.0,0.0,2.8855350017547607,1_23_14_1C_Cycle.xlsx,0.0
A123_094,25C,150,4.033166885375977,1.0,4.067220687866211,2.320126985805848,0.0,1,24.0,0.0,0.0,2.8855350017547607,8_1_13_1C_Cycle.xlsx,9.001743535195494e-05
A123_094,25C,30,2.3927390575408936,0.0,2.3927390575408936,-2.499651776419745,-0.0,1,24.0,0.0,0.0,2.8855350017547607,8_12_13_1C_Cycle.xlsx,0.0
A123_094,25C,60,4.056193828582764,1.0,4.066572189331055,2.3277984684755824,0.0,1,24.0,0.0,0.0,2.8855350017547607,11_6_13_1C_Cycle.xlsx,0.00013084029350968022
A123_094,25C,120,4.039815425872803,1.0,4.066896438598633,2.314501899529279,0.0,1,24.0,0.0,0.0,2.8855350017547607,9_16_13_1C_Cycle.xlsx,0.0
A123_094,25C,60,4.062193870544434,1.0,4.071274757385254,2.362139547164114,0.0,1,24.0,0.0,0.0,2.8855350017547607,12_4_13_1C_Cycle.xlsx,0.0
A123_094,25C,90,2.539657592773437,0.0,2.3945229053497314,-2.499863975452927,-0.0,1,24.0,0.0,0.0,2.8855350017547607,3_4_14_1C_Cycle.xlsx,0.0
A123_094,25C,150,4.032842636108398,1.0,4.066572189331055,2.3115579717415424,0.0,1,24.0,0.0,0.0,2.8855350017547607,10_16_13_1C_Cycle.xlsx,0.0
A123_094,25C,150,4.040626049041748,1.0,4.0701398849487305,2.3425682332271185,0.0,1,24.0,0.0,0.0,2.8855350017547607,12_13_13_1C_Cycle.xlsx,0.000795110990820278
A123_094,25C,60,2.5268468856811523,0.0,2.472360610961914,-2.4999054414885387,-0.0,1,24.0,0.0,0.0,2.8855350017547607,10_16_13_1C_Cycle.xlsx,0.0
A123_094,25C,30,2.47446870803833,0.0,2.47446870803833,-2.499742616306652,-0.0,1,24.0,0.0,0.0,2.8855350017547607,12_13_13_1C_Cycle.xlsx,0.0006218664121453558
A123_094,25C,30,2.39176607131958,0.0,2.39176607131958,-2.4997015432877974,-0.0,1,24.0,0.0,0.0,2.8855350017547607,12_13_13_1C_Cycle.xlsx,0.00020934007219497287
A123_094,25C,120,4.039977550506592,1.0,4.067058563232422,2.3144122901243893,0.0,1,24.0,0.0,0.0,2.8855350017547607,9_16_13_1C_Cycle.xlsx,0.0
A123_094,25C,120,2.559117078781128,0.0,2.3817121982574463,-2.4998087693104702,-0.0,1,24.0,0.0,0.0,2.8855350017547607,10_07_13_1C_Cycle.xlsx,0.0
A123_094,25C,120,2.5662522315979004,0.0,2.379279613494873,-2.4997368886930134,-0.0,1,24.0,0.0,0.0,2.8855350017547607,1_23_14_1C_Cycle.xlsx,9.172143191789678e-06
A123_094,25C,30,2.414306640625,0.0,2.414306640625,-2.4996758412431785,-0.0,1,24.0,0.0,0.0,2.8855350017547607,2_4_14_1C_Cycle.xlsx,0.0007161718151531925
A123_094,25C,90,4.039491176605225,1.0,4.066734313964844,2.3131597235065997,0.0,1,24.0,0.0,0.0,2.8855350017547607,10_07_13_1C_Cycle.xlsx,0.0061264887175340454
A123_094,25C,90,2.5377116203308105,0.0,2.3865768909454346,-2.4999236475746587,-0.0,1,24.0,0.0,0.0,2.8855350017547607,3_4_14_1C_Cycle.xlsx,0.0
A123_094,25C,60,4.0558695793151855,1.0,4.066572189331055,2.311822266187057,0.0,1,24.0,0.0,0.0,2.8855350017547607,10_16_13_1C_Cycle.xlsx,6.470897530578613e-05
A123_094,25C,120,4.040463924407959,1.0,4.067220687866211,2.3275297336718617,0.0,1,24.0,0.0,0.0,2.8855350017547607,11_6_13_1C_Cycle.xlsx,0.00019289655458224473
A123_094,25C,30,2.482252359390259,0.0,2.482252359390259,-2.4786355648923792,-0.0,1,24.0,0.0,0.0,2.8855350017547607,8_1_13_1C_Cycle.xlsx,0.0
A123_094,25C,60,2.5292792320251465,0.0,2.4793334007263184,-2.4773632597259296,-0.0,1,24.0,0.0,0.0,2.8855350017547607,11_18_13_1C_Cycle.xlsx,4.18870010101365e-05
A123_094,25C,150,4.033004760742188,1.0,4.066896438598633,2.3280702317211808,0.0,1,24.0,0.0,0.0,2.8855350017547607,11_6_13_1C_Cycle.xlsx,0.0
A123_094,25C,60,4.055545330047607,1.0,4.066410064697266,2.3116056856907106,0.0,1,24.0,0.0,0.0,2.8855350017547607,10_16_13_1C_Cycle.xlsx,0.0
A123_094,25C,30,4.067220687866211,1.0,4.067220687866211,2.304543843008871,0.0,1,24.0,0.0,0.0545551006601083,2.9146569990636837,8_1_13_1C_Cycle.xlsx,0.01594689105829663
A123_094,25C,120,2.5621981620788574,0.0,2.3740904331207275,-2.49979381947904,-0.0,1,24.0,0.0,0.0,2.8855350017547607,11_6_13_1C_Cycle.xlsx,8.569083664632155e-05
A123_094,25C,30,4.066734313964844,1.0,4.066734313964844,2.3131597235065997,0.0,1,24.0,0.0,0.0,2.8855350017547607,10_07_13_1C_Cycle.xlsx,0.0004893767635671416
A123_094,25C,90,2.548900842666626,0.0,2.4217660427093506,-2.499691334840293,-0.0,1,24.0,0.0,0.0,2.8855350017547607,2_20_14_1C_Cycle.xlsx,0.001610937226405863
A123_094,25C,30,2.3656580448150635,0.0,2.3656580448150635,-2.499713663195,-0.0,1,24.0,0.0,0.0,2.8855350017547607,7_5_13_1C_Cycle.xlsx,8.85465620357506e-05
A123_094,25C,90,2.5435495376586914,0.0,2.4138200283050537,-2.4996908947273537,-0.0,1,24.0,0.0,0.0,2.8855350017547607,2_4_14_1C_Cycle.xlsx,0.002870673658510088
A123_094,25C,120,2.555063009262085,0.0,2.39322566986084,-2.4996965705838976,-0.0,1,24.0,0.0,0.0,2.8855350017547607,8_1_13_1C_Cycle.xlsx,0.00019300947326303202
A123_094,25C,60,2.469765901565552,0.0,2.378793239593506,-2.4997593287763924,-0.0,1,24.0,0.0,0.0,2.8855350017547607,8_12_13_1C_Cycle.xlsx,0.00014553619840435115
A123_094,25C,60,4.055220603942871,1.0,4.066410064697266,2.291638641231335,0.0,1,24.0,0.0,0.0,2.8855350017547607,7_11_13_1C_Cycle.xlsx,0.014501936830065685
A123_094,25C,120,4.039329051971436,1.0,4.066896438598633,2.320101161561315,0.0,1,24.0,0.0,0.0,2.8855350017547607,8_1_13_1C_Cycle.xlsx,0.0
A123_094,25C,120,4.039166927337647,1.0,4.066410064697266,2.311393671230344,0.0,1,24.0,0.0,0.0,2.8855350017547607,10_16_13_1C_Cycle.xlsx,0.0
A123_094,25C,60,4.057328701019287,1.0,4.067544937133789,2.3219040912130606,0.0,1,24.0,0.0,0.0,2.8855350017547607,2_4_14_1C_Cycle.xlsx,0.0007296280348862681
A123_094,25C,60,4.05684232711792,1.0,4.067058563232422,2.321431213228599,0.0,1,24.0,0.0,0.0,2.8855350017547607,2_4_14_1C_Cycle.xlsx,0.00023806631828370144
A123_094,25C,30,2.3925769329071045,0.0,2.3925769329071045,-2.4996963995639407,-0.0,1,24.0,0.0,0.0,2.8855350017547607,3_4_14_1C_Cycle.xlsx,0.00025881133346440725
A123_094,25C,60,2.5495495796203613,0.0,2.504144191741944,-2.476553105709306,-0.0,1,24.0,0.0,0.0,2.8855350017547607,2_20_14_1C_Cycle.xlsx,0.0
A123_094,25C,30,2.503819942474365,0.0,2.503819942474365,-2.4765062520433543,-0.0,1,24.0,0.0,0.0,2.8855350017547607,2_20_14_1C_Cycle.xlsx,0.010111147202727135
A123_094,25C,90,4.0477614402771,1.0,4.0673828125,2.3175091530680656,0.0,1,24.0,0.0,0.0,2.8855350017547607,8_12_13_1C_Cycle.xlsx,0.0015121268532668458
A123_094,25C,120,4.036734580993652,1.0,4.065761566162109,2.2800410211758506,0.0,1,24.0,0.0,0.0,2.8855350017547607,7_5_13_1C_Cycle.xlsx,0.0
A123_094,25C,60,2.544360399246216,0.0,2.49717116355896,-2.476750027212109,-0.0,1,24.0,0.0,0.0,2.8855350017547607,2_4_14_1C_Cycle.xlsx,0.0
A123_094,25C,90,2.5250630378723145,0.0,2.379441738128662,-2.499877539356198,-0.0,1,24.0,0.0,0.0,2.8855350017547607,9_25_13_1C_Cycle.xlsx,0.0
A123_094,25C,60,2.4738199710845947,0.0,2.377982378005981,-2.4997031862085515,-0.0,1,24.0,0.0,0.0,2.8855350017547607,12_13_13_1C_Cycle.xlsx,0.0
A123_094,25C,120,2.557819604873657,0.0,2.391117572784424,-2.499731231154057,-0.0,1,24.0,0.0,0.0,2.8855350017547607,9_16_13_1C_Cycle.xlsx,0.000297607632303372
A123_094,25C,90,4.051004409790039,1.0,4.068193912506104,2.339734711406524,0.0,1,24.0,0.0,0.0,2.8855350017547607,2_20_14_1C_Cycle.xlsx,0.0
A123_094,25C,120,2.5604143142700195,0.0,2.393387794494629,-2.4997824462684424,-0.0,1,24.0,0.0,0.0,2.8855350017547607,11_18_13_1C_Cycle.xlsx,0.00018922317295518796
A123_094,25C,60,4.056518077850342,1.0,4.067058563232422,2.3246939189923115,0.0,1,24.0,0.0,0.0,2.8855350017547607,12_13_13_1C_Cycle.xlsx,0.0
A123_094,25C,90,2.528306245803833,0.0,2.385441780090332,-2.499856748412141,-0.0,1,24.0,0.0,0.0,2.8855350017547607,10_07_13_1C_Cycle.xlsx,0.0
A123_094,25C,30,4.067869663238525,1.0,4.067869663238525,2.325976888317678,0.0,1,24.0,0.0,0.0,2.8855350017547607,12_13_13_1C_Cycle.xlsx,0.0
A123_094,25C,120,2.5620357990264893,0.0,2.3796041011810303,-2.499726342303412,-0.0,1,24.0,0.0,0.0,2.8855350017547607,10_16_13_1C_Cycle.xlsx,1.604229456610643e-05
A123_094,25C,60,2.523765802383423,0.0,2.4715497493743896,-2.477915848616568,-0.0,1,24.0,0.0,0.0,2.8855350017547607,9_25_13_1C_Cycle.xlsx,4.18870010101365e-05
A123_094,25C,150,4.032842636108398,1.0,4.066572189331055,2.3127509761052054,0.0,1,24.0,0.0,0.0,2.8855350017547607,9_25_13_1C_Cycle.xlsx,0.0
A123_094,25C,90,2.5253872871398926,0.0,2.3969552516937256,-2.4996961153159707,-0.0,1,24.0,0.0,0.0,2.8855350017547607,7_19_13_1C_Cycle.xlsx,0.0010611620350395492
A123_094,25C,120,4.04484224319458,1.0,4.068518161773682,2.339520766154716,0.0,1,24.0,0.0,0.0,2.8855350017547607,2_20_14_1C_Cycle.xlsx,0.0
A123_094,25C,30,4.067544937133789,1.0,4.067544937133789,2.3219040912130606,0.0,1,24.0,0.0,0.0,2.8855350017547607,2_4_14_1C_Cycle.xlsx,0.0004449210831575106
A123_094,25C,90,2.5378737449646,0.0,2.393712043762207,-2.4997166673713758,-0.0,1,24.0,0.0,0.0,2.8855350017547607,3_4_14_1C_Cycle.xlsx,0.00025595838864288646
A123_094,25C,60,2.47446870803833,0.0,2.3865768909454346,-2.4997328437607864,-0.0,1,24.0,0.0,0.0,2.8855350017547607,8_12_13_1C_Cycle.xlsx,0.00037188149598274827
A123_094,25C,90,2.531225204467773,0.0,2.399874210357666,-2.499691254383809,-0.0334094299610941,1,24.0,0.0,0.0,2.8855350017547607,12_4_13_1C_Cycle.xlsx,0.0
A123_094,25C,120,4.043383121490479,1.0,4.0680317878723145,2.3450852960221846,0.0,1,24.0,0.0,0.0,2.8855350017547607,11_6_13_1C_Cycle.xlsx,0.0
A123_094,25C,60,2.5247387886047363,0.0,2.4798200130462646,-2.478799947227367,-0.0,1,24.0,0.0,0.0,2.8855350017547607,7_24_13_1C_Cycle.xlsx,1.5736752073211887e-05
A123_094,25C,60,4.056193828582764,1.0,4.066734313964844,2.31274356070112,0.0,1,24.0,0.0,0.0,2.8855350017547607,9_25_13_1C_Cycle.xlsx,0.00010127199030115091
A123_094,25C,120,2.5712790489196777,0.0,2.4117119312286377,-2.499695914762992,-0.0,1,24.0,0.0,0.0,2.8855350017547607,2_4_14_1C_Cycle.xlsx,0.0
A123_094,25C,150,4.035437107086182,1.0,4.067869663238525,2.3242724214354133,0.0,1,24.0,0.0,0.0,2.8855350017547607,1_23_14_1C_Cycle.xlsx,0.0
A123_094,25C,30,4.067869663238525,1.0,4.067869663238525,2.324954058343576,0.0,1,24.0,0.0,0.0,2.8855350017547607,12_4_13_1C_Cycle.xlsx,0.0
A123_094,25C,90,2.5273332595825195,0.0,2.390630960464477,-2.499714758085168,-0.0,1,24.0,0.0,0.0,2.8855350017547607,8_29_13_1C_Cycle.xlsx,0.0003288238458309929
A123_094,25C,120,2.5662522315979004,0.0,2.3941986560821533,-2.499882792114118,-0.0,1,24.0,0.0,0.0,2.8855350017547607,1_23_14_1C_Cycle.xlsx,0.0
A123_094,25C,90,4.042247772216797,1.0,4.067869663238525,2.323523403615014,0.0,1,24.0,0.0,0.0,2.8855350017547607,1_23_14_1C_Cycle.xlsx,0.0
A123_094,25C,60,2.5043063163757324,0.0,2.4220902919769287,-2.499679509724412,-0.0,1,24.0,0.0,0.0,2.8855350017547607,2_20_14_1C_Cycle.xlsx,0.004446944547152895
A123_094,25C,60,4.059274673461914,1.0,4.069004535675049,2.343473090766332,0.0,1,24.0,0.0,0.0,2.8855350017547607,12_4_13_1C_Cycle.xlsx,0.0009448957613438118
A123_094,25C,30,4.067058563232422,1.0,4.067058563232422,2.327607167994275,0.0,1,24.0,0.0,0.0,2.8855350017547607,11_6_13_1C_Cycle.xlsx,0.0018093940013092515
A123_094,25C,90,2.524414300918579,0.0,2.39322566986084,-2.4997089174058704,-0.0,1,24.0,0.0,0.0,2.8855350017547607,8_12_13_1C_Cycle.xlsx,0.0002504610063693655
A123_094,25C,30,2.394036293029785,0.0,2.394036293029785,-2.4997075398763022,-0.0,1,24.0,0.0,0.0,2.8855350017547607,11_18_13_1C_Cycle.xlsx,0.00025881133346440725
A123_094,25C,90,4.0474371910095215,1.0,4.066896438598633,2.315756844296571,0.0,1,24.0,0.0,0.0,2.8855350017547607,8_29_13_1C_Cycle.xlsx,0.0
A123_094,25C,90,4.051167011260986,1.0,4.069328784942627,2.336953902410136,0.0,1,24.0,0.0,0.0,2.8855350017547607,7_24_13_1C_Cycle.xlsx,0.0
A123_094,25C,60,2.526198148727417,0.0,2.4799821376800537,-2.478347705043773,-0.0,1,24.0,0.0,0.0,2.8855350017547607,8_1_13_1C_Cycle.xlsx,4.6996599636765265e-05
A123_094,25C,30,4.069166660308838,1.0,4.069166660308838,2.344583097213911,0.0,1,24.0,0.0,0.0,2.8855350017547607,11_18_13_1C_Cycle.xlsx,0.00034806758333369767
A123_094,25C,90,4.047275066375732,1.0,4.066734313964844,2.3308271557585267,0.0,1,24.0,0.0,0.0,2.8855350017547607,10_07_13_1C_Cycle.xlsx,3.180324475101265e-05
A123_094,25C,60,4.056518077850342,1.0,4.067058563232422,2.3296770149221024,0.0,1,24.0,0.0,0.0,2.8855350017547607,10_16_13_1C_Cycle.xlsx,0.00821522140974966
A123_094,25C,60,2.49263072013855,0.0,2.4074957370758057,-2.4996930502228816,-0.0,1,24.0,0.0,0.0,2.8855350017547607,7_17_13_1C_Cycle.xlsx,0.02460430256096683
A123_094,25C,60,2.4854955673217773,0.0,2.4029552936553955,-2.4996637857260824,-0.0,1,24.0,0.0,0.0,2.8855350017547607,7_17_13_1C_Cycle.xlsx,0.0008460037241741771
A123_094,25C,150,4.032356262207031,1.0,4.066572189331055,2.311982024307093,0.0,1,24.0,0.0,0.0,2.8855350017547607,10_16_13_1C_Cycle.xlsx,0.0
A123_094,25C,60,4.057004451751709,1.0,4.0673828125,2.3292148024464647,0.0,1,24.0,0.0,0.0,2.8855350017547607,10_16_13_1C_Cycle.xlsx,0.0028978733713034975
A123_094,25C,60,4.056680202484131,1.0,4.067058563232422,2.327758991856034,0.0,1,24.0,0.0,0.0,2.8855350017547607,11_6_13_1C_Cycle.xlsx,0.0001176560438475105
A123_094,25C,90,4.04905891418457,1.0,4.067707061767578,2.325917197549242,0.0,1,24.0,0.0,0.0,2.8855350017547607,12_13_13_1C_Cycle.xlsx,9.85393704700373e-05
A123_094,25C,30,2.4754414558410645,0.0,2.4754414558410645,-2.4773955420272875,-0.0,1,24.0,0.0,0.0,2.8855350017547607,11_6_13_1C_Cycle.xlsx,5.442395060204309e-05
A123_094,25C,60,4.056193828582764,1.0,4.066734313964844,2.314338847025623,0.0,1,24.0,0.0,0.0,2.8855350017547607,9_16_13_1C_Cycle.xlsx,0.00024363202718667183
A123_094,25C,60,4.05830192565918,1.0,4.0680317878723145,2.3424420566779784,0.0,1,24.0,0.0,0.0,2.8855350017547607,1_23_14_1C_Cycle.xlsx,0.013999396101998834
A123_094,25C,90,4.044680118560791,1.0,4.068518161773682,2.3394906493394,0.0,1,24.0,0.0,0.0,2.8855350017547607,2_20_14_1C_Cycle.xlsx,0.0
A123_094,25C,30,2.480306386947632,0.0,2.480306386947632,-2.477384236738934,-0.0,1,24.0,0.0,0.0,2.8855350017547607,11_18_13_1C_Cycle.xlsx,3.873380880485437e-05
A123_094,25C,150,4.033329010009766,1.0,4.067058563232422,2.3144122901243893,0.0,1,24.0,0.0,0.0,2.8855350017547607,9_16_13_1C_Cycle.xlsx,0.0
A123_094,25C,120,2.553441286087036,0.0,2.4029552936553955,-2.499723689030793,-0.0,1,24.0,0.0,0.0,2.8855350017547607,7_24_13_1C_Cycle.xlsx,0.002915060408996822
A123_094,25C,60,4.056355953216553,1.0,4.067058563232422,2.316987307846546,0.0,1,24.0,0.0,0.0,2.8855350017547607,8_12_13_1C_Cycle.xlsx,4.410060527003809e-05
A123_094,25C,60,4.056193828582764,1.0,4.067058563232422,2.3178227944374084,0.0,1,24.0,0.0,0.0,2.8855350017547607,8_12_13_1C_Cycle.xlsx,0.0
A123_094,25C,120,2.551171064376831,0.0,2.3925769329071045,-2.4996952513853707,-0.0,1,24.0,0.0,0.0,2.8855350017547607,7_11_13_1C_Cycle.xlsx,0.00019300947326303202
A123_094,25C,120,2.531549453735352,0.0,2.362576961517334,-2.4996795927891964,-0.0,1,24.0,0.0,0.0,2.8855350017547607,7_3_13_1C_Cycle.xlsx,0.0
A123_094,25C,60,2.529927968978882,0.0,2.47446870803833,-2.477191840268059,-0.0,1,24.0,0.0,0.0,2.8855350017547607,12_13_13_1C_Cycle.xlsx,4.18870010101365e-05
A123_094,25C,60,4.056193828582764,1.0,4.066734313964844,2.31317010576852,0.0,1,24.0,0.0,0.0,2.8855350017547607,9_25_13_1C_Cycle.xlsx,0.00022933577271208862
A123_094,25C,120,4.038031578063965,1.0,4.065761566162109,2.314033436421,0.0,1,24.0,0.0,0.0,2.8855350017547607,9_25_13_1C_Cycle.xlsx,0.0
A123_094,25C,120,2.561387300491333,0.0,2.3859283924102783,-2.4997384720020466,-0.0,1,24.0,0.0,0.0,2.8855350017547607,11_18_13_1C_Cycle.xlsx,0.000297607632303372
A123_094,25C,120,4.040950775146484,1.0,4.067544937133789,2.3194946087305506,0.0,1,24.0,0.0,0.0,2.8855350017547607,7_24_13_1C_Cycle.xlsx,9.564410146156131e-05
A123_094,25C,60,4.057491302490234,1.0,4.067707061767578,2.325966177729226,0.0,1,24.0,0.0,0.0,2.8855350017547607,12_13_13_1C_Cycle.xlsx,0.000714890467097315
A123_094,25C,90,2.5313873291015625,0.0,2.401982307434082,-2.499674677848816,-0.0,1,24.0,0.0,0.0,2.8855350017547607,7_24_13_1C_Cycle.xlsx,0.0
A123_094,25C,120,2.557495355606079,0.0,2.3987390995025635,-2.4999405807918973,-0.0,1,24.0,0.0,0.0,2.8855350017547607,8_1_13_1C_Cycle.xlsx,0.00011578950966286649
A123_094,25C,90,2.5274953842163086,0.0,2.38268518447876,-2.499770390248932,-0.0,1,24.0,0.0,0.0,2.8855350017547607,10_07_13_1C_Cycle.xlsx,0.0001653302320509215
A123_094,25C,60,4.0599236488342285,1.0,4.069490909576416,2.343060822886789,0.0,1,24.0,0.0,0.0,2.8855350017547607,12_13_13_1C_Cycle.xlsx,0.003111881274306277
A123_094,25C,90,2.538198232650757,0.0,2.400036334991455,-2.499698088547894,-0.0,1,24.0,0.0,0.0,2.8855350017547607,3_4_14_1C_Cycle.xlsx,0.0005134639697816216
A123_094,25C,120,4.041923522949219,1.0,4.067869663238525,2.3252143417248283,0.0,1,24.0,0.0,0.0,2.8855350017547607,12_4_13_1C_Cycle.xlsx,0.0
A123_094,25C,90,4.047112941741943,1.0,4.066734313964844,2.312891662059749,0.0,1,24.0,0.0,0.0,2.8855350017547607,10_07_13_1C_Cycle.xlsx,0.0
A123_094,25C,90,4.047275066375732,1.0,4.066572189331055,2.3277802022189653,0.0,1,24.0,0.0,0.0,2.8855350017547607,11_6_13_1C_Cycle.xlsx,0.00025153187877487816
A123_094,25C,30,4.067220687866211,1.0,4.067220687866211,2.3224702884597104,0.0,1,24.0,0.0,0.01655783223935,2.894373719676301,7_19_13_1C_Cycle.xlsx,0.0005362838223072584
A123_094,25C,30,2.3925769329071045,0.0,2.3925769329071045,-2.499727081608128,-0.0,1,24.0,0.0,0.0,2.8855350017547607,11_18_13_1C_Cycle.xlsx,0.00028091478619303423
A123_094,25C,30,4.067544937133789,1.0,4.067544937133789,2.318859028384874,0.0,1,24.0,0.0,0.0,2.8855350017547607,3_4_14_1C_Cycle.xlsx,0.0003576157668806019
A123_094,25C,60,2.478198289871216,0.0,2.384793281555176,-2.49990525895899,-0.0,1,24.0,0.0,0.0,2.8855350017547607,12_4_13_1C_Cycle.xlsx,0.0
A123_094,25C,60,2.480468511581421,0.0,2.397279739379883,-2.4997073870438795,-0.0,1,24.0,0.0,0.0,2.8855350017547607,8_1_13_1C_Cycle.xlsx,0.000858843912251435
A123_094,25C,30,2.389495849609375,0.0,2.389495849609375,-2.4996440509955087,-0.0,1,24.0,0.0,0.0,2.8855350017547607,7_11_13_1C_Cycle.xlsx,0.0
A123_094,25C,120,4.044680118560791,1.0,4.069004535675049,2.3442294097552865,0.0,1,24.0,0.0,0.0,2.8855350017547607,11_18_13_1C_Cycle.xlsx,0.0003158314873081914
A123_094,25C,120,4.036247730255127,1.0,4.065761566162109,2.279926900968964,0.0,1,24.0,0.0,0.0,2.8855350017547607,7_5_13_1C_Cycle.xlsx,0.0005977700277010763
A123_094,25C,30,4.069166660308838,1.0,4.069166660308838,2.344420809677597,0.0,1,24.0,0.0,0.0,2.8855350017547607,11_18_13_1C_Cycle.xlsx,0.00034806758333369767
A123_094,25C,60,4.059112548828125,1.0,4.069004535675049,2.341625910059645,0.0,1,24.0,0.0,0.0,2.8855350017547607,1_23_14_1C_Cycle.xlsx,0.0015460088970128596
A123_094,25C,120,2.570143938064575,0.0,2.400198459625244,-2.4997301792429987,-0.0351605216525857,1,24.0,0.0,0.0,2.8855350017547607,3_4_14_1C_Cycle.xlsx,0.007354045481976833
A123_094,25C,120,4.040463924407959,1.0,4.067220687866211,2.3331507601873662,0.0,1,24.0,0.0,0.0,2.8855350017547607,8_29_13_1C_Cycle.xlsx,0.00024811280067709525
A123_094,25C,30,2.4736578464508057,0.0,2.4736578464508057,-2.47779378248685,-0.0,1,24.0,0.0,0.0,2.8855350017547607,9_25_13_1C_Cycle.xlsx,5.442395060204309e-05
A123_094,25C,60,2.529927968978882,0.0,2.4794955253601074,-2.4774294166241555,-0.0,1,24.0,0.0,0.0,2.8855350017547607,11_18_13_1C_Cycle.xlsx,4.18870010101365e-05
A123_094,25C,90,2.542900800704956,0.0,2.414630889892578,-2.499689221382141,-0.0,1,24.0,0.0,0.0,2.8855350017547607,2_4_14_1C_Cycle.xlsx,0.002194628632048229
A123_094,25C,90,4.0514912605285645,1.0,4.068518161773682,2.339520766154716,0.0,1,24.0,0.0,0.0,2.8855350017547607,2_20_14_1C_Cycle.xlsx,9.181208388035979e-05
A123_094,25C,60,2.527819871902466,0.0,2.476414442062378,-2.4997383999613536,-0.0,1,24.0,0.0,0.0,2.8855350017547607,10_07_13_1C_Cycle.xlsx,0.0007705686154861012
A123_094,25C,150,4.0343017578125,1.0,4.0673828125,2.317199843287468,0.0,1,24.0,0.0,0.0,2.8855350017547607,8_12_13_1C_Cycle.xlsx,0.00019943681208897933
A123_094,25C,30,2.504144191741944,0.0,2.504144191741944,-2.476556452399732,-0.0,1,24.0,0.0,0.0,2.8855350017547607,2_20_14_1C_Cycle.xlsx,0.0
A123_094,25C,30,2.380577087402344,0.0,2.380577087402344,-2.499788945859617,-0.0,1,24.0,0.0,0.0,2.8855350017547607,11_18_13_1C_Cycle.xlsx,0.00023944693232287747
A123_094,25C,150,4.033977508544922,1.0,4.067058563232422,2.327537327629177,0.0,1,24.0,0.0,0.0,2.8855350017547607,11_6_13_1C_Cycle.xlsx,0.0
A123_094,25C,60,2.5274953842163086,0.0,2.482252359390259,-2.47862788889127,-0.0,1,24.0,0.0,0.0,2.8855350017547607,8_1_13_1C_Cycle.xlsx,1.5736752073211887e-05
A123_094,25C,60,2.4760901927948,0.0,2.37976622581482,-2.4997435206667,-0.0,1,24.0,0.0,0.0,2.8855350017547607,1_23_14_1C_Cycle.xlsx,0.00021449092635896714
A123_094,25C,30,2.394036293029785,0.0,2.394036293029785,-2.499854098018418,-0.0,1,24.0,0.0,0.0,2.8855350017547607,8_1_13_1C_Cycle.xlsx,0.0
A123_094,25C,30,4.070788383483887,1.0,4.070788383483887,2.362385068630052,0.0,1,24.0,0.0,0.0,2.8855350017547607,12_4_13_1C_Cycle.xlsx,0.0004089736235928079
A123_094,25C,60,4.056031703948975,1.0,4.066572189331055,2.3110980096557907,0.0,1,24.0,0.0,0.0,2.8855350017547607,10_16_13_1C_Cycle.xlsx,6.470897530578613e-05
A123_094,25C,30,4.069490909576416,1.0,4.069490909576416,2.3372842313441557,0.0,1,24.0,0.0,0.0,2.8855350017547607,2_4_14_1C_Cycle.xlsx,0.0
A123_094,25C,150,4.032356262207031,1.0,4.066247940063477,2.3137047100262564,0.0,1,24.0,0.0,0.0,2.8855350017547607,10_07_13_1C_Cycle.xlsx,0.0
A123_094,25C,90,4.039491176605225,1.0,4.066572189331055,2.311665479432453,0.0,1,24.0,0.0,0.0,2.8855350017547607,10_16_13_1C_Cycle.xlsx,0.006312100462950767
A123_094,25C,120,2.532036066055298,0.0,2.3671176433563232,-2.499669225489507,-0.0,1,24.0,0.0,0.0,2.8855350017547607,7_5_13_1C_Cycle.xlsx,0.0
A123_094,25C,150,4.036572456359863,1.0,4.0680317878723145,2.325064345057738,0.0,1,24.0,0.0,0.0,2.8855350017547607,12_4_13_1C_Cycle.xlsx,0.0
A123_094,25C,120,4.038031578063965,1.0,4.066247940063477,2.31714681217507,0.0,1,24.0,0.0,0.0,2.8855350017547607,8_12_13_1C_Cycle.xlsx,0.0
A123_094,25C,60,4.057653427124023,1.0,4.067869663238525,2.325137806835316,0.0,1,24.0,0.0,0.0,2.8855350017547607,12_4_13_1C_Cycle.xlsx,0.0
A123_094,25C,60,2.5297658443450928,0.0,2.4814414978027344,-2.477369716186201,-0.0,1,24.0,0.0,0.0,2.8855350017547607,11_18_13_1C_Cycle.xlsx,4.18870010101365e-05
A123_094,25C,90,4.0474371910095215,1.0,4.066896438598633,2.3196181743814237,0.0,1,24.0,0.0,0.0,2.8855350017547607,3_4_14_1C_Cycle.xlsx,0.0
A123_094,25C,120,2.55733323097229,0.0,2.393063545227051,-2.4997131865957507,-0.0,1,24.0,0.0,0.0,2.8855350017547607,8_29_13_1C_Cycle.xlsx,9.643084493332045e-05
A123_094,25C,60,4.056193828582764,1.0,4.066896438598633,2.3200896897368013,0.0,1,24.0,0.0,0.0,2.8855350017547607,8_1_13_1C_Cycle.xlsx,3.1863679205210374e-05
A123_094,25C,90,4.048896312713623,1.0,4.067869663238525,2.324457717120138,0.0,1,24.0,0.0,0.0,2.8855350017547607,1_23_14_1C_Cycle.xlsx,0.0
A123_094,25C,150,4.033653259277344,1.0,4.066896438598633,2.3332844262685235,0.0,1,24.0,0.0,0.0,2.8855350017547607,8_29_13_1C_Cycle.xlsx,0.0
A123_094,25C,30,4.067058563232422,1.0,4.067058563232422,2.314234561733598,0.0,1,24.0,0.0,0.0,2.8855350017547607,9_16_13_1C_Cycle.xlsx,0.0
A123_094,25C,60,4.056518077850342,1.0,4.067058563232422,2.317292321026325,0.0,1,24.0,0.0,0.0,2.8855350017547607,8_12_13_1C_Cycle.xlsx,0.00021139658551693098
A123_094,25C,150,4.034626483917236,1.0,4.066896438598633,2.3244329436849327,0.0,1,24.0,0.0,0.0,2.8855350017547607,1_23_14_1C_Cycle.xlsx,0.0
A123_094,25C,60,2.4863064289093018,0.0,2.3927390575408936,-2.4999328573173454,-0.0,1,24.0,0.0,0.0,2.8855350017547607,2_4_14_1C_Cycle.xlsx,0.0
A123_094,25C,90,4.046463966369629,1.0,4.066247940063477,2.311628089586565,0.0,1,24.0,0.0,0.0,2.8855350017547607,10_16_13_1C_Cycle.xlsx,0.0
A123_094,25C,120,4.039166927337647,1.0,4.066410064697266,2.311793893390943,0.0,1,24.0,0.0,0.0,2.8855350017547607,10_16_13_1C_Cycle.xlsx,0.0
A123_094,25C,120,2.557495355606079,0.0,2.3817121982574463,-2.4997208076240742,-0.0,1,24.0,0.0,0.0,2.8855350017547607,9_25_13_1C_Cycle.xlsx,1.604229456610643e-05
A123_094,25C,90,2.526522397994995,0.0,2.3716580867767334,-2.4995650436197008,-0.0,1,24.0,0.0,0.0,2.8855350017547607,10_16_13_1C_Cycle.xlsx,0.0
A123_094,25C,60,2.526036024093628,0.0,2.4713876247406006,-2.4999054414885387,-0.0,1,24.0,0.0,0.0,2.8855350017547607,10_16_13_1C_Cycle.xlsx,0.0
A123_094,25C,60,4.0558695793151855,1.0,4.066410064697266,2.311469809144489,0.0,1,24.0,0.0,0.0,2.8855350017547607,10_16_13_1C_Cycle.xlsx,0.0
A123_094,25C,90,4.039329051971436,1.0,4.066247940063477,2.31117415908447,0.0,1,24.0,0.0,0.0,2.8855350017547607,10_16_13_1C_Cycle.xlsx,0.0062365026686801266
A123_094,25C,60,2.474630832672119,0.0,2.382198572158813,-2.4999175113914287,-0.0,1,24.0,0.0,0.0,2.8855350017547607,10_07_13_1C_Cycle.xlsx,0.0
A123_094,25C,60,4.056193828582764,1.0,4.066734313964844,2.316173544994766,0.0,1,24.0,0.0,0.0,2.8855350017547607,8_29_13_1C_Cycle.xlsx,0.00023791688861008676
A123_094,25C,150,4.033815383911133,1.0,4.067058563232422,2.32757679310416,0.0,1,24.0,0.0,0.0,2.8855350017547607,11_6_13_1C_Cycle.xlsx,0.0
A123_094,25C,90,4.0474371910095215,1.0,4.066734313964844,2.330789832290539,0.0,1,24.0,0.0,0.0,2.8855350017547607,10_07_13_1C_Cycle.xlsx,3.180324475101265e-05
A123_094,25C,90,2.528144121170044,0.0,2.378955364227295,-2.499769412719452,-0.0,1,24.0,0.0,0.0,2.8855350017547607,11_6_13_1C_Cycle.xlsx,0.0001653302320509215
A123_094,25C,90,4.045004844665527,1.0,4.065923690795898,2.267708539245305,0.0,1,24.0,0.0,0.0,2.8855350017547607,7_3_13_1C_Cycle.xlsx,0.0
A123_094,25C,60,2.4713876247406006,0.0,2.3776581287384038,-2.4998535498053625,-0.0,1,24.0,0.0,0.0,2.8855350017547607,9_25_13_1C_Cycle.xlsx,0.0
A123_094,25C,150,4.035437107086182,1.0,4.067707061767578,2.324365064947524,0.0,1,24.0,0.0,0.0,2.8855350017547607,1_23_14_1C_Cycle.xlsx,0.0
A123_094,25C,60,2.4819281101226807,0.0,2.3987390995025635,-2.4999405807918973,-0.0,1,24.0,0.0,0.0,2.8855350017547607,8_1_13_1C_Cycle.xlsx,0.00015889163932123997
A123_094,25C,90,2.5249009132385254,0.0,2.378793239593506,-2.4998727414460307,-0.0,1,24.0,0.0,0.0,2.8855350017547607,9_25_13_1C_Cycle.xlsx,0.0
A123_094,25C,60,4.0558695793151855,1.0,4.066247940063477,2.31196560618306,0.0,1,24.0,0.0,0.0,2.8855350017547607,10_16_13_1C_Cycle.xlsx,0.0
A123_094,25C,30,2.397279739379883,0.0,2.397279739379883,-2.499856264219372,-0.0,1,24.0,0.0,0.0,2.8855350017547607,1_23_14_1C_Cycle.xlsx,0.00035358048591696534
A123_094,25C,120,2.5621981620788574,0.0,2.374739170074463,-2.499972886867351,-0.0,1,24.0,0.0,0.0,2.8855350017547607,11_6_13_1C_Cycle.xlsx,0.0
A123_094,25C,90,2.5518198013305664,0.0,2.478522539138794,-2.478601010373457,-0.0,1,24.0,0.0,0.0,2.8855350017547607,7_24_13_1C_Cycle.xlsx,0.002687617355340226
A123_094,25C,150,4.037869453430176,1.0,4.068356037139893,2.3403091452691864,0.0,1,24.0,0.0,0.0,2.8855350017547607,2_4_14_1C_Cycle.xlsx,0.0007529232810736903
A123_094,25C,60,4.0558695793151855,1.0,4.066896438598633,2.2970921245396587,0.0,1,24.0,0.0,0.0,2.8855350017547607,7_3_13_1C_Cycle.xlsx,0.0
A123_094,25C,150,4.036734580993652,1.0,4.068356037139893,2.3253368761201028,0.0,1,24.0,0.0,0.0,2.8855350017547607,12_4_13_1C_Cycle.xlsx,0.01278970351487826
A123_094,25C,90,2.526036024093628,0.0,2.385279655456543,-2.499731231154057,-0.0,1,24.0,0.0,0.0,2.8855350017547607,9_16_13_1C_Cycle.xlsx,0.00028061653990639224
A123_094,25C,30,2.472522735595703,0.0,2.472522735595703,-2.499753097008014,-0.0,1,24.0,0.0,0.0,2.8855350017547607,8_12_13_1C_Cycle.xlsx,6.231793016029955e-05
A123_094,25C,30,4.066734313964844,1.0,4.066734313964844,2.3175134568810463,0.0,1,24.0,0.0,0.0,2.8855350017547607,8_12_13_1C_Cycle.xlsx,0.0016729690752283664
A123_094,25C,90,4.047923564910889,1.0,4.067220687866211,2.318976964505892,0.0,1,24.0,0.0,0.0,2.8855350017547607,8_1_13_1C_Cycle.xlsx,0.00044830102687862136
A123_094,25C,120,4.039653301239014,1.0,4.066896438598633,2.312884281648964,0.0,1,24.0,0.0,0.0,2.8855350017547607,9_25_13_1C_Cycle.xlsx,0.008169464721252469
A123_094,25C,60,4.058788299560547,1.0,4.068680286407471,2.344834190493418,0.0,1,24.0,0.0,0.0,2.8855350017547607,11_18_13_1C_Cycle.xlsx,0.0
A123_094,25C,60,2.446576833724976,0.0,2.3611176013946533,-2.499672418783519,-0.0,1,24.0,0.0,0.0,2.8855350017547607,7_5_13_1C_Cycle.xlsx,0.0
A123_094,25C,30,4.0680317878723145,1.0,4.0680317878723145,2.327010510160642,0.0,1,24.0,0.0,0.0,2.8855350017547607,12_4_13_1C_Cycle.xlsx,0.00339312909283017
A123_094,25C,60,2.481765985488892,0.0,2.393063545227051,-2.499683477661826,-0.0,1,24.0,0.0,0.0,2.8855350017547607,12_13_13_1C_Cycle.xlsx,0.00037051853342288905
A123_094,25C,30,4.066410064697266,1.0,4.066410064697266,2.311793893390943,0.0,1,24.0,0.0,0.0,2.8855350017547607,10_16_13_1C_Cycle.xlsx,0.0
A123_094,25C,90,2.5291171073913574,0.0,2.389657974243164,-2.499782424789291,-0.0,1,24.0,0.0,0.0,2.8855350017547607,11_18_13_1C_Cycle.xlsx,0.0002811895734450043
A123_094,25C,150,4.033329010009766,1.0,4.066734313964844,2.313014610197212,0.0,1,24.0,0.0,0.0,2.8855350017547607,10_07_13_1C_Cycle.xlsx,0.0
A123_094,25C,120,2.5607385635375977,0.0,2.393387794494629,-2.499813365506696,-0.0,1,24.0,0.0,0.0,2.8855350017547607,11_18_13_1C_Cycle.xlsx,0.0
A123_094,25C,150,4.032680511474609,1.0,4.066410064697266,2.313019016604932,0.0,1,24.0,0.0,0.0,2.8855350017547607,9_25_13_1C_Cycle.xlsx,0.0
A123_094,25C,30,4.066572189331055,1.0,4.066572189331055,2.3114757949163107,0.0,1,24.0,0.0,0.0,2.8855350017547607,10_16_13_1C_Cycle.xlsx,9.281872223232083e-05
A123_094,25C,90,2.553279161453247,0.0,2.472846984863281,-2.4997203802240304,-0.0,1,24.0,0.0,0.0,2.8855350017547607,8_12_13_1C_Cycle.xlsx,0.0027217220318814356
A123_094,25C,60,2.4759280681610107,0.0,2.379279613494873,-2.4997368886930134,-0.0,1,24.0,0.0,0.0,2.8855350017547607,1_23_14_1C_Cycle.xlsx,0.00021449092635896714
A123_094,25C,30,2.379279613494873,0.0,2.379279613494873,-2.499866344232475,-0.0,1,24.0,0.0,0.0,2.8855350017547607,9_25_13_1C_Cycle.xlsx,1.824870944642312e-05
A123_094,25C,60,2.4832253456115723,0.0,2.391117572784424,-2.4997470690825274,-0.0,1,24.0,0.0,0.0,2.8855350017547607,3_4_14_1C_Cycle.xlsx,0.00022651255091323035
A123_094,25C,60,4.056355953216553,1.0,4.066896438598633,2.3129183617038804,0.0,1,24.0,0.0,0.0,2.8855350017547607,10_07_13_1C_Cycle.xlsx,0.0
A123_094,25C,90,4.053437232971191,1.0,4.07030200958252,2.3433919017976623,0.0,1,24.0,0.0,0.0,2.8855350017547607,12_4_13_1C_Cycle.xlsx,0.0009005386937199096
A123_094,25C,30,4.066896438598633,1.0,4.066896438598633,2.327711878829644,0.0,1,24.0,0.0,0.0,2.8855350017547607,11_6_13_1C_Cycle.xlsx,0.0018701750073717646
A123_094,25C,120,4.044680118560791,1.0,4.068356037139893,2.3394478366693905,0.0,1,24.0,0.0,0.0,2.8855350017547607,2_20_14_1C_Cycle.xlsx,0.002768827907781954
A123_094,25C,30,2.362576961517334,0.0,2.362576961517334,-2.499772664662954,-0.0,1,24.0,0.0,0.0,2.8855350017547607,11_18_13_1C_Cycle.xlsx,0.0002664218733317839
A123_094,25C,90,4.047112941741943,1.0,4.066896438598633,2.3280702317211808,0.0,1,24.0,0.0,0.0,2.8855350017547607,11_6_13_1C_Cycle.xlsx,0.00014666600553307014
A123_094,25C,120,2.5542521476745605,0.0,2.389657974243164,-2.4996705589623285,-0.0,1,24.0,0.0,0.0,2.8855350017547607,8_12_13_1C_Cycle.xlsx,0.0
A123_094,25C,90,2.530738592147827,0.0,2.384793281555176,-2.49974590214816,-0.0,1,24.0,0.0,0.0,2.8855350017547607,12_4_13_1C_Cycle.xlsx,0.00016176637263476374
A123_094,25C,30,2.3860905170440674,0.0,2.3860905170440674,-2.499918532821368,-0.0,1,24.0,0.0,0.0,2.8855350017547607,3_4_14_1C_Cycle.xlsx,8.284726725208904e-05
A123_094,25C,90,2.5271711349487305,0.0,2.380577087402344,-2.4997383999613536,-0.0,1,24.0,0.0,0.0,2.8855350017547607,10_07_13_1C_Cycle.xlsx,0.0002928725840103445
A123_094,25C,30,2.426630973815918,0.0,2.426630973815918,-2.499691332612082,-0.0,1,24.0,0.0,0.0,2.8855350017547607,2_20_14_1C_Cycle.xlsx,0.0
A123_094,25C,60,4.056355953216553,1.0,4.067058563232422,2.319463060133987,0.0,1,24.0,0.0,0.0,2.8855350017547607,8_1_13_1C_Cycle.xlsx,0.0
A123_094,25C,60,4.058139801025391,1.0,4.0680317878723145,2.339628491877464,0.0,1,24.0,0.0,0.0,2.8855350017547607,3_4_14_1C_Cycle.xlsx,6.545802350466903e-05
A123_094,25C,120,4.039004802703857,1.0,4.066247940063477,2.311447414300166,0.0,1,24.0,0.0,0.0,2.8855350017547607,10_16_13_1C_Cycle.xlsx,0.0
A123_094,25C,30,4.0673828125,1.0,4.0673828125,2.317432541191578,0.0,1,24.0,0.0,0.0,2.8855350017547607,8_12_13_1C_Cycle.xlsx,0.002280313139046725
A123_094,25C,30,2.4541983604431152,0.0,2.4541983604431152,-2.49969482421875,-0.0,1,24.0,0.0,0.0,2.8855350017547607,7_8_13_1C_Cycle.xlsx,0.00092243291312754
A123_094,25C,30,2.386739015579224,0.0,2.386739015579224,-2.499855149108752,-0.0,1,24.0,0.0,0.0,2.8855350017547607,10_07_13_1C_Cycle.xlsx,5.949192487426893e-05
A123_094,25C,30,2.4754414558410645,0.0,2.4754414558410645,-2.4997173064463847,-0.0,1,24.0,0.0,0.0,2.8855350017547607,12_4_13_1C_Cycle.xlsx,0.0
A123_094,25C,60,2.476901054382324,0.0,2.384955406188965,-2.4997463964782987,-0.0,1,24.0,0.0,0.0,2.8855350017547607,10_07_13_1C_Cycle.xlsx,0.00014553619840435115
A123_094,25C,90,4.047112941741943,1.0,4.067058563232422,2.3225741314254407,0.0,1,24.0,0.0,0.0,2.8855350017547607,7_19_13_1C_Cycle.xlsx,0.00017414946190685555
A123_094,25C,90,2.5334954261779785,0.0,2.382522821426392,-2.4997683905680246,-0.0,1,24.0,0.0,0.0,2.8855350017547607,1_23_14_1C_Cycle.xlsx,0.0001653302320509215
A123_094,25C,90,4.059436798095703,1.0,4.072085857391357,0.6999309714883566,-0.0004639401854811,1,24.0,0.0,1.0,3.553644180297852,7_1_13_1C_Cycle.xlsx,0.7956042931326984
A123_094,25C,30,4.067058563232422,1.0,4.067058563232422,2.317728852510452,0.0,1,24.0,0.0,0.0,2.8855350017547607,8_12_13_1C_Cycle.xlsx,0.0
A123_094,25C,120,2.553441286087036,0.0,2.3859283924102783,-2.499739075529164,-0.0,1,24.0,0.0,0.0,2.8855350017547607,8_12_13_1C_Cycle.xlsx,0.0004994269803493257
A123_094,25C,30,4.066896438598633,1.0,4.066896438598633,2.314612061269884,0.0,1,24.0,0.0,0.0,2.8855350017547607,8_29_13_1C_Cycle.xlsx,0.0
A123_094,25C,150,4.0343017578125,1.0,4.067220687866211,2.324612080668792,0.0,1,24.0,0.0,0.0,2.8855350017547607,12_13_13_1C_Cycle.xlsx,7.795968754739246e-05
A123_094,25C,90,4.051977634429932,1.0,4.069490909576416,2.338332123400872,0.0,1,24.0,0.0,0.0,2.8855350017547607,3_4_14_1C_Cycle.xlsx,0.0
A123_094,25C,90,4.049383163452148,1.0,4.067869663238525,2.3250444110924917,0.0,1,24.0,0.0,0.0,2.8855350017547607,12_4_13_1C_Cycle.xlsx,0.0
A123_094,25C,30,4.069977760314941,1.0,4.069977760314941,2.358005608011664,0.0,1,24.0,0.0,0.0,2.8855350017547607,3_4_14_1C_Cycle.xlsx,0.0
A123_094,25C,60,4.056193828582764,1.0,4.067058563232422,2.3200997220618382,0.0,1,24.0,0.0,0.0,2.8855350017547607,8_1_13_1C_Cycle.xlsx,0.0
A123_094,25C,30,2.4798200130462646,0.0,2.4798200130462646,-2.478652648622867,-0.0,1,24.0,0.0,0.0,2.8855350017547607,7_24_13_1C_Cycle.xlsx,0.0
A123_094,25C,30,4.066734313964844,1.0,4.066734313964844,2.314431393352466,0.0,1,24.0,0.0,0.0,2.8855350017547607,9_16_13_1C_Cycle.xlsx,0.0004979578794651399
A123_094,25C,120,4.046463966369629,1.0,4.0701398849487305,2.3425682332271185,0.0,1,24.0,0.0,0.0,2.8855350017547607,12_13_13_1C_Cycle.xlsx,0.0008578273732626325
A123_094,25C,90,4.047112941741943,1.0,4.066734313964844,2.314434324035315,0.0,1,24.0,0.0,0.0,2.8855350017547607,8_29_13_1C_Cycle.xlsx,2.376770231597267e-05
A123_094,25C,150,4.032680511474609,1.0,4.066896438598633,2.3130723618459506,0.0,1,24.0,0.0,0.0,2.8855350017547607,9_25_13_1C_Cycle.xlsx,0.0
A123_094,25C,30,4.067544937133789,1.0,4.067544937133789,2.3245425913323703,0.0,1,24.0,0.0,0.0,2.8855350017547607,12_13_13_1C_Cycle.xlsx,0.00027393530892888237
A123_094,25C,90,2.5297658443450928,0.0,2.3929011821746826,-2.4998084897393578,-0.0,1,24.0,0.0,0.0,2.8855350017547607,11_18_13_1C_Cycle.xlsx,0.00011475294047178517
A123_094,25C,60,2.48063063621521,0.0,2.399549961090088,-2.499676215446601,-0.0,1,24.0,0.0,0.0,2.8855350017547607,7_24_13_1C_Cycle.xlsx,0.0
A123_094,25C,120,2.524414300918579,0.0,2.3695499897003174,-2.4996603375575583,-0.0,1,24.0,0.0,0.0,2.8855350017547607,7_5_13_1C_Cycle.xlsx,0.0
A123_094,25C,90,2.5394954681396484,0.0,2.3945229053497314,-2.499574731503214,-0.0,1,24.0,0.0,0.0,2.8855350017547607,10_16_13_1C_Cycle.xlsx,0.0
A123_094,25C,60,4.0558695793151855,1.0,4.066572189331055,2.312869452795044,0.0,1,24.0,0.0,0.0,2.8855350017547607,10_07_13_1C_Cycle.xlsx,6.470897530578613e-05
A123_094,25C,60,4.056518077850342,1.0,4.067058563232422,2.3309048424698107,0.0,1,24.0,0.0,0.0,2.8855350017547607,10_07_13_1C_Cycle.xlsx,0.0004517147636290528
A123_094,25C,30,2.3740904331207275,0.0,2.3740904331207275,-2.49979381947904,-0.0,1,24.0,0.0,0.0,2.8855350017547607,11_6_13_1C_Cycle.xlsx,0.0002664218733317839
A123_094,25C,120,2.5709547996521,0.0,2.410738945007324,-2.499687550244508,-0.0,1,24.0,0.0,0.0,2.8855350017547607,2_4_14_1C_Cycle.xlsx,0.0
A123_094,25C,60,2.5294413566589355,0.0,2.472846984863281,-2.499928266351873,-0.0,1,24.0,0.0,0.0,2.8855350017547607,12_13_13_1C_Cycle.xlsx,0.0
A123_094,25C,60,2.5377116203308105,0.0,2.4895496368408203,-2.476501232007717,-0.0,1,24.0,0.0,0.0,2.8855350017547607,3_4_14_1C_Cycle.xlsx,0.01280076509819382
A123_094,25C,60,4.05684232711792,1.0,4.067220687866211,2.327617794776163,0.0,1,24.0,0.0,0.0,2.8855350017547607,11_6_13_1C_Cycle.xlsx,0.0006527415581698358
A123_094,25C,90,4.047275066375732,1.0,4.067058563232422,2.315794729898053,0.0,1,24.0,0.0,0.0,2.8855350017547607,8_29_13_1C_Cycle.xlsx,0.0
A123_094,25C,60,2.5249009132385254,0.0,2.478360414505005,-2.4997459864005065,-0.0,1,24.0,0.0,0.0,2.8855350017547607,8_1_13_1C_Cycle.xlsx,0.0002016997606604655
A123_094,25C,60,4.057491302490234,1.0,4.067707061767578,2.324317196750233,0.0,1,24.0,0.0,0.0,2.8855350017547607,1_23_14_1C_Cycle.xlsx,0.000714890467097315
A123_094,25C,60,2.524090051651001,0.0,2.474630832672119,-2.478184532561813,-0.0,1,24.0,0.0,0.0,2.8855350017547607,8_29_13_1C_Cycle.xlsx,4.18870010101365e-05
A123_094,25C,30,4.0680317878723145,1.0,4.0680317878723145,2.326761500362088,0.0,1,24.0,0.0,0.0,2.8855350017547607,12_4_13_1C_Cycle.xlsx,0.0
A123_094,25C,30,2.393874168395996,0.0,2.393874168395996,-2.49970318404111,-0.0,1,24.0,0.0,0.0,2.8855350017547607,12_13_13_1C_Cycle.xlsx,0.00025881133346440725
A123_094,25C,150,4.039653301239014,1.0,4.0701398849487305,2.3441620638941303,0.0,1,24.0,0.0,0.0,2.8855350017547607,11_18_13_1C_Cycle.xlsx,0.00033834771537766316
A123_094,25C,60,4.058626174926758,1.0,4.068680286407471,2.344864808906943,0.0,1,24.0,0.0,0.0,2.8855350017547607,11_18_13_1C_Cycle.xlsx,0.0011047480189315044
A123_094,25C,30,2.3796041011810303,0.0,2.3796041011810303,-2.499907926120589,-0.0,1,24.0,0.0,0.0,2.8855350017547607,10_07_13_1C_Cycle.xlsx,4.160405182424322e-05
A123_094,25C,30,4.066896438598633,1.0,4.066896438598633,2.316137142299164,0.0,1,24.0,0.0,0.0,2.8855350017547607,8_29_13_1C_Cycle.xlsx,0.0
A123_094,25C,30,4.066247940063477,1.0,4.066247940063477,2.3137047100262564,0.0,1,24.0,0.0,0.0,2.8855350017547607,10_07_13_1C_Cycle.xlsx,0.0
A123_094,25C,90,2.538522481918335,0.0,2.401658058166504,-2.499682887692318,-0.0,1,24.0,0.0,0.0,2.8855350017547607,3_4_14_1C_Cycle.xlsx,0.002418916570813841
A123_094,25C,150,4.029599189758301,1.0,4.066085815429688,2.252560145601078,0.0,1,24.0,0.0,0.0,2.8855350017547607,7_3_13_1C_Cycle.xlsx,0.05828237412451416
A123_094,25C,60,4.056680202484131,1.0,4.067058563232422,2.332451699576417,0.0,1,24.0,0.0,0.0,2.8855350017547607,9_16_13_1C_Cycle.xlsx,0.0003262663226104073
A123_094,25C,60,2.543225049972534,0.0,2.4955496788024902,-2.476524658840693,-0.0,1,24.0,0.0,0.0,2.8855350017547607,2_4_14_1C_Cycle.xlsx,0.005502250348120507
A123_094,25C,120,2.5649547576904297,0.0,2.3742525577545166,-2.499906908382069,-0.0,1,24.0,0.0,0.0,2.8855350017547607,12_13_13_1C_Cycle.xlsx,0.0
A123_094,25C,30,2.3857662677764893,0.0,2.3857662677764893,-2.4998647449290856,-0.0,1,24.0,0.0,0.0,2.8855350017547607,10_07_13_1C_Cycle.xlsx,5.949192487426893e-05
A123_094,25C,30,4.0673828125,1.0,4.0673828125,2.320589085182418,0.0,1,24.0,0.0,0.0,2.8855350017547607,2_4_14_1C_Cycle.xlsx,0.00021053440808167624
A123_094,25C,60,4.056518077850342,1.0,4.067058563232422,2.32801557563934,0.0,1,24.0,0.0,0.0,2.8855350017547607,11_6_13_1C_Cycle.xlsx,0.0001176560438475105
A123_094,25C,30,2.4712252616882324,0.0,2.4712252616882324,-2.478187648446002,-0.0,1,24.0,0.0,0.0,2.8855350017547607,8_29_13_1C_Cycle.xlsx,5.442395060204309e-05
A123_094,25C,60,4.057004451751709,1.0,4.0673828125,2.3318933837237905,0.0,1,24.0,0.0,0.0,2.8855350017547607,9_16_13_1C_Cycle.xlsx,0.0027846039373889586
A123_094,25C,120,2.5641441345214844,0.0,2.37830662727356,-2.4997130459005183,-0.0,1,24.0,0.0,0.0,2.8855350017547607,12_13_13_1C_Cycle.xlsx,6.424453886212892e-06
A123_094,25C,30,4.066734313964844,1.0,4.066734313964844,2.315404173347258,0.0,1,24.0,0.0,0.0,2.8855350017547607,8_29_13_1C_Cycle.xlsx,0.0004979578794651399
A123_094,25C,60,4.056355953216553,1.0,4.066734313964844,2.3130368242864727,0.0,1,24.0,0.0,0.0,2.8855350017547607,10_07_13_1C_Cycle.xlsx,0.00021250966357634987
A123_094,25C,30,4.0673828125,1.0,4.0673828125,2.318911003155841,0.0,1,24.0,0.0,0.0,2.8855350017547607,8_1_13_1C_Cycle.xlsx,0.00017198927461658576
A123_094,25C,30,4.072085857391357,1.0,4.072085857391357,0.7184047251939774,0.0,1,24.0,0.0,1.0,3.553644180297852,7_11_13_1C_Cycle.xlsx,0.7021214805272988
A123_094,25C,120,2.5733871459960938,0.0,2.3881986141204834,-2.4998827295483284,-0.0,1,24.0,0.0,0.0,2.8855350017547607,3_4_14_1C_Cycle.xlsx,0.0
A123_094,25C,30,2.4863064289093018,0.0,2.4863064289093018,-2.499826451328313,-0.0,1,24.0,0.0,0.0,2.8855350017547607,2_4_14_1C_Cycle.xlsx,0.0
A123_094,25C,150,4.033977508544922,1.0,4.0673828125,2.321284148428175,0.0,1,24.0,0.0,0.0217086577939232,2.8971232761086787,7_17_13_1C_Cycle.xlsx,0.0001638238182326333
A123_094,25C,60,4.056680202484131,1.0,4.067058563232422,2.332315459297817,0.0,1,24.0,0.0,0.0,2.8855350017547607,9_16_13_1C_Cycle.xlsx,0.0003262663226104073
A123_094,25C,60,4.058788299560547,1.0,4.06884241104126,2.3446504387183715,0.0,1,24.0,0.0,0.0,2.8855350017547607,11_18_13_1C_Cycle.xlsx,0.0
A123_094,25C,60,4.066410064697266,1.0,4.073058605194092,0.9042866503198942,0.0,1,24.0,0.0,1.0,3.553644180297852,7_5_13_1C_Cycle.xlsx,0.8373152287468011
A123_094,25C,60,2.469765901565552,0.0,2.3742525577545166,-2.4998599470189187,-0.0,1,24.0,0.0,0.0,2.8855350017547607,9_25_13_1C_Cycle.xlsx,0.0
A123_094,25C,30,4.067707061767578,1.0,4.067707061767578,2.319285396159741,0.0,1,24.0,0.0,0.0,2.8855350017547607,3_4_14_1C_Cycle.xlsx,0.00039616090034569237
A123_094,25C,30,4.0673828125,1.0,4.0673828125,2.324564272840308,0.0,1,24.0,0.0,0.0,2.8855350017547607,1_23_14_1C_Cycle.xlsx,0.0003265299448516763
A123_094,25C,30,4.066410064697266,1.0,4.066410064697266,2.3078461519276448,0.0,1,24.0,0.0,0.0,2.8855350017547607,7_15_13_1C_Cycle.xlsx,9.82118605268889e-05
A123_094,25C,90,4.054085731506348,1.0,4.070464134216309,2.341550955058713,0.0,1,24.0,0.0,0.0,2.8855350017547607,2_4_14_1C_Cycle.xlsx,0.001171131065617441
A123_094,25C,120,2.5545763969421387,0.0,2.3907930850982666,-2.4996596287036765,-0.0,1,24.0,0.0,0.0,2.8855350017547607,8_12_13_1C_Cycle.xlsx,0.0
A123_094,25C,60,4.05684232711792,1.0,4.0673828125,2.317269221961498,0.0,1,24.0,0.0,0.0,2.8855350017547607,8_12_13_1C_Cycle.xlsx,0.0019265718075104931
A123_094,25C,30,2.3737661838531494,0.0,2.3737661838531494,-2.4997661500363737,-0.0,1,24.0,0.0,0.0,2.8855350017547607,11_6_13_1C_Cycle.xlsx,0.0002664218733317839
A123_094,25C,60,4.056031703948975,1.0,4.067220687866211,2.2947096566133425,0.0,1,24.0,0.0,0.0,2.8855350017547607,7_5_13_1C_Cycle.xlsx,0.0006728421411251448
A123_094,25C,30,4.0680317878723145,1.0,4.0680317878723145,2.339815534520568,0.0,1,24.0,0.0,0.0,2.8855350017547607,3_4_14_1C_Cycle.xlsx,6.893186276340696e-05
A123_094,25C,30,2.482252359390259,0.0,2.482252359390259,-2.477153660013044,-0.0,1,24.0,0.0,0.0,2.8855350017547607,1_23_14_1C_Cycle.xlsx,3.873380880485437e-05
A123_094,25C,60,2.4770631790161133,0.0,2.387712001800537,-2.499747083898176,-0.0,1,24.0,0.0,0.0,2.8855350017547607,9_16_13_1C_Cycle.xlsx,0.00030292676802813227
A123_094,25C,120,4.040139675140381,1.0,4.067058563232422,2.3309944263420816,0.0,1,24.0,0.0,0.0,2.8855350017547607,9_25_13_1C_Cycle.xlsx,0.0
A123_094,25C,120,4.044680118560791,1.0,4.068680286407471,2.33955404711397,0.0,1,24.0,0.0,0.0,2.8855350017547607,2_20_14_1C_Cycle.xlsx,0.0
A123_094,25C,60,2.472684860229492,0.0,2.37522554397583,-2.499926623431119,-0.0,1,24.0,0.0,0.0,2.8855350017547607,12_13_13_1C_Cycle.xlsx,0.0
A123_094,25C,120,4.039004802703857,1.0,4.066572189331055,2.3132115404014706,0.0,1,24.0,0.0,0.0,2.8855350017547607,9_25_13_1C_Cycle.xlsx,0.0
A123_094,25C,60,2.4712252616882324,0.0,2.380577087402344,-2.4997484231817317,-0.0,1,24.0,0.0,0.0,2.8855350017547607,8_12_13_1C_Cycle.xlsx,0.00014553619840435115
A123_094,25C,30,2.3943607807159424,0.0,2.3943607807159424,-2.4997367589370065,-0.0,1,24.0,0.0,0.0,2.8855350017547607,8_29_13_1C_Cycle.xlsx,0.0005414446002293835
A123_094,25C,30,2.478522539138794,0.0,2.478522539138794,-2.4773041783771186,-0.0,1,24.0,0.0,0.0,2.8855350017547607,12_4_13_1C_Cycle.xlsx,3.873380880485437e-05
A123_094,25C,90,4.047275066375732,1.0,4.066896438598633,2.327854639717511,0.0,1,24.0,0.0,0.0,2.8855350017547607,11_6_13_1C_Cycle.xlsx,0.00020628961250899824
A123_094,25C,30,2.453711986541748,0.0,2.453711986541748,-2.479179186378148,-0.0,1,24.0,0.0,0.0,2.8855350017547607,7_8_13_1C_Cycle.xlsx,0.0
A123_094,25C,90,2.52571177482605,0.0,2.449820041656494,-2.479319119896944,-0.0,1,24.0,0.0,0.0,2.8855350017547607,7_5_13_1C_Cycle.xlsx,6.97672962000855e-05
A123_094,25C,90,2.518252372741699,0.0,2.3878743648529053,-2.499709345713383,-0.0,1,24.0,0.0,0.0,2.8855350017547607,7_15_13_1C_Cycle.xlsx,0.0005113079800945108
A123_094,25C,90,2.5524682998657227,0.0,2.3964688777923584,-2.499801761453802,-0.0,1,24.0,0.0,0.0838225330841476,2.9302802144547084,11_6_13_1C_Cycle.xlsx,0.0036259566021307156
A123_094,25C,30,4.067058563232422,1.0,4.067058563232422,2.3104283680556383,0.0,1,24.0,0.0,0.0,2.8855350017547607,7_8_13_1C_Cycle.xlsx,0.0
A123_094,25C,60,2.476576805114746,0.0,2.380090475082397,-2.4998662121799016,-0.0,1,24.0,0.0,0.0,2.8855350017547607,1_23_14_1C_Cycle.xlsx,0.0
A123_094,25C,30,4.069004535675049,1.0,4.069004535675049,2.343544162491448,0.0,1,24.0,0.0,0.0,2.8855350017547607,12_13_13_1C_Cycle.xlsx,0.00235760625325644
A123_094,25C,30,4.066896438598633,1.0,4.066896438598633,2.327804487605556,0.0,1,24.0,0.0,0.0,2.8855350017547607,11_6_13_1C_Cycle.xlsx,0.0018701750073717646
A123_094,25C,120,4.044355869293213,1.0,4.069166660308838,2.3435148252253857,0.0,1,24.0,0.0,0.0,2.8855350017547607,12_13_13_1C_Cycle.xlsx,0.0
A123_094,25C,90,4.047112941741943,1.0,4.067220687866211,2.3158442814263607,0.0,1,24.0,0.0,0.0,2.8855350017547607,8_29_13_1C_Cycle.xlsx,0.0005221798913296761
A123_094,25C,120,4.044517993927002,1.0,4.069166660308838,2.344445312553543,0.0,1,24.0,0.0,0.0,2.8855350017547607,11_18_13_1C_Cycle.xlsx,0.0
A123_094,25C,30,2.399387836456299,0.0,2.399387836456299,-2.499657066018732,-0.0,1,24.0,0.0,0.0,2.8855350017547607,12_4_13_1C_Cycle.xlsx,0.0
A123_094,25C,60,4.056355953216553,1.0,4.066896438598633,2.3198229810075155,0.0,1,24.0,0.0,0.0,2.8855350017547607,8_1_13_1C_Cycle.xlsx,1.5037570069471604e-05
A123_094,25C,60,2.5255496501922607,0.0,2.4794955253601074,-2.478627890911766,-0.0,1,24.0,0.0,0.0,2.8855350017547607,8_1_13_1C_Cycle.xlsx,1.5736752073211887e-05
A123_094,25C,30,4.067544937133789,1.0,4.067544937133789,2.322444534431333,0.0,1,24.0,0.0,0.0,2.8855350017547607,2_4_14_1C_Cycle.xlsx,0.0004449210831575106
A123_094,25C,30,4.066410064697266,1.0,4.066410064697266,2.3112801902673463,0.0,1,24.0,0.0,0.0,2.8855350017547607,10_16_13_1C_Cycle.xlsx,0.0
A123_094,25C,120,2.572089910507202,0.0,2.4138200283050537,-2.499722688286393,-0.0,1,24.0,0.0,0.0,2.8855350017547607,2_4_14_1C_Cycle.xlsx,0.0
A123_094,25C,90,4.0474371910095215,1.0,4.066896438598633,2.3276997659386707,0.0,1,24.0,0.0,0.0,2.8855350017547607,11_6_13_1C_Cycle.xlsx,0.00020628961250899824
A123_094,25C,120,2.5539278984069824,0.0,2.3857662677764893,-2.4997437493554475,-0.0,1,24.0,0.0,0.0378831651160196,2.9057573717845697,8_12_13_1C_Cycle.xlsx,0.0004994269803493257
A123_094,25C,60,2.4799821376800537,0.0,2.3963067531585693,-2.499674970268184,-0.0,1,24.0,0.0,0.0,2.8855350017547607,8_1_13_1C_Cycle.xlsx,0.0
A123_094,25C,120,4.04176139831543,1.0,4.067869663238525,2.3243727892255173,0.0,1,24.0,0.0,0.0,2.8855350017547607,1_23_14_1C_Cycle.xlsx,0.0
A123_094,25C,90,4.047112941741943,1.0,4.066734313964844,2.31298646251442,0.0,1,24.0,0.0,0.0,2.8855350017547607,10_07_13_1C_Cycle.xlsx,0.0
A123_094,25C,30,2.4840362071990967,0.0,2.4840362071990967,-2.4997787893864145,-0.0,1,24.0,0.0,0.0,2.8855350017547607,9_16_13_1C_Cycle.xlsx,0.0
A123_094,25C,120,2.561711549758911,0.0,2.3716580867767334,-2.4995650436197008,-0.0,1,24.0,0.0,0.0,2.8855350017547607,10_16_13_1C_Cycle.xlsx,0.0
A123_094,25C,90,4.04905891418457,1.0,4.067869663238525,2.338432182516672,0.0,1,24.0,0.0,0.0,2.8855350017547607,3_4_14_1C_Cycle.xlsx,0.001601690119554401
A123_094,25C,60,4.0557074546813965,1.0,4.066572189331055,2.314830913473436,0.0,1,24.0,0.0,0.0,2.8855350017547607,9_16_13_1C_Cycle.xlsx,4.000236441450954e-05
A123_094,25C,60,2.484846830368042,0.0,2.3925769329071045,-2.499841652183889,-0.0,1,24.0,0.0,0.0,2.8855350017547607,3_4_14_1C_Cycle.xlsx,0.0
A123_094,25C,30,4.06884241104126,1.0,4.06884241104126,2.3447392739481847,0.0,1,24.0,0.0,0.0,2.8855350017547607,11_18_13_1C_Cycle.xlsx,0.000131484351701572
A123_094,25C,30,4.067869663238525,1.0,4.067869663238525,2.3396919071020785,0.0,1,24.0,0.0,0.0,2.8855350017547607,3_4_14_1C_Cycle.xlsx,0.0
A123_094,25C,150,4.038193702697754,1.0,4.069004535675049,2.3445463556859454,0.0,1,24.0,0.0,0.0,2.8855350017547607,11_18_13_1C_Cycle.xlsx,5.048096863180271e-05
A123_094,25C,60,2.5270090103149414,0.0,2.472522735595703,-2.4776724028984183,-0.0,1,24.0,0.0,0.0,2.8855350017547607,10_16_13_1C_Cycle.xlsx,4.18870010101365e-05
A123_094,25C,120,2.574035882949829,0.0,2.389009475708008,-2.4997808487615854,-0.0,1,24.0,0.0,0.0,2.8855350017547607,2_4_14_1C_Cycle.xlsx,9.17558996987274e-05
A123_094,25C,120,2.565603494644165,0.0,2.397279739379883,-2.499856264219372,-0.0,1,24.0,0.0,0.0,2.8855350017547607,1_23_14_1C_Cycle.xlsx,4.7872892744422256e-05
A123_094,25C,90,4.048247814178467,1.0,4.0673828125,2.3246213742810435,0.0,1,24.0,0.0,0.0,2.8855350017547607,1_23_14_1C_Cycle.xlsx,0.0001511340063928308
A123_094,25C,30,4.066734313964844,1.0,4.066734313964844,2.314606179611954,0.0,1,24.0,0.0,0.0,2.8855350017547607,8_29_13_1C_Cycle.xlsx,0.0004979578794651399
A123_094,25C,90,4.051329135894775,1.0,4.068680286407471,2.33955404711397,0.0,1,24.0,0.0,0.0,2.8855350017547607,2_20_14_1C_Cycle.xlsx,4.955429533697716e-05
A123_094,25C,150,4.033329010009766,1.0,4.066734313964844,2.3266168900970685,0.0,1,24.0,0.0,0.0,2.8855350017547607,11_6_13_1C_Cycle.xlsx,0.0
A123_094,25C,60,2.53025221824646,0.0,2.4791712760925293,-2.4997840593527028,-0.0,1,24.0,0.0,0.0,2.8855350017547607,11_18_13_1C_Cycle.xlsx,0.00014378312235567694
A123_094,25C,60,2.527819871902466,0.0,2.473982095718384,-2.477816306876711,-0.0,1,24.0,0.0,0.0,2.8855350017547607,10_16_13_1C_Cycle.xlsx,4.18870010101365e-05
A123_094,25C,150,4.031707286834717,1.0,4.066085815429688,2.3136587713341243,0.0,1,24.0,0.0,0.0,2.8855350017547607,9_25_13_1C_Cycle.xlsx,0.0
A123_094,25C,90,4.0516533851623535,1.0,4.069004535675049,2.3401080730816592,0.0,1,24.0,0.0,0.0,2.8855350017547607,2_4_14_1C_Cycle.xlsx,0.0012694720738812661
A123_094,25C,90,2.525873899459839,0.0,2.399549961090088,-2.499676215446601,-0.0,1,24.0,0.0,0.0,2.8855350017547607,7_24_13_1C_Cycle.xlsx,0.0
A123_094,25C,150,4.03576135635376,1.0,4.067869663238525,2.325806938048641,0.0,1,24.0,0.0,0.0,2.8855350017547607,12_13_13_1C_Cycle.xlsx,0.0
A123_094,25C,60,2.5621981620788574,0.0,2.5167927742004395,-2.4762933889924,-0.0,1,24.0,0.0,0.0,2.8855350017547607,2_20_14_1C_Cycle.xlsx,0.08034694467261279
A123_094,25C,30,4.069004535675049,1.0,4.069004535675049,2.343531804207044,0.0,1,24.0,0.0,0.0,2.8855350017547607,12_13_13_1C_Cycle.xlsx,0.00235760625325644
A123_094,25C,90,2.525873899459839,0.0,2.3969552516937256,-2.4996562994132607,-0.0,1,24.0,0.0,0.0,2.8855350017547607,7_19_13_1C_Cycle.xlsx,0.0
A123_094,25C,30,2.478684902191162,0.0,2.478684902191162,-2.4786192403789298,-0.0,1,24.0,0.0,0.0,2.8855350017547607,7_24_13_1C_Cycle.xlsx,0.0
A123_094,25C,120,2.5602521896362305,0.0,2.384793281555176,-2.499863145625697,-0.0,1,24.0,0.0,0.0,2.8855350017547607,10_07_13_1C_Cycle.xlsx,0.0
A123_094,25C,60,2.503819942474365,0.0,2.4211173057556152,-2.499787604697397,-0.0,1,24.0,0.0,0.0,2.8855350017547607,2_20_14_1C_Cycle.xlsx,0.0019053642881493305
A123_094,25C,60,4.0558695793151855,1.0,4.066734313964844,2.331001882772308,0.0,1,24.0,0.0,0.0,2.8855350017547607,9_25_13_1C_Cycle.xlsx,7.51631853783139e-05
A123_094,25C,150,4.033004760742188,1.0,4.066734313964844,2.3131108662632647,0.0,1,24.0,0.0,0.0,2.8855350017547607,9_25_13_1C_Cycle.xlsx,0.0
A123_094,25C,150,4.035437107086182,1.0,4.067869663238525,2.331252140344166,0.0,1,24.0,0.0,0.0,2.8855350017547607,9_16_13_1C_Cycle.xlsx,0.0
A123_094,25C,30,4.066572189331055,1.0,4.066572189331055,2.316055495892801,0.0,1,24.0,0.0,0.0,2.8855350017547607,8_29_13_1C_Cycle.xlsx,0.00041212662868779086
A123_094,25C,30,2.476901054382324,0.0,2.476901054382324,-2.499710804707296,-0.0,1,24.0,0.0,0.0,2.8855350017547607,12_4_13_1C_Cycle.xlsx,0.0
A123_094,25C,90,4.051167011260986,1.0,4.068680286407471,2.3394827323786,0.0,1,24.0,0.0,0.0,2.8855350017547607,2_20_14_1C_Cycle.xlsx,1.2695795187239822e-05
A123_094,25C,30,4.066896438598633,1.0,4.066896438598633,2.331306527838234,0.0,1,24.0,0.0,0.0,2.8855350017547607,10_07_13_1C_Cycle.xlsx,0.0013398792157588572
A123_094,25C,60,2.47754979133606,0.0,2.3924148082733154,-2.4994992058852623,-0.0,1,24.0,0.0,0.0,2.8855350017547607,8_12_13_1C_Cycle.xlsx,0.0
A123_094,25C,150,4.03251838684082,1.0,4.066410064697266,2.3117909091563265,0.0,1,24.0,0.0,0.0,2.8855350017547607,10_16_13_1C_Cycle.xlsx,0.0
A123_094,25C,30,2.3901445865631104,0.0,2.3901445865631104,-2.4996952454249066,-0.0,1,24.0,0.0,0.0,2.8855350017547607,7_11_13_1C_Cycle.xlsx,0.00020151329777401083
A123_094,25C,60,2.4770631790161133,0.0,2.380901336669922,-2.499857922212793,-0.0,1,24.0,0.0,0.0,2.8855350017547607,1_23_14_1C_Cycle.xlsx,0.0
A123_094,25C,90,4.039815425872803,1.0,4.066734313964844,2.315449341650932,0.0,1,24.0,0.0,0.0,2.8855350017547607,8_29_13_1C_Cycle.xlsx,0.0
A123_094,25C,30,2.3760364055633545,0.0,2.3760364055633545,-2.499753764697484,-0.0,1,24.0,0.0,0.0,2.8855350017547607,10_16_13_1C_Cycle.xlsx,0.00023588307290671974
A123_094,25C,90,4.047112941741943,1.0,4.066572189331055,2.3129835014582656,0.0,1,24.0,0.0,0.0,2.8855350017547607,10_07_13_1C_Cycle.xlsx,0.00010426170140039023
A123_094,25C,90,4.046626091003418,1.0,4.066572189331055,2.3117924030285235,0.0,1,24.0,0.0,0.0,2.8855350017547607,10_16_13_1C_Cycle.xlsx,0.0
A123_094,25C,120,2.5583062171936035,0.0,2.397928237915039,-2.499613111083572,-0.0,1,24.0,0.0,0.0,2.8855350017547607,12_4_13_1C_Cycle.xlsx,0.0
A123_094,25C,60,4.0578155517578125,1.0,4.067869663238525,2.323365891463736,0.0,1,24.0,0.0,0.0,2.8855350017547607,1_23_14_1C_Cycle.xlsx,0.00017038834335698352
A123_094,25C,90,4.047275066375732,1.0,4.066896438598633,2.3194472860131,0.0,1,24.0,0.0,0.0,2.8855350017547607,8_1_13_1C_Cycle.xlsx,0.0
A123_094,25C,120,4.039329051971436,1.0,4.066410064697266,2.3130086397782703,0.0,1,24.0,0.0,0.0,2.8855350017547607,10_07_13_1C_Cycle.xlsx,0.0
A123_094,25C,30,2.4757659435272217,0.0,2.4757659435272217,-2.477329396208266,-0.0,1,24.0,0.0,0.0,2.8855350017547607,12_4_13_1C_Cycle.xlsx,5.442395060204309e-05
A123_094,25C,60,4.0558695793151855,1.0,4.066572189331055,2.3129138799964406,0.0,1,24.0,0.0,0.0,2.8855350017547607,10_07_13_1C_Cycle.xlsx,2.181694761942439e-05
A123_094,25C,30,2.3740904331207275,0.0,2.3740904331207275,-2.5001909605094363,-0.0,1,24.0,0.0,0.0,2.8855350017547607,10_16_13_1C_Cycle.xlsx,4.160405182424322e-05
A123_094,25C,30,4.0680317878723145,1.0,4.0680317878723145,2.339618984217706,0.0,1,24.0,0.0,0.0,2.8855350017547607,2_20_14_1C_Cycle.xlsx,6.893186276340696e-05
A123_094,25C,60,4.058626174926758,1.0,4.068680286407471,2.3450730398171027,0.0,1,24.0,0.0,0.0,2.8855350017547607,11_18_13_1C_Cycle.xlsx,0.0011047480189315044
A123_094,25C,30,4.069166660308838,1.0,4.069166660308838,2.344572369703802,0.0,1,24.0,0.0,0.0,2.8855350017547607,11_18_13_1C_Cycle.xlsx,0.00034806758333369767
A123_094,25C,120,4.040139675140381,1.0,4.0673828125,2.3176247905492784,0.0,1,24.0,0.0,0.0,2.8855350017547607,8_12_13_1C_Cycle.xlsx,0.00048691643822467757
A123_094,25C,120,2.5587925910949707,0.0,2.401982307434082,-2.499701750378649,-0.0,1,24.0,0.0,0.0,2.8855350017547607,7_17_13_1C_Cycle.xlsx,0.0017771583438667756
A123_094,25C,60,4.055220603942871,1.0,4.066247940063477,2.3085282342147457,0.0,1,24.0,0.0,0.0,2.8855350017547607,7_15_13_1C_Cycle.xlsx,0.0
A123_094,25C,60,2.476576805114746,0.0,2.383333683013916,-2.499883936569754,-0.0,1,24.0,0.0,0.0,2.8855350017547607,9_25_13_1C_Cycle.xlsx,0.0
A123_094,25C,60,2.486468553543091,0.0,2.39176607131958,-2.4997774707936795,-0.0,1,24.0,0.0,0.0,2.8855350017547607,2_4_14_1C_Cycle.xlsx,0.0002300764103293881
A123_094,25C,30,2.4008471965789795,0.0,2.4008471965789795,-2.499698088547894,-0.0,1,24.0,0.0,0.0,2.8855350017547607,3_4_14_1C_Cycle.xlsx,0.0021616523388060644
A123_094,25C,120,4.039815425872803,1.0,4.067220687866211,2.3158282441717963,0.0,1,24.0,0.0,0.0,2.8855350017547607,8_29_13_1C_Cycle.xlsx,0.0
A123_094,25C,60,4.059274673461914,1.0,4.068680286407471,2.3402180277782936,0.0,1,24.0,0.0,0.0,2.8855350017547607,2_4_14_1C_Cycle.xlsx,0.0003260911184685703
A123_094,25C,60,2.5252251625061035,0.0,2.478684902191162,-2.499705822039873,-0.0,1,24.0,0.0,0.0,2.8855350017547607,8_1_13_1C_Cycle.xlsx,0.0
A123_094,25C,60,2.4773874282836914,0.0,2.3865768909454346,-2.4997559922986325,-0.0,1,24.0,0.0,0.0,2.8855350017547607,10_07_13_1C_Cycle.xlsx,0.00030292676802813227
A123_094,25C,120,4.039977550506592,1.0,4.067058563232422,2.327705838975786,0.0,1,24.0,0.0,0.0,2.8855350017547607,11_6_13_1C_Cycle.xlsx,0.0
A123_094,25C,150,4.038193702697754,1.0,4.06884241104126,2.343459189001821,0.0,1,24.0,0.0,0.0,2.8855350017547607,12_4_13_1C_Cycle.xlsx,0.009776442017856197
A123_094,25C,120,4.040463924407959,1.0,4.067220687866211,2.332269552850821,0.0,1,24.0,0.0,0.0,2.8855350017547607,9_16_13_1C_Cycle.xlsx,0.00033064198908938137
A123_094,25C,120,4.044031620025635,1.0,4.069004535675049,2.3446382182508203,0.0,1,24.0,0.0,0.0,2.8855350017547607,11_18_13_1C_Cycle.xlsx,0.0003181163565591724
A123_094,25C,90,4.048085689544678,1.0,4.067058563232422,2.3211562641288923,0.0,1,24.0,0.0,0.0,2.8855350017547607,2_4_14_1C_Cycle.xlsx,0.0
A123_094,25C,30,4.068356037139893,1.0,4.068356037139893,2.3396760846831297,0.0,1,24.0,0.0,0.0,2.8855350017547607,2_20_14_1C_Cycle.xlsx,0.001194549252835428
A123_094,25C,150,4.033166885375977,1.0,4.067058563232422,2.317785212516785,0.0,1,24.0,0.0,0.0,2.8855350017547607,8_12_13_1C_Cycle.xlsx,0.0
A123_094,25C,120,2.5579819679260254,0.0,2.376198530197144,-2.499879138659587,-0.0,1,24.0,0.0,0.0,2.8855350017547607,9_25_13_1C_Cycle.xlsx,0.0
A123_094,25C,30,2.399874210357666,0.0,2.399874210357666,-2.499760445901903,-0.0,1,24.0,0.0,0.0,2.8855350017547607,7_24_13_1C_Cycle.xlsx,0.0017338964746594521
A123_094,25C,30,4.06884241104126,1.0,4.06884241104126,2.340089200113131,0.0,1,24.0,0.0,0.0,2.8855350017547607,2_4_14_1C_Cycle.xlsx,0.0
A123_094,25C,30,4.066896438598633,1.0,4.066896438598633,2.3280201248761987,0.0,1,24.0,0.0,0.0,2.8855350017547607,11_6_13_1C_Cycle.xlsx,0.0018701750073717646
A123_094,25C,30,2.3907930850982666,0.0,2.3907930850982666,-2.4996596287036765,-0.0,1,24.0,0.0,0.0,2.8855350017547607,8_12_13_1C_Cycle.xlsx,0.0
A123_094,25C,30,2.397603988647461,0.0,2.397603988647461,-2.4998614767850458,-0.0,1,24.0,0.0,0.0,2.8855350017547607,7_19_13_1C_Cycle.xlsx,0.00035358048591696534
A123_094,25C,60,4.057328701019287,1.0,4.067544937133789,2.3242275735251923,0.0,1,24.0,0.0,0.0,2.8855350017547607,12_13_13_1C_Cycle.xlsx,0.0007237576446757739
A123_094,25C,30,4.027977466583252,1.0,4.027977466583252,2.444635950261727,0.0,1,24.0,0.0,0.0,2.8855350017547607,7_24_13_1C_Cycle.xlsx,0.025233384903191568
A123_094,25C,30,4.0680317878723145,1.0,4.0680317878723145,2.3397727566852904,0.0,1,24.0,0.0,0.0,2.8855350017547607,2_20_14_1C_Cycle.xlsx,6.893186276340696e-05
A123_094,25C,90,4.04630184173584,1.0,4.066410064697266,2.3169326665661027,0.0,1,24.0,0.0,0.0,2.8855350017547607,8_29_13_1C_Cycle.xlsx,0.0
A123_094,25C,60,2.4840362071990967,0.0,2.3948471546173096,-2.4998844501075395,-0.0,1,24.0,0.0,0.0,2.8855350017547607,1_23_14_1C_Cycle.xlsx,0.0
A123_094,25C,60,4.057328701019287,1.0,4.067544937133789,2.3317156790099185,0.0,1,24.0,0.0,0.0,2.8855350017547607,9_16_13_1C_Cycle.xlsx,0.002721560632378578
A123_094,25C,150,4.032193660736084,1.0,4.066085815429688,2.3116340575631984,0.0,1,24.0,0.0,0.0,2.8855350017547607,10_16_13_1C_Cycle.xlsx,0.0
A123_094,25C,150,4.039004802703857,1.0,4.069490909576416,2.336860686008419,0.0,1,24.0,0.0,0.0,2.8855350017547607,7_24_13_1C_Cycle.xlsx,0.03960805769911455
A123_094,25C,150,4.033653259277344,1.0,4.067058563232422,2.327721016685001,0.0,1,24.0,0.0,0.0,2.8855350017547607,11_6_13_1C_Cycle.xlsx,0.0
A123_094,25C,30,4.069328784942627,1.0,4.069328784942627,2.3369926352586066,0.0,1,24.0,0.0,0.0,2.8855350017547607,7_24_13_1C_Cycle.xlsx,0.0
A123_094,25C,60,4.05684232711792,1.0,4.067220687866211,2.320996013348517,0.0,1,24.0,0.0,0.0,2.8855350017547607,2_4_14_1C_Cycle.xlsx,0.0005410710173993356
A123_094,25C,60,2.528144121170044,0.0,2.4773874282836914,-2.4778064646821454,-0.0,1,24.0,0.0,0.0,2.8855350017547607,10_07_13_1C_Cycle.xlsx,4.18870010101365e-05
A123_094,25C,90,4.040950775146484,1.0,4.0673828125,2.3245703872197714,0.0,1,24.0,0.0,0.0,2.8855350017547607,12_13_13_1C_Cycle.xlsx,0.0
A123_094,25C,150,4.034139633178711,1.0,4.067544937133789,2.317351604580879,0.0,1,24.0,0.0,0.0,2.8855350017547607,8_12_13_1C_Cycle.xlsx,0.0010824916335702545
A123_094,25C,30,2.3755500316619877,0.0,2.3755500316619877,-2.49993483803489,-0.0,1,24.0,0.0,0.0,2.8855350017547607,12_13_13_1C_Cycle.xlsx,4.160405182424322e-05
A123_094,25C,30,2.4754414558410645,0.0,2.4754414558410645,-2.499640827780371,-0.0,1,24.0,0.0,0.0,2.8855350017547607,12_4_13_1C_Cycle.xlsx,0.0
A123_094,25C,60,4.056518077850342,1.0,4.067058563232422,2.3309944263420816,0.0,1,24.0,0.0,0.0,2.8855350017547607,9_25_13_1C_Cycle.xlsx,0.0004517147636290528
A123_094,25C,90,2.545008897781372,0.0,2.411063432693481,-2.4996997775318466,-0.0,1,24.0,0.0,0.0,2.8855350017547607,2_4_14_1C_Cycle.xlsx,0.001993597016229093
A123_094,25C,30,4.067220687866211,1.0,4.067220687866211,2.320768195649852,0.0,1,24.0,0.0,0.0,2.8855350017547607,2_4_14_1C_Cycle.xlsx,0.00022624085822297687
A123_094,25C,30,2.480468511581421,0.0,2.480468511581421,-2.4787194643369213,-0.0,1,24.0,0.0,0.0,2.8855350017547607,7_24_13_1C_Cycle.xlsx,0.0
A123_094,25C,30,2.380901336669922,0.0,2.380901336669922,-2.499733602051186,-0.0,1,24.0,0.0,0.0,2.8855350017547607,10_07_13_1C_Cycle.xlsx,0.0003048378008613359
A123_094,25C,60,2.481765985488892,0.0,2.3878743648529053,-2.499839548631148,-0.0,1,24.0,0.0,0.0,2.8855350017547607,12_4_13_1C_Cycle.xlsx,0.0
A123_094,25C,90,4.0477614402771,1.0,4.067058563232422,2.332216216037508,0.0,1,24.0,0.0,0.0,2.8855350017547607,9_16_13_1C_Cycle.xlsx,0.00042814126885314487
A123_094,25C,30,4.0673828125,1.0,4.0673828125,2.31978426802726,0.0,1,24.0,0.0,0.0,2.8855350017547607,8_1_13_1C_Cycle.xlsx,0.00021053440808167624
A123_094,25C,120,4.048247814178467,1.0,4.071112632751465,2.3621426365441747,0.0,1,24.0,0.0,0.0,2.8855350017547607,12_4_13_1C_Cycle.xlsx,0.0
A123_094,25C,60,2.5273332595825195,0.0,2.4814414978027344,-2.478643207972617,-0.0,1,24.0,0.0,0.0,2.8855350017547607,8_1_13_1C_Cycle.xlsx,1.5736752073211887e-05
A123_094,25C,120,2.5618736743927,0.0,2.3774960041046143,-2.499883359616941,-0.0,1,24.0,0.0,0.0,2.8855350017547607,11_6_13_1C_Cycle.xlsx,0.0
A123_094,25C,120,4.039977550506592,1.0,4.067220687866211,2.3176493362784387,0.0,1,24.0,0.0,0.0,2.8855350017547607,8_12_13_1C_Cycle.xlsx,0.0006149503624701349
A123_094,25C,120,4.039977550506592,1.0,4.067058563232422,2.33246800279031,0.0,1,24.0,0.0,0.0,2.8855350017547607,9_16_13_1C_Cycle.xlsx,0.0
A123_094,25C,60,2.472522735595703,0.0,2.376198530197144,-2.499892530696733,-0.0,1,24.0,0.0,0.0,2.8855350017547607,10_16_13_1C_Cycle.xlsx,0.0
A123_094,25C,60,2.4773874282836914,0.0,2.3907930850982666,-2.4997461878735088,-0.0,1,24.0,0.0,0.0,2.8855350017547607,8_29_13_1C_Cycle.xlsx,0.00030292676802813227
A123_094,25C,60,4.058139801025391,1.0,4.0680317878723145,2.3379690968801103,0.0,1,24.0,0.0,0.0,2.8855350017547607,7_19_13_1C_Cycle.xlsx,0.025101300048493584
A123_094,25C,90,2.539981842041016,0.0,2.3924148082733154,-2.499919345445722,-0.0,1,24.0,0.0,0.0,2.8855350017547607,2_4_14_1C_Cycle.xlsx,0.0
A123_094,25C,60,4.05684232711792,1.0,4.067058563232422,2.3323628484103525,0.0,1,24.0,0.0,0.0,2.8855350017547607,9_16_13_1C_Cycle.xlsx,0.0003262663226104073
A123_094,25C,150,4.039004802703857,1.0,4.068680286407471,2.33955404711397,0.0,1,24.0,0.0,0.0,2.8855350017547607,2_20_14_1C_Cycle.xlsx,0.0
A123_094,25C,120,4.041275024414063,1.0,4.067544937133789,2.3242275735251923,0.0,1,24.0,0.0,0.0,2.8855350017547607,12_13_13_1C_Cycle.xlsx,0.0
A123_094,25C,90,2.527981996536255,0.0,2.378793239593506,-2.4998037878956114,-0.0,1,24.0,0.0,0.0,2.8855350017547607,10_16_13_1C_Cycle.xlsx,0.0003380582640870619
A123_094,25C,30,2.381874322891236,0.0,2.381874322891236,-2.4997511943884656,-0.0,1,24.0,0.0,0.0,2.8855350017547607,9_25_13_1C_Cycle.xlsx,0.00023588307290671974
A123_094,25C,120,4.039491176605225,1.0,4.066896438598633,2.3177288458943366,0.0,1,24.0,0.0,0.0,2.8855350017547607,8_12_13_1C_Cycle.xlsx,0.0
A123_094,25C,150,4.038031578063965,1.0,4.069004535675049,2.344702533304186,0.0,1,24.0,0.0,0.0,2.8855350017547607,11_18_13_1C_Cycle.xlsx,0.00018733122143771422
A123_094,25C,150,4.032842636108398,1.0,4.067058563232422,2.317831477046013,0.0,1,24.0,0.0,0.0,2.8855350017547607,8_12_13_1C_Cycle.xlsx,0.0
A123_094,25C,60,2.478684902191162,0.0,2.3945229053497314,-2.4996749519282937,-0.0,1,24.0,0.0,0.0,2.8855350017547607,8_1_13_1C_Cycle.xlsx,0.0
A123_094,25C,120,2.554900884628296,0.0,2.394036293029785,-2.499854098018418,-0.0,1,24.0,0.0,0.0,2.8855350017547607,8_1_13_1C_Cycle.xlsx,0.0
A123_094,25C,30,4.067220687866211,1.0,4.067220687866211,2.324474639299079,0.0,1,24.0,0.0,0.0,2.8855350017547607,1_23_14_1C_Cycle.xlsx,0.0003751166802930123
A123_094,25C,90,4.050680160522461,1.0,4.068518161773682,2.342002839106938,0.0,1,24.0,0.0,0.0,2.8855350017547607,1_23_14_1C_Cycle.xlsx,0.00045634674229732875
A123_094,25C,90,4.048896312713623,1.0,4.067544937133789,2.330171708910426,0.0,1,24.0,0.0,0.0,2.8855350017547607,9_16_13_1C_Cycle.xlsx,0.00834227310289708
A123_094,25C,150,4.033004760742188,1.0,4.066572189331055,2.3131404781683544,0.0,1,24.0,0.0,0.0,2.8855350017547607,10_07_13_1C_Cycle.xlsx,0.0
A123_094,25C,120,4.043869495391846,1.0,4.06884241104126,2.3438869774596305,0.0,1,24.0,0.0,0.0,2.8855350017547607,12_13_13_1C_Cycle.xlsx,0.0
A123_094,25C,60,2.530090093612671,0.0,2.482738733291626,-2.478187648446002,-0.0,1,24.0,0.0,0.0,2.8855350017547607,8_29_13_1C_Cycle.xlsx,4.18870010101365e-05
A123_094,25C,60,4.05959939956665,1.0,4.069166660308838,2.3433851092799096,0.0,1,24.0,0.0,0.0,2.8855350017547607,12_13_13_1C_Cycle.xlsx,0.015722946985649956
A123_094,25C,90,4.0516533851623535,1.0,4.069490909576416,2.336860686008419,0.0,1,24.0,0.0,0.0,2.8855350017547607,7_24_13_1C_Cycle.xlsx,0.03925345628985515
A123_094,25C,60,2.476576805114746,0.0,2.39176607131958,-2.4998664591047497,-0.0,1,24.0,0.0,0.0,2.8855350017547607,8_1_13_1C_Cycle.xlsx,0.0
A123_094,25C,30,4.066734313964844,1.0,4.066734313964844,2.313014610197212,0.0,1,24.0,0.0,0.0,2.8855350017547607,10_07_13_1C_Cycle.xlsx,0.00047199717393912226
A123_094,25C,150,4.02976131439209,1.0,4.066085815429688,2.2940961237399637,0.0,1,24.0,0.0,0.0,2.8855350017547607,7_8_13_1C_Cycle.xlsx,0.0
A123_094,25C,90,4.065761566162109,1.0,4.075653076171875,0.8996493692199389,0.0,1,24.0,0.0,1.0,3.553644180297852,12_4_13_1C_Cycle.xlsx,1.0
A123_094,25C,60,4.056193828582764,1.0,4.066734313964844,2.330719662045152,0.0,1,24.0,0.0,0.0,2.8855350017547607,10_07_13_1C_Cycle.xlsx,9.630966918381372e-05
A123_094,25C,30,2.3969552516937256,0.0,2.3969552516937256,-2.4997969631455903,-0.0,1,24.0,0.0,0.0,2.8855350017547607,8_1_13_1C_Cycle.xlsx,0.00177902837415367
A123_094,25C,30,2.47900915145874,0.0,2.47900915145874,-2.478847155032175,-0.0,1,24.0,0.0,0.0,2.8855350017547607,7_19_13_1C_Cycle.xlsx,0.0
A123_094,25C,90,2.5294413566589355,0.0,2.3920905590057373,-2.4997423280749405,-0.0,1,24.0,0.0,0.0,2.8855350017547607,9_16_13_1C_Cycle.xlsx,0.0004087319254044275
A123_094,25C,120,4.039329051971436,1.0,4.066896438598633,2.3182231702804565,0.0,1,24.0,0.0,0.0,2.8855350017547607,8_12_13_1C_Cycle.xlsx,0.0
A123_094,25C,150,4.031869411468506,1.0,4.066410064697266,2.3151731669175915,0.0,1,24.0,0.0,0.0,2.8855350017547607,9_16_13_1C_Cycle.xlsx,0.0
A123_094,25C,120,2.569657564163208,0.0,2.402144432067871,-2.4997183563553285,-0.0,1,24.0,0.0,0.0,2.8855350017547607,3_4_14_1C_Cycle.xlsx,0.0018065516882150383
A123_094,25C,30,4.0673828125,1.0,4.0673828125,2.3174296391010283,0.0,1,24.0,0.0,0.0,2.8855350017547607,8_12_13_1C_Cycle.xlsx,0.002280313139046725
A123_094,25C,120,4.038680553436279,1.0,4.067220687866211,2.2947096566133425,0.0,1,24.0,0.0,0.0,2.8855350017547607,7_5_13_1C_Cycle.xlsx,0.0
A123_094,25C,120,4.040950775146484,1.0,4.067707061767578,2.31884360366634,0.0,1,24.0,0.0,0.0,2.8855350017547607,8_1_13_1C_Cycle.xlsx,9.564410146156131e-05
A123_094,25C,60,4.056031703948975,1.0,4.066572189331055,2.3149366934246163,0.0,1,24.0,0.0,0.0,2.8855350017547607,9_16_13_1C_Cycle.xlsx,4.000236441450954e-05
A123_094,25C,120,4.039815425872803,1.0,4.0673828125,2.306574447788009,0.0,1,24.0,0.0,0.0,2.8855350017547607,7_15_13_1C_Cycle.xlsx,0.002981732287619359
A123_094,25C,30,2.3578743934631348,0.0,2.3578743934631348,-2.499614432209828,-0.0,1,24.0,0.0,0.0,2.8855350017547607,7_3_13_1C_Cycle.xlsx,0.0
A123_094,25C,90,2.52571177482605,0.0,2.3963067531585693,-2.499539079829159,-0.0,1,24.0,0.0,0.0,2.8855350017547607,8_1_13_1C_Cycle.xlsx,0.0007609428403499714
A123_094,25C,30,4.067058563232422,1.0,4.067058563232422,2.3275327707539084,0.0,1,24.0,0.0,0.0,2.8855350017547607,11_6_13_1C_Cycle.xlsx,0.0018093940013092515
A123_094,25C,120,2.567387342453003,0.0,2.3799283504486084,-2.499788943711702,-0.0,1,24.0,0.0,0.0,2.8855350017547607,11_6_13_1C_Cycle.xlsx,0.0
A123_094,25C,30,2.4733333587646484,0.0,2.4733333587646484,-2.4771684484672734,-0.0,1,24.0,0.0,0.0,2.8855350017547607,12_13_13_1C_Cycle.xlsx,5.442395060204309e-05
A123_094,25C,60,2.4856576919555664,0.0,2.3924148082733154,-2.4998895492193838,-0.0,1,24.0,0.0,0.0,2.8855350017547607,3_4_14_1C_Cycle.xlsx,0.0
A123_094,25C,30,2.478198289871216,0.0,2.478198289871216,-2.499695463427182,-0.0,1,24.0,0.0,0.0,2.8855350017547607,8_12_13_1C_Cycle.xlsx,0.0
A123_094,25C,30,2.47900915145874,0.0,2.47900915145874,-2.47829102566446,-0.0,1,24.0,0.0,0.0,2.8855350017547607,8_1_13_1C_Cycle.xlsx,4.3843407431483144e-05
A123_094,25C,90,2.5309009552001958,0.0,2.380901336669922,-2.4997254491926317,-0.0,1,24.0,0.0,0.0,2.8855350017547607,12_4_13_1C_Cycle.xlsx,9.673681125797658e-05
A123_094,25C,90,4.046950817108154,1.0,4.066572189331055,2.3162536930533184,0.0,1,24.0,0.0,0.0,2.8855350017547607,8_29_13_1C_Cycle.xlsx,0.0
A123_094,25C,60,4.057653427124023,1.0,4.067707061767578,2.3241751388224783,0.0,1,24.0,0.0,0.0,2.8855350017547607,1_23_14_1C_Cycle.xlsx,0.000577809976760715
A123_094,25C,60,2.5268468856811523,0.0,2.473982095718384,-2.477798538310086,-0.0,1,24.0,0.0,0.0,2.8855350017547607,10_07_13_1C_Cycle.xlsx,4.18870010101365e-05
A123_094,25C,90,2.5255496501922607,0.0,2.399874210357666,-2.499760445901903,-0.0,1,24.0,0.0,0.0,2.8855350017547607,7_24_13_1C_Cycle.xlsx,0.0017117112576675926
A123_094,25C,90,4.048409938812256,1.0,4.067707061767578,2.319506083689039,0.0,1,24.0,0.0,0.0,2.8855350017547607,8_1_13_1C_Cycle.xlsx,0.0004056897777084289
A123_094,25C,150,4.033329010009766,1.0,4.066734313964844,2.3130234830447884,0.0,1,24.0,0.0,0.0,2.8855350017547607,10_07_13_1C_Cycle.xlsx,0.0
A123_094,25C,30,4.067707061767578,1.0,4.067707061767578,2.323560475411578,0.0,1,24.0,0.0,0.0,2.8855350017547607,1_23_14_1C_Cycle.xlsx,0.00035698718029211307
A123_094,25C,90,4.050193786621094,1.0,4.0680317878723145,2.339555629447364,0.0,1,24.0,0.0,0.0,2.8855350017547607,2_4_14_1C_Cycle.xlsx,0.0
A123_094,25C,90,4.047275066375732,1.0,4.066572189331055,2.3217233981775203,0.0,1,24.0,0.0,0.0,2.8855350017547607,2_4_14_1C_Cycle.xlsx,0.00019012930741331275
A123_094,25C,30,2.3883607387542725,0.0,2.3883607387542725,-2.4997624446605813,-0.0,1,24.0,0.0,0.0,2.8855350017547607,8_12_13_1C_Cycle.xlsx,0.0003968375019466586
A123_094,25C,60,2.479657888412476,0.0,2.3969552516937256,-2.499789237976074,-0.0,1,24.0,0.0,0.0,2.8855350017547607,8_1_13_1C_Cycle.xlsx,0.0016097575505257503
A123_094,25C,30,2.3963067531585693,0.0,2.3963067531585693,-2.499674970268184,-0.0,1,24.0,0.0,0.0,2.8855350017547607,8_1_13_1C_Cycle.xlsx,0.0
A123_094,25C,30,2.481117248535156,0.0,2.481117248535156,-2.4772830128214567,-0.0,1,24.0,0.0,0.0,2.8855350017547607,12_4_13_1C_Cycle.xlsx,3.873380880485437e-05
A123_094,25C,60,2.52425217628479,0.0,2.47900915145874,-2.478905863620457,-0.0,1,24.0,0.0,0.0,2.8855350017547607,7_19_13_1C_Cycle.xlsx,1.5736752073211887e-05
A123_094,25C,60,4.059274673461914,1.0,4.069166660308838,2.3444912020053903,0.0,1,24.0,0.0,0.0,2.8855350017547607,11_18_13_1C_Cycle.xlsx,0.00015180627626866676
A123_094,25C,30,4.067220687866211,1.0,4.067220687866211,2.3054478294216096,0.0,1,24.0,0.0,0.0,2.8855350017547607,7_17_13_1C_Cycle.xlsx,0.01594689105829663
A123_094,25C,30,2.49863076210022,0.0,2.49863076210022,-2.4765413922928188,-0.0,1,24.0,0.0,0.0,2.8855350017547607,2_4_14_1C_Cycle.xlsx,0.0013615336885750453
A123_094,25C,120,4.039815425872803,1.0,4.067058563232422,2.317854594171047,0.0,1,24.0,0.0,0.0,2.8855350017547607,8_12_13_1C_Cycle.xlsx,0.0
A123_094,25C,30,2.452576875686645,0.0,2.452576875686645,-2.479182156839133,-0.0,1,24.0,0.0,0.0,2.8855350017547607,7_8_13_1C_Cycle.xlsx,0.0
A123_094,25C,150,4.033004760742188,1.0,4.066896438598633,2.3200022169048826,0.0,1,24.0,0.0,0.0,2.8855350017547607,8_1_13_1C_Cycle.xlsx,0.0
A123_094,25C,30,4.066734313964844,1.0,4.066734313964844,2.315729158960523,0.0,1,24.0,0.0,0.0,2.8855350017547607,8_29_13_1C_Cycle.xlsx,0.0004979578794651399
A123_094,25C,120,4.037869453430176,1.0,4.066572189331055,2.294917705384168,0.0,1,24.0,0.0,0.0,2.8855350017547607,7_5_13_1C_Cycle.xlsx,0.007675638036725513
A123_094,25C,60,4.059436798095703,1.0,4.068680286407471,2.3394874839536977,0.0,1,24.0,0.0,0.0,2.8855350017547607,2_20_14_1C_Cycle.xlsx,0.0
A123_094,25C,30,4.067220687866211,1.0,4.067220687866211,2.3082479887283767,0.0,1,24.0,0.0,0.0,2.8855350017547607,7_8_13_1C_Cycle.xlsx,0.005477630707453915
A123_094,25C,120,2.561225175857544,0.0,2.376847267150879,-2.499871549861772,-0.0,1,24.0,0.0,0.0,2.8855350017547607,10_16_13_1C_Cycle.xlsx,0.0
A123_094,25C,30,4.066085815429688,1.0,4.066085815429688,2.308435788970123,0.0,1,24.0,0.0,0.0,2.8855350017547607,7_15_13_1C_Cycle.xlsx,0.0
A123_094,25C,60,4.059274673461914,1.0,4.068518161773682,2.339462124138025,0.0,1,24.0,0.0,0.0,2.8855350017547607,2_20_14_1C_Cycle.xlsx,3.9368333903880145e-05
A123_094,25C,30,2.473982095718384,0.0,2.473982095718384,-2.477773142132735,-0.0,1,24.0,0.0,0.0,2.8855350017547607,10_16_13_1C_Cycle.xlsx,5.442395060204309e-05
A123_094,25C,60,2.4545226097106934,0.0,2.376198530197144,-2.499681380169451,-0.0,1,24.0,0.0,0.0,2.8855350017547607,7_8_13_1C_Cycle.xlsx,0.00024258065165522427
A123_094,25C,120,4.042085647583008,1.0,4.067869663238525,2.3384449607898703,0.0,1,24.0,0.0,0.0,2.8855350017547607,3_4_14_1C_Cycle.xlsx,0.0011992237945268765
A123_094,25C,120,4.039653301239014,1.0,4.066410064697266,2.313355210435684,0.0,1,24.0,0.0,0.0,2.8855350017547607,10_07_13_1C_Cycle.xlsx,0.00191538640668748
A123_094,25C,120,2.5712790489196777,0.0,2.4138200283050537,-2.499709301524692,-0.0,1,24.0,0.0,0.0,2.8855350017547607,2_4_14_1C_Cycle.xlsx,0.0
A123_094,25C,30,2.397117376327514,0.0,2.397117376327514,-2.499820178296386,-0.0,1,24.0,0.0,0.0,2.8855350017547607,7_17_13_1C_Cycle.xlsx,0.0011874281283028284
A123_094,25C,120,4.047275066375732,1.0,4.070464134216309,2.341585825017669,0.0,1,24.0,0.0,0.0,2.8855350017547607,2_4_14_1C_Cycle.xlsx,0.0011857316492803055
A123_094,25C,90,2.5495495796203613,0.0,2.422739028930664,-2.499714978387422,-0.0,1,24.0,0.0,0.0,2.8855350017547607,2_20_14_1C_Cycle.xlsx,0.0
A123_094,25C,60,2.4773874282836914,0.0,2.38268518447876,-2.499761758594338,-0.0,1,24.0,0.0,0.0,2.8855350017547607,1_23_14_1C_Cycle.xlsx,0.0001491000578205089
A123_094,25C,150,4.033166885375977,1.0,4.067058563232422,2.315819497070005,0.0,1,24.0,0.0,0.0,2.8855350017547607,8_29_13_1C_Cycle.xlsx,0.0
A123_094,25C,90,4.051329135894775,1.0,4.069166660308838,2.3442799113690853,0.0,1,24.0,0.0,0.0,2.8855350017547607,11_18_13_1C_Cycle.xlsx,6.888600669403541e-05
A123_094,25C,60,4.056031703948975,1.0,4.066734313964844,2.3155513342109417,0.0,1,24.0,0.0,0.0,2.8855350017547607,8_29_13_1C_Cycle.xlsx,0.00020180563905945298
A123_094,25C,90,4.047275066375732,1.0,4.067220687866211,2.3082479887283767,0.0,1,24.0,0.0,0.0,2.8855350017547607,7_8_13_1C_Cycle.xlsx,0.007448650931533016
A123_094,25C,30,4.066734313964844,1.0,4.066734313964844,2.311420593503093,0.0,1,24.0,0.0,0.0,2.8855350017547607,10_16_13_1C_Cycle.xlsx,0.0003174046107794799
A123_094,25C,120,4.039329051971436,1.0,4.066896438598633,2.317990465581417,0.0,1,24.0,0.0,0.0,2.8855350017547607,8_12_13_1C_Cycle.xlsx,0.0
A123_094,25C,150,4.03251838684082,1.0,4.066410064697266,2.3119865121427647,0.0,1,24.0,0.0,0.0,2.8855350017547607,10_16_13_1C_Cycle.xlsx,0.0
A123_094,25C,60,2.530576467514038,0.0,2.4756038188934326,-2.4773693031637705,-0.0,1,24.0,0.0,0.0,2.8855350017547607,12_13_13_1C_Cycle.xlsx,4.18870010101365e-05
A123_094,25C,120,4.048247814178467,1.0,4.071274757385254,2.362107118161825,0.0,1,24.0,0.0,0.0,2.8855350017547607,12_4_13_1C_Cycle.xlsx,0.0020076072810396384
A123_094,25C,150,4.038842678070068,1.0,4.069004535675049,2.34323223024352,0.0,1,24.0,0.0,0.0881340440509348,2.932696159797668,12_13_13_1C_Cycle.xlsx,0.010936385201017312
A123_094,25C,60,2.480955123901367,0.0,2.394036293029785,-2.4997075398763022,-0.0,1,24.0,0.0,0.0,2.8855350017547607,11_18_13_1C_Cycle.xlsx,8.95405098364877e-05
A123_094,25C,60,4.056193828582764,1.0,4.066734313964844,2.313090141923701,0.0,1,24.0,0.0,0.0,2.8855350017547607,10_07_13_1C_Cycle.xlsx,0.00022933577271208862
A123_094,25C,120,4.040139675140381,1.0,4.066896438598633,2.3276770031627487,0.0,1,24.0,0.0,0.0,2.8855350017547607,11_6_13_1C_Cycle.xlsx,0.0
A123_094,25C,120,4.062355995178223,1.0,4.075653076171875,0.8996493692199389,0.0,1,24.0,0.0,1.0,3.553644180297852,12_4_13_1C_Cycle.xlsx,0.9960429919372695
A123_094,25C,150,4.033653259277344,1.0,4.066896438598633,2.3141978408505275,0.0,1,24.0,0.0,0.0,2.8855350017547607,9_16_13_1C_Cycle.xlsx,0.0
A123_094,25C,30,2.4235498905181885,0.0,2.4235498905181885,-2.499694710579988,-0.0,1,24.0,0.0,0.0,2.8855350017547607,2_20_14_1C_Cycle.xlsx,0.0
A123_094,25C,90,4.049707412719727,1.0,4.0680317878723145,2.325321564356149,0.0,1,24.0,0.0,0.0,2.8855350017547607,12_4_13_1C_Cycle.xlsx,0.0
A123_094,25C,120,2.5704684257507324,0.0,2.3963067531585693,-2.499726801275093,-0.0359389478366667,1,24.0,0.0,0.0,2.8855350017547607,3_4_14_1C_Cycle.xlsx,0.01091705706671842
A123_094,25C,90,2.541765689849853,0.0,2.4117119312286377,-2.499695914762992,-0.0,1,24.0,0.0,0.0,2.8855350017547607,2_4_14_1C_Cycle.xlsx,0.00028993597467502874
A123_094,25C,120,2.555063009262085,0.0,2.3969552516937256,-2.4997969631455903,-0.0,1,24.0,0.0,0.0,2.8855350017547607,8_1_13_1C_Cycle.xlsx,0.0013448805404107686
A123_094,25C,30,2.3619284629821777,0.0,2.3619284629821777,-2.499670704857248,-0.0,1,24.0,0.0,0.0,2.8855350017547607,7_5_13_1C_Cycle.xlsx,0.0
A123_094,25C,30,4.067058563232422,1.0,4.067058563232422,2.319151894145069,0.0,1,24.0,0.0,0.0,2.8855350017547607,8_1_13_1C_Cycle.xlsx,0.0
A123_094,25C,60,2.5544142723083496,0.0,2.50317120552063,-2.477157654490339,-0.0,1,24.0,0.0,0.0881340440509348,2.932696159797668,12_13_13_1C_Cycle.xlsx,0.032630076072665645
A123_094,25C,120,2.5604143142700195,0.0,2.393387794494629,-2.499741730389294,-0.0,1,24.0,0.0,0.0,2.8855350017547607,11_18_13_1C_Cycle.xlsx,0.0003273526007782044
A123_094,25C,60,2.526036024093628,0.0,2.476252317428589,-2.4780277868631577,-0.0,1,24.0,0.0,0.0,2.8855350017547607,9_16_13_1C_Cycle.xlsx,4.18870010101365e-05
A123_094,25C,30,2.474144220352173,0.0,2.378793239593506,-2.499908666525568,-0.0381417857521923,1,24.0,0.0,0.0,2.8855350017547607,10_16_13_1C_Cycle.xlsx,0.0010824169862403738
A123_094,25C,90,2.5122523307800293,0.0,2.389171600341797,-2.4996952414512634,-0.0,1,24.0,0.0,0.0,2.8855350017547607,7_11_13_1C_Cycle.xlsx,0.00047620757795671783
A123_094,25C,60,2.5273332595825195,0.0,2.4791712760925293,-2.499755616810011,-0.0,1,24.0,0.0,0.0,2.8855350017547607,8_29_13_1C_Cycle.xlsx,0.0002016997606604655
A123_094,25C,90,2.536090135574341,0.0,2.4003608226776123,-2.4997140502070523,-0.0,1,24.0,0.0,0.0,2.8855350017547607,11_18_13_1C_Cycle.xlsx,0.0005230860882372738
A123_094,25C,120,4.0477614402771,1.0,4.070950508117676,2.362212128873564,0.0,1,24.0,0.0,0.0,2.8855350017547607,12_4_13_1C_Cycle.xlsx,0.0009534042868716971
A123_094,25C,60,4.05684232711792,1.0,4.067220687866211,2.324706271290779,0.0,1,24.0,0.0,0.0,2.8855350017547607,12_13_13_1C_Cycle.xlsx,0.0004567062890554085
A123_094,25C,150,4.033977508544922,1.0,4.066896438598633,2.321659005530502,0.0,1,24.0,0.0,0.0,2.8855350017547607,2_4_14_1C_Cycle.xlsx,0.0
A123_094,25C,30,4.067058563232422,1.0,4.067058563232422,2.3323628484103525,0.0,1,24.0,0.0,0.0,2.8855350017547607,9_16_13_1C_Cycle.xlsx,0.0009476154806783287
A123_094,25C,60,2.4801442623138428,0.0,2.393063545227051,-2.4998117352391147,-0.0,1,24.0,0.0,0.0,2.8855350017547607,11_18_13_1C_Cycle.xlsx,8.051146913310248e-05
A123_094,25C,30,2.4841983318328857,0.0,2.4841983318328857,-2.476528157761851,-0.0,1,24.0,0.0,0.0,2.8855350017547607,3_4_14_1C_Cycle.xlsx,0.009549041183171573
A123_094,25C,30,4.0673828125,1.0,4.0673828125,2.3208986206547078,0.0,1,24.0,0.0,0.0,2.8855350017547607,2_4_14_1C_Cycle.xlsx,0.00021053440808167624
A123_094,25C,120,4.04030179977417,1.0,4.067058563232422,2.3276344790052965,0.0,1,24.0,0.0,0.0,2.8855350017547607,11_6_13_1C_Cycle.xlsx,0.0
A123_094,25C,120,2.565927743911743,0.0,2.386414766311645,-2.4998264052651145,-0.0,1,24.0,0.0,0.0,2.8855350017547607,12_4_13_1C_Cycle.xlsx,0.0
A123_094,25C,150,4.034139633178711,1.0,4.067220687866211,2.327631460455786,0.0,1,24.0,0.0,0.0,2.8855350017547607,11_6_13_1C_Cycle.xlsx,7.49279039037612e-05
A123_094,25C,120,2.553117036819458,0.0,2.391928195953369,-2.498663486578525,-0.0,1,24.0,0.0,0.0,2.8855350017547607,8_12_13_1C_Cycle.xlsx,0.0
A123_094,25C,150,4.033004760742188,1.0,4.066896438598633,2.3198229810075155,0.0,1,24.0,0.0,0.0,2.8855350017547607,8_1_13_1C_Cycle.xlsx,0.0
A123_094,25C,60,4.058950424194336,1.0,4.069004535675049,2.337458620232249,0.0,1,24.0,0.0,0.0,2.8855350017547607,7_24_13_1C_Cycle.xlsx,0.018940454152065144
A123_094,25C,30,4.0680317878723145,1.0,4.0680317878723145,2.3247565345491394,0.0,1,24.0,0.0,0.0,2.8855350017547607,12_4_13_1C_Cycle.xlsx,0.0
A123_094,25C,60,2.540306329727173,0.0,2.4854955673217773,-2.4767790073130054,-0.0,1,24.0,0.0,0.0,2.8855350017547607,2_4_14_1C_Cycle.xlsx,0.0
A123_094,25C,120,2.527819871902466,0.0,2.376198530197144,-2.499681380169451,-0.0,1,24.0,0.0,0.0,2.8855350017547607,7_8_13_1C_Cycle.xlsx,8.900648003216768e-05
A123_094,25C,60,2.479657888412476,0.0,2.395820140838623,-2.4996456121787047,-0.0335398534757809,1,24.0,0.0,0.0,2.8855350017547607,8_1_13_1C_Cycle.xlsx,0.026470668184575025
A123_094,25C,120,2.5620357990264893,0.0,2.37830662727356,-2.4996929211659475,-0.0,1,24.0,0.0,0.0,2.8855350017547607,11_6_13_1C_Cycle.xlsx,0.00030706208965648594
A123_094,25C,60,4.057328701019287,1.0,4.067544937133789,2.32693608631106,0.0,1,24.0,0.0,0.0,2.8855350017547607,11_18_13_1C_Cycle.xlsx,0.005245009822631589
A123_094,25C,90,4.047599315643311,1.0,4.067058563232422,2.3276344790052965,0.0,1,24.0,0.0,0.0,2.8855350017547607,11_6_13_1C_Cycle.xlsx,0.0001195552948609479
A123_094,25C,120,4.042572021484375,1.0,4.068356037139893,2.3255849212281783,0.0,1,24.0,0.0,0.0,2.8855350017547607,12_4_13_1C_Cycle.xlsx,0.01251563821826059
A123_094,25C,30,4.068518161773682,1.0,4.068518161773682,2.344973527589592,0.0,1,24.0,0.0,0.0,2.8855350017547607,11_18_13_1C_Cycle.xlsx,0.00012901996031604502
A123_094,25C,30,2.3899824619293213,0.0,2.3899824619293213,-2.499586421867897,-0.0,1,24.0,0.0,0.0,2.8855350017547607,8_12_13_1C_Cycle.xlsx,0.0
A123_094,25C,30,2.377009391784668,0.0,2.377009391784668,-2.4997482450158746,-0.0,1,24.0,0.0,0.0,2.8855350017547607,11_6_13_1C_Cycle.xlsx,0.00023588307290671974
A123_094,25C,30,4.066734313964844,1.0,4.066734313964844,2.3278758590962707,0.0,1,24.0,0.0,0.0,2.8855350017547607,11_6_13_1C_Cycle.xlsx,0.001257293197397483
A123_094,25C,60,2.5276577472686768,0.0,2.482252359390259,-2.4786355648923792,-0.0,1,24.0,0.0,0.0,2.8855350017547607,8_1_13_1C_Cycle.xlsx,1.5736752073211887e-05
A123_094,25C,60,4.060247898101807,1.0,4.069328784942627,2.337312998695184,0.0,1,24.0,0.0,0.0,2.8855350017547607,2_20_14_1C_Cycle.xlsx,0.008344415793102201
A123_094,25C,60,2.481117248535156,0.0,2.39176607131958,-2.4997015432877974,-0.0,1,24.0,0.0,0.0,2.8855350017547607,12_13_13_1C_Cycle.xlsx,4.2578980577702205e-05
A123_094,25C,60,2.474144220352173,0.0,2.3857662677764893,-2.4997437493554475,-0.0,1,24.0,0.0,0.0378831651160196,2.9057573717845697,8_12_13_1C_Cycle.xlsx,0.00037188149598274827
A123_094,25C,30,2.476414442062378,0.0,2.476414442062378,-2.4997208076240742,-0.0,1,24.0,0.0,0.0,2.8855350017547607,10_07_13_1C_Cycle.xlsx,0.0
A123_094,25C,90,4.049707412719727,1.0,4.0680317878723145,2.327013533656337,0.0,1,24.0,0.0,0.0,2.8855350017547607,12_4_13_1C_Cycle.xlsx,0.001186589113043403
A123_094,25C,30,4.067220687866211,1.0,4.067220687866211,2.315649027725862,0.0,1,24.0,0.0,0.0,2.8855350017547607,8_29_13_1C_Cycle.xlsx,0.005096666096812001
A123_094,25C,150,4.036409854888916,1.0,4.0680317878723145,2.3247565345491394,0.0,1,24.0,0.0,0.0,2.8855350017547607,12_4_13_1C_Cycle.xlsx,0.0
A123_094,25C,60,2.5274953842163086,0.0,2.472036123275757,-2.4775633406170527,-0.0,1,24.0,0.0,0.0,2.8855350017547607,11_6_13_1C_Cycle.xlsx,4.18870010101365e-05
A123_094,25C,120,4.041599273681641,1.0,4.067869663238525,2.3242322694924145,0.0,1,24.0,0.0,0.0,2.8855350017547607,1_23_14_1C_Cycle.xlsx,0.0
A123_094,25C,90,4.054572105407715,1.0,4.071274757385254,2.362107118161825,0.0,1,24.0,0.0,0.0,2.8855350017547607,12_4_13_1C_Cycle.xlsx,0.002069617271233222
A123_094,25C,60,4.0557074546813965,1.0,4.066734313964844,2.2810212877481733,0.0,1,24.0,0.0,0.0,2.8855350017547607,7_3_13_1C_Cycle.xlsx,0.0
A123_094,25C,30,2.474306344985962,0.0,2.474306344985962,-2.4777953824009997,-0.0,1,24.0,0.0,0.0,2.8855350017547607,10_07_13_1C_Cycle.xlsx,5.442395060204309e-05
A123_094,25C,60,2.532036066055298,0.0,2.4760901927948,-2.4771142320823856,-0.0,1,24.0,0.0,0.0,2.8855350017547607,1_23_14_1C_Cycle.xlsx,4.18870010101365e-05
A123_094,25C,60,4.056355953216553,1.0,4.067058563232422,2.327704329701031,0.0,1,24.0,0.0,0.0,2.8855350017547607,11_6_13_1C_Cycle.xlsx,0.00010353072418199647
A123_094,25C,30,4.0680317878723145,1.0,4.0680317878723145,2.3248790183688626,0.0,1,24.0,0.0,0.0,2.8855350017547607,12_4_13_1C_Cycle.xlsx,0.0
A123_094,25C,90,2.524090051651001,0.0,2.390630960464477,-2.499664339525946,-0.0,1,24.0,0.0,0.0,2.8855350017547607,8_12_13_1C_Cycle.xlsx,0.0
A123_094,25C,90,2.532684564590454,0.0,2.402144432067871,-2.49970990318363,-0.0,1,24.0,0.0,0.0,2.8855350017547607,7_17_13_1C_Cycle.xlsx,0.0022024751626181422
A123_094,25C,30,2.4754414558410645,0.0,2.4754414558410645,-2.4997423280749405,-0.0,1,24.0,0.0,0.0,2.8855350017547607,9_16_13_1C_Cycle.xlsx,0.0006218664121453558
A123_094,25C,30,4.067220687866211,1.0,4.067220687866211,2.3171824764609337,0.0,1,24.0,0.0,0.0,2.8855350017547607,8_12_13_1C_Cycle.xlsx,0.0052882789366323745
A123_094,25C,150,4.03251838684082,1.0,4.066734313964844,2.3130382692105456,0.0,1,24.0,0.0,0.0,2.8855350017547607,9_25_13_1C_Cycle.xlsx,0.0
A123_094,25C,60,2.5391712188720703,0.0,2.4854955673217773,-2.476534913697663,-0.0,1,24.0,0.0,0.0,2.8855350017547607,3_4_14_1C_Cycle.xlsx,0.0
A123_094,25C,30,2.472198247909546,0.0,2.472198247909546,-2.4997749081973373,-0.0,1,24.0,0.0,0.0,2.8855350017547607,8_12_13_1C_Cycle.xlsx,4.401291855511021e-06
A123_094,25C,30,4.066085815429688,1.0,4.066085815429688,2.311548940406358,0.0,1,24.0,0.0,0.0,2.8855350017547607,10_16_13_1C_Cycle.xlsx,0.0
A123_094,25C,30,4.0673828125,1.0,4.0673828125,2.3172301446199417,0.0,1,24.0,0.0,0.0,2.8855350017547607,8_1_13_1C_Cycle.xlsx,0.002037314659187058
A123_094,25C,90,2.532360315322876,0.0,2.3929011821746826,-2.4997294707731768,-0.0,1,24.0,0.0,0.0,2.8855350017547607,12_13_13_1C_Cycle.xlsx,0.0002807362408507752
A123_094,25C,60,2.480955123901367,0.0,2.387549877166748,-2.499896056061491,-0.0373636521839136,1,24.0,0.0,0.0,2.8855350017547607,1_23_14_1C_Cycle.xlsx,0.0007511073504590097
A123_094,25C,30,2.4759280681610107,0.0,2.389171600341797,-2.4997760461724323,-0.034705696117079,1,24.0,0.0,0.0,2.8855350017547607,8_29_13_1C_Cycle.xlsx,0.0012701830793368683
A123_094,25C,120,4.039166927337647,1.0,4.066572189331055,2.3161939542980923,0.0,1,24.0,0.0,0.0,2.8855350017547607,8_29_13_1C_Cycle.xlsx,0.0
A123_094,25C,30,4.067058563232422,1.0,4.067058563232422,2.3175872113704683,0.0,1,24.0,0.0,0.0,2.8855350017547607,8_12_13_1C_Cycle.xlsx,0.0
A123_094,25C,30,4.067707061767578,1.0,4.067707061767578,2.3259860818290106,0.0,1,24.0,0.0,0.0,2.8855350017547607,12_13_13_1C_Cycle.xlsx,0.00027393530892888237
A123_094,25C,150,4.033815383911133,1.0,4.066896438598633,2.330715203149752,0.0,1,24.0,0.0,0.0,2.8855350017547607,10_07_13_1C_Cycle.xlsx,7.492016543946891e-05
A123_094,25C,90,2.531225204467773,0.0,2.3776581287384038,-2.49986455418648,-0.0,1,24.0,0.0,0.0,2.8855350017547607,1_23_14_1C_Cycle.xlsx,0.0
A123_094,25C,90,4.0474371910095215,1.0,4.067058563232422,2.327721016685001,0.0,1,24.0,0.0,0.0,2.8855350017547607,11_6_13_1C_Cycle.xlsx,0.0001195552948609479
A123_094,25C,120,2.5670628547668457,0.0,2.383657932281494,-2.499879478314601,-0.0,1,24.0,0.0,0.0,2.8855350017547607,1_23_14_1C_Cycle.xlsx,0.0
A123_094,25C,60,4.057004451751709,1.0,4.0673828125,2.3190070717699,0.0,1,24.0,0.0,0.0,2.8855350017547607,8_1_13_1C_Cycle.xlsx,0.0005103820130487871
A123_094,25C,30,2.387549877166748,0.0,2.387549877166748,-2.4998181906613435,-0.0,1,24.0,0.0,0.0,2.8855350017547607,12_4_13_1C_Cycle.xlsx,0.00018982342187841614
A123_094,25C,30,2.476414442062378,0.0,2.476414442062378,-2.477808049956557,-0.0,1,24.0,0.0,0.0,2.8855350017547607,10_07_13_1C_Cycle.xlsx,5.442395060204309e-05
A123_094,25C,30,4.06884241104126,1.0,4.06884241104126,2.3388836587730206,0.0,1,24.0,0.0,0.0,2.8855350017547607,3_4_14_1C_Cycle.xlsx,0.0
A123_094,25C,30,4.0673828125,1.0,4.0673828125,2.329524971048037,0.0,1,24.0,0.0,0.0,2.8855350017547607,9_25_13_1C_Cycle.xlsx,0.01018723529173313
A123_094,25C,60,4.0558695793151855,1.0,4.066734313964844,2.315017479706586,0.0,1,24.0,0.0,0.0,2.8855350017547607,9_16_13_1C_Cycle.xlsx,0.00020180563905945298
A123_094,25C,30,4.066734313964844,1.0,4.066734313964844,2.316205608267938,0.0,1,24.0,0.0,0.0,2.8855350017547607,8_29_13_1C_Cycle.xlsx,0.000852275138931459
A123_094,25C,90,2.5500359535217285,0.0,2.422739028930664,-2.499720045339281,-0.0,1,24.0,0.0,0.0,2.8855350017547607,2_20_14_1C_Cycle.xlsx,0.0
A123_094,25C,120,4.039491176605225,1.0,4.066572189331055,2.312869452795044,0.0,1,24.0,0.0,0.0,2.8855350017547607,10_07_13_1C_Cycle.xlsx,0.0
A123_094,25C,90,4.048572063446045,1.0,4.067869663238525,2.3170119374394416,0.0,1,24.0,0.0,0.0,2.8855350017547607,8_12_13_1C_Cycle.xlsx,0.0
A123_094,25C,90,2.538846731185913,0.0,2.3881986141204834,-2.4998827295483284,-0.0,1,24.0,0.0,0.0,2.8855350017547607,3_4_14_1C_Cycle.xlsx,0.0
A123_094,25C,30,2.488900899887085,0.0,2.488900899887085,-2.499711600419517,-0.0,1,24.0,0.0,0.0,2.8855350017547607,3_4_14_1C_Cycle.xlsx,0.0
A123_094,25C,30,4.067869663238525,1.0,4.067869663238525,2.3249176272241643,0.0,1,24.0,0.0,0.0,2.8855350017547607,7_11_13_1C_Cycle.xlsx,0.0
A123_094,25C,60,4.058464050292969,1.0,4.0680317878723145,2.3253307675279804,0.0,1,24.0,0.0,0.0,2.8855350017547607,12_13_13_1C_Cycle.xlsx,0.0010350864780270506
A123_094,25C,150,4.033815383911133,1.0,4.067220687866211,2.318976964505892,0.0,1,24.0,0.0,0.0,2.8855350017547607,8_1_13_1C_Cycle.xlsx,5.286240599437697e-05
A123_094,25C,90,4.050031661987305,1.0,4.068193912506104,2.345118968226647,0.0,1,24.0,0.0,0.0,2.8855350017547607,11_18_13_1C_Cycle.xlsx,0.0
A123_094,25C,120,4.044355869293213,1.0,4.068680286407471,2.3389090127066563,0.0,1,24.0,0.0,0.0,2.8855350017547607,3_4_14_1C_Cycle.xlsx,0.0
A123_094,25C,60,2.531225204467773,0.0,2.4840362071990967,-2.4997787893864145,-0.0,1,24.0,0.0,0.0,2.8855350017547607,9_16_13_1C_Cycle.xlsx,0.00014378312235567694
A123_094,25C,30,4.0673828125,1.0,4.0673828125,2.319225042407948,0.0,1,24.0,0.0,0.0,2.8855350017547607,8_1_13_1C_Cycle.xlsx,0.00021053440808167624
A123_094,25C,30,4.069328784942627,1.0,4.069328784942627,2.338695061376743,0.0,1,24.0,0.0,0.0,2.8855350017547607,2_20_14_1C_Cycle.xlsx,0.0
A123_094,25C,90,4.047923564910889,1.0,4.0673828125,2.306725719293883,0.0,1,24.0,0.0,0.0,2.8855350017547607,7_11_13_1C_Cycle.xlsx,0.0
A123_094,25C,90,2.5270090103149414,0.0,2.397928237915039,-2.499639445899898,-0.0,1,24.0,0.0,0.0,2.8855350017547607,8_1_13_1C_Cycle.xlsx,0.0
A123_094,25C,60,4.056355953216553,1.0,4.067058563232422,2.319878912575188,0.0,1,24.0,0.0,0.0,2.8855350017547607,8_1_13_1C_Cycle.xlsx,0.0
A123_094,25C,120,2.573062896728516,0.0,2.3967931270599365,-2.499944680205016,-0.0,1,24.0,0.0,0.0,2.8855350017547607,2_4_14_1C_Cycle.xlsx,4.9262231077087387e-05
A123_094,25C,90,4.047599315643311,1.0,4.0673828125,2.322015011345777,0.0,1,24.0,0.0,0.0,2.8855350017547607,7_17_13_1C_Cycle.xlsx,0.000559835611492053
A123_094,25C,60,4.056031703948975,1.0,4.066896438598633,2.3093278856231616,0.0,1,24.0,0.0,0.0,2.8855350017547607,7_11_13_1C_Cycle.xlsx,0.0
A123_094,25C,90,2.530090093612671,0.0,2.399387836456299,-2.499621255977733,-0.0,1,24.0,0.0,0.0,2.8855350017547607,12_4_13_1C_Cycle.xlsx,0.0
A123_094,25C,120,4.040626049041748,1.0,4.067220687866211,2.332302138209343,0.0,1,24.0,0.0,0.0,2.8855350017547607,9_16_13_1C_Cycle.xlsx,0.00017074416888477605
A123_094,25C,30,4.067220687866211,1.0,4.067220687866211,2.310355277120612,0.0,1,24.0,0.0,0.0,2.8855350017547607,7_8_13_1C_Cycle.xlsx,0.005417243079914995
A123_094,25C,120,2.5665764808654785,0.0,2.382198572158813,-2.4997203087587967,-0.0,1,24.0,0.0,0.0,2.8855350017547607,1_23_14_1C_Cycle.xlsx,0.0
A123_094,25C,30,4.066247940063477,1.0,4.066247940063477,2.309819599054754,0.0,1,24.0,0.0,0.0,2.8855350017547607,11_6_13_1C_Cycle.xlsx,0.0
A123_094,25C,90,2.5297658443450928,0.0,2.389333724975586,-2.499788943711702,-0.0,1,24.0,0.0,0.0,2.8855350017547607,11_18_13_1C_Cycle.xlsx,0.0002811895734450043
A123_094,25C,60,4.0599236488342285,1.0,4.069490909576416,2.336860686008419,0.0,1,24.0,0.0,0.0,2.8855350017547607,7_24_13_1C_Cycle.xlsx,0.033510432158382175
A123_094,25C,60,2.549062967300415,0.0,2.503819942474365,-2.476579880587653,-0.0,1,24.0,0.0,0.0,2.8855350017547607,2_20_14_1C_Cycle.xlsx,0.004652568281151987
A123_094,25C,60,2.467982053756714,0.0,2.386739015579224,-2.499857872724533,-0.0,1,24.0,0.0,0.0,2.8855350017547607,7_11_13_1C_Cycle.xlsx,0.0
A123_094,25C,90,2.5122523307800293,0.0,2.386739015579224,-2.499857872724533,-0.0,1,24.0,0.0,0.0,2.8855350017547607,7_11_13_1C_Cycle.xlsx,0.000227474516984348
A123_094,25C,60,4.059112548828125,1.0,4.06884241104126,2.343741808182154,0.0,1,24.0,0.0,0.0,2.8855350017547607,12_4_13_1C_Cycle.xlsx,0.0
A123_094,25C,60,2.488738775253296,0.0,2.401658058166504,-2.499720045339281,-0.0,1,24.0,0.0,0.0,2.8855350017547607,3_4_14_1C_Cycle.xlsx,0.0025912149831569162
A123_094,25C,90,2.5501980781555176,0.0,2.4233877658843994,-2.499706535695869,-0.0,1,24.0,0.0,0.0,2.8855350017547607,2_20_14_1C_Cycle.xlsx,0.0
A123_094,25C,60,4.0701398849487305,1.0,4.075653076171875,0.9093454976876576,0.0,1,24.0,0.0,1.0,3.553644180297852,2_20_14_1C_Cycle.xlsx,0.9767778864801094
A123_094,25C,60,2.5266847610473637,0.0,2.47900915145874,-2.47816583767718,-0.0,1,24.0,0.0,0.0,2.8855350017547607,8_29_13_1C_Cycle.xlsx,4.18870010101365e-05
A123_094,25C,150,4.03251838684082,1.0,4.066734313964844,2.314606179611954,0.0,1,24.0,0.0,0.0,2.8855350017547607,8_29_13_1C_Cycle.xlsx,0.0
A123_094,25C,30,2.3737661838531494,0.0,2.3737661838531494,-2.4997531272269584,-0.0,1,24.0,0.0,0.0,2.8855350017547607,11_6_13_1C_Cycle.xlsx,0.0002628580139156262
A123_094,25C,150,4.037869453430176,1.0,4.068680286407471,2.3447852014737616,0.0,1,24.0,0.0,0.0,2.8855350017547607,11_18_13_1C_Cycle.xlsx,0.0
A123_094,25C,60,2.5338196754455566,0.0,2.4812793731689453,-2.477147090497469,-0.0,1,24.0,0.0,0.0,2.8855350017547607,1_23_14_1C_Cycle.xlsx,0.000379078071735493
A123_094,25C,120,4.044517993927002,1.0,4.069166660308838,2.33867127892741,0.0,1,24.0,0.0,0.0,2.8855350017547607,3_4_14_1C_Cycle.xlsx,0.00018378937745307442
A123_094,25C,60,4.059436798095703,1.0,4.069004535675049,2.344462144930484,0.0,1,24.0,0.0,0.0,2.8855350017547607,11_18_13_1C_Cycle.xlsx,0.0009520301165262337
A123_094,25C,120,2.5539278984069824,0.0,2.391117572784424,-2.4991144990098886,-0.0,1,24.0,0.0,0.0,2.8855350017547607,8_12_13_1C_Cycle.xlsx,0.0
A123_094,25C,90,2.5273332595825195,0.0,2.394036293029785,-2.4997304729793384,-0.0,1,24.0,0.0,0.0,2.8855350017547607,8_29_13_1C_Cycle.xlsx,0.0004768720136031432
A123_094,25C,90,2.5266847610473637,0.0,2.387712001800537,-2.499747083898176,-0.0,1,24.0,0.0,0.0,2.8855350017547607,9_16_13_1C_Cycle.xlsx,0.0002776257140288466
A123_094,25C,90,2.5069010257720947,0.0,2.358847379684448,-2.49969292468712,-0.0,1,24.0,0.0,0.0,2.8855350017547607,7_3_13_1C_Cycle.xlsx,0.0007549343731915401
A123_094,25C,30,2.3924148082733154,0.0,2.3924148082733154,-2.499767773860209,-0.0,1,24.0,0.0,0.0,2.8855350017547607,11_18_13_1C_Cycle.xlsx,0.00047605373169092556
A123_094,25C,120,4.048247814178467,1.0,4.071274757385254,2.362139547164114,0.0,1,24.0,0.0,0.0,2.8855350017547607,12_4_13_1C_Cycle.xlsx,0.0020076072810396384
A123_094,25C,150,4.034950733184815,1.0,4.067058563232422,2.305035104846646,0.0,1,24.0,0.0,0.0,2.8855350017547607,2_4_14_1C_Cycle.xlsx,0.00037641700932396075
A123_094,25C,60,2.549225091934204,0.0,2.503819942474365,-2.4765062520433543,-0.0,1,24.0,0.0,0.0,2.8855350017547607,2_20_14_1C_Cycle.xlsx,0.010993140364743564
A123_094,25C,30,2.3920905590057373,0.0,2.3920905590057373,-2.4998939078787097,-0.0,1,24.0,0.0,0.0,2.8855350017547607,8_29_13_1C_Cycle.xlsx,8.284726725208904e-05
A123_094,25C,90,2.528144121170044,0.0,2.378468990325928,-2.499886620152104,-0.0,1,24.0,0.0,0.0,2.8855350017547607,11_6_13_1C_Cycle.xlsx,0.0
A123_094,25C,90,4.047599315643311,1.0,4.067058563232422,2.314330041953703,0.0,1,24.0,0.0,0.0,2.8855350017547607,9_16_13_1C_Cycle.xlsx,0.0
A123_094,25C,30,4.066410064697266,1.0,4.066410064697266,2.3118969241449654,0.0,1,24.0,0.0,0.0,2.8855350017547607,10_16_13_1C_Cycle.xlsx,0.0
A123_094,25C,30,2.3907930850982666,0.0,2.3907930850982666,-2.499901765325795,-0.0,1,24.0,0.0,0.0,2.8855350017547607,8_29_13_1C_Cycle.xlsx,8.284726725208904e-05
A123_094,25C,60,4.060247898101807,1.0,4.069815158843994,2.3439645400996936,0.0,1,24.0,0.0,0.0,2.8855350017547607,11_18_13_1C_Cycle.xlsx,0.0
A123_094,25C,150,4.033004760742188,1.0,4.066734313964844,2.3160263996330963,0.0,1,24.0,0.0,0.0,2.8855350017547607,8_29_13_1C_Cycle.xlsx,0.0
A123_094,25C,30,4.068518161773682,1.0,4.068518161773682,2.338997745788411,0.0,1,24.0,0.0,0.0,2.8855350017547607,3_4_14_1C_Cycle.xlsx,1.3709505374194577e-05
A123_094,25C,60,4.057491302490234,1.0,4.067869663238525,2.324249220072714,0.0,1,24.0,0.0,0.0,2.8855350017547607,1_23_14_1C_Cycle.xlsx,0.00011017203018374801
A123_094,25C,60,2.480468511581421,0.0,2.399874210357666,-2.499760445901903,-0.0,1,24.0,0.0,0.0,2.8855350017547607,7_24_13_1C_Cycle.xlsx,0.0016061936911095924
A123_094,25C,60,2.4760901927948,0.0,2.389657974243164,-2.4996705589623285,-0.0,1,24.0,0.0,0.0,2.8855350017547607,8_12_13_1C_Cycle.xlsx,0.0
A123_094,25C,120,4.039004802703857,1.0,4.066572189331055,2.313304837732041,0.0,1,24.0,0.0,0.0,2.8855350017547607,9_25_13_1C_Cycle.xlsx,0.0
A123_094,25C,90,4.047112941741943,1.0,4.067220687866211,2.310257348167988,0.0,1,24.0,0.0,0.0,2.8855350017547607,7_8_13_1C_Cycle.xlsx,0.00678297524975523
A123_094,25C,90,2.5276577472686768,0.0,2.399387836456299,-2.499728275557696,-0.0,1,24.0,0.0,0.0,2.8855350017547607,7_24_13_1C_Cycle.xlsx,0.001372797888121184
A123_094,25C,60,2.4877657890319824,0.0,2.394036293029785,-2.499720045339281,-0.0,1,24.0,0.0,0.0,2.8855350017547607,2_4_14_1C_Cycle.xlsx,7.830221282220067e-05
A123_094,25C,60,2.476252317428589,0.0,2.380739212036133,-2.4997368886930134,-0.0,1,24.0,0.0,0.0,2.8855350017547607,1_23_14_1C_Cycle.xlsx,0.00021449092635896714
A123_094,25C,60,2.5296034812927246,0.0,2.47317123413086,-2.4999026880351773,-0.0,1,24.0,0.0,0.0,2.8855350017547607,12_13_13_1C_Cycle.xlsx,0.0
A123_094,25C,30,4.069490909576416,1.0,4.069490909576416,2.3383828445354053,0.0,1,24.0,0.0,0.0,2.8855350017547607,3_4_14_1C_Cycle.xlsx,0.0
A123_094,25C,150,4.033166885375977,1.0,4.066734313964844,2.3155615339956936,0.0,1,24.0,0.0,0.0,2.8855350017547607,8_29_13_1C_Cycle.xlsx,0.0
A123_094,25C,30,4.066572189331055,1.0,4.066572189331055,2.313174540940367,0.0,1,24.0,0.0,0.0,2.8855350017547607,10_07_13_1C_Cycle.xlsx,4.922825332347347e-05
A123_094,25C,90,4.042409896850586,1.0,4.0680317878723145,2.330756038366282,0.0,1,24.0,0.0,0.0,2.8855350017547607,9_16_13_1C_Cycle.xlsx,0.0028058103783028428
A123_094,25C,30,4.068680286407471,1.0,4.068680286407471,2.3447852014737616,0.0,1,24.0,0.0,0.0,2.8855350017547607,11_18_13_1C_Cycle.xlsx,0.000131484351701572
A123_094,25C,60,4.057653427124023,1.0,4.067869663238525,2.324269332119033,0.0,1,24.0,0.0,0.0,2.8855350017547607,1_23_14_1C_Cycle.xlsx,0.0
A123_094,25C,120,2.5560359954833984,0.0,2.386739015579224,-2.499741473405257,-0.0,1,24.0,0.0,0.0,2.8855350017547607,8_29_13_1C_Cycle.xlsx,0.0004994269803493257
A123_094,25C,60,2.531873941421509,0.0,2.4773874282836914,-2.477023871440906,-0.0,1,24.0,0.0,0.0,2.8855350017547607,1_23_14_1C_Cycle.xlsx,4.112882263056108e-05
A123_094,25C,30,4.066572189331055,1.0,4.066572189331055,2.331073553108972,0.0,1,24.0,0.0,0.0,2.8855350017547607,9_25_13_1C_Cycle.xlsx,0.00043300801231001545
A123_094,25C,150,4.033653259277344,1.0,4.066896438598633,2.3276770031627487,0.0,1,24.0,0.0,0.0,2.8855350017547607,11_6_13_1C_Cycle.xlsx,0.0
A123_094,25C,150,4.033004760742188,1.0,4.067058563232422,2.320042358267875,0.0,1,24.0,0.0,0.0,2.8855350017547607,8_1_13_1C_Cycle.xlsx,0.0
A123_094,25C,30,2.47446870803833,0.0,2.47446870803833,-2.4771739309517296,-0.0,1,24.0,0.0,0.0,2.8855350017547607,12_13_13_1C_Cycle.xlsx,5.442395060204309e-05
A123_094,25C,60,4.05976152420044,1.0,4.069328784942627,2.3385032997711708,0.0,1,24.0,0.0,0.0,2.8855350017547607,3_4_14_1C_Cycle.xlsx,0.0
A123_094,25C,90,4.0495452880859375,1.0,4.0680317878723145,2.3271805483753942,0.0,1,24.0,0.0,0.0,2.8855350017547607,12_4_13_1C_Cycle.xlsx,0.001186589113043403
A123_094,25C,60,2.523279190063477,0.0,2.478684902191162,-2.478602540650906,-0.0,1,24.0,0.0,0.0,2.8855350017547607,7_24_13_1C_Cycle.xlsx,0.00014801990837105114
A123_094,25C,60,4.055220603942871,1.0,4.066085815429688,2.3136232150871248,0.0,1,24.0,0.0,0.0,2.8855350017547607,9_25_13_1C_Cycle.xlsx,0.0
A123_094,25C,30,4.067058563232422,1.0,4.067058563232422,2.3157451907473225,0.0,1,24.0,0.0,0.0,2.8855350017547607,8_29_13_1C_Cycle.xlsx,0.0
A123_094,25C,30,2.482576608657837,0.0,2.482576608657837,-2.4773009221377857,-0.0,1,24.0,0.0,0.0,2.8855350017547607,12_4_13_1C_Cycle.xlsx,3.873380880485437e-05
A123_094,25C,90,4.053275108337402,1.0,4.07030200958252,2.3434072188654187,0.0,1,24.0,0.0,0.0,2.8855350017547607,12_4_13_1C_Cycle.xlsx,0.0009005386937199096
A123_094,25C,120,2.5540900230407715,0.0,2.39176607131958,-2.4996362986235785,-0.0,1,24.0,0.0,0.0,2.8855350017547607,8_12_13_1C_Cycle.xlsx,0.0
A123_094,25C,120,4.043545246124268,1.0,4.068680286407471,2.343729460468659,0.0,1,24.0,0.0,0.0,2.8855350017547607,12_4_13_1C_Cycle.xlsx,0.0
A123_094,25C,90,2.539981842041016,0.0,2.389171600341797,-2.499921034429675,-0.0,1,24.0,0.0,0.0,2.8855350017547607,2_4_14_1C_Cycle.xlsx,0.0
A123_094,25C,60,4.057491302490234,1.0,4.067707061767578,2.316939670324325,0.0,1,24.0,0.0,0.0,2.8855350017547607,8_12_13_1C_Cycle.xlsx,0.0059475534277254735
A123_094,25C,30,4.066734313964844,1.0,4.066734313964844,2.3213683292917584,0.0,1,24.0,0.0,0.0,2.8855350017547607,2_4_14_1C_Cycle.xlsx,0.00040855411350629295
A123_094,25C,30,2.393387794494629,0.0,2.393387794494629,-2.499662611219618,-0.0,1,24.0,0.0,0.0,2.8855350017547607,8_1_13_1C_Cycle.xlsx,0.0
A123_094,25C,30,2.395495891571045,0.0,2.395495891571045,-2.499897714054913,-0.0,1,24.0,0.0,0.0,2.8855350017547607,1_23_14_1C_Cycle.xlsx,8.316484613899695e-05
A123_094,25C,120,2.561225175857544,0.0,2.380577087402344,-2.499788945859617,-0.0,1,24.0,0.0,0.0,2.8855350017547607,11_18_13_1C_Cycle.xlsx,7.404863949545775e-05
A123_094,25C,90,2.5296034812927246,0.0,2.3925769329071045,-2.499727081608128,-0.0,1,24.0,0.0,0.0,2.8855350017547607,11_18_13_1C_Cycle.xlsx,0.0002509912723759428
A123_094,25C,60,4.059274673461914,1.0,4.06884241104126,2.340089197197686,0.0,1,24.0,0.0,0.0,2.8855350017547607,2_4_14_1C_Cycle.xlsx,0.0
A123_094,25C,90,4.046950817108154,1.0,4.066734313964844,2.3129805215313786,0.0,1,24.0,0.0,0.0,2.8855350017547607,9_25_13_1C_Cycle.xlsx,0.0
A123_094,25C,60,2.523603677749634,0.0,2.4760901927948,-2.4783185333855307,-0.0,1,24.0,0.0,0.0,2.8855350017547607,8_12_13_1C_Cycle.xlsx,4.6996599636765265e-05
A123_094,25C,90,2.5500359535217285,0.0,2.423712015151977,-2.49971328940347,-0.0,1,24.0,0.0,0.0,2.8855350017547607,2_20_14_1C_Cycle.xlsx,0.0
A123_094,25C,60,2.4772253036499023,0.0,2.381549835205078,-2.4997750225417112,-0.0,1,24.0,0.0,0.0,2.8855350017547607,1_23_14_1C_Cycle.xlsx,0.0001491000578205089
A123_094,25C,60,4.057328701019287,1.0,4.067544937133789,2.340027851951227,0.0,1,24.0,0.0,0.0,2.8855350017547607,2_4_14_1C_Cycle.xlsx,0.0007556611143970783
A123_094,25C,90,2.5255496501922607,0.0,2.3963067531585693,-2.499673399150881,-0.0,1,24.0,0.0,0.0,2.8855350017547607,8_1_13_1C_Cycle.xlsx,0.0
A123_094,25C,60,4.057166576385498,1.0,4.067544937133789,2.312736192687613,0.0,1,24.0,0.0,0.0571426170512523,2.916038238296457,8_19_13_1C_Cycle6.xlsx,0.004392977153900034
A123_094,25C,150,4.032193660736084,1.0,4.066085815429688,2.3115235610195426,0.0,1,24.0,0.0,0.0,2.8855350017547607,10_16_13_1C_Cycle.xlsx,0.0
A123_094,25C,120,4.046463966369629,1.0,4.07030200958252,2.3434072188654187,0.0,1,24.0,0.0,0.0,2.8855350017547607,12_4_13_1C_Cycle.xlsx,0.0008525121826487737
A123_094,25C,30,4.067544937133789,1.0,4.067544937133789,2.317351604580879,0.0,1,24.0,0.0,0.0,2.8855350017547607,8_12_13_1C_Cycle.xlsx,0.005606984499991993
A123_094,25C,60,4.059274673461914,1.0,4.069166660308838,2.3435148252253857,0.0,1,24.0,0.0,0.0,2.8855350017547607,12_13_13_1C_Cycle.xlsx,0.0
A123_094,25C,60,2.52425217628479,0.0,2.4717118740081787,-2.477949139379218,-0.0,1,24.0,0.0,0.0,2.8855350017547607,9_25_13_1C_Cycle.xlsx,4.18870010101365e-05
A123_094,25C,90,4.051004409790039,1.0,4.06884241104126,2.3446367033836197,0.0,1,24.0,0.0,0.0,2.8855350017547607,11_18_13_1C_Cycle.xlsx,0.0
A123_094,25C,60,2.5224685668945312,0.0,2.47446870803833,-2.4783849380542247,-0.0,1,24.0,0.0,0.0,2.8855350017547607,8_12_13_1C_Cycle.xlsx,4.785977466715612e-05
A123_094,25C,120,4.043545246124268,1.0,4.068518161773682,2.3449260567835832,0.0,1,24.0,0.0,0.0,2.8855350017547607,11_18_13_1C_Cycle.xlsx,0.0
A123_094,25C,60,2.528144121170044,0.0,2.4772253036499023,-2.4778191468774406,-0.0,1,24.0,0.0,0.0,2.8855350017547607,10_07_13_1C_Cycle.xlsx,4.18870010101365e-05
A123_094,25C,120,2.578089952468872,0.0,2.42192816734314,-2.499667686836742,-0.0,1,24.0,0.0,0.0,2.8855350017547607,2_20_14_1C_Cycle.xlsx,0.0
A123_094,25C,90,4.0516533851623535,1.0,4.06884241104126,2.339470044889471,0.0,1,24.0,0.0,0.0,2.8855350017547607,2_20_14_1C_Cycle.xlsx,4.955429533697716e-05
A123_094,25C,120,2.5712790489196777,0.0,2.3878743648529053,-2.4997750225417112,-0.0,1,24.0,0.0,0.0,2.8855350017547607,1_23_14_1C_Cycle.xlsx,0.0
A123_094,25C,30,2.4029552936553955,0.0,2.4029552936553955,-2.499723689030793,-0.0,1,24.0,0.0,0.0,2.8855350017547607,7_24_13_1C_Cycle.xlsx,0.002752259516449691
A123_094,25C,60,2.5292792320251465,0.0,2.4736578464508057,-2.477221144274137,-0.0,1,24.0,0.0,0.0,2.8855350017547607,12_13_13_1C_Cycle.xlsx,4.18870010101365e-05
A123_094,25C,60,2.4794955253601074,0.0,2.387063503265381,-2.499757188299428,-0.0,1,24.0,0.0,0.0,2.8855350017547607,8_29_13_1C_Cycle.xlsx,0.00022651255091323035
A123_094,25C,60,4.056193828582764,1.0,4.066734313964844,2.314431393352466,0.0,1,24.0,0.0,0.0,2.8855350017547607,9_16_13_1C_Cycle.xlsx,0.00023791688861008676
A123_094,25C,120,2.557657480239868,0.0,2.394036293029785,-2.4997304729793384,-0.0,1,24.0,0.0,0.0,2.8855350017547607,8_29_13_1C_Cycle.xlsx,0.0003273526007782044
A123_094,25C,150,4.034139633178711,1.0,4.067058563232422,2.3246939189923115,0.0,1,24.0,0.0,0.0,2.8855350017547607,12_13_13_1C_Cycle.xlsx,0.0
A123_094,25C,120,4.04484224319458,1.0,4.068518161773682,2.339363864247213,0.0,1,24.0,0.0,0.0,2.8855350017547607,2_20_14_1C_Cycle.xlsx,0.0
A123_094,25C,60,4.059274673461914,1.0,4.069004535675049,2.3443947423691465,0.0,1,24.0,0.0,0.0,2.8855350017547607,11_18_13_1C_Cycle.xlsx,0.0009448957613438118
A123_094,25C,150,4.033977508544922,1.0,4.0673828125,2.3173125787973405,0.0,1,24.0,0.0,0.0,2.8855350017547607,8_12_13_1C_Cycle.xlsx,0.00019943681208897933
A123_094,25C,60,4.059436798095703,1.0,4.069004535675049,2.343386646073598,0.0,1,24.0,0.0,0.0,2.8855350017547607,12_13_13_1C_Cycle.xlsx,0.01595399239462677
A123_094,25C,90,2.523603677749634,0.0,2.390630960464477,-2.499665862527387,-0.0,1,24.0,0.0,0.0,2.8855350017547607,8_12_13_1C_Cycle.xlsx,0.0
A123_094,25C,30,2.472360610961914,0.0,2.472360610961914,-2.499762926015768,-0.0,1,24.0,0.0,0.0,2.8855350017547607,11_6_13_1C_Cycle.xlsx,4.401291855511021e-06
A123_094,25C,150,4.041112899780273,1.0,4.070464134216309,2.3422254104262743,0.0,1,24.0,0.0,0.0,2.8855350017547607,12_13_13_1C_Cycle.xlsx,0.0014584667485233224
A123_094,25C,90,2.528306245803833,0.0,2.399712085723877,-2.4998834479568357,-0.0,1,24.0,0.0,0.0,2.8855350017547607,8_1_13_1C_Cycle.xlsx,0.0002415773573131627
A123_094,25C,60,2.4835495948791504,0.0,2.3941986560821533,-2.499882792114118,-0.0,1,24.0,0.0,0.0,2.8855350017547607,1_23_14_1C_Cycle.xlsx,0.0
A123_094,25C,90,4.047275066375732,1.0,4.067058563232422,2.319890379787437,0.0,1,24.0,0.0,0.0,2.8855350017547607,8_1_13_1C_Cycle.xlsx,0.0
A123_094,25C,30,2.39776611328125,0.0,2.39776611328125,-2.499671970714222,-0.0,1,24.0,0.0,0.0,2.8855350017547607,12_13_13_1C_Cycle.xlsx,0.0
A123_094,25C,90,4.046788215637207,1.0,4.066572189331055,2.316323626546129,0.0,1,24.0,0.0,0.0,2.8855350017547607,8_29_13_1C_Cycle.xlsx,0.0
A123_094,25C,90,4.039004802703857,1.0,4.066572189331055,2.3132204276005752,0.0,1,24.0,0.0,0.0,2.8855350017547607,9_25_13_1C_Cycle.xlsx,0.00632810940359734
A123_094,25C,90,4.047923564910889,1.0,4.067869663238525,2.3092233940338094,0.0,1,24.0,0.0,0.0,2.8855350017547607,12_4_13_1C_Cycle.xlsx,0.005354349760837092
A123_094,25C,60,4.055220603942871,1.0,4.066085815429688,2.31356695080634,0.0,1,24.0,0.0,0.0,2.8855350017547607,9_25_13_1C_Cycle.xlsx,0.0
A123_094,25C,60,4.056193828582764,1.0,4.066734313964844,2.3160263996330963,0.0,1,24.0,0.0,0.0,2.8855350017547607,8_29_13_1C_Cycle.xlsx,0.00023791688861008676
A123_094,25C,60,2.53025221824646,0.0,2.478522539138794,-2.499725605534241,-0.0,1,24.0,0.0,0.0,2.8855350017547607,9_25_13_1C_Cycle.xlsx,0.0
A123_094,25C,30,2.3967931270599365,0.0,2.3967931270599365,-2.499858744124062,-0.0,1,24.0,0.0,0.0,2.8855350017547607,8_1_13_1C_Cycle.xlsx,0.00035358048591696534
A123_094,25C,120,4.041437149047852,1.0,4.0673828125,2.3426289620712915,0.0,1,24.0,0.0,0.0,2.8855350017547607,1_23_14_1C_Cycle.xlsx,0.009595950309438916
A123_094,25C,30,2.3963067531585693,0.0,2.3963067531585693,-2.4997156804746337,-0.0,1,24.0,0.0,0.0,2.8855350017547607,11_18_13_1C_Cycle.xlsx,0.002010082757951173
A123_094,25C,90,4.046950817108154,1.0,4.066734313964844,2.3129997742591333,0.0,1,24.0,0.0,0.0,2.8855350017547607,10_07_13_1C_Cycle.xlsx,0.0
A123_094,25C,120,4.039329051971436,1.0,4.066572189331055,2.3129138799964406,0.0,1,24.0,0.0,0.0,2.8855350017547607,10_07_13_1C_Cycle.xlsx,0.0
A123_094,25C,120,4.047112941741943,1.0,4.070788383483887,2.3625595675319686,0.0,1,24.0,0.0,0.0,2.8855350017547607,12_4_13_1C_Cycle.xlsx,0.0
A123_094,25C,150,4.033977508544922,1.0,4.067058563232422,2.327526680248625,0.0,1,24.0,0.0,0.0,2.8855350017547607,11_6_13_1C_Cycle.xlsx,0.0
A123_094,25C,120,2.5581440925598145,0.0,2.3904688358306885,-2.499747083898176,-0.0,1,24.0,0.0,0.0,2.8855350017547607,9_16_13_1C_Cycle.xlsx,0.00015591434506419786
A123_094,25C,90,2.530576467514038,0.0,2.378468990325928,-2.4997368610657014,-0.0,1,24.0,0.0,0.0,2.8855350017547607,12_4_13_1C_Cycle.xlsx,0.0002928725840103445
A123_094,25C,120,2.583927631378174,0.0,2.426955223083496,-2.4996559799842117,-0.0,1,24.0,0.0,0.0,2.8855350017547607,2_20_14_1C_Cycle.xlsx,0.025569014409588576
A123_094,25C,30,4.067058563232422,1.0,4.067058563232422,2.3130308997313507,0.0,1,24.0,0.0,0.0,2.8855350017547607,9_25_13_1C_Cycle.xlsx,0.0
A123_094,25C,120,4.042734146118164,1.0,4.0680317878723145,2.325064345057738,0.0,1,24.0,0.0,0.0,2.8855350017547607,12_4_13_1C_Cycle.xlsx,0.0
A123_094,25C,90,4.046139717102051,1.0,4.066247940063477,2.3170011097024523,0.0,1,24.0,0.0,0.0,2.8855350017547607,8_12_13_1C_Cycle.xlsx,0.0
A123_094,25C,30,2.387387752532959,0.0,2.387387752532959,-2.499712018791689,-0.0,1,24.0,0.0,0.0,2.8855350017547607,1_23_14_1C_Cycle.xlsx,0.00021896219065062518
A123_094,25C,60,4.056193828582764,1.0,4.066734313964844,2.3130234830447884,0.0,1,24.0,0.0,0.0,2.8855350017547607,10_07_13_1C_Cycle.xlsx,0.00021195618308406921
A123_094,25C,90,4.051004409790039,1.0,4.068680286407471,2.3402180277782936,0.0,1,24.0,0.0,0.0,2.8855350017547607,2_4_14_1C_Cycle.xlsx,1.2695795187239822e-05
A123_094,25C,120,4.043707370758057,1.0,4.068193912506104,2.339292532976782,0.0,1,24.0,0.0,0.0,2.8855350017547607,3_4_14_1C_Cycle.xlsx,0.0
A123_094,25C,60,2.4734957218170166,0.0,2.377982378005981,-2.4998752190186098,-0.0,1,24.0,0.0,0.0,2.8855350017547607,11_6_13_1C_Cycle.xlsx,0.0
A123_094,25C,90,4.046463966369629,1.0,4.066572189331055,2.313304837732041,0.0,1,24.0,0.0,0.0,2.8855350017547607,9_25_13_1C_Cycle.xlsx,0.0
A123_094,25C,60,4.060247898101807,1.0,4.069653034210205,2.342866259252923,0.0,1,24.0,0.0,0.0,2.8855350017547607,12_13_13_1C_Cycle.xlsx,0.0008451223837941046
A123_094,25C,150,4.036572456359863,1.0,4.0680317878723145,2.324937236511101,0.0,1,24.0,0.0,0.0,2.8855350017547607,12_4_13_1C_Cycle.xlsx,0.0
A123_094,25C,60,2.476576805114746,0.0,2.382847309112549,-2.499744984480712,-0.0,1,24.0,0.0,0.0,2.8855350017547607,12_4_13_1C_Cycle.xlsx,0.00014553619840435115
A123_094,25C,30,4.066734313964844,1.0,4.066734313964844,2.31704515260458,0.0,1,24.0,0.0,0.0,2.8855350017547607,8_12_13_1C_Cycle.xlsx,0.000852275138931459
A123_094,25C,60,2.4756038188934326,0.0,2.385279655456543,-2.499731231154057,-0.0,1,24.0,0.0,0.0,2.8855350017547607,9_16_13_1C_Cycle.xlsx,0.00021449092635896714
A123_094,25C,30,4.066896438598633,1.0,4.066896438598633,2.314565052407059,0.0,1,24.0,0.0,0.0,2.8855350017547607,8_29_13_1C_Cycle.xlsx,0.0
A123_094,25C,30,2.4884145259857178,0.0,2.4884145259857178,-2.49988894373457,-0.0,1,24.0,0.0,0.0,2.8855350017547607,3_4_14_1C_Cycle.xlsx,0.0
A123_094,25C,150,4.033977508544922,1.0,4.066734313964844,2.3213683292917584,0.0,1,24.0,0.0,0.0,2.8855350017547607,2_4_14_1C_Cycle.xlsx,0.00013209761327589482
A123_094,25C,60,4.058464050292969,1.0,4.0680317878723145,2.3423283579277583,0.0,1,24.0,0.0,0.0,2.8855350017547607,1_23_14_1C_Cycle.xlsx,0.015292407012693878
A123_094,25C,30,2.4801442623138428,0.0,2.4801442623138428,-2.478699725272893,-0.0,1,24.0,0.0,0.0,2.8855350017547607,7_24_13_1C_Cycle.xlsx,0.0
A123_094,25C,60,4.060896396636963,1.0,4.0701398849487305,2.3394462757727554,0.0,1,24.0,0.0,0.0,2.8855350017547607,2_4_14_1C_Cycle.xlsx,0.0
A123_094,25C,150,4.034139633178711,1.0,4.067544937133789,2.3215697608946817,0.0,1,24.0,0.0,0.0,2.8855350017547607,7_19_13_1C_Cycle.xlsx,8.816752922418601e-05
A123_094,25C,30,2.484522581100464,0.0,2.484522581100464,-2.499861238199637,-0.0,1,24.0,0.0,0.0,2.8855350017547607,1_23_14_1C_Cycle.xlsx,0.0
A123_094,25C,90,4.0474371910095215,1.0,4.066896438598633,2.3324502338884305,0.0,1,24.0,0.0,0.0,2.8855350017547607,9_16_13_1C_Cycle.xlsx,0.0004463298772113563
A123_094,25C,60,2.48063063621521,0.0,2.394036293029785,-2.4997140502070523,-0.0,1,24.0,0.0,0.0,2.8855350017547607,11_18_13_1C_Cycle.xlsx,9.916262829213994e-05
A123_094,25C,90,4.0495452880859375,1.0,4.0680317878723145,2.324937236511101,0.0,1,24.0,0.0,0.0,2.8855350017547607,12_4_13_1C_Cycle.xlsx,0.0
A123_094,25C,30,2.3757121562957764,0.0,2.3757121562957764,-2.499744986628627,-0.0,1,24.0,0.0,0.0,2.8855350017547607,11_6_13_1C_Cycle.xlsx,0.00023588307290671974
A123_094,25C,120,2.5270090103149414,0.0,2.379117488861084,-2.499862065985183,-0.0,1,24.0,0.0,0.0,2.8855350017547607,7_8_13_1C_Cycle.xlsx,0.0
A123_094,25C,120,4.039491176605225,1.0,4.067220687866211,2.310091849615556,0.0,1,24.0,0.0,0.0,2.8855350017547607,7_8_13_1C_Cycle.xlsx,0.0037187395566481
A123_094,25C,60,2.5039820671081543,0.0,2.421603918075561,-2.4997065334676583,-0.0,1,24.0,0.0,0.0,2.8855350017547607,2_20_14_1C_Cycle.xlsx,0.00102461137425712
A123_094,25C,60,2.474630832672119,0.0,2.378793239593506,-2.499716329574585,-0.0,1,24.0,0.0,0.0,2.8855350017547607,12_13_13_1C_Cycle.xlsx,0.0001588199380915442
A123_094,25C,60,4.056518077850342,1.0,4.067058563232422,2.315660680073404,0.0,1,24.0,0.0,0.0,2.8855350017547607,8_29_13_1C_Cycle.xlsx,5.822592493555207e-05
A123_094,25C,120,2.557657480239868,0.0,2.3812255859375,-2.499789577669802,-0.0,1,24.0,0.0,0.0,2.8855350017547607,9_25_13_1C_Cycle.xlsx,7.404863949545775e-05
A123_094,25C,30,2.390630960464477,0.0,2.390630960464477,-2.499695677717193,-0.0,1,24.0,0.0,0.0,2.8855350017547607,7_15_13_1C_Cycle.xlsx,0.00020934007219497287
A123_094,25C,60,2.4812793731689453,0.0,2.399387836456299,-2.4995939571316503,-0.0,1,24.0,0.0,0.0,2.8855350017547607,7_19_13_1C_Cycle.xlsx,0.0
A123_094,25C,150,4.034139633178711,1.0,4.066896438598633,2.330827210314017,0.0,1,24.0,0.0,0.0,2.8855350017547607,10_07_13_1C_Cycle.xlsx,0.0
A123_094,25C,60,2.480306386947632,0.0,2.393387794494629,-2.4998247623443604,-0.0,1,24.0,0.0,0.0,2.8855350017547607,11_18_13_1C_Cycle.xlsx,8.051146913310248e-05
A123_094,25C,30,2.472684860229492,0.0,2.472684860229492,-2.477939627732747,-0.0,1,24.0,0.0,0.0,2.8855350017547607,9_25_13_1C_Cycle.xlsx,5.442395060204309e-05
A123_094,25C,60,2.4791712760925293,0.0,2.3924148082733154,-2.499713188668956,-0.0,1,24.0,0.0,0.0,2.8855350017547607,8_29_13_1C_Cycle.xlsx,9.916262829213994e-05
A123_094,25C,30,2.391928195953369,0.0,2.391928195953369,-2.4997304729793384,-0.0,1,24.0,0.0,0.0,2.8855350017547607,8_29_13_1C_Cycle.xlsx,0.00046222837048511694
A123_094,25C,150,4.033815383911133,1.0,4.067220687866211,2.3174079536795618,0.0,1,24.0,0.0,0.0,2.8855350017547607,8_12_13_1C_Cycle.xlsx,0.000277174692164147
A123_094,25C,120,2.568846702575684,0.0,2.403928279876709,-2.499708224679822,-0.0,1,24.0,0.0,0.0,2.8855350017547607,3_4_14_1C_Cycle.xlsx,0.0007720341393495914
A123_094,25C,90,2.549387216567993,0.0,2.42192816734314,-2.499667686836742,-0.0,1,24.0,0.0,0.0,2.8855350017547607,2_20_14_1C_Cycle.xlsx,0.001429732579768988
A123_094,25C,150,4.033166885375977,1.0,4.0673828125,2.322144489823364,0.0,1,24.0,0.0,0.0,2.8855350017547607,7_19_13_1C_Cycle.xlsx,0.0002009788475902113
A123_094,25C,120,4.042409896850586,1.0,4.0680317878723145,2.3269528142419182,0.0,1,24.0,0.0,0.0,2.8855350017547607,12_4_13_1C_Cycle.xlsx,0.0006826273832377352
A123_094,25C,60,4.059436798095703,1.0,4.06884241104126,2.3400734791289204,0.0,1,24.0,0.0,0.0,2.8855350017547607,2_4_14_1C_Cycle.xlsx,0.0
A123_094,25C,90,2.524090051651001,0.0,2.3904688358306885,-2.4996907834349007,-0.0,1,24.0,0.0,0.0,2.8855350017547607,8_12_13_1C_Cycle.xlsx,0.00047539240097070525
A123_094,25C,90,2.5247387886047363,0.0,2.393063545227051,-2.499667222683246,-0.0,1,24.0,0.0,0.0,2.8855350017547607,8_1_13_1C_Cycle.xlsx,0.0
A123_094,25C,60,2.449495792388916,0.0,2.368901252746582,-2.499644043015652,-0.0,1,24.0,0.0,0.0,2.8855350017547607,7_5_13_1C_Cycle.xlsx,0.0
A123_094,25C,60,4.059112548828125,1.0,4.069004535675049,2.3447009798581315,0.0,1,24.0,0.0,0.0,2.8855350017547607,11_18_13_1C_Cycle.xlsx,0.0009448957613438118
A123_094,25C,60,2.4730091094970703,0.0,2.380739212036133,-2.499717609017296,-0.0,1,24.0,0.0,0.0,2.8855350017547607,9_25_13_1C_Cycle.xlsx,0.0
A123_094,25C,30,2.399874210357666,0.0,2.399874210357666,-2.499806230903691,-0.0,1,24.0,0.0,0.0,2.8855350017547607,8_1_13_1C_Cycle.xlsx,0.0019219710726112362
A123_094,25C,120,4.039815425872803,1.0,4.067058563232422,2.317283648073673,0.0,1,24.0,0.0,0.0,2.8855350017547607,8_12_13_1C_Cycle.xlsx,0.0
A123_094,25C,90,2.5378737449646,0.0,2.395658016204834,-2.4996963995639407,-0.0,1,24.0,0.0,0.0,2.8855350017547607,3_4_14_1C_Cycle.xlsx,5.874107862016498e-05
A123_094,25C,150,4.039653301239014,1.0,4.069977760314941,2.342997513393052,0.0,1,24.0,0.0,0.0,2.8855350017547607,12_4_13_1C_Cycle.xlsx,1.6547355108877768e-05
A123_094,25C,60,4.056680202484131,1.0,4.067544937133789,2.309846359070476,0.0,1,24.0,0.0,0.0,2.8855350017547607,7_8_13_1C_Cycle.xlsx,0.003844668473906118
A123_094,25C,30,4.0673828125,1.0,4.0673828125,2.3244067195516367,0.0,1,24.0,0.0,0.0,2.8855350017547607,12_13_13_1C_Cycle.xlsx,0.0003265299448516763
A123_094,25C,30,2.4733333587646484,0.0,2.4733333587646484,-2.4998037878956114,-0.0,1,24.0,0.0,0.0,2.8855350017547607,10_16_13_1C_Cycle.xlsx,0.0001603890954939382
A123_094,25C,60,4.05830192565918,1.0,4.0680317878723145,2.330756038366282,0.0,1,24.0,0.0,0.0,2.8855350017547607,9_16_13_1C_Cycle.xlsx,0.004253292569385182
A123_094,25C,90,2.52571177482605,0.0,2.395820140838623,-2.4996456121787047,-0.0335398534757809,1,24.0,0.0,0.0,2.8855350017547607,8_1_13_1C_Cycle.xlsx,0.01198032778533659
A123_094,25C,150,4.032680511474609,1.0,4.066247940063477,2.31340408813758,0.0,1,24.0,0.0,0.0,2.8855350017547607,10_07_13_1C_Cycle.xlsx,0.0
A123_094,25C,90,4.046626091003418,1.0,4.066410064697266,2.3120163786879258,0.0,1,24.0,0.0,0.0,2.8855350017547607,10_16_13_1C_Cycle.xlsx,0.0
A123_094,25C,120,2.5561981201171875,0.0,2.391279697418213,-2.4997477593629256,-0.0,1,24.0,0.0,0.0,2.8855350017547607,8_29_13_1C_Cycle.xlsx,0.0002028147394732731
A123_094,25C,60,4.060410022735596,1.0,4.069977760314941,2.357877690707688,0.0,1,24.0,0.0,0.0,2.8855350017547607,3_4_14_1C_Cycle.xlsx,0.0
A123_094,25C,120,2.557171106338501,0.0,2.4008471965789795,-2.499727471261962,-0.0,1,24.0,0.0,0.0,2.8855350017547607,8_1_13_1C_Cycle.xlsx,0.002548201570634365
A123_094,25C,60,2.473982095718384,0.0,2.378793239593506,-2.499716654419899,-0.0,1,24.0,0.0,0.0,2.8855350017547607,10_16_13_1C_Cycle.xlsx,0.0001588199380915442
A123_094,25C,150,4.035437107086182,1.0,4.067544937133789,2.318859028384874,0.0,1,24.0,0.0,0.0,2.8855350017547607,3_4_14_1C_Cycle.xlsx,3.799529900089636e-05
A123_094,25C,60,2.5274953842163086,0.0,2.472198247909546,-2.477584307808553,-0.0,1,24.0,0.0,0.0,2.8855350017547607,11_6_13_1C_Cycle.xlsx,4.18870010101365e-05
A123_094,25C,60,4.059436798095703,1.0,4.069004535675049,2.3389502052675213,0.0,1,24.0,0.0,0.0,2.8855350017547607,3_4_14_1C_Cycle.xlsx,0.0011584735799144144
A123_094,25C,60,2.474306344985962,0.0,2.378955364227295,-2.499894144279616,-0.0,1,24.0,0.0,0.0,2.8855350017547607,10_16_13_1C_Cycle.xlsx,0.0
A123_094,25C,30,2.393387794494629,0.0,2.393387794494629,-2.499772269501645,-0.0,1,24.0,0.0,0.0,2.8855350017547607,8_1_13_1C_Cycle.xlsx,0.00047605373169092556
A123_094,25C,30,2.3883607387542725,0.0,2.3883607387542725,-2.499848131475777,-0.0,1,24.0,0.0,0.0,2.8855350017547607,8_12_13_1C_Cycle.xlsx,5.949192487426893e-05
A123_094,25C,30,2.4799821376800537,0.0,2.4799821376800537,-2.499826451328313,-0.0,1,24.0,0.0,0.0,2.8855350017547607,2_4_14_1C_Cycle.xlsx,0.0
A123_094,25C,120,2.5545763969421387,0.0,2.3924148082733154,-2.4994992058852623,-0.0,1,24.0,0.0,0.0,2.8855350017547607,8_12_13_1C_Cycle.xlsx,0.0
A123_094,25C,30,2.4006850719451904,0.0,2.4006850719451904,-2.499694157047432,-0.0,1,24.0,0.0,0.0,2.8855350017547607,7_17_13_1C_Cycle.xlsx,0.0026257846118495345
A123_094,25C,60,4.0558695793151855,1.0,4.066247940063477,2.3118058396888173,0.0,1,24.0,0.0,0.0,2.8855350017547607,10_16_13_1C_Cycle.xlsx,0.0
A123_094,25C,60,4.0558695793151855,1.0,4.066410064697266,2.311330937711168,0.0,1,24.0,0.0,0.0,2.8855350017547607,10_16_13_1C_Cycle.xlsx,0.0
A123_094,25C,60,2.549062967300415,0.0,2.5039820671081543,-2.476601632720472,-0.0,1,24.0,0.0,0.0,2.8855350017547607,2_20_14_1C_Cycle.xlsx,0.004652568281151987
A123_094,25C,30,2.382198572158813,0.0,2.382198572158813,-2.4997203087587967,-0.0,1,24.0,0.0,0.0,2.8855350017547607,1_23_14_1C_Cycle.xlsx,7.405295529981878e-05
A123_094,25C,60,4.05684232711792,1.0,4.067220687866211,2.332371746602117,0.0,1,24.0,0.0,0.0,2.8855350017547607,9_16_13_1C_Cycle.xlsx,0.000682644911129339
A123_094,25C,150,4.033004760742188,1.0,4.067058563232422,2.317922522187233,0.0,1,24.0,0.0,0.0,2.8855350017547607,8_12_13_1C_Cycle.xlsx,0.0
A123_094,25C,60,2.4835495948791504,0.0,2.397928237915039,-2.499678542397239,-0.0,1,24.0,0.0,0.0,2.8855350017547607,12_13_13_1C_Cycle.xlsx,0.0009850763103381548
A123_094,25C,60,4.058139801025391,1.0,4.0680317878723145,2.3270499804565885,0.0,1,24.0,0.0,0.0,2.8855350017547607,12_4_13_1C_Cycle.xlsx,0.0031568905296593666
A123_094,25C,60,4.058139801025391,1.0,4.0680317878723145,2.3248790183688626,0.0,1,24.0,0.0,0.0,2.8855350017547607,12_4_13_1C_Cycle.xlsx,0.0
A123_094,25C,150,4.034139633178711,1.0,4.067544937133789,2.3214004656930607,0.0,1,24.0,0.0,0.0,2.8855350017547607,7_24_13_1C_Cycle.xlsx,8.816752922418601e-05
A123_094,25C,150,4.034626483917236,1.0,4.067544937133789,2.3194946087305506,0.0,1,24.0,0.0,0.0,2.8855350017547607,7_24_13_1C_Cycle.xlsx,3.799529900089636e-05
A123_094,25C,90,4.0514912605285645,1.0,4.068680286407471,2.33957623540048,0.0,1,24.0,0.0,0.0,2.8855350017547607,2_20_14_1C_Cycle.xlsx,4.955429533697716e-05
A123_094,25C,30,4.066896438598633,1.0,4.066896438598633,2.3130723618459506,0.0,1,24.0,0.0,0.0,2.8855350017547607,9_25_13_1C_Cycle.xlsx,0.0
A123_094,25C,150,4.039653301239014,1.0,4.069653034210205,2.343040755352913,0.0,1,24.0,0.0,0.0,2.8855350017547607,12_13_13_1C_Cycle.xlsx,0.0
A123_094,25C,60,2.507225275039673,0.0,2.426144361495972,-2.4997183585835394,-0.0,1,24.0,0.0,0.0,2.8855350017547607,2_20_14_1C_Cycle.xlsx,0.0
A123_094,25C,60,4.065598964691162,1.0,4.072896480560303,0.7158301398158073,0.0,1,24.0,0.0,1.0,3.553644180297852,7_17_13_1C_Cycle.xlsx,0.9307739803926423
A123_094,25C,60,4.059112548828125,1.0,4.06884241104126,2.3390151956363727,0.0,1,24.0,0.0,0.0,2.8855350017547607,3_4_14_1C_Cycle.xlsx,0.0
A123_094,25C,30,2.39322566986084,0.0,2.39322566986084,-2.4997089174058704,-0.0,1,24.0,0.0,0.0,2.8855350017547607,8_12_13_1C_Cycle.xlsx,0.00025881133346440725
A123_094,25C,60,4.057653427124023,1.0,4.067707061767578,2.331095167420438,0.0,1,24.0,0.0,0.0,2.8855350017547607,9_16_13_1C_Cycle.xlsx,0.0021529033752217125
A123_094,25C,30,2.3984148502349854,0.0,2.3984148502349854,-2.499718934566051,-0.0,1,24.0,0.0,0.0,2.8855350017547607,11_18_13_1C_Cycle.xlsx,0.0013197557356049788
A123_094,25C,60,4.060085773468018,1.0,4.069490909576416,2.3421867514650025,0.0,1,24.0,0.0,0.0,2.8855350017547607,12_4_13_1C_Cycle.xlsx,0.002815173446287343
A123_094,25C,60,2.511765718460083,0.0,2.467819929122925,-2.4996786852677664,-0.0,1,24.0,0.0,0.0,2.8855350017547607,7_11_13_1C_Cycle.xlsx,0.0027390993575256515
A123_094,25C,30,4.067869663238525,1.0,4.067869663238525,2.320475739756907,0.0,1,24.0,0.0,0.0,2.8855350017547607,7_19_13_1C_Cycle.xlsx,0.0
A123_094,25C,30,2.4799821376800537,0.0,2.4799821376800537,-2.4774068264637856,-0.0,1,24.0,0.0,0.0,2.8855350017547607,11_18_13_1C_Cycle.xlsx,3.873380880485437e-05
A123_094,25C,30,4.066734313964844,1.0,4.066734313964844,2.312884275908353,0.0,1,24.0,0.0,0.0,2.8855350017547607,9_25_13_1C_Cycle.xlsx,0.0003192065808988756
A123_094,25C,120,4.039329051971436,1.0,4.066896438598633,2.3128561571118285,0.0,1,24.0,0.0,0.0,2.8855350017547607,9_25_13_1C_Cycle.xlsx,0.0
A123_094,25C,120,2.5268468856811523,0.0,2.3778202533721924,-2.49972618709911,-0.0,1,24.0,0.0,0.0,2.8855350017547607,7_8_13_1C_Cycle.xlsx,0.0
A123_094,25C,60,4.0558695793151855,1.0,4.066572189331055,2.315750947101943,0.0,1,24.0,0.0,0.0,2.8855350017547607,8_29_13_1C_Cycle.xlsx,4.000236441450954e-05
A123_094,25C,60,4.0599236488342285,1.0,4.069490909576416,2.338332123400872,0.0,1,24.0,0.0,0.0,2.8855350017547607,3_4_14_1C_Cycle.xlsx,0.0
A123_094,25C,90,2.5247387886047363,0.0,2.39322566986084,-2.499682658757919,-0.0339285049161915,1,24.0,0.0,0.0,2.8855350017547607,8_1_13_1C_Cycle.xlsx,0.0
A123_094,25C,30,2.5047929286956787,0.0,2.5047929286956787,-2.4765464123284566,-0.0,1,24.0,0.0,0.0,2.8855350017547607,2_20_14_1C_Cycle.xlsx,0.0
A123_094,25C,30,2.3925769329071045,0.0,2.3925769329071045,-2.499691258679639,-0.0,1,24.0,0.0,0.0,2.8855350017547607,11_18_13_1C_Cycle.xlsx,0.0005397893570508088
A123_094,25C,150,4.036409854888916,1.0,4.0680317878723145,2.32692699816798,0.0,1,24.0,0.0,0.0,2.8855350017547607,12_4_13_1C_Cycle.xlsx,0.0
A123_094,25C,90,4.047599315643311,1.0,4.067058563232422,2.327686118728974,0.0,1,24.0,0.0,0.0,2.8855350017547607,11_6_13_1C_Cycle.xlsx,0.0001195552948609479
A123_094,25C,90,4.047112941741943,1.0,4.067220687866211,2.317773662388325,0.0,1,24.0,0.0,0.0,2.8855350017547607,8_12_13_1C_Cycle.xlsx,0.00043399346992360944
A123_094,25C,120,4.039653301239014,1.0,4.066572189331055,2.311071135473153,0.0,1,24.0,0.0,0.0,2.8855350017547607,10_16_13_1C_Cycle.xlsx,0.010959338309769421
A123_094,25C,90,2.5294413566589355,0.0,2.3774960041046143,-2.49970647205006,-0.0,1,24.0,0.0,0.0,2.8855350017547607,12_13_13_1C_Cycle.xlsx,7.463335852934962e-05
A123_094,25C,30,2.383171558380127,0.0,2.383171558380127,-2.499765590228866,-0.0,1,24.0,0.0,0.0,2.8855350017547607,10_07_13_1C_Cycle.xlsx,0.00023944693232287747
A123_094,25C,90,4.0474371910095215,1.0,4.067220687866211,2.320126985805848,0.0,1,24.0,0.0,0.0,2.8855350017547607,8_1_13_1C_Cycle.xlsx,0.00046228450600106845
A123_094,25C,150,4.033004760742188,1.0,4.066734313964844,2.312632483170658,0.0,1,24.0,0.0,0.0,2.8855350017547607,9_25_13_1C_Cycle.xlsx,0.0
A123_094,25C,90,4.045977592468262,1.0,4.066410064697266,2.316676195470556,0.0,1,24.0,0.0,0.0,2.8855350017547607,8_12_13_1C_Cycle.xlsx,0.0
A123_094,25C,150,4.038517951965332,1.0,4.069166660308838,2.3435148252253857,0.0,1,24.0,0.0,0.0,2.8855350017547607,12_13_13_1C_Cycle.xlsx,0.0
A123_094,25C,30,4.0680317878723145,1.0,4.0680317878723145,2.3423283579277583,0.0,1,24.0,0.0,0.0,2.8855350017547607,1_23_14_1C_Cycle.xlsx,0.01628767526285702
A123_094,25C,30,2.47317123413086,0.0,2.47317123413086,-2.499725605534241,-0.0,1,24.0,0.0,0.0,2.8855350017547607,9_25_13_1C_Cycle.xlsx,0.0
A123_094,25C,120,4.041112899780273,1.0,4.067544937133789,2.312736192687613,0.0,1,24.0,0.0,0.0571426170512523,2.916038238296457,8_19_13_1C_Cycle6.xlsx,0.009684537512966895
A123_094,25C,120,2.5558738708496094,0.0,2.38722562789917,-2.499901765325795,-0.0,1,24.0,0.0,0.0,2.8855350017547607,8_29_13_1C_Cycle.xlsx,0.0
A123_094,25C,90,2.5234413146972656,0.0,2.389820098876953,-2.499005475948597,-0.0,1,24.0,0.0,0.0,2.8855350017547607,8_12_13_1C_Cycle.xlsx,0.0
A123_094,25C,90,4.0477614402771,1.0,4.067058563232422,2.32757679310416,0.0,1,24.0,0.0,0.0,2.8855350017547607,11_6_13_1C_Cycle.xlsx,0.0
A123_094,25C,60,2.5253872871398926,0.0,2.47900915145874,-2.4784196423854032,-0.0,1,24.0,0.0,0.0,2.8855350017547607,8_1_13_1C_Cycle.xlsx,4.785977466715612e-05
A123_094,25C,90,2.540630578994751,0.0,2.391603946685791,-2.499819695392502,-0.0,1,24.0,0.0,0.0,2.8855350017547607,2_4_14_1C_Cycle.xlsx,0.0
A123_094,25C,90,4.047923564910889,1.0,4.0673828125,2.327569208475722,0.0,1,24.0,0.0,0.0,2.8855350017547607,11_6_13_1C_Cycle.xlsx,0.00037048977176759064
A123_094,25C,30,2.3987390995025635,0.0,2.3987390995025635,-2.499865078500339,-0.0,1,24.0,0.0,0.0,2.8855350017547607,10_16_13_1C_Cycle.xlsx,0.00031201244583890504
A123_094,25C,90,4.046950817108154,1.0,4.066734313964844,2.3131108662632647,0.0,1,24.0,0.0,0.0,2.8855350017547607,9_25_13_1C_Cycle.xlsx,0.0
A123_094,25C,30,4.0673828125,1.0,4.0673828125,2.3190070717699,0.0,1,24.0,0.0,0.0,2.8855350017547607,8_1_13_1C_Cycle.xlsx,0.00017198927461658576
A123_094,25C,30,4.066896438598633,1.0,4.066896438598633,2.313022009478729,0.0,1,24.0,0.0,0.0,2.8855350017547607,9_25_13_1C_Cycle.xlsx,0.0
A123_094,25C,90,2.538198232650757,0.0,2.4045770168304443,-2.499679509724412,-0.0,1,24.0,0.0,0.0,2.8855350017547607,3_4_14_1C_Cycle.xlsx,0.023406251349063274
A123_094,25C,30,4.0680317878723145,1.0,4.0680317878723145,2.3394335619451705,0.0,1,24.0,0.0,0.0,2.8855350017547607,2_20_14_1C_Cycle.xlsx,6.893186276340696e-05
A123_094,25C,150,4.036409854888916,1.0,4.068356037139893,2.3255849212281783,0.0,1,24.0,0.0,0.0,2.8855350017547607,12_4_13_1C_Cycle.xlsx,0.012725986285552793
A123_094,25C,90,2.5274953842163086,0.0,2.3760364055633545,-2.499753764697484,-0.0,1,24.0,0.0,0.0,2.8855350017547607,10_16_13_1C_Cycle.xlsx,0.00016176637263476374
A123_094,25C,60,4.05959939956665,1.0,4.069328784942627,2.3413268723364533,0.0,1,24.0,0.0,0.0,2.8855350017547607,1_23_14_1C_Cycle.xlsx,0.0
A123_094,25C,60,2.493279457092285,0.0,2.445441722869873,-2.499681380169451,-0.0,1,24.0,0.0,0.0,2.8855350017547607,7_5_13_1C_Cycle.xlsx,0.0035564429564102842
A123_094,25C,90,2.5289549827575684,0.0,2.3966310024261475,-2.4997751839393008,-0.0,1,24.0,0.0,0.0,2.8855350017547607,9_25_13_1C_Cycle.xlsx,0.0017696303392388268
A123_094,25C,120,4.039491176605225,1.0,4.066896438598633,2.32026604308732,0.0,1,24.0,0.0,0.0,2.8855350017547607,8_1_13_1C_Cycle.xlsx,0.0
A123_094,25C,150,4.033004760742188,1.0,4.0673828125,2.308196581670871,0.0,1,24.0,0.0,0.0,2.8855350017547607,7_11_13_1C_Cycle.xlsx,0.0
A123_094,25C,120,2.55733323097229,0.0,2.3781445026397705,-2.499885535873143,-0.0,1,24.0,0.0,0.0,2.8855350017547607,9_25_13_1C_Cycle.xlsx,0.0
A123_094,25C,150,4.038680553436279,1.0,4.068193912506104,2.339539780297823,0.0,1,24.0,0.0,0.0,2.8855350017547607,2_20_14_1C_Cycle.xlsx,0.0
A123_094,25C,60,2.4793334007263184,0.0,2.395333766937256,-2.499627103153457,-0.0,1,24.0,0.0,0.0,2.8855350017547607,8_1_13_1C_Cycle.xlsx,0.0
A123_094,25C,120,2.5317115783691406,0.0,2.370522975921631,-2.4996499181762943,-0.0,1,24.0,0.0,0.0,2.8855350017547607,7_3_13_1C_Cycle.xlsx,0.0
A123_094,25C,30,4.066896438598633,1.0,4.066896438598633,2.320157069772009,0.0,1,24.0,0.0,0.0,2.8855350017547607,8_1_13_1C_Cycle.xlsx,0.0
A123_094,25C,120,4.0477614402771,1.0,4.071112632751465,2.3532100651860235,0.0,1,24.0,0.0,0.0,2.8855350017547607,7_24_13_1C_Cycle.xlsx,0.004265967274163309
A123_094,25C,30,4.067058563232422,1.0,4.067058563232422,2.3143256302408086,0.0,1,24.0,0.0,0.0,2.8855350017547607,9_16_13_1C_Cycle.xlsx,0.0
A123_094,25C,60,4.055220603942871,1.0,4.066247940063477,2.3199993533984062,0.0,1,24.0,0.0,0.0,2.8855350017547607,8_1_13_1C_Cycle.xlsx,0.0
A123_094,25C,30,4.067058563232422,1.0,4.067058563232422,2.317292321026325,0.0,1,24.0,0.0,0.0,2.8855350017547607,8_12_13_1C_Cycle.xlsx,0.0
A123_094,25C,30,4.067220687866211,1.0,4.067220687866211,2.3190687176372324,0.0,1,24.0,0.0,0.0,2.8855350017547607,8_1_13_1C_Cycle.xlsx,0.0
A123_094,25C,60,2.52571177482605,0.0,2.47009015083313,-2.4997682848146985,-0.0,1,24.0,0.0,0.0,2.8855350017547607,10_16_13_1C_Cycle.xlsx,0.00014378312235567694
A123_094,25C,30,2.4778740406036377,0.0,2.4778740406036377,-2.478315399697749,-0.0,1,24.0,0.0,0.0,2.8855350017547607,8_29_13_1C_Cycle.xlsx,5.953354922867187e-05
A123_094,25C,120,2.523765802383423,0.0,2.368577003479004,-2.499669431654875,-0.0,1,24.0,0.0,0.0,2.8855350017547607,7_5_13_1C_Cycle.xlsx,0.0
A123_094,25C,60,2.476738929748535,0.0,2.381387710571289,-2.499756784614073,-0.0,1,24.0,0.0,0.0,2.8855350017547607,1_23_14_1C_Cycle.xlsx,0.00014553619840435115
A123_094,25C,60,2.494252443313598,0.0,2.446576833724976,-2.479367604553018,-0.0,1,24.0,0.0,0.0,2.8855350017547607,7_5_13_1C_Cycle.xlsx,0.0020714185568684153
A123_094,25C,90,2.5317115783691406,0.0,2.3838202953338623,-2.499708117138256,-0.0,1,24.0,0.0,0.0,2.8855350017547607,12_4_13_1C_Cycle.xlsx,7.463335852934962e-05
A123_094,25C,150,4.032193660736084,1.0,4.066410064697266,2.3132915049791336,0.0,1,24.0,0.0,0.0,2.8855350017547607,9_25_13_1C_Cycle.xlsx,0.0
A123_094,25C,60,2.503009080886841,0.0,2.4049012660980225,-2.4997368886930134,-0.0,1,24.0,0.0,0.0958055932596604,2.937343746821377,1_23_14_1C_Cycle.xlsx,0.029754587555432543
A123_094,25C,60,2.497333288192749,0.0,2.41284704208374,-2.499719341595968,-0.0,1,24.0,0.0,0.0,2.8855350017547607,2_4_14_1C_Cycle.xlsx,0.006851709810807344
A123_094,25C,120,4.040463924407959,1.0,4.0673828125,2.3172605444192884,0.0,1,24.0,0.0,0.0,2.8855350017547607,8_12_13_1C_Cycle.xlsx,0.000333990108124294
A123_094,25C,30,4.068193912506104,1.0,4.068193912506104,2.339734711406524,0.0,1,24.0,0.0,0.0,2.8855350017547607,2_20_14_1C_Cycle.xlsx,0.0
A123_094,25C,120,4.042085647583008,1.0,4.067869663238525,2.324954058343576,0.0,1,24.0,0.0,0.0,2.8855350017547607,12_4_13_1C_Cycle.xlsx,0.0
A123_094,25C,30,4.069815158843994,1.0,4.069815158843994,2.3439645400996936,0.0,1,24.0,0.0,0.0,2.8855350017547607,11_18_13_1C_Cycle.xlsx,0.0001261747786922523
A123_094,25C,30,2.368901252746582,0.0,2.368901252746582,-2.4997037836342804,-0.0,1,24.0,0.0,0.0,2.8855350017547607,7_5_13_1C_Cycle.xlsx,7.892444358009834e-05
A123_094,25C,30,2.4749550819396973,0.0,2.4749550819396973,-2.4788938254690343,-0.0,1,24.0,0.0,0.0,2.8855350017547607,7_15_13_1C_Cycle.xlsx,0.0
A123_094,25C,90,2.5229549407958984,0.0,2.401495933532715,-2.499614945912765,-0.0,1,24.0,0.0,0.0,2.8855350017547607,7_24_13_1C_Cycle.xlsx,0.001236276626923562
A123_094,25C,60,2.480306386947632,0.0,2.393387794494629,-2.499813365506696,-0.0,1,24.0,0.0,0.0,2.8855350017547607,11_18_13_1C_Cycle.xlsx,8.051146913310248e-05
A123_094,25C,30,2.3812255859375,0.0,2.3812255859375,-2.4997495950850763,-0.0,1,24.0,0.0,0.0,2.8855350017547607,9_25_13_1C_Cycle.xlsx,0.00023588307290671974
A123_094,25C,120,4.042247772216797,1.0,4.0680317878723145,2.327013533656337,0.0,1,24.0,0.0,0.0,2.8855350017547607,12_4_13_1C_Cycle.xlsx,0.0006826273832377352
A123_094,25C,60,2.502360343933105,0.0,2.455657958984375,-2.479199922531958,-0.0,1,24.0,0.0,0.0,2.8855350017547607,7_8_13_1C_Cycle.xlsx,0.00015587250588699792
A123_094,25C,60,4.059436798095703,1.0,4.069004535675049,2.3434283402231006,0.0,1,24.0,0.0,0.0,2.8855350017547607,12_13_13_1C_Cycle.xlsx,0.01595399239462677
A123_094,25C,120,2.557819604873657,0.0,2.393063545227051,-2.499738330426424,-0.0,1,24.0,0.0,0.0,2.8855350017547607,8_29_13_1C_Cycle.xlsx,0.0003273526007782044
A123_094,25C,60,4.059112548828125,1.0,4.069004535675049,2.3432661892893987,0.0,1,24.0,0.0,0.0805589050697485,2.928538060831992,11_18_13_1C_Cycle.xlsx,0.01594685803944435
A123_094,25C,60,2.5297658443450928,0.0,2.480306386947632,-2.477384236738934,-0.0,1,24.0,0.0,0.0,2.8855350017547607,11_18_13_1C_Cycle.xlsx,4.18870010101365e-05
A123_094,25C,120,4.040139675140381,1.0,4.066896438598633,2.327889557583492,0.0,1,24.0,0.0,0.0,2.8855350017547607,11_6_13_1C_Cycle.xlsx,0.0
A123_094,25C,60,4.056680202484131,1.0,4.066896438598633,2.330725669922415,0.0,1,24.0,0.0,0.0,2.8855350017547607,10_07_13_1C_Cycle.xlsx,0.0007462005672634173
A123_094,25C,30,4.067707061767578,1.0,4.067707061767578,2.324317196750233,0.0,1,24.0,0.0,0.0,2.8855350017547607,1_23_14_1C_Cycle.xlsx,0.00027393530892888237
A123_094,25C,60,4.05684232711792,1.0,4.067220687866211,2.3210462888945704,0.0,1,24.0,0.0,0.0,2.8855350017547607,2_4_14_1C_Cycle.xlsx,0.0005410710173993356
A123_094,25C,120,2.553441286087036,0.0,2.386414766311645,-2.499760886718487,-0.0,1,24.0,0.0,0.0,2.8855350017547607,8_12_13_1C_Cycle.xlsx,0.00020637859888943087
A123_094,25C,90,4.0516533851623535,1.0,4.069490909576416,2.343253841830625,0.0,1,24.0,0.0,0.0,2.8855350017547607,12_13_13_1C_Cycle.xlsx,0.0022048696848661763
A123_094,25C,90,4.047275066375732,1.0,4.067058563232422,2.3175597473979,0.0,1,24.0,0.0,0.0,2.8855350017547607,8_12_13_1C_Cycle.xlsx,0.0002976826579376365
A123_094,25C,60,2.527981996536255,0.0,2.4801442623138428,-2.499731231154057,-0.0,1,24.0,0.0,0.0,2.8855350017547607,9_16_13_1C_Cycle.xlsx,0.0007705686154861012
A123_094,25C,60,2.542900800704956,0.0,2.496846914291382,-2.476769923133169,-0.0,1,24.0,0.0,0.0,2.8855350017547607,2_4_14_1C_Cycle.xlsx,0.0
A123_094,25C,30,2.474792957305908,0.0,2.474792957305908,-2.4779253602630398,-0.0,1,24.0,0.0,0.0,2.8855350017547607,10_07_13_1C_Cycle.xlsx,5.442395060204309e-05
A123_094,25C,30,4.067544937133789,1.0,4.067544937133789,2.32693608631106,0.0,1,24.0,0.0,0.0,2.8855350017547607,11_18_13_1C_Cycle.xlsx,0.0047127027070941515
A123_094,25C,30,2.4835495948791504,0.0,2.4835495948791504,-2.477134854371265,-0.0,1,24.0,0.0,0.0,2.8855350017547607,12_13_13_1C_Cycle.xlsx,2.6297531668736386e-06
A123_094,25C,120,4.041923522949219,1.0,4.067869663238525,2.32517146817961,0.0,1,24.0,0.0,0.0,2.8855350017547607,12_4_13_1C_Cycle.xlsx,0.0
A123_094,25C,90,2.5270090103149414,0.0,2.374577045440674,-2.499992422155432,-0.0,1,24.0,0.0,0.0,2.8855350017547607,11_6_13_1C_Cycle.xlsx,0.0
A123_094,25C,60,4.058139801025391,1.0,4.0680317878723145,2.342535503401325,0.0,1,24.0,0.0,0.0,2.8855350017547607,1_23_14_1C_Cycle.xlsx,0.01391006137056965
A123_094,25C,60,2.5317115783691406,0.0,2.476901054382324,-2.477018942678644,-0.0,1,24.0,0.0,0.0,2.8855350017547607,1_23_14_1C_Cycle.xlsx,4.112882263056108e-05
A123_094,25C,150,4.032031536102295,1.0,4.066247940063477,2.3116056829198333,0.0,1,24.0,0.0,0.0,2.8855350017547607,10_16_13_1C_Cycle.xlsx,0.0
A123_094,25C,30,2.384955406188965,0.0,2.384955406188965,-2.4997463964782987,-0.0,1,24.0,0.0,0.0,2.8855350017547607,10_07_13_1C_Cycle.xlsx,0.00023588307290671974
A123_094,25C,60,2.524090051651001,0.0,2.472198247909546,-2.4997192083206854,-0.0,1,24.0,0.0,0.0,2.8855350017547607,9_25_13_1C_Cycle.xlsx,0.0
A123_094,25C,120,2.5602521896362305,0.0,2.399387836456299,-2.499806214601566,-0.0,1,24.0,0.0,0.0,2.8855350017547607,8_1_13_1C_Cycle.xlsx,0.0013681200519374873
A123_094,25C,30,2.391603946685791,0.0,2.391603946685791,-2.499782431233037,-0.0,1,24.0,0.0,0.0,2.8855350017547607,11_18_13_1C_Cycle.xlsx,0.0003968375019466586
A123_094,25C,120,2.5539278984069824,0.0,2.3883607387542725,-2.499310748330478,-0.0,1,24.0,0.0,0.0,2.8855350017547607,8_12_13_1C_Cycle.xlsx,0.0
A123_094,25C,30,2.476901054382324,0.0,2.476901054382324,-2.477018942678644,-0.0,1,24.0,0.0,0.0,2.8855350017547607,1_23_14_1C_Cycle.xlsx,5.3665772222467675e-05
A123_094,25C,120,2.557819604873657,0.0,2.39322566986084,-2.499728060605233,-0.0346415054301781,1,24.0,0.0,0.0,2.8855350017547607,9_16_13_1C_Cycle.xlsx,0.012765229407867557
A123_094,25C,120,2.55733323097229,0.0,2.3878743648529053,-2.499755010270236,-0.0,1,24.0,0.0,0.0,2.8855350017547607,9_16_13_1C_Cycle.xlsx,0.00015591434506419786
A123_094,25C,90,2.534630537033081,0.0,2.400036334991455,-2.499702653369388,-0.0,1,24.0,0.0,0.0,2.8855350017547607,11_18_13_1C_Cycle.xlsx,0.0005134639697816216
A123_094,25C,30,2.4812793731689453,0.0,2.4812793731689453,-2.4773632635956995,-0.0,1,24.0,0.0,0.0,2.8855350017547607,11_18_13_1C_Cycle.xlsx,3.873380880485437e-05
A123_094,25C,30,2.496360540390014,0.0,2.496360540390014,-2.4996842035540827,-0.0,1,24.0,0.0,0.0,2.8855350017547607,2_4_14_1C_Cycle.xlsx,0.002745498090471743
A123_094,25C,90,2.5268468856811523,0.0,2.391928195953369,-2.4997304729793384,-0.0,1,24.0,0.0,0.0,2.8855350017547607,8_29_13_1C_Cycle.xlsx,0.0004087319254044275
A123_094,25C,120,4.040463924407959,1.0,4.067058563232422,2.327537327629177,0.0,1,24.0,0.0,0.0,2.8855350017547607,11_6_13_1C_Cycle.xlsx,0.0
A123_094,25C,30,2.480955123901367,0.0,2.480955123901367,-2.478874247330047,-0.0,1,24.0,0.0,0.0,2.8855350017547607,7_17_13_1C_Cycle.xlsx,0.0
A123_094,25C,30,2.4222524166107178,0.0,2.4222524166107178,-2.499679509724412,-0.0,1,24.0,0.0,0.0,2.8855350017547607,2_20_14_1C_Cycle.xlsx,0.0032259677913189177
A123_094,25C,30,2.469928026199341,0.0,2.469928026199341,-2.499881746532681,-0.0,1,24.0,0.0,0.0,2.8855350017547607,11_6_13_1C_Cycle.xlsx,0.0
A123_094,25C,120,4.039815425872803,1.0,4.066734313964844,2.315404173347258,0.0,1,24.0,0.0,0.0,2.8855350017547607,8_29_13_1C_Cycle.xlsx,0.0
A123_094,25C,30,2.4749550819396973,0.0,2.38268518447876,-2.4998791281100923,-0.0369097435245573,1,24.0,0.0,0.0,2.8855350017547607,10_07_13_1C_Cycle.xlsx,0.0006612840165327663
A123_094,25C,60,2.478684902191162,0.0,2.3941986560821533,-2.4996224366701565,-0.0,1,24.0,0.0,0.0,2.8855350017547607,8_1_13_1C_Cycle.xlsx,0.0
A123_094,25C,90,2.5292792320251465,0.0,2.387063503265381,-2.499757188299428,-0.0,1,24.0,0.0,0.0,2.8855350017547607,8_29_13_1C_Cycle.xlsx,0.0002776257140288466
A123_094,25C,60,2.4794955253601074,0.0,2.3859283924102783,-2.499757591602022,-0.0,1,24.0,0.0,0.0,2.8855350017547607,9_25_13_1C_Cycle.xlsx,0.00022651255091323035
A123_094,25C,30,4.068680286407471,1.0,4.068680286407471,2.3389090127066563,0.0,1,24.0,0.0,0.0,2.8855350017547607,3_4_14_1C_Cycle.xlsx,0.0
A123_094,25C,60,4.056193828582764,1.0,4.066896438598633,2.31433443912888,0.0,1,24.0,0.0,0.0,2.8855350017547607,8_29_13_1C_Cycle.xlsx,0.00012742285904487522
A123_094,25C,90,4.040139675140381,1.0,4.066896438598633,2.330906331847029,0.0,1,24.0,0.0,0.0,2.8855350017547607,10_07_13_1C_Cycle.xlsx,1.1362409292810113e-05
A123_094,25C,60,2.530738592147827,0.0,2.4770631790161133,-2.4997612656773747,-0.0,1,24.0,0.0,0.0,2.8855350017547607,11_6_13_1C_Cycle.xlsx,0.00014378312235567694
A123_094,25C,90,4.048896312713623,1.0,4.067869663238525,2.325806938048641,0.0,1,24.0,0.0,0.0,2.8855350017547607,12_13_13_1C_Cycle.xlsx,0.0
A123_094,25C,30,2.4799821376800537,0.0,2.4799821376800537,-2.4779664987758934,-0.0,1,24.0,0.0,0.0,2.8855350017547607,9_16_13_1C_Cycle.xlsx,3.873380880485437e-05
A123_094,25C,60,4.057166576385498,1.0,4.067544937133789,2.3189468568870946,0.0,1,24.0,0.0,0.0,2.8855350017547607,8_1_13_1C_Cycle.xlsx,0.0006423552268791673
A123_094,25C,90,4.047112941741943,1.0,4.067058563232422,2.315979766869737,0.0,1,24.0,0.0,0.0,2.8855350017547607,8_29_13_1C_Cycle.xlsx,0.0
A123_094,25C,30,4.067058563232422,1.0,4.067058563232422,2.3055325008463115,0.0,1,24.0,0.0,0.0,2.8855350017547607,7_17_13_1C_Cycle.xlsx,0.006656785343490307
A123_094,25C,30,4.067544937133789,1.0,4.067544937133789,2.3244561207218046,0.0,1,24.0,0.0,0.0,2.8855350017547607,12_13_13_1C_Cycle.xlsx,0.00027393530892888237
A123_094,25C,60,2.5266847610473637,0.0,2.470414638519287,-2.4775939850483804,-0.0,1,24.0,0.0,0.0,2.8855350017547607,11_6_13_1C_Cycle.xlsx,4.18870010101365e-05
A123_094,25C,60,2.5289549827575684,0.0,2.4717118740081787,-2.4773888405997657,-0.0,1,24.0,0.0,0.0,2.8855350017547607,12_13_13_1C_Cycle.xlsx,4.18870010101365e-05
A123_094,25C,150,4.033653259277344,1.0,4.067058563232422,2.3296484018365544,0.0,1,24.0,0.0,0.0,2.8855350017547607,10_16_13_1C_Cycle.xlsx,0.007539493160720291
A123_094,25C,30,2.4793334007263184,0.0,2.4793334007263184,-2.4785926837614203,-0.0,1,24.0,0.0,0.0,2.8855350017547607,8_1_13_1C_Cycle.xlsx,6.967711238430292e-05
A123_094,25C,150,4.036734580993652,1.0,4.068193912506104,2.345118968226647,0.0,1,24.0,0.0,0.0,2.8855350017547607,11_18_13_1C_Cycle.xlsx,0.0
A123_094,25C,60,2.5328469276428223,0.0,2.484522581100464,-2.499665245279536,-0.0,1,24.0,0.0,0.0,2.8855350017547607,11_6_13_1C_Cycle.xlsx,0.00011168234086957836
A123_094,25C,30,2.471063137054444,0.0,2.471063137054444,-2.499800772793525,-0.0,1,24.0,0.0,0.0,2.8855350017547607,9_25_13_1C_Cycle.xlsx,0.0001603890954939382
A123_094,25C,90,4.047599315643311,1.0,4.067058563232422,2.332376186048887,0.0,1,24.0,0.0,0.0,2.8855350017547607,9_16_13_1C_Cycle.xlsx,0.00035959555956330594
A123_094,25C,30,4.066734313964844,1.0,4.066734313964844,2.315991425526238,0.0,1,24.0,0.0,0.0,2.8855350017547607,8_29_13_1C_Cycle.xlsx,0.000852275138931459
A123_094,25C,30,4.066734313964844,1.0,4.066734313964844,2.3134292571759616,0.0,1,24.0,0.0,0.0,2.8855350017547607,10_07_13_1C_Cycle.xlsx,0.0004949450291174877
A123_094,25C,30,4.0680317878723145,1.0,4.0680317878723145,2.3271805483753942,0.0,1,24.0,0.0,0.0,2.8855350017547607,12_4_13_1C_Cycle.xlsx,0.00339312909283017
A123_094,25C,150,4.033004760742188,1.0,4.066572189331055,2.313005682386336,0.0,1,24.0,0.0,0.0,2.8855350017547607,10_07_13_1C_Cycle.xlsx,0.0
A123_094,25C,30,2.3984148502349854,0.0,2.3984148502349854,-2.499734401702881,-0.0,1,24.0,0.0,0.0,2.8855350017547607,8_29_13_1C_Cycle.xlsx,0.0018560282983194
A123_094,25C,120,2.564306259155273,0.0,2.3799283504486084,-2.4997015432877974,-0.0,1,24.0,0.0,0.0,2.8855350017547607,12_4_13_1C_Cycle.xlsx,0.0
A123_094,25C,150,4.033166885375977,1.0,4.066896438598633,2.3279487444948748,0.0,1,24.0,0.0,0.0,2.8855350017547607,11_6_13_1C_Cycle.xlsx,0.0
A123_094,25C,30,2.4138200283050537,0.0,2.4138200283050537,-2.4997026081438416,-0.0,1,24.0,0.0,0.0,2.8855350017547607,2_4_14_1C_Cycle.xlsx,0.0009923744206871091
A123_094,25C,120,2.5602521896362305,0.0,2.399387836456299,-2.499621255977733,-0.0,1,24.0,0.0,0.0,2.8855350017547607,12_4_13_1C_Cycle.xlsx,0.0
A123_094,25C,90,2.5296034812927246,0.0,2.377171516418457,-2.4998559778386897,-0.038661609117857,1,24.0,0.0,0.0,2.8855350017547607,12_13_13_1C_Cycle.xlsx,9.205897960885e-05
A123_094,25C,60,2.478684902191162,0.0,2.38884711265564,-2.499751496959377,-0.0,1,24.0,0.0,0.0,2.8855350017547607,11_18_13_1C_Cycle.xlsx,0.00022651255091323035
A123_094,25C,150,4.042896747589111,1.0,4.070950508117676,2.362165793394431,0.0,1,24.0,0.0,0.0,2.8855350017547607,12_4_13_1C_Cycle.xlsx,0.0010745690220323235
A123_094,25C,60,4.056355953216553,1.0,4.066734313964844,2.315449341650932,0.0,1,24.0,0.0,0.0,2.8855350017547607,8_29_13_1C_Cycle.xlsx,0.000221090779474348
A123_094,25C,30,4.068518161773682,1.0,4.068518161773682,2.339622194633672,0.0,1,24.0,0.0,0.0,2.8855350017547607,2_20_14_1C_Cycle.xlsx,1.3709505374194577e-05
A123_094,25C,90,4.047275066375732,1.0,4.066896438598633,2.331306523589556,0.0,1,24.0,0.0,0.0,2.8855350017547607,10_07_13_1C_Cycle.xlsx,0.00040426978031985264
A123_094,25C,30,4.067544937133789,1.0,4.067544937133789,2.3190841178099317,0.0,1,24.0,0.0,0.0,2.8855350017547607,3_4_14_1C_Cycle.xlsx,0.00039616090034569237
A123_094,25C,90,4.0474371910095215,1.0,4.067058563232422,2.3171564294099807,0.0,1,24.0,0.0,0.0,2.8855350017547607,8_12_13_1C_Cycle.xlsx,5.025888724712506e-05
A123_094,25C,30,4.0673828125,1.0,4.0673828125,2.322013613276594,0.0,1,24.0,0.0,0.0,2.8855350017547607,7_19_13_1C_Cycle.xlsx,0.0005205773721659582
A123_094,25C,60,2.4734957218170166,0.0,2.377009391784668,-2.499860906600952,-0.0,1,24.0,0.0,0.0,2.8855350017547607,12_13_13_1C_Cycle.xlsx,0.0
A123_094,25C,150,4.039004802703857,1.0,4.068680286407471,2.3395334391348195,0.0,1,24.0,0.0,0.0,2.8855350017547607,2_20_14_1C_Cycle.xlsx,0.0
A123_094,25C,120,4.039977550506592,1.0,4.067058563232422,2.317202701985836,0.0,1,24.0,0.0,0.0,2.8855350017547607,8_12_13_1C_Cycle.xlsx,0.0
A123_094,25C,30,2.4749550819396973,0.0,2.4749550819396973,-2.477920604439804,-0.0,1,24.0,0.0,0.0,2.8855350017547607,10_07_13_1C_Cycle.xlsx,5.442395060204309e-05
A123_094,25C,90,2.5247387886047363,0.0,2.3880364894866943,-2.499768188725347,-0.0,1,24.0,0.0,0.0,2.8855350017547607,8_29_13_1C_Cycle.xlsx,0.0003027627601670539
A123_094,25C,90,4.045004844665527,1.0,4.065761566162109,2.2800410211758506,0.0,1,24.0,0.0,0.0,2.8855350017547607,7_5_13_1C_Cycle.xlsx,0.0007089161547147535
A123_094,25C,60,2.47900915145874,0.0,2.395009279251098,-2.499759910453079,-0.0,1,24.0,0.0,0.0,2.8855350017547607,8_1_13_1C_Cycle.xlsx,0.0004074653185424791
A123_094,25C,150,4.033166885375977,1.0,4.066896438598633,2.3129005739923385,0.0,1,24.0,0.0,0.0,2.8855350017547607,9_25_13_1C_Cycle.xlsx,0.0
A123_094,25C,60,2.5500359535217285,0.0,2.505117177963257,-2.4997014665158,-0.0,1,24.0,0.0,0.0,2.8855350017547607,2_20_14_1C_Cycle.xlsx,0.0
A123_094,25C,150,4.038193702697754,1.0,4.069328784942627,2.3369926352586066,0.0,1,24.0,0.0,0.0,2.8855350017547607,7_24_13_1C_Cycle.xlsx,0.0
A123_094,25C,150,4.035274982452393,1.0,4.067869663238525,2.324457717120138,0.0,1,24.0,0.0,0.0,2.8855350017547607,1_23_14_1C_Cycle.xlsx,0.0
A123_094,25C,30,4.0680317878723145,1.0,4.0680317878723145,2.3425978117718778,0.0,1,24.0,0.0,0.0,2.8855350017547607,1_23_14_1C_Cycle.xlsx,0.01628767526285702
A123_094,25C,150,4.037869453430176,1.0,4.068518161773682,2.342002839106938,0.0,1,24.0,0.0,0.0,2.8855350017547607,1_23_14_1C_Cycle.xlsx,0.0
A123_094,25C,30,4.066410064697266,1.0,4.066410064697266,2.313019016604932,0.0,1,24.0,0.0,0.0,2.8855350017547607,9_25_13_1C_Cycle.xlsx,0.0
A123_094,25C,30,4.0680317878723145,1.0,4.0680317878723145,2.323637751878327,0.0,1,24.0,0.0,0.0,2.8855350017547607,1_23_14_1C_Cycle.xlsx,4.498635955090821e-05
A123_094,25C,30,4.071112632751465,1.0,4.071112632751465,2.3623233003876147,0.0,1,24.0,0.0,0.0,2.8855350017547607,12_4_13_1C_Cycle.xlsx,0.0
A123_094,25C,150,4.033166885375977,1.0,4.066734313964844,2.3130368242864727,0.0,1,24.0,0.0,0.0,2.8855350017547607,10_07_13_1C_Cycle.xlsx,0.0
A123_094,25C,60,4.056355953216553,1.0,4.066896438598633,2.327889557583492,0.0,1,24.0,0.0,0.0,2.8855350017547607,11_6_13_1C_Cycle.xlsx,0.0001795428321481691
A123_094,25C,60,4.0558695793151855,1.0,4.066410064697266,2.311911851044529,0.0,1,24.0,0.0,0.0,2.8855350017547607,10_16_13_1C_Cycle.xlsx,0.0
A123_094,25C,30,2.378793239593506,0.0,2.378793239593506,-2.4998727414460307,-0.0,1,24.0,0.0,0.0,2.8855350017547607,9_25_13_1C_Cycle.xlsx,1.824870944642312e-05
A123_094,25C,120,4.038031578063965,1.0,4.066410064697266,2.2996341393589974,0.0,1,24.0,0.0,0.0,2.8855350017547607,8_12_13_1C_Cycle.xlsx,0.0
A123_094,25C,120,4.042734146118164,1.0,4.0680317878723145,2.326761500362088,0.0,1,24.0,0.0,0.0,2.8855350017547607,12_4_13_1C_Cycle.xlsx,0.0
A123_094,25C,60,4.056193828582764,1.0,4.066896438598633,2.3128887264699234,0.0,1,24.0,0.0,0.0,2.8855350017547607,9_25_13_1C_Cycle.xlsx,0.0
A123_094,25C,120,2.563981771469116,0.0,2.389009475708008,-2.499721258336848,-0.0,1,24.0,0.0,0.0,2.8855350017547607,12_4_13_1C_Cycle.xlsx,9.689503348879469e-05
A123_094,25C,120,4.045815467834473,1.0,4.069653034210205,2.342866259252923,0.0,1,24.0,0.0,0.0,2.8855350017547607,12_13_13_1C_Cycle.xlsx,0.0
A123_094,25C,60,2.540468454360962,0.0,2.4861443042755127,-2.499948058172921,-0.0,1,24.0,0.0,0.0,2.8855350017547607,2_4_14_1C_Cycle.xlsx,0.0
A123_094,25C,30,2.476576805114746,0.0,2.476576805114746,-2.4998999253838465,-0.0,1,24.0,0.0,0.0,2.8855350017547607,10_07_13_1C_Cycle.xlsx,0.0
A123_094,25C,90,4.050680160522461,1.0,4.06884241104126,2.344731614877612,0.0,1,24.0,0.0,0.0,2.8855350017547607,11_18_13_1C_Cycle.xlsx,0.0
A123_094,25C,60,4.057491302490234,1.0,4.067707061767578,2.338779138384667,0.0,1,24.0,0.0,0.0,2.8855350017547607,3_4_14_1C_Cycle.xlsx,0.0008137659239890844
A123_094,25C,60,4.057004451751709,1.0,4.067544937133789,2.3215825531309044,0.0,1,24.0,0.0,0.0,2.8855350017547607,7_24_13_1C_Cycle.xlsx,0.0007045361033009448
A123_094,25C,120,4.043869495391846,1.0,4.069004535675049,2.337458620232249,0.0,1,24.0,0.0,0.0,2.8855350017547607,7_24_13_1C_Cycle.xlsx,0.01827944726288411
A123_094,25C,150,4.032842636108398,1.0,4.066734313964844,2.3129805215313786,0.0,1,24.0,0.0,0.0,2.8855350017547607,9_25_13_1C_Cycle.xlsx,0.0
A123_094,25C,150,4.033491134643555,1.0,4.067220687866211,2.317624775707721,0.0,1,24.0,0.0,0.0,2.8855350017547607,8_12_13_1C_Cycle.xlsx,0.0005428143432751252
A123_094,25C,60,2.5377116203308105,0.0,2.4874415397644043,-2.4997031554997524,-0.0,1,24.0,0.0,0.0,2.8855350017547607,3_4_14_1C_Cycle.xlsx,3.4901491898570484e-05
A123_094,25C,120,4.039329051971436,1.0,4.066896438598633,2.320157069772009,0.0,1,24.0,0.0,0.0,2.8855350017547607,8_1_13_1C_Cycle.xlsx,0.0
A123_094,25C,120,4.04176139831543,1.0,4.067707061767578,2.324281655634061,0.0,1,24.0,0.0,0.0,2.8855350017547607,1_23_14_1C_Cycle.xlsx,0.0
A123_094,25C,60,2.5043063163757324,0.0,2.4220902919769287,-2.499742002130669,-0.0,1,24.0,0.0,0.0,2.8855350017547607,2_20_14_1C_Cycle.xlsx,0.0022844882303376104
A123_094,25C,60,2.480468511581421,0.0,2.393549919128418,-2.4997140523549675,-0.0,1,24.0,0.0,0.0,2.8855350017547607,11_18_13_1C_Cycle.xlsx,9.916262829213994e-05
A123_094,25C,120,4.039977550506592,1.0,4.067058563232422,2.319537615787888,0.0,1,24.0,0.0,0.0,2.8855350017547607,8_1_13_1C_Cycle.xlsx,0.0
A123_094,25C,30,4.067058563232422,1.0,4.067058563232422,2.332451699576417,0.0,1,24.0,0.0,0.0,2.8855350017547607,9_16_13_1C_Cycle.xlsx,0.0009476154806783287
A123_094,25C,30,4.0680317878723145,1.0,4.0680317878723145,2.342535503401325,0.0,1,24.0,0.0,0.0,2.8855350017547607,1_23_14_1C_Cycle.xlsx,0.01628767526285702
A123_094,25C,90,2.5310630798339844,0.0,2.382198572158813,-2.4999036225405606,-0.0,1,24.0,0.0,0.0,2.8855350017547607,12_4_13_1C_Cycle.xlsx,0.0
A123_094,25C,60,4.071436882019043,1.0,4.0784101486206055,0.3138789320364594,0.0,1,24.0,0.0,1.0,3.553644180297852,6_28_13_1C_Cycle.xlsx,1.0
A123_094,25C,120,4.040788650512695,1.0,4.067220687866211,2.3278273116139805,0.0,1,24.0,0.0,0.0,2.8855350017547607,10_16_13_1C_Cycle.xlsx,0.00011552792278992532
A123_094,25C,30,4.075815200805664,1.0,4.075815200805664,0.897240420182546,0.0,1,24.0,0.0,1.0,3.553644180297852,10_07_13_1C_Cycle.xlsx,0.9854228845905076
A123_094,25C,30,2.4222524166107178,0.0,2.4222524166107178,-2.4997335572109045,-0.0,1,24.0,0.0,0.0,2.8855350017547607,2_20_14_1C_Cycle.xlsx,0.0015279983554033353
A123_094,25C,60,2.5250630378723145,0.0,2.473982095718384,-2.499743913349352,-0.0,1,24.0,0.0,0.0,2.8855350017547607,9_16_13_1C_Cycle.xlsx,0.0007705686154861012
A123_094,25C,60,2.549225091934204,0.0,2.504144191741944,-2.4766836266358885,-0.0,1,24.0,0.0,0.0,2.8855350017547607,2_20_14_1C_Cycle.xlsx,0.0016023831030435684
A123_094,25C,30,2.390630960464477,0.0,2.390630960464477,-2.499665862527387,-0.0,1,24.0,0.0,0.0,2.8855350017547607,8_12_13_1C_Cycle.xlsx,0.0
A123_094,25C,150,4.033004760742188,1.0,4.066734313964844,2.312933157152328,0.0,1,24.0,0.0,0.0,2.8855350017547607,9_25_13_1C_Cycle.xlsx,0.0
A123_094,25C,150,4.037545204162598,1.0,4.068518161773682,2.339386050376976,0.0,1,24.0,0.0,0.0,2.8855350017547607,3_4_14_1C_Cycle.xlsx,0.0
A123_094,25C,90,4.048572063446045,1.0,4.067220687866211,2.327184933095665,0.0,1,24.0,0.0,0.0838225330841476,2.9302802144547084,11_6_13_1C_Cycle.xlsx,0.0026537653392403656
A123_094,25C,60,2.470252513885498,0.0,2.375063419342041,-2.499869542839253,-0.0,1,24.0,0.0,0.0,2.8855350017547607,9_25_13_1C_Cycle.xlsx,0.0
A123_094,25C,60,4.057166576385498,1.0,4.067707061767578,2.334852759395876,0.0,1,24.0,0.0,0.0,2.8855350017547607,8_12_13_1C_Cycle.xlsx,0.002954721293700671
A123_094,25C,30,4.069004535675049,1.0,4.069004535675049,2.3415963241252404,0.0,1,24.0,0.0,0.0,2.8855350017547607,1_23_14_1C_Cycle.xlsx,0.0017091461566084345
A123_094,25C,30,2.4833874702453613,0.0,2.4833874702453613,-2.499906598397021,-0.0,1,24.0,0.0,0.0,2.8855350017547607,3_4_14_1C_Cycle.xlsx,0.0
A123_094,25C,60,4.060572147369385,1.0,4.069977760314941,2.357975228763787,0.0,1,24.0,0.0,0.0,2.8855350017547607,3_4_14_1C_Cycle.xlsx,0.0
A123_094,25C,60,4.059274673461914,1.0,4.06884241104126,2.3438159329896298,0.0,1,24.0,0.0,0.0,2.8855350017547607,12_13_13_1C_Cycle.xlsx,0.0
A123_094,25C,60,2.54079270362854,0.0,2.486468553543091,-2.4997622699381035,-0.0,1,24.0,0.0,0.0,2.8855350017547607,2_4_14_1C_Cycle.xlsx,0.0003321929434357575
A123_094,25C,90,2.5249009132385254,0.0,2.3812255859375,-2.499789577669802,-0.0,1,24.0,0.0,0.0,2.8855350017547607,9_25_13_1C_Cycle.xlsx,0.00015307418794696914
A123_094,25C,150,4.036734580993652,1.0,4.0680317878723145,2.33959049293608,0.0,1,24.0,0.0,0.0,2.8855350017547607,3_4_14_1C_Cycle.xlsx,0.0
A123_094,25C,30,2.374901294708252,0.0,2.374901294708252,-2.49977096841355,-0.0,1,24.0,0.0,0.0,2.8855350017547607,7_8_13_1C_Cycle.xlsx,0.0002450884808998896
A123_094,25C,90,4.047112941741943,1.0,4.066734313964844,2.315602326525315,0.0,1,24.0,0.0,0.0,2.8855350017547607,8_29_13_1C_Cycle.xlsx,2.376770231597267e-05
A123_094,25C,90,2.5558738708496094,0.0,2.4047391414642334,-2.4998347103048904,-0.0,1,24.0,0.0,0.0927144074875381,2.935471040997363,12_4_13_1C_Cycle.xlsx,0.03281759228837913
A123_094,25C,60,4.057328701019287,1.0,4.067869663238525,2.3249176272241643,0.0,1,24.0,0.0,0.0,2.8855350017547607,7_11_13_1C_Cycle.xlsx,7.3780320009847e-05
A123_094,25C,60,2.543225049972534,0.0,2.493117094039917,-2.4765966126848338,-0.0,1,24.0,0.0,0.0,2.8855350017547607,2_4_14_1C_Cycle.xlsx,0.016413282440558393
A123_094,25C,60,2.4772253036499023,0.0,2.3820364475250244,-2.499771706554868,-0.0,1,24.0,0.0,0.0,2.8855350017547607,1_23_14_1C_Cycle.xlsx,0.0001491000578205089
A123_094,25C,30,2.3886849880218506,0.0,2.3886849880218506,-2.4997367589370065,-0.0,1,24.0,0.0,0.0,2.8855350017547607,8_29_13_1C_Cycle.xlsx,0.00046222837048511694
A123_094,25C,120,2.5732250213623047,0.0,2.3922526836395264,-2.4997909826653024,-0.0,1,24.0,0.0,0.0,2.8855350017547607,2_4_14_1C_Cycle.xlsx,0.00012150086817355975
A123_094,25C,30,4.066896438598633,1.0,4.066896438598633,2.310549710827474,0.0,1,24.0,0.0,0.0,2.8855350017547607,7_5_13_1C_Cycle.xlsx,0.0
A123_094,25C,30,4.0673828125,1.0,4.0673828125,2.321666864791642,0.0,1,24.0,0.0,0.0,2.8855350017547607,2_4_14_1C_Cycle.xlsx,0.0005205773721659582
A123_094,25C,30,4.067058563232422,1.0,4.067058563232422,2.3309944263420816,0.0,1,24.0,0.0,0.0,2.8855350017547607,9_25_13_1C_Cycle.xlsx,0.0012790982096963438
A123_094,25C,150,4.032193660736084,1.0,4.066410064697266,2.3132130207463364,0.0,1,24.0,0.0,0.0,2.8855350017547607,9_25_13_1C_Cycle.xlsx,0.0
A123_094,25C,60,2.528144121170044,0.0,2.4773874282836914,-2.4997383999613536,-0.0,1,24.0,0.0,0.0,2.8855350017547607,10_07_13_1C_Cycle.xlsx,0.0007705686154861012
A123_094,25C,30,2.4485228061676025,0.0,2.4485228061676025,-2.499684036755171,-0.0,1,24.0,0.0,0.0,2.8855350017547607,7_3_13_1C_Cycle.xlsx,0.002668890088488439
A123_094,25C,150,4.037545204162598,1.0,4.069004535675049,2.337458620232249,0.0,1,24.0,0.0,0.0,2.8855350017547607,7_24_13_1C_Cycle.xlsx,0.01772981063982506
A123_094,25C,60,2.531873941421509,0.0,2.4773874282836914,-2.47703044356736,-0.0,1,24.0,0.0,0.0,2.8855350017547607,1_23_14_1C_Cycle.xlsx,4.112882263056108e-05
A123_094,25C,150,4.033166885375977,1.0,4.066734313964844,2.311420593503093,0.0,1,24.0,0.0,0.0,2.8855350017547607,10_16_13_1C_Cycle.xlsx,0.0
A123_094,25C,120,4.039653301239014,1.0,4.067058563232422,2.315819497070005,0.0,1,24.0,0.0,0.0,2.8855350017547607,8_29_13_1C_Cycle.xlsx,0.0016264814931112996
A123_094,25C,60,2.48063063621521,0.0,2.394036293029785,-2.499810109267364,-0.0,1,24.0,0.0,0.0,2.8855350017547607,11_18_13_1C_Cycle.xlsx,8.051146913310248e-05
A123_094,25C,150,4.033166885375977,1.0,4.066896438598633,2.3129183617038804,0.0,1,24.0,0.0,0.0,2.8855350017547607,10_07_13_1C_Cycle.xlsx,0.0
A123_094,25C,30,4.0680317878723145,1.0,4.0680317878723145,2.3204174160253346,0.0,1,24.0,0.0,0.0,2.8855350017547607,7_24_13_1C_Cycle.xlsx,0.00035938887668014404
A123_094,25C,90,2.497009038925171,0.0,2.374901294708252,-2.49977096841355,-0.0,1,24.0,0.0,0.0,2.8855350017547607,7_8_13_1C_Cycle.xlsx,0.0005807694679274465
A123_094,25C,90,4.046950817108154,1.0,4.066896438598633,2.313022009478729,0.0,1,24.0,0.0,0.0,2.8855350017547607,9_25_13_1C_Cycle.xlsx,0.0
A123_094,25C,30,4.067869663238525,1.0,4.067869663238525,2.3400881350563285,0.0,1,24.0,0.0,0.0,2.8855350017547607,3_4_14_1C_Cycle.xlsx,0.0
A123_094,25C,120,2.557008981704712,0.0,2.399874210357666,-2.499806230903691,-0.0,1,24.0,0.0,0.0,2.8855350017547607,8_1_13_1C_Cycle.xlsx,0.0015686824411727802
A123_094,25C,150,4.033491134643555,1.0,4.067058563232422,2.3333872444624824,0.0,1,24.0,0.0,0.0,2.8855350017547607,8_29_13_1C_Cycle.xlsx,0.0
A123_094,25C,60,4.057004451751709,1.0,4.067707061767578,2.31891243384471,0.0,1,24.0,0.0,0.0,2.8855350017547607,8_1_13_1C_Cycle.xlsx,0.0006423552268791673
A123_094,25C,30,4.069166660308838,1.0,4.069166660308838,2.343485481846027,0.0,1,24.0,0.0,0.0,2.8855350017547607,12_13_13_1C_Cycle.xlsx,0.0013341468638396377
A123_094,25C,90,2.531549453735352,0.0,2.3823606967926025,-2.4997091679959684,-0.0,1,24.0,0.0,0.0,2.8855350017547607,12_4_13_1C_Cycle.xlsx,7.463335852934962e-05
A123_094,25C,120,2.57987380027771,0.0,2.426630973815918,-2.499691332612082,-0.0,1,24.0,0.0,0.0,2.8855350017547607,2_20_14_1C_Cycle.xlsx,0.022230462630070787
A123_094,25C,120,4.040463924407959,1.0,4.066734313964844,2.3213761870627816,0.0,1,24.0,0.0,0.0,2.8855350017547607,2_4_14_1C_Cycle.xlsx,0.00019339402568969592
A123_094,25C,90,2.528306245803833,0.0,2.3774960041046143,-2.499848955443927,-0.0,1,24.0,0.0,0.0,2.8855350017547607,10_16_13_1C_Cycle.xlsx,0.0
A123_094,25C,30,4.071761131286621,1.0,4.072085857391357,0.6999309714883566,-0.0004639401854811,1,24.0,0.0,1.0,3.553644180297852,7_1_13_1C_Cycle.xlsx,0.783411357905882
A123_094,25C,60,4.05830192565918,1.0,4.0680317878723145,2.32692699816798,0.0,1,24.0,0.0,0.0,2.8855350017547607,12_4_13_1C_Cycle.xlsx,5.939120267126593e-05
A123_094,25C,30,2.452576875686645,0.0,2.452576875686645,-2.479177703101905,-0.0,1,24.0,0.0,0.0,2.8855350017547607,7_8_13_1C_Cycle.xlsx,0.0
A123_094,25C,90,4.05084228515625,1.0,4.068680286407471,2.344748472005634,0.0,1,24.0,0.0,0.0,2.8855350017547607,11_18_13_1C_Cycle.xlsx,0.0
A123_094,25C,150,4.036247730255127,1.0,4.067869663238525,2.3400881350563285,0.0,1,24.0,0.0,0.0,2.8855350017547607,3_4_14_1C_Cycle.xlsx,0.0
A123_094,25C,90,2.530414342880249,0.0,2.3778202533721924,-2.499930873923345,-0.0,1,24.0,0.0,0.0,2.8855350017547607,12_13_13_1C_Cycle.xlsx,0.0
A123_094,25C,150,4.033329010009766,1.0,4.066896438598633,2.3154930891769547,0.0,1,24.0,0.0,0.0,2.8855350017547607,8_29_13_1C_Cycle.xlsx,0.0
A123_094,25C,30,2.483063220977783,0.0,2.483063220977783,-2.4996782315743937,-0.0,1,24.0,0.0,0.0,2.8855350017547607,12_4_13_1C_Cycle.xlsx,0.0022916011118749315
A123_094,25C,30,4.066247940063477,1.0,4.066247940063477,2.31196560618306,0.0,1,24.0,0.0,0.0,2.8855350017547607,10_16_13_1C_Cycle.xlsx,0.0
A123_094,25C,90,4.0477614402771,1.0,4.066896438598633,2.332023670927423,0.0,1,24.0,0.0,0.0,2.8855350017547607,9_16_13_1C_Cycle.xlsx,0.00039028630119740545
A123_094,25C,150,4.033491134643555,1.0,4.0673828125,2.322015011345777,0.0,1,24.0,0.0,0.0,2.8855350017547607,7_17_13_1C_Cycle.xlsx,0.00018203969865310019
A123_094,25C,60,2.5270090103149414,0.0,2.478847026824951,-2.477979072340278,-0.0,1,24.0,0.0,0.0,2.8855350017547607,9_16_13_1C_Cycle.xlsx,4.18870010101365e-05
A123_094,25C,60,4.058788299560547,1.0,4.068518161773682,2.339386050376976,0.0,1,24.0,0.0,0.0,2.8855350017547607,3_4_14_1C_Cycle.xlsx,3.9368333903880145e-05
A123_094,25C,120,4.040950775146484,1.0,4.0673828125,2.3245503118532334,0.0,1,24.0,0.0,0.0,2.8855350017547607,12_13_13_1C_Cycle.xlsx,0.0
A123_094,25C,30,2.4770631790161133,0.0,2.386414766311645,-2.499863141405899,-0.0362613501527479,1,24.0,0.0,0.0,2.8855350017547607,10_07_13_1C_Cycle.xlsx,0.0009072101189075565
A123_094,25C,30,4.067220687866211,1.0,4.067220687866211,2.324706271290779,0.0,1,24.0,0.0,0.0,2.8855350017547607,12_13_13_1C_Cycle.xlsx,0.0003751166802930123
A123_094,25C,30,4.068518161773682,1.0,4.068518161773682,2.339512832201364,0.0,1,24.0,0.0,0.0,2.8855350017547607,2_20_14_1C_Cycle.xlsx,1.3709505374194577e-05
A123_094,25C,30,2.3987390995025635,0.0,2.3987390995025635,-2.4998108607072096,-0.0,1,24.0,0.0,0.0,2.8855350017547607,8_1_13_1C_Cycle.xlsx,0.0011458600882247687
A123_094,25C,90,2.5247387886047363,0.0,2.377171516418457,-2.499821557407885,-0.0,1,24.0,0.0,0.0,2.8855350017547607,10_07_13_1C_Cycle.xlsx,0.0
A123_094,25C,120,4.040626049041748,1.0,4.067058563232422,2.3321036715365824,0.0,1,24.0,0.0,0.0,2.8855350017547607,9_16_13_1C_Cycle.xlsx,0.0
A123_094,25C,90,2.5252251625061035,0.0,2.3799283504486084,-2.4998727414460307,-0.0,1,24.0,0.0,0.0,2.8855350017547607,9_25_13_1C_Cycle.xlsx,0.0
A123_094,25C,60,2.5273332595825195,0.0,2.4734957218170166,-2.477463299735973,-0.0,1,24.0,0.0,0.0,2.8855350017547607,11_18_13_1C_Cycle.xlsx,4.18870010101365e-05
A123_094,25C,90,4.047275066375732,1.0,4.067058563232422,2.315934602231268,0.0,1,24.0,0.0,0.0,2.8855350017547607,8_29_13_1C_Cycle.xlsx,0.0
A123_094,25C,120,2.557495355606079,0.0,2.382522821426392,-2.4997495950850763,-0.0,1,24.0,0.0,0.0,2.8855350017547607,9_25_13_1C_Cycle.xlsx,7.048478007930001e-05
A123_094,25C,150,4.033491134643555,1.0,4.067058563232422,2.314234561733598,0.0,1,24.0,0.0,0.0,2.8855350017547607,9_16_13_1C_Cycle.xlsx,0.0
A123_094,25C,90,2.532684564590454,0.0,2.384955406188965,-2.4995473133666173,-0.0,1,24.0,0.0,0.0,2.8855350017547607,10_16_13_1C_Cycle.xlsx,0.0
A123_094,25C,120,4.039329051971436,1.0,4.066734313964844,2.3130131234399607,0.0,1,24.0,0.0,0.0,2.8855350017547607,9_25_13_1C_Cycle.xlsx,0.0
A123_094,25C,60,2.4773874282836914,0.0,2.394036293029785,-2.4998386660192766,-0.0,1,24.0,0.0,0.0,2.8855350017547607,8_1_13_1C_Cycle.xlsx,0.0
A123_094,25C,30,4.067220687866211,1.0,4.067220687866211,2.3211044306340427,0.0,1,24.0,0.0,0.0,2.8855350017547607,2_4_14_1C_Cycle.xlsx,0.00022624085822297687
A123_094,25C,60,4.056031703948975,1.0,4.066572189331055,2.327657221119945,0.0,1,24.0,0.0,0.0,2.8855350017547607,11_6_13_1C_Cycle.xlsx,0.00013309782817901434
A123_094,25C,90,4.048247814178467,1.0,4.0673828125,2.321261030775825,0.0,1,24.0,0.0,0.0186053588834986,2.8954667075857605,7_24_13_1C_Cycle.xlsx,0.0005434009984892776
A123_094,25C,60,4.057491302490234,1.0,4.067869663238525,2.324189029761359,0.0,1,24.0,0.0,0.0,2.8855350017547607,1_23_14_1C_Cycle.xlsx,0.00012387718750458924
A123_094,25C,60,2.488900899887085,0.0,2.401495933532715,-2.4997014687440107,-0.0,1,24.0,0.0,0.0,2.8855350017547607,3_4_14_1C_Cycle.xlsx,0.0020006078055132917
A123_094,25C,120,2.565765619277954,0.0,2.380901336669922,-2.4997254491926317,-0.0,1,24.0,0.0,0.0,2.8855350017547607,12_4_13_1C_Cycle.xlsx,2.525361951753051e-05
A123_094,25C,60,2.4801442623138428,0.0,2.393712043762207,-2.4997336159581725,-0.0,1,24.0,0.0,0.0,2.8855350017547607,8_29_13_1C_Cycle.xlsx,0.0003721737766014644
A123_094,25C,150,4.033653259277344,1.0,4.067220687866211,2.3139819120609664,0.0,1,24.0,0.0,0.0,2.8855350017547607,8_29_13_1C_Cycle.xlsx,0.00016640528320619572
A123_094,25C,120,2.568846702575684,0.0,2.40376615524292,-2.499679509724412,-0.0,1,24.0,0.0,0.0,2.8855350017547607,3_4_14_1C_Cycle.xlsx,0.0008965903498352925
A123_094,25C,150,4.040139675140381,1.0,4.069977760314941,2.3436567898902854,0.0,1,24.0,0.0,0.0,2.8855350017547607,11_18_13_1C_Cycle.xlsx,0.0
A123_094,25C,30,2.3925769329071045,0.0,2.3925769329071045,-2.49973683529072,-0.0,1,24.0,0.0,0.0,2.8855350017547607,11_18_13_1C_Cycle.xlsx,0.0005414446002293835
A123_094,25C,60,2.523927927017212,0.0,2.4770631790161133,-2.4784900566860952,-0.0,1,24.0,0.0,0.0,2.8855350017547607,8_12_13_1C_Cycle.xlsx,4.785977466715612e-05
A123_094,25C,90,2.5294413566589355,0.0,2.3946850299835205,-2.499731231154057,-0.0,1,24.0,0.0,0.0,2.8855350017547607,9_16_13_1C_Cycle.xlsx,0.0004768720136031432
A123_094,25C,30,2.397279739379883,0.0,2.397279739379883,-2.499731289929357,-0.0,1,24.0,0.0,0.0,2.8855350017547607,8_12_13_1C_Cycle.xlsx,0.00189759633839746
A123_094,25C,120,2.5579819679260254,0.0,2.386739015579224,-2.499772448288767,-0.0,1,24.0,0.0,0.0,2.8855350017547607,9_16_13_1C_Cycle.xlsx,0.00015947820448035561
A123_094,25C,30,2.389820098876953,0.0,2.389820098876953,-2.499005475948597,-0.0,1,24.0,0.0,0.0,2.8855350017547607,8_12_13_1C_Cycle.xlsx,0.0
A123_094,25C,30,2.4961981773376465,0.0,2.413495779037476,-2.499695916970571,-0.0330849835528793,1,24.0,0.0,0.0,2.8855350017547607,2_4_14_1C_Cycle.xlsx,0.0018094869215542451
A123_094,25C,30,2.38722562789917,0.0,2.38722562789917,-2.499736681705764,-0.0,1,24.0,0.0,0.0,2.8855350017547607,7_15_13_1C_Cycle.xlsx,0.00046222837048511694
A123_094,25C,30,2.474792957305908,0.0,2.474792957305908,-2.477600445378422,-0.0,1,24.0,0.0,0.0,2.8855350017547607,11_6_13_1C_Cycle.xlsx,5.442395060204309e-05
A123_094,25C,30,2.476252317428589,0.0,2.476252317428589,-2.478012071544831,-0.0,1,24.0,0.0,0.0,2.8855350017547607,9_16_13_1C_Cycle.xlsx,5.442395060204309e-05
A123_094,25C,150,4.029112815856934,1.0,4.065923690795898,2.267708539245305,0.0,1,24.0,0.0,0.0,2.8855350017547607,7_3_13_1C_Cycle.xlsx,0.0
A123_094,25C,120,2.5620357990264893,0.0,2.3760364055633545,-2.499753764697484,-0.0,1,24.0,0.0,0.0,2.8855350017547607,10_16_13_1C_Cycle.xlsx,7.048478007930001e-05
A123_094,25C,30,2.47446870803833,0.0,2.47446870803833,-2.477763542092603,-0.0,1,24.0,0.0,0.0,2.8855350017547607,10_16_13_1C_Cycle.xlsx,5.442395060204309e-05
A123_094,25C,120,4.039329051971436,1.0,4.066734313964844,2.30534478178015,0.0,1,24.0,0.0,0.0,2.8855350017547607,7_19_13_1C_Cycle.xlsx,0.003129222982271396
A123_094,25C,60,4.05684232711792,1.0,4.067058563232422,2.3209472952329597,0.0,1,24.0,0.0,0.0,2.8855350017547607,2_4_14_1C_Cycle.xlsx,0.0
A123_094,25C,120,4.032680511474609,1.0,4.066572189331055,2.3145694406173094,0.0,1,24.0,0.0,0.0,2.8855350017547607,9_16_13_1C_Cycle.xlsx,0.002715627259852882
A123_094,25C,90,4.047112941741943,1.0,4.066896438598633,2.331461831249974,0.0,1,24.0,0.0,0.0,2.8855350017547607,10_07_13_1C_Cycle.xlsx,0.0003539942526693192
A123_094,25C,60,4.058950424194336,1.0,4.06884241104126,2.3390865164498487,0.0,1,24.0,0.0,0.0,2.8855350017547607,3_4_14_1C_Cycle.xlsx,0.0
A123_094,25C,90,2.528306245803833,0.0,2.38722562789917,-2.499754392995244,-0.0,1,24.0,0.0,0.0,2.8855350017547607,10_07_13_1C_Cycle.xlsx,0.0002776257140288466
A123_094,25C,60,4.056355953216553,1.0,4.067058563232422,2.3175872113704683,0.0,1,24.0,0.0,0.0,2.8855350017547607,8_12_13_1C_Cycle.xlsx,0.000804776374782179
A123_094,25C,60,2.53625226020813,0.0,2.4812793731689453,-2.476579879232708,-0.0,1,24.0,0.0,0.0,2.8855350017547607,3_4_14_1C_Cycle.xlsx,0.0
A123_094,25C,60,4.059112548828125,1.0,4.06884241104126,2.344676508552442,0.0,1,24.0,0.0,0.0,2.8855350017547607,11_18_13_1C_Cycle.xlsx,0.0
A123_094,25C,30,2.483874082565308,0.0,2.483874082565308,-2.477134860422764,-0.0,1,24.0,0.0,0.0,2.8855350017547607,12_4_13_1C_Cycle.xlsx,2.6297531668736386e-06
A123_094,25C,30,4.066572189331055,1.0,4.066572189331055,2.311071135473153,0.0,1,24.0,0.0,0.0,2.8855350017547607,10_16_13_1C_Cycle.xlsx,9.281872223232083e-05
A123_094,25C,90,4.045653343200684,1.0,4.066247940063477,2.30838817178972,0.0,1,24.0,0.0,0.0,2.8855350017547607,7_15_13_1C_Cycle.xlsx,0.0
A123_094,25C,30,4.066247940063477,1.0,4.066247940063477,2.311335424869513,0.0,1,24.0,0.0,0.0,2.8855350017547607,10_16_13_1C_Cycle.xlsx,0.0
A123_094,25C,30,4.066410064697266,1.0,4.066410064697266,2.3185874039530754,0.0,1,24.0,0.0,0.0,2.8855350017547607,8_12_13_1C_Cycle.xlsx,0.0
A123_094,25C,90,4.049707412719727,1.0,4.0680317878723145,2.3269528142419182,0.0,1,24.0,0.0,0.0,2.8855350017547607,12_4_13_1C_Cycle.xlsx,0.001186589113043403
A123_094,25C,150,4.036409854888916,1.0,4.0680317878723145,2.326785800587229,0.0,1,24.0,0.0,0.0,2.8855350017547607,12_4_13_1C_Cycle.xlsx,0.0
A123_094,25C,30,2.3763606548309326,0.0,2.3763606548309326,-2.49973763525486,-0.0,1,24.0,0.0,0.0,2.8855350017547607,10_16_13_1C_Cycle.xlsx,0.0003048378008613359
A123_094,25C,30,2.4713876247406006,0.0,2.4713876247406006,-2.477498785786988,-0.0,1,24.0,0.0,0.0,2.8855350017547607,11_6_13_1C_Cycle.xlsx,5.442395060204309e-05
A123_094,25C,150,4.035274982452393,1.0,4.067869663238525,2.324249220072714,0.0,1,24.0,0.0,0.0,2.8855350017547607,1_23_14_1C_Cycle.xlsx,0.0
A123_094,25C,90,4.046626091003418,1.0,4.066247940063477,2.3119461819036933,0.0,1,24.0,0.0,0.0,2.8855350017547607,10_16_13_1C_Cycle.xlsx,0.0
A123_094,25C,30,2.386901378631592,0.0,2.386901378631592,-2.499750254447,-0.0,1,24.0,0.0,0.0,2.8855350017547607,9_16_13_1C_Cycle.xlsx,0.0003932736425305009
A123_094,25C,30,2.47754979133606,0.0,2.47754979133606,-2.4997084721275,-0.0,1,24.0,0.0,0.0,2.8855350017547607,8_29_13_1C_Cycle.xlsx,0.0
A123_094,25C,60,2.4772253036499023,0.0,2.39176607131958,-2.4996113427754105,-0.0,1,24.0,0.0,0.0,2.8855350017547607,8_12_13_1C_Cycle.xlsx,0.0
A123_094,25C,90,2.540144205093384,0.0,2.3927390575408936,-2.499792671649256,-0.0,1,24.0,0.0,0.0,2.8855350017547607,2_4_14_1C_Cycle.xlsx,0.00018746560279026743
A123_094,25C,150,4.033004760742188,1.0,4.066896438598633,2.3128887264699234,0.0,1,24.0,0.0,0.0,2.8855350017547607,9_25_13_1C_Cycle.xlsx,0.0
A123_094,25C,120,4.061545372009277,1.0,4.075653076171875,0.9003720606366793,0.0,1,24.0,0.0,1.0,3.553644180297852,8_1_13_1C_Cycle.xlsx,0.9953666749583718
A123_094,25C,30,4.067058563232422,1.0,4.067058563232422,2.327705838975786,0.0,1,24.0,0.0,0.0,2.8855350017547607,11_6_13_1C_Cycle.xlsx,0.0018093940013092515
A123_094,25C,30,2.4760901927948,0.0,2.4760901927948,-2.499735217910629,-0.0,1,24.0,0.0,0.0,2.8855350017547607,12_4_13_1C_Cycle.xlsx,0.0006218664121453558
A123_094,25C,120,4.040626049041748,1.0,4.067220687866211,2.3247000978797927,0.0,1,24.0,0.0,0.0,2.8855350017547607,12_13_13_1C_Cycle.xlsx,9.752502774288125e-05
A123_094,25C,60,2.496360540390014,0.0,2.449657917022705,-2.479352911765785,-0.0,1,24.0,0.0,0.0,2.8855350017547607,7_5_13_1C_Cycle.xlsx,0.001051876726592076
A123_094,25C,120,2.563819646835327,0.0,2.389495849609375,-2.4997015432877974,-0.0,1,24.0,0.0,0.0,2.8855350017547607,12_13_13_1C_Cycle.xlsx,0.0
A123_094,25C,90,4.0474371910095215,1.0,4.066896438598633,2.3281142575149776,0.0,1,24.0,0.0,0.0,2.8855350017547607,11_6_13_1C_Cycle.xlsx,0.00020628961250899824
A123_094,25C,120,2.566089868545532,0.0,2.380739212036133,-2.4997368886930134,-0.0,1,24.0,0.0,0.0,2.8855350017547607,1_23_14_1C_Cycle.xlsx,0.00022138939226989815
A123_094,25C,30,4.07030200958252,1.0,4.07030200958252,2.3621951124479628,0.0,1,24.0,0.0,0.0,2.8855350017547607,11_18_13_1C_Cycle.xlsx,0.0005788712620733413
A123_094,25C,30,2.4713876247406006,0.0,2.4713876247406006,-2.477773142132735,-0.0,1,24.0,0.0,0.0,2.8855350017547607,10_16_13_1C_Cycle.xlsx,5.442395060204309e-05
A123_094,25C,30,2.44446873664856,0.0,2.44446873664856,-2.479369071496809,-0.0,1,24.0,0.0,0.0,2.8855350017547607,7_3_13_1C_Cycle.xlsx,0.0029520598614632978
A123_094,25C,30,4.066896438598633,1.0,4.066896438598633,2.3194472860131,0.0,1,24.0,0.0,0.0,2.8855350017547607,8_1_13_1C_Cycle.xlsx,0.0
A123_094,25C,90,4.041923522949219,1.0,4.067869663238525,2.324195210622926,0.0,1,24.0,0.0,0.0,2.8855350017547607,1_23_14_1C_Cycle.xlsx,0.0
A123_094,25C,150,4.035112857818604,1.0,4.067869663238525,2.319214993112144,0.0,1,24.0,0.0,0.0,2.8855350017547607,7_24_13_1C_Cycle.xlsx,0.0
A123_094,25C,30,4.068518161773682,1.0,4.068518161773682,2.3394019039053666,0.0,1,24.0,0.0,0.0,2.8855350017547607,2_20_14_1C_Cycle.xlsx,1.3709505374194577e-05
A123_094,25C,90,4.047923564910889,1.0,4.067220687866211,2.332269552850821,0.0,1,24.0,0.0,0.0,2.8855350017547607,9_16_13_1C_Cycle.xlsx,0.0007488852502800438
A123_094,25C,90,2.526522397994995,0.0,2.38268518447876,-2.499767187422356,-0.0,1,24.0,0.0,0.0,2.8855350017547607,10_07_13_1C_Cycle.xlsx,0.00015307418794696914
A123_094,25C,150,4.034950733184815,1.0,4.067220687866211,2.327184933095665,0.0,1,24.0,0.0,0.0838225330841476,2.9302802144547084,11_6_13_1C_Cycle.xlsx,0.0021082053480458245
A123_094,25C,150,4.038193702697754,1.0,4.069328784942627,2.336953902410136,0.0,1,24.0,0.0,0.0,2.8855350017547607,7_24_13_1C_Cycle.xlsx,0.0
A123_094,25C,30,2.466036081314087,0.0,2.466036081314087,-2.49979277627658,-0.0,1,24.0,0.0,0.0,2.8855350017547607,9_25_13_1C_Cycle.xlsx,0.0
A123_094,25C,30,4.0680317878723145,1.0,4.0680317878723145,2.342460744532532,0.0,1,24.0,0.0,0.0,2.8855350017547607,1_23_14_1C_Cycle.xlsx,0.01628767526285702
A123_094,25C,30,2.39322566986084,0.0,2.39322566986084,-2.499837787301691,-0.0,1,24.0,0.0,0.0,2.8855350017547607,11_18_13_1C_Cycle.xlsx,0.0
A123_094,25C,60,4.059112548828125,1.0,4.068193912506104,2.3396126570408806,0.0,1,24.0,0.0,0.0,2.8855350017547607,2_20_14_1C_Cycle.xlsx,0.0
A123_094,25C,30,4.0673828125,1.0,4.0673828125,2.3221260109755,0.0,1,24.0,0.0,0.0,2.8855350017547607,7_19_13_1C_Cycle.xlsx,0.0005205773721659582
A123_094,25C,60,4.05684232711792,1.0,4.067058563232422,2.327537327629177,0.0,1,24.0,0.0,0.0,2.8855350017547607,11_6_13_1C_Cycle.xlsx,0.0001176560438475105
A123_094,25C,30,4.067707061767578,1.0,4.067707061767578,2.325349080865666,0.0,1,24.0,0.0,0.0,2.8855350017547607,12_4_13_1C_Cycle.xlsx,0.00027393530892888237
A123_094,25C,30,2.472846984863281,0.0,2.472846984863281,-2.477784337688122,-0.0,1,24.0,0.0,0.0,2.8855350017547607,10_16_13_1C_Cycle.xlsx,5.442395060204309e-05
A123_094,25C,60,2.557657480239868,0.0,2.51209020614624,-2.499674729581149,-0.0,1,24.0,0.0,0.0,2.8855350017547607,2_20_14_1C_Cycle.xlsx,0.058491156431652445
A123_094,25C,60,2.4919819831848145,0.0,2.40230655670166,-2.499713793135526,-0.0,1,24.0,0.0,0.0,2.8855350017547607,8_29_13_1C_Cycle.xlsx,0.0019883884768091653
A123_094,25C,60,2.4791712760925293,0.0,2.3945229053497314,-2.4996826607956844,-0.0,1,24.0,0.0,0.0,2.8855350017547607,8_1_13_1C_Cycle.xlsx,0.00037051853342288905
A123_094,25C,90,4.048085689544678,1.0,4.0673828125,2.318911003155841,0.0,1,24.0,0.0,0.0,2.8855350017547607,8_1_13_1C_Cycle.xlsx,0.0002737165638780485
A123_094,25C,60,2.47754979133606,0.0,2.38884711265564,-2.4997264753308213,-0.0,1,24.0,0.0,0.0,2.8855350017547607,9_16_13_1C_Cycle.xlsx,0.00014109665042123082
A123_094,25C,120,4.039166927337647,1.0,4.066896438598633,2.308824769636759,0.0,1,24.0,0.0,0.0,2.8855350017547607,7_8_13_1C_Cycle.xlsx,0.001949386136105128
A123_094,25C,30,2.397928237915039,0.0,2.397928237915039,-2.499678542397239,-0.0,1,24.0,0.0,0.0,2.8855350017547607,12_13_13_1C_Cycle.xlsx,0.0011543471339660748
A123_094,25C,30,4.068518161773682,1.0,4.068518161773682,2.339363864247213,0.0,1,24.0,0.0,0.0,2.8855350017547607,2_20_14_1C_Cycle.xlsx,1.3709505374194577e-05
A123_094,25C,60,4.057491302490234,1.0,4.067869663238525,2.3242152801308875,0.0,1,24.0,0.0,0.0,2.8855350017547607,1_23_14_1C_Cycle.xlsx,0.00011017203018374801
A123_094,25C,60,2.5249009132385254,0.0,2.47317123413086,-2.4779253602630398,-0.0,1,24.0,0.0,0.0,2.8855350017547607,9_25_13_1C_Cycle.xlsx,4.18870010101365e-05
A123_094,25C,90,2.5292792320251465,0.0,2.378468990325928,-2.499704831296748,-0.0,1,24.0,0.0,0.0,2.8855350017547607,12_13_13_1C_Cycle.xlsx,7.463335852934962e-05
A123_094,25C,30,4.069653034210205,1.0,4.069653034210205,2.344134497124765,0.0,1,24.0,0.0,0.0,2.8855350017547607,11_18_13_1C_Cycle.xlsx,0.0
A123_094,25C,30,4.069977760314941,1.0,4.069977760314941,2.3362340814182683,0.0,1,24.0,0.0,0.0,2.8855350017547607,7_24_13_1C_Cycle.xlsx,0.0
A123_094,25C,120,2.5670628547668457,0.0,2.3776581287384038,-2.4999441378707186,-0.0,1,24.0,0.0,0.0,2.8855350017547607,1_23_14_1C_Cycle.xlsx,0.0
A123_094,25C,60,2.5268468856811523,0.0,2.478684902191162,-2.49994841374849,-0.0,1,24.0,0.0,0.0,2.8855350017547607,9_16_13_1C_Cycle.xlsx,0.0
A123_094,25C,90,2.5297658443450928,0.0,2.393549919128418,-2.4997140523549675,-0.0,1,24.0,0.0,0.0,2.8855350017547607,11_18_13_1C_Cycle.xlsx,0.0002385099381029681
A123_094,25C,60,4.056355953216553,1.0,4.067058563232422,2.3158311578294923,0.0,1,24.0,0.0,0.0,2.8855350017547607,8_29_13_1C_Cycle.xlsx,4.410060527003809e-05
A123_094,25C,30,2.389495849609375,0.0,2.389495849609375,-2.4997015432877974,-0.0,1,24.0,0.0,0.0,2.8855350017547607,12_13_13_1C_Cycle.xlsx,0.00020934007219497287
A123_094,25C,30,4.068356037139893,1.0,4.068356037139893,2.344763779665454,0.0,1,24.0,0.0,0.0,2.8855350017547607,11_18_13_1C_Cycle.xlsx,0.0012581593842488936
A123_094,25C,150,4.033166885375977,1.0,4.066734313964844,2.3131597235065997,0.0,1,24.0,0.0,0.0,2.8855350017547607,10_07_13_1C_Cycle.xlsx,0.0
A123_094,25C,150,4.033166885375977,1.0,4.067058563232422,2.3202316520351265,0.0,1,24.0,0.0,0.0,2.8855350017547607,8_1_13_1C_Cycle.xlsx,0.0
A123_094,25C,60,4.054409980773926,1.0,4.065923690795898,2.267708539245305,0.0,1,24.0,0.0,0.0,2.8855350017547607,7_3_13_1C_Cycle.xlsx,0.0
A123_094,25C,120,2.5253872871398926,0.0,2.3617663383483887,-2.499660474209746,-0.0,1,24.0,0.0,0.0,2.8855350017547607,7_5_13_1C_Cycle.xlsx,0.0
A123_094,25C,30,4.069490909576416,1.0,4.069490909576416,2.3387330969174704,0.0,1,24.0,0.0,0.0,2.8855350017547607,3_4_14_1C_Cycle.xlsx,0.0
A123_094,25C,30,4.0680317878723145,1.0,4.0680317878723145,2.3397299632299364,0.0,1,24.0,0.0,0.0,2.8855350017547607,2_20_14_1C_Cycle.xlsx,6.893186276340696e-05
A123_094,25C,120,2.565441370010376,0.0,2.382522821426392,-2.4998379057103937,-0.0,1,24.0,0.0,0.0,2.8855350017547607,12_4_13_1C_Cycle.xlsx,0.0
A123_094,25C,30,4.06884241104126,1.0,4.06884241104126,2.3438159329896298,0.0,1,24.0,0.0,0.0,2.8855350017547607,12_13_13_1C_Cycle.xlsx,0.001294652979856957
A123_094,25C,60,4.056193828582764,1.0,4.066734313964844,2.315495965281321,0.0,1,24.0,0.0,0.0,2.8855350017547607,8_29_13_1C_Cycle.xlsx,0.00023791688861008676
A123_094,25C,60,2.5039820671081543,0.0,2.4222524166107178,-2.499845030151795,-0.0,1,24.0,0.0,0.0,2.8855350017547607,2_20_14_1C_Cycle.xlsx,0.0
A123_094,25C,90,2.53025221824646,0.0,2.379279613494873,-2.4996999003670437,-0.0,1,24.0,0.0,0.0,2.8855350017547607,12_13_13_1C_Cycle.xlsx,7.463335852934962e-05
A123_094,25C,120,4.040139675140381,1.0,4.067058563232422,2.328194734491721,0.0,1,24.0,0.0,0.0,2.8855350017547607,11_6_13_1C_Cycle.xlsx,0.0
A123_094,25C,60,2.4833874702453613,0.0,2.39322566986084,-2.499694971604781,-0.0,1,24.0,0.0,0.0,2.8855350017547607,12_13_13_1C_Cycle.xlsx,8.171373541552563e-05
A123_094,25C,120,4.042085647583008,1.0,4.067869663238525,2.338432182516672,0.0,1,24.0,0.0,0.0,2.8855350017547607,3_4_14_1C_Cycle.xlsx,0.0011992237945268765
A123_094,25C,120,4.039653301239014,1.0,4.066734313964844,2.314431393352466,0.0,1,24.0,0.0,0.0,2.8855350017547607,9_16_13_1C_Cycle.xlsx,0.001840205563128949
A123_094,25C,30,2.4757659435272217,0.0,2.4757659435272217,-2.4778239027006763,-0.0,1,24.0,0.0,0.0,2.8855350017547607,10_07_13_1C_Cycle.xlsx,5.442395060204309e-05
A123_094,25C,120,2.5644683837890625,0.0,2.384793281555176,-2.49990525895899,-0.0,1,24.0,0.0,0.0,2.8855350017547607,12_4_13_1C_Cycle.xlsx,0.0
A123_094,25C,90,2.4955496788024902,0.0,2.3632256984710693,-2.499761051818973,-0.0,1,24.0,0.0,0.0,2.8855350017547607,7_3_13_1C_Cycle.xlsx,0.0006021028603593408
A123_094,25C,120,2.563819646835327,0.0,2.39176607131958,-2.4997015432877974,-0.0,1,24.0,0.0,0.0,2.8855350017547607,12_13_13_1C_Cycle.xlsx,0.0
A123_094,25C,60,4.055545330047607,1.0,4.066410064697266,2.316699546311171,0.0,1,24.0,0.0,0.0,2.8855350017547607,8_29_13_1C_Cycle.xlsx,0.0
A123_094,25C,60,2.52571177482605,0.0,2.4799821376800537,-2.4785482712293248,-0.0,1,24.0,0.0,0.0,2.8855350017547607,8_1_13_1C_Cycle.xlsx,0.00014801990837105114
A123_094,25C,90,4.0495452880859375,1.0,4.0680317878723145,2.324921920832436,0.0,1,24.0,0.0,0.0,2.8855350017547607,12_4_13_1C_Cycle.xlsx,0.0
A123_094,25C,30,2.447549819946289,0.0,2.447549819946289,-2.4996798465836725,-0.0,1,24.0,0.0,0.1239297544096464,2.9543819594244725,2_20_14_1C_Cycle.xlsx,0.005365526524869244
A123_094,25C,120,4.039653301239014,1.0,4.067220687866211,2.317773662388325,0.0,1,24.0,0.0,0.0,2.8855350017547607,8_12_13_1C_Cycle.xlsx,0.002234779705052837
A123_094,25C,150,4.028302192687988,1.0,4.065436840057373,2.2814442440867424,0.0,1,24.0,0.0,0.0,2.8855350017547607,7_3_13_1C_Cycle.xlsx,0.0
A123_094,25C,30,2.399874210357666,0.0,2.399874210357666,-2.499727081608128,-0.0,1,24.0,0.0,0.0,2.8855350017547607,11_18_13_1C_Cycle.xlsx,0.0013197557356049788
A123_094,25C,30,4.067058563232422,1.0,4.067058563232422,2.317189687669277,0.0,1,24.0,0.0,0.0,2.8855350017547607,8_12_13_1C_Cycle.xlsx,0.0
A123_094,25C,60,4.057004451751709,1.0,4.067544937133789,2.3194946087305506,0.0,1,24.0,0.0,0.0,2.8855350017547607,7_24_13_1C_Cycle.xlsx,0.0006423552268791673
A123_094,25C,120,4.039491176605225,1.0,4.069004535675049,2.3401017851155737,0.0,1,24.0,0.0,0.0,2.8855350017547607,2_4_14_1C_Cycle.xlsx,0.0001657096275976213
A123_094,25C,30,2.484522581100464,0.0,2.484522581100464,-2.4771618767842565,-0.0,1,24.0,0.0,0.0,2.8855350017547607,1_23_14_1C_Cycle.xlsx,2.6297531668736386e-06
A123_094,25C,30,4.066896438598633,1.0,4.066896438598633,2.3141978408505275,0.0,1,24.0,0.0,0.0,2.8855350017547607,9_16_13_1C_Cycle.xlsx,0.0
A123_094,25C,90,4.045815467834473,1.0,4.066410064697266,2.293649280116758,0.0,1,24.0,0.0,0.0,2.8855350017547607,7_8_13_1C_Cycle.xlsx,0.01937108448703849
A123_094,25C,30,2.3721444606781006,0.0,2.3721444606781006,-2.49978081170503,-0.0,1,24.0,0.0,0.0,2.8855350017547607,11_6_13_1C_Cycle.xlsx,0.0002664218733317839
A123_094,25C,60,2.5021982192993164,0.0,2.455820083618164,-2.479493230636675,-0.0,1,24.0,0.0,0.0,2.8855350017547607,7_3_13_1C_Cycle.xlsx,0.00015587250588699792
A123_094,25C,30,4.069004535675049,1.0,4.069004535675049,2.3447775410772382,0.0,1,24.0,0.0,0.0,2.8855350017547607,11_18_13_1C_Cycle.xlsx,0.0011944376251010519
A123_094,25C,150,4.036085605621338,1.0,4.0680317878723145,2.3379690968801103,0.0,1,24.0,0.0,0.0,2.8855350017547607,7_19_13_1C_Cycle.xlsx,0.02337195056221924
A123_094,25C,120,2.5581440925598145,0.0,2.377171516418457,-2.499821557407885,-0.0,1,24.0,0.0,0.0,2.8855350017547607,10_07_13_1C_Cycle.xlsx,0.0
A123_094,25C,30,2.378468990325928,0.0,2.378468990325928,-2.499886620152104,-0.0,1,24.0,0.0,0.0,2.8855350017547607,11_6_13_1C_Cycle.xlsx,4.160405182424322e-05
A123_094,25C,60,2.484360456466675,0.0,2.3907930850982666,-2.499856853039465,-0.0,1,24.0,0.0,0.0,2.8855350017547607,3_4_14_1C_Cycle.xlsx,0.0
A123_094,25C,90,4.047923564910889,1.0,4.067058563232422,2.32801557563934,0.0,1,24.0,0.0,0.0,2.8855350017547607,11_6_13_1C_Cycle.xlsx,0.0
A123_094,25C,90,4.0477614402771,1.0,4.067544937133789,2.323836901516188,0.0,1,24.0,0.0,0.0,2.8855350017547607,7_15_13_1C_Cycle.xlsx,0.0002594247036496156
A123_094,25C,30,2.401495933532715,0.0,2.401495933532715,-2.499614945912765,-0.0,1,24.0,0.0,0.0,2.8855350017547607,7_24_13_1C_Cycle.xlsx,0.0011660824517149137
A123_094,25C,120,4.044517993927002,1.0,4.069328784942627,2.3444437810803875,0.0,1,24.0,0.0,0.0,2.8855350017547607,11_18_13_1C_Cycle.xlsx,0.0
A123_094,25C,60,4.056518077850342,1.0,4.067220687866211,2.319537632522129,0.0,1,24.0,0.0,0.0,2.8855350017547607,8_1_13_1C_Cycle.xlsx,0.0005410710173993356
A123_094,25C,30,4.067869663238525,1.0,4.067869663238525,2.3252143417248283,0.0,1,24.0,0.0,0.0,2.8855350017547607,12_4_13_1C_Cycle.xlsx,0.0
A123_094,25C,60,2.536414384841919,0.0,2.482252359390259,-2.4997656479060093,-0.0,1,24.0,0.0,0.0,2.8855350017547607,3_4_14_1C_Cycle.xlsx,0.0007233555042139901
A123_094,25C,90,4.047112941741943,1.0,4.066734313964844,2.318171117305756,0.0,1,24.0,0.0,0.0,2.8855350017547607,8_1_13_1C_Cycle.xlsx,8.465132717496643e-05
A123_094,25C,90,4.053923606872559,1.0,4.071112632751465,2.353499113380909,0.0,1,24.0,0.0,0.0,2.8855350017547607,7_24_13_1C_Cycle.xlsx,0.0
A123_094,25C,30,4.067707061767578,1.0,4.067707061767578,2.3254134089259777,0.0,1,24.0,0.0,0.0,2.8855350017547607,12_4_13_1C_Cycle.xlsx,0.00027393530892888237
A123_094,25C,30,2.5039820671081543,0.0,2.5039820671081543,-2.4996811987083647,-0.0,1,24.0,0.0,0.0,2.8855350017547607,2_20_14_1C_Cycle.xlsx,0.00618990690319295
A123_094,25C,30,4.067058563232422,1.0,4.067058563232422,2.317283648073673,0.0,1,24.0,0.0,0.0,2.8855350017547607,8_12_13_1C_Cycle.xlsx,0.0
A123_094,25C,90,2.526360273361206,0.0,2.3817121982574463,-2.4998823224970725,-0.0371692033574839,1,24.0,0.0,0.0,2.8855350017547607,10_07_13_1C_Cycle.xlsx,0.0002694060577787559
A123_094,25C,30,4.069004535675049,1.0,4.069004535675049,2.344702533304186,0.0,1,24.0,0.0,0.0,2.8855350017547607,11_18_13_1C_Cycle.xlsx,0.0011944376251010519
A123_094,25C,90,2.51209020614624,0.0,2.38722562789917,-2.4996862133344013,-0.0,1,24.0,0.0,0.0,2.8855350017547607,7_11_13_1C_Cycle.xlsx,0.0007650123759640814
A123_094,25C,150,4.035923480987549,1.0,4.067869663238525,2.324954058343576,0.0,1,24.0,0.0,0.0,2.8855350017547607,12_4_13_1C_Cycle.xlsx,0.0
A123_094,25C,60,4.056193828582764,1.0,4.066572189331055,2.314732508991308,0.0,1,24.0,0.0,0.0,2.8855350017547607,9_16_13_1C_Cycle.xlsx,7.611361396514326e-05
A123_094,25C,60,2.472684860229492,0.0,2.3755500316619877,-2.49993483803489,-0.0,1,24.0,0.0,0.0,2.8855350017547607,12_13_13_1C_Cycle.xlsx,0.0
A123_094,25C,60,2.5313873291015625,0.0,2.476252317428589,-2.4773568139093447,-0.0,1,24.0,0.0,0.0,2.8855350017547607,12_4_13_1C_Cycle.xlsx,4.18870010101365e-05
A123_094,25C,90,2.540630578994751,0.0,2.40230655670166,-2.499713793135526,-0.0,1,24.0,0.0,0.0,2.8855350017547607,8_29_13_1C_Cycle.xlsx,0.002000255446959367
A123_094,25C,90,2.527981996536255,0.0,2.398090362548828,-2.499701746371614,-0.0,1,24.0,0.0,0.0,2.8855350017547607,7_17_13_1C_Cycle.xlsx,0.0010395888483174997
A123_094,25C,60,2.4760901927948,0.0,2.3841445446014404,-2.4997399992647424,-0.0,1,24.0,0.0,0.0,2.8855350017547607,10_07_13_1C_Cycle.xlsx,0.00021449092635896714
A123_094,25C,30,2.4798200130462646,0.0,2.4798200130462646,-2.478799947227367,-0.0,1,24.0,0.0,0.0,2.8855350017547607,7_24_13_1C_Cycle.xlsx,0.0
A123_094,25C,30,4.066572189331055,1.0,4.066572189331055,2.318160986185074,0.0,1,24.0,0.0,0.0,2.8855350017547607,8_12_13_1C_Cycle.xlsx,3.864296696934092e-05
A123_094,25C,120,4.042085647583008,1.0,4.0680317878723145,2.3309737297355158,0.0,1,24.0,0.0,0.0,2.8855350017547607,9_16_13_1C_Cycle.xlsx,0.0026843508918058707
A123_094,25C,120,4.039329051971436,1.0,4.066572189331055,2.314825046474372,0.0,1,24.0,0.0,0.0,2.8855350017547607,9_16_13_1C_Cycle.xlsx,0.0
A123_094,25C,30,2.474630832672119,0.0,2.3796041011810303,-2.499886080622673,-0.0380124247371382,1,24.0,0.0,0.0,2.8855350017547607,10_16_13_1C_Cycle.xlsx,0.0006612840165327663
A123_094,25C,90,4.04484224319458,1.0,4.066247940063477,2.280309982037634,0.0,1,24.0,0.0,0.0,2.8855350017547607,7_5_13_1C_Cycle.xlsx,0.00011188699533344723
A123_094,25C,90,2.538684606552124,0.0,2.400198459625244,-2.4997301792429987,-0.0351605216525857,1,24.0,0.0,0.0,2.8855350017547607,3_4_14_1C_Cycle.xlsx,0.0
A123_094,25C,90,4.0537614822387695,1.0,4.070626258850098,2.362491618810046,0.0,1,24.0,0.0,0.0,2.8855350017547607,12_4_13_1C_Cycle.xlsx,0.0
A123_094,25C,90,4.048409938812256,1.0,4.067544937133789,2.319577768740673,0.0,1,24.0,0.0,0.0,2.8855350017547607,7_24_13_1C_Cycle.xlsx,0.0004056897777084289
A123_094,25C,120,4.041275024414063,1.0,4.0680317878723145,2.3244932562459346,0.0,1,24.0,0.0,0.0,2.8855350017547607,7_11_13_1C_Cycle.xlsx,0.0
A123_094,25C,30,4.06884241104126,1.0,4.06884241104126,2.344757640892166,0.0,1,24.0,0.0,0.0,2.8855350017547607,11_6_13_1C_Cycle.xlsx,0.000131484351701572
A123_094,25C,30,4.06884241104126,1.0,4.06884241104126,2.3417037974015398,0.0,1,24.0,0.0,0.0,2.8855350017547607,1_23_14_1C_Cycle.xlsx,0.0003899451995366272
A123_094,25C,90,2.5292792320251465,0.0,2.39322566986084,-2.4997157105454453,-0.0,1,24.0,0.0,0.0,2.8855350017547607,11_18_13_1C_Cycle.xlsx,0.0003672189655548763
A123_094,25C,120,2.557819604873657,0.0,2.368901252746582,-2.499802372096914,-0.0,1,24.0,0.0,0.0,2.8855350017547607,9_25_13_1C_Cycle.xlsx,0.00025841886868246196
A123_094,25C,60,2.4749550819396973,0.0,2.3838202953338623,-2.4997201342331734,-0.0,1,24.0,0.0,0.0,2.8855350017547607,9_16_13_1C_Cycle.xlsx,0.0
A123_094,25C,150,4.032680511474609,1.0,4.066247940063477,2.3118058396888173,0.0,1,24.0,0.0,0.0,2.8855350017547607,10_16_13_1C_Cycle.xlsx,0.0
A123_094,25C,30,4.066734313964844,1.0,4.066734313964844,2.3131404781683544,0.0,1,24.0,0.0,0.0,2.8855350017547607,10_07_13_1C_Cycle.xlsx,0.0004893767635671416
A123_094,25C,30,4.066896438598633,1.0,4.066896438598633,2.3159375169705,0.0,1,24.0,0.0,0.0,2.8855350017547607,8_29_13_1C_Cycle.xlsx,0.0
A123_094,25C,120,2.5609006881713867,0.0,2.3721444606781006,-2.49978081170503,-0.0,1,24.0,0.0,0.0,2.8855350017547607,11_6_13_1C_Cycle.xlsx,8.569083664632155e-05
A123_094,25C,120,4.041437149047852,1.0,4.067544937133789,2.320986593287924,0.0,1,24.0,0.0,0.0,2.8855350017547607,2_4_14_1C_Cycle.xlsx,9.564410146156131e-05
A123_094,25C,30,2.478360414505005,0.0,2.478360414505005,-2.4779884992035752,-0.0,1,24.0,0.0,0.0,2.8855350017547607,9_16_13_1C_Cycle.xlsx,3.873380880485437e-05
A123_094,25C,60,4.061545372009277,1.0,4.070626258850098,2.362429856362506,0.0,1,24.0,0.0,0.0,2.8855350017547607,12_4_13_1C_Cycle.xlsx,8.760406706987486e-06
A123_094,25C,90,4.0477614402771,1.0,4.067058563232422,2.3296484018365544,0.0,1,24.0,0.0,0.0,2.8855350017547607,10_16_13_1C_Cycle.xlsx,0.008067058629669957
A123_094,25C,30,4.066572189331055,1.0,4.066572189331055,2.3166441448153026,0.0,1,24.0,0.0,0.0,2.8855350017547607,8_12_13_1C_Cycle.xlsx,0.00041212662868779086
A123_094,25C,150,4.033004760742188,1.0,4.067058563232422,2.315794729898053,0.0,1,24.0,0.0,0.0,2.8855350017547607,8_29_13_1C_Cycle.xlsx,0.0
A123_094,25C,90,4.048896312713623,1.0,4.067707061767578,2.32430022330875,0.0,1,24.0,0.0,0.0,2.8855350017547607,1_23_14_1C_Cycle.xlsx,0.00023116662272544132
A123_094,25C,30,2.478684902191162,0.0,2.478684902191162,-2.478602540650906,-0.0,1,24.0,0.0,0.0,2.8855350017547607,7_24_13_1C_Cycle.xlsx,6.967711238430292e-05
A123_094,25C,90,4.056518077850342,1.0,4.073707103729248,0.72495411708951,0.0,1,24.0,0.0,1.0,3.553644180297852,2_4_14_1C_Cycle.xlsx,1.0
A123_094,25C,60,4.058139801025391,1.0,4.0680317878723145,2.3268434861753167,0.0,1,24.0,0.0,0.0,2.8855350017547607,12_4_13_1C_Cycle.xlsx,5.939120267126593e-05
A123_094,25C,60,2.5274953842163086,0.0,2.47754979133606,-2.477836584895972,-0.0,1,24.0,0.0,0.0,2.8855350017547607,9_25_13_1C_Cycle.xlsx,4.18870010101365e-05
A123_094,25C,30,4.071112632751465,1.0,4.071112632751465,2.353499113380909,0.0,1,24.0,0.0,0.0,2.8855350017547607,7_24_13_1C_Cycle.xlsx,0.0
A123_094,25C,30,2.451766014099121,0.0,2.451766014099121,-2.499684367298095,-0.0,1,24.0,0.0,0.0,2.8855350017547607,7_8_13_1C_Cycle.xlsx,0.0013318965755294758
A123_094,25C,120,4.039166927337647,1.0,4.066734313964844,2.320539942099934,0.0,1,24.0,0.0,0.0,2.8855350017547607,8_1_13_1C_Cycle.xlsx,0.0
A123_094,25C,120,2.559117078781128,0.0,2.385279655456543,-2.499872739336132,-0.0,1,24.0,0.0,0.0,2.8855350017547607,10_07_13_1C_Cycle.xlsx,0.0
A123_094,25C,30,2.4777119159698486,0.0,2.4777119159698486,-2.4781658372566797,-0.0,1,24.0,0.0,0.0,2.8855350017547607,8_29_13_1C_Cycle.xlsx,5.442395060204309e-05
A123_094,25C,60,4.056355953216553,1.0,4.067058563232422,2.319890379787437,0.0,1,24.0,0.0,0.0,2.8855350017547607,8_1_13_1C_Cycle.xlsx,0.0
A123_094,25C,60,4.057004451751709,1.0,4.0673828125,2.3245703872197714,0.0,1,24.0,0.0,0.0,2.8855350017547607,12_13_13_1C_Cycle.xlsx,0.0007423931714347858
A123_094,25C,150,4.033491134643555,1.0,4.066734313964844,2.314322692410248,0.0,1,24.0,0.0,0.0,2.8855350017547607,9_16_13_1C_Cycle.xlsx,0.0
A123_094,25C,30,4.067220687866211,1.0,4.067220687866211,2.332371746602117,0.0,1,24.0,0.0,0.0,2.8855350017547607,9_16_13_1C_Cycle.xlsx,0.0013322072031654246
A123_094,25C,60,2.447711944580078,0.0,2.3697121143341064,-2.4996993029413144,-0.0,1,24.0,0.0,0.0,2.8855350017547607,7_5_13_1C_Cycle.xlsx,6.764648451137346e-06
A123_094,25C,90,2.53025221824646,0.0,2.399387836456299,-2.499806214601566,-0.0,1,24.0,0.0,0.0,2.8855350017547607,8_1_13_1C_Cycle.xlsx,0.0018664299623978409
A123_094,25C,30,2.3967931270599365,0.0,2.3967931270599365,-2.499689632707888,-0.0,1,24.0,0.0,0.0,2.8855350017547607,11_18_13_1C_Cycle.xlsx,0.00125150842391821
A123_094,25C,30,2.4730091094970703,0.0,2.4730091094970703,-2.499916765906594,-0.0,1,24.0,0.0,0.0,2.8855350017547607,12_13_13_1C_Cycle.xlsx,0.0
A123_094,25C,30,2.4029552936553955,0.0,2.4029552936553955,-2.4996637857260824,-0.0,1,24.0,0.0,0.0,2.8855350017547607,7_17_13_1C_Cycle.xlsx,0.0010295632241310905
A123_094,25C,90,4.0474371910095215,1.0,4.067058563232422,2.3157976491436845,0.0,1,24.0,0.0,0.0,2.8855350017547607,8_29_13_1C_Cycle.xlsx,0.0
A123_094,25C,120,4.044031620025635,1.0,4.069166660308838,2.344779095912384,0.0,1,24.0,0.0,0.0,2.8855350017547607,11_18_13_1C_Cycle.xlsx,0.0
A123_094,25C,150,4.036247730255127,1.0,4.0680317878723145,2.327013533656337,0.0,1,24.0,0.0,0.0,2.8855350017547607,12_4_13_1C_Cycle.xlsx,0.0008435840782881315
A123_094,25C,60,4.061220645904541,1.0,4.07030200958252,2.3433919017976623,0.0,1,24.0,0.0,0.0,2.8855350017547607,12_4_13_1C_Cycle.xlsx,0.0018500590200801158
A123_094,25C,60,4.055220603942871,1.0,4.066085815429688,2.313454413755996,0.0,1,24.0,0.0,0.0,2.8855350017547607,9_25_13_1C_Cycle.xlsx,0.0
A123_094,25C,60,2.4773874282836914,0.0,2.391928195953369,-2.499559945073621,-0.0,1,24.0,0.0,0.0,2.8855350017547607,8_12_13_1C_Cycle.xlsx,0.0
A123_094,25C,60,4.058626174926758,1.0,4.0680317878723145,2.339504904652897,0.0,1,24.0,0.0,0.0,2.8855350017547607,3_4_14_1C_Cycle.xlsx,0.0014478036656289032
A123_094,25C,60,4.057328701019287,1.0,4.067544937133789,2.319226768129228,0.0,1,24.0,0.0,0.0,2.8855350017547607,3_4_14_1C_Cycle.xlsx,0.0006674471584644907
A123_094,25C,90,2.519549608230591,0.0,2.3763606548309326,-2.499746865239637,-0.0,1,24.0,0.0,0.0,2.8855350017547607,8_12_13_1C_Cycle.xlsx,0.00043142830612049053
A123_094,25C,90,2.5313873291015625,0.0,2.389495849609375,-2.4997015432877974,-0.0,1,24.0,0.0,0.0,2.8855350017547607,12_13_13_1C_Cycle.xlsx,0.00019049269992343256
A123_094,25C,90,4.048409938812256,1.0,4.067058563232422,2.321431213228599,0.0,1,24.0,0.0,0.0,2.8855350017547607,2_4_14_1C_Cycle.xlsx,0.0001784798009746919
A123_094,25C,60,2.5273332595825195,0.0,2.4799821376800537,-2.4997819599352384,-0.0,1,24.0,0.0,0.0,2.8855350017547607,9_16_13_1C_Cycle.xlsx,0.00014378312235567694
A123_094,25C,60,2.530576467514038,0.0,2.483063220977783,-2.4773664873272145,-0.0,1,24.0,0.0,0.0,2.8855350017547607,12_4_13_1C_Cycle.xlsx,4.18870010101365e-05
A123_094,25C,150,4.032680511474609,1.0,4.066410064697266,2.311311531658015,0.0,1,24.0,0.0,0.0,2.8855350017547607,10_16_13_1C_Cycle.xlsx,0.0
A123_094,25C,30,4.0673828125,1.0,4.0673828125,2.321261030775825,0.0,1,24.0,0.0,0.0186053588834986,2.8954667075857605,7_24_13_1C_Cycle.xlsx,0.0005205773721659582
A123_094,25C,90,2.5276577472686768,0.0,2.37668514251709,-2.4997824398246973,-0.0,1,24.0,0.0,0.0,2.8855350017547607,11_6_13_1C_Cycle.xlsx,0.0001653302320509215
A123_094,25C,90,2.5255496501922607,0.0,2.3907930850982666,-2.49976661723593,-0.0,1,24.0,0.0,0.0,2.8855350017547607,8_29_13_1C_Cycle.xlsx,0.0003027627601670539
A123_094,25C,120,4.04484224319458,1.0,4.069166660308838,2.338512801418179,0.0,1,24.0,0.0,0.0,2.8855350017547607,3_4_14_1C_Cycle.xlsx,0.00018378937745307442
A123_094,25C,90,4.047112941741943,1.0,4.066896438598633,2.317724516034126,0.0,1,24.0,0.0,0.0,2.8855350017547607,8_12_13_1C_Cycle.xlsx,0.0
A123_094,25C,90,4.042085647583008,1.0,4.067869663238525,2.324161242725503,0.0,1,24.0,0.0,0.0,2.8855350017547607,1_23_14_1C_Cycle.xlsx,0.0
A123_094,25C,60,4.057653427124023,1.0,4.0680317878723145,2.3204174160253346,0.0,1,24.0,0.0,0.0,2.8855350017547607,7_24_13_1C_Cycle.xlsx,0.0007404404567019371
A123_094,25C,30,2.476252317428589,0.0,2.476252317428589,-2.4997303335516303,-0.0,1,24.0,0.0,0.0,2.8855350017547607,12_4_13_1C_Cycle.xlsx,0.0
A123_094,25C,90,4.045977592468262,1.0,4.066572189331055,2.2952544097647523,0.0,1,24.0,0.0,0.0,2.8855350017547607,7_5_13_1C_Cycle.xlsx,0.0
A123_094,25C,120,4.043545246124268,1.0,4.0680317878723145,2.3393274109091675,0.0,1,24.0,0.0,0.0,2.8855350017547607,3_4_14_1C_Cycle.xlsx,0.0
A123_094,25C,30,4.067220687866211,1.0,4.067220687866211,2.331896303801752,0.0,1,24.0,0.0,0.0,2.8855350017547607,9_16_13_1C_Cycle.xlsx,0.0016636899321834393
A123_094,25C,60,2.472198247909546,0.0,2.375063419342041,-2.4997876435518265,-0.0,1,24.0,0.0,0.0,2.8855350017547607,10_16_13_1C_Cycle.xlsx,0.00015474160639752102
A123_094,25C,120,4.041437149047852,1.0,4.067220687866211,2.327184933095665,0.0,1,24.0,0.0,0.0838225330841476,2.9302802144547084,11_6_13_1C_Cycle.xlsx,0.002148805366931987
A123_094,25C,150,4.040626049041748,1.0,4.0701398849487305,2.342589848571353,0.0,1,24.0,0.0,0.0,2.8855350017547607,12_13_13_1C_Cycle.xlsx,0.000795110990820278
A123_094,25C,30,2.3865768909454346,0.0,2.3865768909454346,-2.499742616306652,-0.0,1,24.0,0.0,0.0,2.8855350017547607,12_4_13_1C_Cycle.xlsx,0.00046222837048511694
A123_094,25C,60,4.053923606872559,1.0,4.065274715423584,2.2665040891117125,0.0,1,24.0,0.0,0.0,2.8855350017547607,7_3_13_1C_Cycle.xlsx,0.0
A123_094,25C,90,4.049221038818359,1.0,4.067869663238525,2.324947928725663,0.0,1,24.0,0.0,0.0,2.8855350017547607,12_4_13_1C_Cycle.xlsx,0.0
A123_094,25C,90,4.051004409790039,1.0,4.068356037139893,2.339076983628043,0.0,1,24.0,0.0,0.0,2.8855350017547607,2_4_14_1C_Cycle.xlsx,0.007425857438721871
A123_094,25C,60,2.524090051651001,0.0,2.47900915145874,-2.478847155032175,-0.0,1,24.0,0.0,0.0,2.8855350017547607,7_19_13_1C_Cycle.xlsx,1.5736752073211887e-05
A123_094,25C,30,4.066410064697266,1.0,4.066410064697266,2.329673951305449,0.0,1,24.0,0.0,0.0,2.8855350017547607,10_16_13_1C_Cycle.xlsx,0.0013232133503335345
A123_094,25C,150,4.033004760742188,1.0,4.066896438598633,2.312928716545222,0.0,1,24.0,0.0,0.0,2.8855350017547607,9_25_13_1C_Cycle.xlsx,0.0
A123_094,25C,120,4.039004802703857,1.0,4.069328784942627,2.3413268723364533,0.0,1,24.0,0.0,0.0,2.8855350017547607,1_23_14_1C_Cycle.xlsx,0.0
A123_094,25C,30,2.4736578464508057,0.0,2.4736578464508057,-2.4778131226075617,-0.0,1,24.0,0.0,0.0,2.8855350017547607,10_16_13_1C_Cycle.xlsx,5.442395060204309e-05
A123_094,25C,120,4.038842678070068,1.0,4.066085815429688,2.3116997743933654,0.0,1,24.0,0.0,0.0,2.8855350017547607,10_16_13_1C_Cycle.xlsx,0.0
A123_094,25C,90,2.5294413566589355,0.0,2.3963067531585693,-2.4997156804746337,-0.0,1,24.0,0.0,0.0,2.8855350017547607,11_18_13_1C_Cycle.xlsx,0.002004878385021614
A123_094,25C,90,4.0474371910095215,1.0,4.067058563232422,2.319878912575188,0.0,1,24.0,0.0,0.0,2.8855350017547607,8_1_13_1C_Cycle.xlsx,0.0
A123_094,25C,30,4.067220687866211,1.0,4.067220687866211,2.3246815665028038,0.0,1,24.0,0.0,0.0,2.8855350017547607,12_13_13_1C_Cycle.xlsx,0.0003751166802930123
A123_094,25C,30,4.067707061767578,1.0,4.067707061767578,2.3260136424106057,0.0,1,24.0,0.0,0.0,2.8855350017547607,12_13_13_1C_Cycle.xlsx,0.00027393530892888237
A123_094,25C,90,2.5274953842163086,0.0,2.377982378005981,-2.499926415937288,-0.0,1,24.0,0.0,0.0,2.8855350017547607,10_16_13_1C_Cycle.xlsx,0.0
A123_094,25C,30,4.067869663238525,1.0,4.067869663238525,2.3209978699332146,0.0,1,24.0,0.0,0.0,2.8855350017547607,7_19_13_1C_Cycle.xlsx,0.0
A123_094,25C,150,4.033166885375977,1.0,4.067220687866211,2.304543843008871,0.0,1,24.0,0.0,0.0545551006601083,2.9146569990636837,8_1_13_1C_Cycle.xlsx,0.002620477288560866
A123_094,25C,90,2.523765802383423,0.0,2.37668514251709,-2.499895131693477,-0.0,1,24.0,0.0,0.0,2.8855350017547607,9_25_13_1C_Cycle.xlsx,0.0
A123_094,25C,60,4.058139801025391,1.0,4.0680317878723145,2.320324951269495,0.0,1,24.0,0.0,0.0,2.8855350017547607,7_24_13_1C_Cycle.xlsx,0.0007404404567019371
A123_094,25C,60,2.472198247909546,0.0,2.375874280929565,-2.499836167773685,-0.0,1,24.0,0.0,0.0,2.8855350017547607,11_6_13_1C_Cycle.xlsx,0.0
A123_094,25C,90,4.047275066375732,1.0,4.067544937133789,2.309849733610948,0.0,1,24.0,0.0,0.0,2.8855350017547607,12_4_13_1C_Cycle.xlsx,0.008424047119178176
A123_094,25C,120,2.570143938064575,0.0,2.4013335704803467,-2.499831518280172,-0.0350942420789471,1,24.0,0.0,0.0,2.8855350017547607,3_4_14_1C_Cycle.xlsx,0.0
A123_094,25C,60,4.056355953216553,1.0,4.066734313964844,2.3325020545696624,0.0,1,24.0,0.0,0.0,2.8855350017547607,9_16_13_1C_Cycle.xlsx,1.5686575342225578e-05
A123_094,25C,60,2.4840362071990967,0.0,2.399712085723877,-2.4996933286840264,-0.0,1,24.0,0.0,0.0,2.8855350017547607,12_4_13_1C_Cycle.xlsx,0.0012601595616801699
A123_094,25C,60,2.5210089683532715,0.0,2.476576805114746,-2.478809500791249,-0.0,1,24.0,0.0,0.0,2.8855350017547607,7_15_13_1C_Cycle.xlsx,1.5736752073211887e-05
A123_094,25C,30,4.0673828125,1.0,4.0673828125,2.3173125787973405,0.0,1,24.0,0.0,0.0,2.8855350017547607,8_12_13_1C_Cycle.xlsx,0.002037314659187058
A123_094,25C,30,4.067058563232422,1.0,4.067058563232422,2.314215436214354,0.0,1,24.0,0.0,0.0,2.8855350017547607,8_29_13_1C_Cycle.xlsx,0.0
A123_094,25C,90,2.526522397994995,0.0,2.387387752532959,-2.4997423280749405,-0.0,1,24.0,0.0,0.0,2.8855350017547607,9_16_13_1C_Cycle.xlsx,0.000430305112126477
A123_094,25C,30,2.376523017883301,0.0,2.376523017883301,-2.49962618114712,-0.0,1,24.0,0.0,0.0,2.8855350017547607,11_6_13_1C_Cycle.xlsx,0.0
A123_094,25C,90,4.047923564910889,1.0,4.067058563232422,2.327537327629177,0.0,1,24.0,0.0,0.0,2.8855350017547607,11_6_13_1C_Cycle.xlsx,0.0
A123_094,25C,150,4.033653259277344,1.0,4.067058563232422,2.319358384798444,0.0,1,24.0,0.0,0.0,2.8855350017547607,8_1_13_1C_Cycle.xlsx,0.0
A123_094,25C,30,4.069004535675049,1.0,4.069004535675049,2.34010019859542,0.0,1,24.0,0.0,0.0,2.8855350017547607,2_4_14_1C_Cycle.xlsx,0.0011239524211168902
A123_094,25C,120,2.557495355606079,0.0,2.374901294708252,-2.49987434074942,-0.0,1,24.0,0.0,0.0,2.8855350017547607,9_25_13_1C_Cycle.xlsx,0.0
A123_094,25C,30,2.374739170074463,0.0,2.374739170074463,-2.499668501518868,-0.0,1,24.0,0.0,0.0,2.8855350017547607,11_6_13_1C_Cycle.xlsx,0.0
A123_094,25C,120,2.557657480239868,0.0,2.398090362548828,-2.499701746371614,-0.0,1,24.0,0.0,0.0,2.8855350017547607,7_17_13_1C_Cycle.xlsx,0.0004926616695331245
A123_094,25C,150,4.033004760742188,1.0,4.066572189331055,2.3110980096557907,0.0,1,24.0,0.0,0.0,2.8855350017547607,10_16_13_1C_Cycle.xlsx,0.0
A123_094,25C,150,4.03251838684082,1.0,4.066410064697266,2.3112801902673463,0.0,1,24.0,0.0,0.0,2.8855350017547607,10_16_13_1C_Cycle.xlsx,0.0
A123_094,25C,60,4.056680202484131,1.0,4.067058563232422,2.3175437844991684,0.0,1,24.0,0.0,0.0,2.8855350017547607,8_1_13_1C_Cycle.xlsx,0.0008189016944476927
A123_094,25C,150,4.035437107086182,1.0,4.067544937133789,2.320818490308264,0.0,1,24.0,0.0,0.0,2.8855350017547607,2_4_14_1C_Cycle.xlsx,3.799529900089636e-05
A123_094,25C,30,4.067058563232422,1.0,4.067058563232422,2.327704329701031,0.0,1,24.0,0.0,0.0,2.8855350017547607,11_6_13_1C_Cycle.xlsx,0.0018093940013092515
A123_094,25C,120,2.571441411972046,0.0,2.410738945007324,-2.499705952626688,-0.0,1,24.0,0.0,0.0,2.8855350017547607,2_4_14_1C_Cycle.xlsx,0.0
A123_094,25C,30,2.379279613494873,0.0,2.379279613494873,-2.4996999003670437,-0.0,1,24.0,0.0,0.0,2.8855350017547607,12_13_13_1C_Cycle.xlsx,5.194950257119194e-05
A123_094,25C,60,4.056680202484131,1.0,4.067058563232422,2.3296032729248206,0.0,1,24.0,0.0,0.0640814201970119,2.919742233048422,10_07_13_1C_Cycle.xlsx,0.00821522140974966
A123_094,25C,90,2.5276577472686768,0.0,2.391117572784424,-2.4997454986237644,-0.0,1,24.0,0.0,0.0,2.8855350017547607,9_16_13_1C_Cycle.xlsx,0.0002776257140288466
A123_094,25C,30,4.0673828125,1.0,4.0673828125,2.3245349121399417,0.0,1,24.0,0.0,0.0,2.8855350017547607,12_13_13_1C_Cycle.xlsx,0.0003265299448516763
A123_094,25C,90,2.531873941421509,0.0,2.38268518447876,-2.499761758594338,-0.0,1,24.0,0.0,0.0,2.8855350017547607,1_23_14_1C_Cycle.xlsx,0.0001653302320509215
A123_094,25C,60,4.057491302490234,1.0,4.067869663238525,2.324961701187037,0.0,1,24.0,0.0,0.0,2.8855350017547607,12_4_13_1C_Cycle.xlsx,7.3780320009847e-05
A123_094,25C,60,2.4773874282836914,0.0,2.3857662677764893,-2.4998647449290856,-0.0,1,24.0,0.0,0.0,2.8855350017547607,10_07_13_1C_Cycle.xlsx,0.0
A123_094,25C,120,4.044193744659424,1.0,4.06884241104126,2.344676508552442,0.0,1,24.0,0.0,0.0,2.8855350017547607,11_18_13_1C_Cycle.xlsx,0.0
A123_094,25C,30,4.0673828125,1.0,4.0673828125,2.310273904381817,0.0,1,24.0,0.0,0.0,2.8855350017547607,7_8_13_1C_Cycle.xlsx,0.0021721751385432196
A123_094,25C,120,4.039977550506592,1.0,4.066734313964844,2.3130368242864727,0.0,1,24.0,0.0,0.0,2.8855350017547607,10_07_13_1C_Cycle.xlsx,0.0
A123_094,25C,60,4.058950424194336,1.0,4.06884241104126,2.344103816644115,0.0,1,24.0,0.0,0.0,2.8855350017547607,11_6_13_1C_Cycle.xlsx,0.0
A123_094,25C,30,2.3823606967926025,0.0,2.3823606967926025,-2.4997091679959684,-0.0,1,24.0,0.0,0.0,2.8855350017547607,12_4_13_1C_Cycle.xlsx,5.194950257119194e-05
A123_094,25C,150,4.033329010009766,1.0,4.067058563232422,2.315647563566604,0.0,1,24.0,0.0,0.0,2.8855350017547607,8_29_13_1C_Cycle.xlsx,0.0
A123_094,25C,90,4.046788215637207,1.0,4.066572189331055,2.313094541002981,0.0,1,24.0,0.0,0.0,2.8855350017547607,9_25_13_1C_Cycle.xlsx,0.0
A123_094,25C,150,4.04030179977417,1.0,4.069328784942627,2.337407336628015,0.0,1,24.0,0.0,0.0,2.8855350017547607,2_20_14_1C_Cycle.xlsx,0.011717568791682465
A123_094,25C,30,4.067058563232422,1.0,4.067058563232422,2.332216216037508,0.0,1,24.0,0.0,0.0,2.8855350017547607,9_16_13_1C_Cycle.xlsx,0.0014036874950001338
A123_094,25C,30,2.4812793731689453,0.0,2.4812793731689453,-2.4997819599352384,-0.0,1,24.0,0.0,0.0,2.8855350017547607,9_16_13_1C_Cycle.xlsx,0.0
A123_094,25C,30,4.067544937133789,1.0,4.067544937133789,2.3196365532893983,0.0,1,24.0,0.0,0.0,2.8855350017547607,7_24_13_1C_Cycle.xlsx,0.00039616090034569237
A123_094,25C,30,2.382847309112549,0.0,2.382847309112549,-2.499757591602022,-0.0,1,24.0,0.0,0.0,2.8855350017547607,9_25_13_1C_Cycle.xlsx,0.00023588307290671974
A123_094,25C,90,4.046626091003418,1.0,4.066247940063477,2.311478773486023,0.0,1,24.0,0.0,0.0,2.8855350017547607,10_16_13_1C_Cycle.xlsx,0.0
A123_094,25C,60,2.527981996536255,0.0,2.47446870803833,-2.477763542092603,-0.0,1,24.0,0.0,0.0,2.8855350017547607,10_16_13_1C_Cycle.xlsx,4.18870010101365e-05
A123_094,25C,60,2.472360610961914,0.0,2.38722562789917,-2.499736681705764,-0.0,1,24.0,0.0,0.0,2.8855350017547607,7_15_13_1C_Cycle.xlsx,0.00037188149598274827
A123_094,25C,120,2.563657522201538,0.0,2.4055497646331787,-2.499872320576718,-0.0,1,24.0,0.0,0.0,2.8855350017547607,9_16_13_1C_Cycle.xlsx,0.01225424455651121
A123_094,25C,120,4.044355869293213,1.0,4.069328784942627,2.336953902410136,0.0,1,24.0,0.0,0.0,2.8855350017547607,7_24_13_1C_Cycle.xlsx,0.0
A123_094,25C,60,2.529927968978882,0.0,2.484360456466675,-2.478847147084889,-0.0,1,24.0,0.0,0.0,2.8855350017547607,7_17_13_1C_Cycle.xlsx,1.5736752073211887e-05
A123_094,25C,90,4.045815467834473,1.0,4.065761566162109,2.313799447761696,0.0,1,24.0,0.0,0.0,2.8855350017547607,9_25_13_1C_Cycle.xlsx,0.0
A123_094,25C,60,4.056355953216553,1.0,4.066896438598633,2.3158734103123986,0.0,1,24.0,0.0,0.0,2.8855350017547607,8_29_13_1C_Cycle.xlsx,0.00010488161133255137
A123_094,25C,30,2.3817121982574463,0.0,2.3817121982574463,-2.4997208076240742,-0.0,1,24.0,0.0,0.0,2.8855350017547607,9_25_13_1C_Cycle.xlsx,7.405295529981878e-05
A123_094,25C,150,4.032842636108398,1.0,4.067058563232422,2.3224475176080945,0.0,1,24.0,0.0,0.0,2.8855350017547607,7_19_13_1C_Cycle.xlsx,0.0
A123_094,25C,90,2.5273332595825195,0.0,2.377333641052246,-2.499749881727201,-0.0,1,24.0,0.0,0.0,2.8855350017547607,11_6_13_1C_Cycle.xlsx,0.00016176637263476374
A123_094,25C,120,2.5540900230407715,0.0,2.3865768909454346,-2.499729727876597,-0.0,1,24.0,0.0,0.0,2.8855350017547607,8_12_13_1C_Cycle.xlsx,0.0003032912075969576
A123_094,25C,60,4.057328701019287,1.0,4.067544937133789,2.324463906960609,0.0,1,24.0,0.0,0.0,2.8855350017547607,1_23_14_1C_Cycle.xlsx,0.000714890467097315
A123_094,25C,120,4.039977550506592,1.0,4.066896438598633,2.3309630622302207,0.0,1,24.0,0.0,0.0,2.8855350017547607,10_07_13_1C_Cycle.xlsx,0.0
A123_094,25C,30,4.066734313964844,1.0,4.066734313964844,2.3130382692105456,0.0,1,24.0,0.0,0.0,2.8855350017547607,9_25_13_1C_Cycle.xlsx,0.0004893767635671416
A123_094,25C,30,4.068680286407471,1.0,4.068680286407471,2.33957623540048,0.0,1,24.0,0.0,0.0,2.8855350017547607,2_20_14_1C_Cycle.xlsx,0.0
A123_094,25C,60,4.059274673461914,1.0,4.06884241104126,2.338752104263557,0.0,1,24.0,0.0,0.0,2.8855350017547607,3_4_14_1C_Cycle.xlsx,0.00012313679603430348
A123_094,25C,90,4.0495452880859375,1.0,4.067869663238525,2.338480153442484,0.0,1,24.0,0.0,0.0,2.8855350017547607,3_4_14_1C_Cycle.xlsx,0.0015771289504749688
A123_094,25C,30,2.3987390995025635,0.0,2.3987390995025635,-2.499734421907845,-0.0,1,24.0,0.0,0.0,2.8855350017547607,7_24_13_1C_Cycle.xlsx,0.0018560282983194
A123_094,25C,30,2.4006850719451904,0.0,2.4006850719451904,-2.4997160097139077,-0.0,1,24.0,0.0,0.0640814201970119,2.919742233048422,10_07_13_1C_Cycle.xlsx,0.0029492148209035642
A123_094,25C,150,4.052626132965088,1.0,4.073058605194092,0.9042866503198942,0.0,1,24.0,0.0,1.0,3.553644180297852,7_5_13_1C_Cycle.xlsx,0.8717136289063736
A123_094,25C,30,2.4756038188934326,0.0,2.4756038188934326,-2.4777858561147905,-0.0,1,24.0,0.0,0.0,2.8855350017547607,10_07_13_1C_Cycle.xlsx,5.442395060204309e-05
A123_094,25C,30,4.068356037139893,1.0,4.068356037139893,2.3253368761201028,0.0,1,24.0,0.0,0.0,2.8855350017547607,12_4_13_1C_Cycle.xlsx,0.011698837478869687
A123_094,25C,60,4.05684232711792,1.0,4.0673828125,2.318432056182434,0.0,1,24.0,0.0,0.0,2.8855350017547607,8_1_13_1C_Cycle.xlsx,0.00032474936545248115
A123_094,25C,60,4.056355953216553,1.0,4.067220687866211,2.317860369563103,0.0,1,24.0,0.0,0.0,2.8855350017547607,8_12_13_1C_Cycle.xlsx,0.0005269456977338216
A123_094,25C,120,4.041599273681641,1.0,4.067707061767578,2.3245271899633937,0.0,1,24.0,0.0,0.0,2.8855350017547607,12_13_13_1C_Cycle.xlsx,0.0
A123_094,25C,120,4.042734146118164,1.0,4.067869663238525,2.3253430143251257,0.0,1,24.0,0.0,0.0,2.8855350017547607,12_13_13_1C_Cycle.xlsx,0.0
A123_094,25C,120,4.039815425872803,1.0,4.066896438598633,2.312928716545222,0.0,1,24.0,0.0,0.0,2.8855350017547607,9_25_13_1C_Cycle.xlsx,0.00550823169921591
A123_094,25C,150,4.033329010009766,1.0,4.066734313964844,2.3131404781683544,0.0,1,24.0,0.0,0.0,2.8855350017547607,10_07_13_1C_Cycle.xlsx,0.0
A123_094,25C,90,4.052464008331299,1.0,4.069328784942627,2.3373401879077464,0.0,1,24.0,0.0,0.0,2.8855350017547607,2_20_14_1C_Cycle.xlsx,0.010754178494879212
A123_094,25C,30,4.066410064697266,1.0,4.066410064697266,2.313356699452537,0.0,1,24.0,0.0,0.0,2.8855350017547607,10_07_13_1C_Cycle.xlsx,0.0
A123_094,25C,150,4.033815383911133,1.0,4.067058563232422,2.3276344790052965,0.0,1,24.0,0.0,0.0,2.8855350017547607,11_6_13_1C_Cycle.xlsx,0.0
A123_094,25C,30,4.068518161773682,1.0,4.068518161773682,2.339506502083519,0.0,1,24.0,0.0,0.0,2.8855350017547607,2_20_14_1C_Cycle.xlsx,1.3709505374194577e-05
A123_094,25C,60,4.057977676391602,1.0,4.067869663238525,2.340170506387949,0.0,1,24.0,0.0,0.0,2.8855350017547607,2_20_14_1C_Cycle.xlsx,0.0
A123_094,25C,120,2.5729007720947266,0.0,2.3924148082733154,-2.4998895492193838,-0.0,1,24.0,0.0,0.0,2.8855350017547607,3_4_14_1C_Cycle.xlsx,0.0
A123_094,25C,150,4.032356262207031,1.0,4.066247940063477,2.3115459656542985,0.0,1,24.0,0.0,0.0,2.8855350017547607,10_16_13_1C_Cycle.xlsx,0.0
A123_094,25C,60,2.481765985488892,0.0,2.3929011821746826,-2.4997294707731768,-0.0,1,24.0,0.0,0.0,2.8855350017547607,12_13_13_1C_Cycle.xlsx,0.0001413889310399469
A123_094,25C,60,2.4814414978027344,0.0,2.387712001800537,-2.499772403841821,-0.0,1,24.0,0.0,0.0,2.8855350017547607,3_4_14_1C_Cycle.xlsx,0.0002300764103293881
A123_094,25C,60,2.530414342880249,0.0,2.474792957305908,-2.477383956240767,-0.0,1,24.0,0.0,0.0,2.8855350017547607,12_13_13_1C_Cycle.xlsx,4.18870010101365e-05
A123_094,25C,90,2.5291171073913574,0.0,2.3878743648529053,-2.499887135176532,-0.0,1,24.0,0.0,0.0,2.8855350017547607,10_07_13_1C_Cycle.xlsx,0.0
A123_094,25C,30,4.067544937133789,1.0,4.067544937133789,2.3388430885640923,0.0,1,24.0,0.0,0.0,2.8855350017547607,3_4_14_1C_Cycle.xlsx,0.0
A123_094,25C,120,2.5537657737731934,0.0,2.387712001800537,-2.499728169934503,-0.0,1,24.0,0.0,0.0,2.8855350017547607,8_12_13_1C_Cycle.xlsx,0.0003032912075969576
A123_094,25C,120,2.5662522315979004,0.0,2.3812255859375,-2.4997551266206512,-0.0,1,24.0,0.0,0.0,2.8855350017547607,1_23_14_1C_Cycle.xlsx,0.0
A123_094,25C,30,2.49717116355896,0.0,2.49717116355896,-2.476750027212109,-0.0,1,24.0,0.0,0.0,2.8855350017547607,2_4_14_1C_Cycle.xlsx,0.0034670849597552775
A123_094,25C,30,2.474792957305908,0.0,2.474792957305908,-2.477383956240767,-0.0,1,24.0,0.0,0.0,2.8855350017547607,12_13_13_1C_Cycle.xlsx,5.442395060204309e-05
A123_094,25C,30,4.071274757385254,1.0,4.071274757385254,2.362107118161825,0.0,1,24.0,0.0,0.0,2.8855350017547607,12_4_13_1C_Cycle.xlsx,0.0
A123_094,25C,30,4.066734313964844,1.0,4.066734313964844,2.313113821334526,0.0,1,24.0,0.0,0.0,2.8855350017547607,10_07_13_1C_Cycle.xlsx,0.0004893767635671416
A123_094,25C,60,4.0558695793151855,1.0,4.066247940063477,2.31117415908447,0.0,1,24.0,0.0,0.0,2.8855350017547607,10_16_13_1C_Cycle.xlsx,0.0
A123_094,25C,90,2.513387441635132,0.0,2.389495849609375,-2.4996440509955087,-0.0,1,24.0,0.0,0.0,2.8855350017547607,7_11_13_1C_Cycle.xlsx,0.0
A123_094,25C,30,2.397117376327514,0.0,2.397117376327514,-2.4997183563553285,-0.0,1,24.0,0.0,0.0,2.8855350017547607,3_4_14_1C_Cycle.xlsx,0.001361323775683039
A123_094,25C,60,4.056031703948975,1.0,4.066734313964844,2.318149402976036,0.0,1,24.0,0.0,0.0,2.8855350017547607,8_1_13_1C_Cycle.xlsx,0.00013964665454286468
A123_094,25C,30,2.504955053329468,0.0,2.504955053329468,-2.476544738983244,-0.0,1,24.0,0.0,0.0,2.8855350017547607,2_20_14_1C_Cycle.xlsx,0.0
A123_094,25C,30,4.066896438598633,1.0,4.066896438598633,2.327941183658208,0.0,1,24.0,0.0,0.0,2.8855350017547607,11_6_13_1C_Cycle.xlsx,0.0018701750073717646
A123_094,25C,60,2.478847026824951,0.0,2.393549919128418,-2.499680493058277,-0.0,1,24.0,0.0,0.0,2.8855350017547607,7_15_13_1C_Cycle.xlsx,0.00037051853342288905
A123_094,25C,60,4.0557074546813965,1.0,4.066572189331055,2.313346298564164,0.0,1,24.0,0.0,0.0,2.8855350017547607,9_25_13_1C_Cycle.xlsx,3.6989514066857395e-05
A123_094,25C,60,3.2980878353118896,0.6912685749088389,3.298412084579468,0.0499574169516563,0.0,1,24.0,0.0,1.0,3.553644180297852,6_27_13_tricklecharge.xlsx,0.9253638139569903
A123_094,25C,60,4.057328701019287,1.0,4.067707061767578,2.317306799054146,0.0,1,24.0,0.0,0.0,2.8855350017547607,8_12_13_1C_Cycle.xlsx,0.006081089582411694
A123_094,25C,30,4.067544937133789,1.0,4.067544937133789,2.32425849700076,0.0,1,24.0,0.0,0.0,2.8855350017547607,1_23_14_1C_Cycle.xlsx,0.0002828024865073413
A123_094,25C,150,4.040139675140381,1.0,4.069653034210205,2.336858928796992,0.0,1,24.0,0.0,0.0,2.8855350017547607,2_4_14_1C_Cycle.xlsx,0.0001974859299872051
A123_094,25C,60,2.531873941421509,0.0,2.476901054382324,-2.4770173015305774,-0.0,1,24.0,0.0,0.0,2.8855350017547607,1_23_14_1C_Cycle.xlsx,4.112882263056108e-05
A123_094,25C,120,4.039491176605225,1.0,4.066572189331055,2.3131582537269004,0.0,1,24.0,0.0,0.0,2.8855350017547607,10_07_13_1C_Cycle.xlsx,0.0
A123_094,25C,150,4.039329051971436,1.0,4.06884241104126,2.339376524156123,0.0,1,24.0,0.0,0.0,2.8855350017547607,2_20_14_1C_Cycle.xlsx,0.0
A123_094,25C,90,4.051329135894775,1.0,4.069166660308838,2.344500427023839,0.0,1,24.0,0.0,0.0,2.8855350017547607,11_18_13_1C_Cycle.xlsx,6.888600669403541e-05
A123_094,25C,30,4.0680317878723145,1.0,4.0680317878723145,2.3379690968801103,0.0,1,24.0,0.0,0.0,2.8855350017547607,7_19_13_1C_Cycle.xlsx,0.02423060491969872
A123_094,25C,30,4.066734313964844,1.0,4.066734313964844,2.314864716636456,0.0,1,24.0,0.0,0.0,2.8855350017547607,9_16_13_1C_Cycle.xlsx,0.0004979578794651399
A123_094,25C,90,2.526198148727417,0.0,2.3878743648529053,-2.499755010270236,-0.0,1,24.0,0.0,0.0,2.8855350017547607,9_16_13_1C_Cycle.xlsx,0.0002991989007508962
A123_094,25C,120,2.555225133895874,0.0,2.395009279251098,-2.499759910453079,-0.0,1,24.0,0.0,0.0,2.8855350017547607,8_1_13_1C_Cycle.xlsx,0.0003368059778437363
A123_094,25C,30,4.067869663238525,1.0,4.067869663238525,2.324195210622926,0.0,1,24.0,0.0,0.0,2.8855350017547607,1_23_14_1C_Cycle.xlsx,0.0
A123_094,25C,90,2.526198148727417,0.0,2.387063503265381,-2.499724890056409,-0.0,1,24.0,0.0,0.0,2.8855350017547607,9_16_13_1C_Cycle.xlsx,0.00023416933937410895
A123_094,25C,30,2.381874322891236,0.0,2.381874322891236,-2.4998455532884174,-0.0,1,24.0,0.0,0.0,2.8855350017547607,9_25_13_1C_Cycle.xlsx,1.824870944642312e-05
A123_094,25C,120,4.04030179977417,1.0,4.066896438598633,2.330725669922415,0.0,1,24.0,0.0,0.0,2.8855350017547607,10_07_13_1C_Cycle.xlsx,0.00015485448718672212
A123_094,25C,90,4.049707412719727,1.0,4.0680317878723145,2.327007474518624,0.0,1,24.0,0.0,0.0,2.8855350017547607,12_4_13_1C_Cycle.xlsx,0.001186589113043403
A123_094,25C,30,4.067544937133789,1.0,4.067544937133789,2.3245086648270616,0.0,1,24.0,0.0,0.0,2.8855350017547607,12_13_13_1C_Cycle.xlsx,0.00027393530892888237
A123_094,25C,60,2.505603551864624,0.0,2.4235498905181885,-2.499698088547894,-0.0,1,24.0,0.0,0.0,2.8855350017547607,2_20_14_1C_Cycle.xlsx,0.0
A123_094,25C,120,2.559927701950073,0.0,2.3802525997161865,-2.4997607902087995,-0.0,1,24.0,0.0,0.0,2.8855350017547607,10_07_13_1C_Cycle.xlsx,7.404863949545775e-05
A123_094,25C,120,2.5630087852478027,0.0,2.3969552516937256,-2.499698257446289,-0.0,1,24.0,0.0,0.0,2.8855350017547607,12_13_13_1C_Cycle.xlsx,0.00046953951804583815
A123_094,25C,120,4.04030179977417,1.0,4.067220687866211,2.3139819120609664,0.0,1,24.0,0.0,0.0,2.8855350017547607,8_29_13_1C_Cycle.xlsx,0.00021699259661811773
A123_094,25C,30,2.389171600341797,0.0,2.389171600341797,-2.4997858137919984,-0.0,1,24.0,0.0,0.0,2.8855350017547607,8_12_13_1C_Cycle.xlsx,0.0003968375019466586
A123_094,25C,60,4.05684232711792,1.0,4.066896438598633,2.3244329436849327,0.0,1,24.0,0.0,0.0,2.8855350017547607,1_23_14_1C_Cycle.xlsx,4.675553247555119e-05
A123_094,25C,30,2.47446870803833,0.0,2.47446870803833,-2.4782110179979195,-0.0,1,24.0,0.0,0.0,2.8855350017547607,8_29_13_1C_Cycle.xlsx,5.953354922867187e-05
A123_094,25C,120,2.5609006881713867,0.0,2.394036293029785,-2.4997140502070523,-0.0,1,24.0,0.0,0.0,2.8855350017547607,11_18_13_1C_Cycle.xlsx,9.643084493332045e-05
A123_094,25C,120,4.039977550506592,1.0,4.066734313964844,2.3311019331709413,0.0,1,24.0,0.0,0.0,2.8855350017547607,9_25_13_1C_Cycle.xlsx,0.0
A123_094,25C,30,4.065923690795898,1.0,4.065923690795898,2.280034220084212,0.0,1,24.0,0.0,0.0,2.8855350017547607,7_5_13_1C_Cycle.xlsx,0.029034449733235924
A123_094,25C,30,2.4730091094970703,0.0,2.4730091094970703,-2.4773890817450592,-0.0,1,24.0,0.0,0.0,2.8855350017547607,11_6_13_1C_Cycle.xlsx,5.442395060204309e-05
A123_094,25C,120,2.563171148300171,0.0,2.38268518447876,-2.4999019774523648,-0.0,1,24.0,0.0,0.0,2.8855350017547607,12_4_13_1C_Cycle.xlsx,0.0
A123_094,25C,60,4.060410022735596,1.0,4.069977760314941,2.342997513393052,0.0,1,24.0,0.0,0.0,2.8855350017547607,12_4_13_1C_Cycle.xlsx,0.00117233158150427
A123_094,25C,90,4.048247814178467,1.0,4.067707061767578,2.31884360366634,0.0,1,24.0,0.0,0.0,2.8855350017547607,8_1_13_1C_Cycle.xlsx,0.0004056897777084289
A123_094,25C,90,2.542089939117432,0.0,2.4138200283050537,-2.499709301524692,-0.0,1,24.0,0.0,0.0,2.8855350017547607,2_4_14_1C_Cycle.xlsx,0.0
A123_094,25C,60,4.057491302490234,1.0,4.067707061767578,2.338799908361604,0.0,1,24.0,0.0,0.0,2.8855350017547607,3_4_14_1C_Cycle.xlsx,0.0008137659239890844
A123_094,25C,60,4.056355953216553,1.0,4.067058563232422,2.317831477046013,0.0,1,24.0,0.0,0.0,2.8855350017547607,8_12_13_1C_Cycle.xlsx,0.0
A123_094,25C,60,4.057491302490234,1.0,4.067707061767578,2.3192204480108463,0.0,1,24.0,0.0,0.0,2.8855350017547607,3_4_14_1C_Cycle.xlsx,0.0006674471584644907
A123_094,25C,60,2.5497117042541504,0.0,2.5047929286956787,-2.476539718947606,-0.0,1,24.0,0.0,0.0,2.8855350017547607,2_20_14_1C_Cycle.xlsx,0.0
A123_094,25C,120,4.043869495391846,1.0,4.069004535675049,2.3445984177543955,0.0,1,24.0,0.0,0.0,2.8855350017547607,11_18_13_1C_Cycle.xlsx,0.0003181163565591724
A123_094,25C,60,2.482576608657837,0.0,2.395495891571045,-2.49968675700101,-0.0,1,24.0,0.0,0.0,2.8855350017547607,12_13_13_1C_Cycle.xlsx,0.00037051853342288905
A123_094,25C,60,2.5249009132385254,0.0,2.471063137054444,-2.499800772793525,-0.0,1,24.0,0.0,0.0,2.8855350017547607,9_25_13_1C_Cycle.xlsx,0.000299770925994104
A123_094,25C,30,2.482901096343994,0.0,2.482901096343994,-2.4771429949695967,-0.0,1,24.0,0.0,0.0,2.8855350017547607,12_13_13_1C_Cycle.xlsx,2.6297531668736386e-06
A123_094,25C,30,4.066410064697266,1.0,4.066410064697266,2.3116056856907106,0.0,1,24.0,0.0,0.0,2.8855350017547607,10_16_13_1C_Cycle.xlsx,0.0
A123_094,25C,30,4.067220687866211,1.0,4.067220687866211,2.316961306810379,0.0,1,24.0,0.0,0.0,2.8855350017547607,8_1_13_1C_Cycle.xlsx,0.005096666096812001
A123_094,25C,30,4.066410064697266,1.0,4.066410064697266,2.3120163786879258,0.0,1,24.0,0.0,0.0,2.8855350017547607,10_16_13_1C_Cycle.xlsx,0.0
A123_094,25C,60,4.056355953216553,1.0,4.067058563232422,2.3311826121831727,0.0,1,24.0,0.0,0.0,2.8855350017547607,9_25_13_1C_Cycle.xlsx,0.00043758944396353906
A123_094,25C,60,4.058950424194336,1.0,4.0680317878723145,2.3395809849495426,0.0,1,24.0,0.0,0.0,2.8855350017547607,2_20_14_1C_Cycle.xlsx,2.4788487743441962e-05
A123_094,25C,30,2.4511172771453857,0.0,2.4511172771453857,-2.479185115174795,-0.0,1,24.0,0.0,0.0,2.8855350017547607,7_8_13_1C_Cycle.xlsx,0.0008911972766261946
A123_094,25C,120,4.040139675140381,1.0,4.067058563232422,2.327881952105951,0.0,1,24.0,0.0,0.0,2.8855350017547607,11_6_13_1C_Cycle.xlsx,0.0
A123_094,25C,60,2.478684902191162,0.0,2.3865768909454346,-2.499742616306652,-0.0,1,24.0,0.0,0.0,2.8855350017547607,12_4_13_1C_Cycle.xlsx,0.00029546727886784645
A123_094,25C,120,2.5662522315979004,0.0,2.382522821426392,-2.499746836653544,-0.0,1,24.0,0.0,0.0,2.8855350017547607,1_23_14_1C_Cycle.xlsx,0.0
A123_094,25C,60,2.532036066055298,0.0,2.47754979133606,-2.4770370148069394,-0.0,1,24.0,0.0,0.0,2.8855350017547607,1_23_14_1C_Cycle.xlsx,4.18870010101365e-05
A123_094,25C,120,4.044193744659424,1.0,4.068356037139893,2.339076983628043,0.0,1,24.0,0.0,0.0,2.8855350017547607,2_4_14_1C_Cycle.xlsx,0.007225755234976645
A123_094,25C,60,2.4772253036499023,0.0,2.382522821426392,-2.4998379057103937,-0.0,1,24.0,0.0,0.0,2.8855350017547607,12_4_13_1C_Cycle.xlsx,0.0
A123_094,25C,30,4.068680286407471,1.0,4.068680286407471,2.3249357304835723,0.0,1,24.0,0.0,0.0,2.8855350017547607,12_13_13_1C_Cycle.xlsx,0.0028604021646287674
A123_094,25C,120,4.040788650512695,1.0,4.067869663238525,2.319527589198616,0.0,1,24.0,0.0,0.0,2.8855350017547607,8_1_13_1C_Cycle.xlsx,0.0
A123_094,25C,60,2.527819871902466,0.0,2.4799821376800537,-2.4779664987758934,-0.0,1,24.0,0.0,0.0,2.8855350017547607,9_16_13_1C_Cycle.xlsx,4.18870010101365e-05
A123_094,25C,30,2.395658016204834,0.0,2.395658016204834,-2.499807872504832,-0.0,1,24.0,0.0,0.0,2.8855350017547607,2_4_14_1C_Cycle.xlsx,0.0003732859215183138
A123_094,25C,30,2.4138200283050537,0.0,2.4138200283050537,-2.4996908947273537,-0.0,1,24.0,0.0,0.0,2.8855350017547607,2_4_14_1C_Cycle.xlsx,0.002863155312858605
A123_094,25C,90,2.5266847610473637,0.0,2.38268518447876,-2.4999271029919647,-0.0367793317186396,1,24.0,0.0,0.0,2.8855350017547607,10_07_13_1C_Cycle.xlsx,0.00047019140327686184
A123_094,25C,60,4.056193828582764,1.0,4.066572189331055,2.3278591461291835,0.0,1,24.0,0.0,0.0,2.8855350017547607,11_6_13_1C_Cycle.xlsx,0.00013084029350968022
A123_094,25C,150,4.034950733184815,1.0,4.067544937133789,2.3245086648270616,0.0,1,24.0,0.0,0.0,2.8855350017547607,12_13_13_1C_Cycle.xlsx,0.0
A123_094,25C,120,4.039653301239014,1.0,4.069166660308838,2.340002812445164,0.0,1,24.0,0.0,0.0,2.8855350017547607,2_4_14_1C_Cycle.xlsx,0.0022873297114979576
A123_094,25C,30,4.069490909576416,1.0,4.069490909576416,2.3370987191086723,0.0,1,24.0,0.0,0.0,2.8855350017547607,7_24_13_1C_Cycle.xlsx,0.0
A123_094,25C,30,4.067869663238525,1.0,4.067869663238525,2.3241272627925262,0.0,1,24.0,0.0,0.0,2.8855350017547607,1_23_14_1C_Cycle.xlsx,0.0
A123_094,25C,30,4.06884241104126,1.0,4.06884241104126,2.3401159089544543,0.0,1,24.0,0.0,0.0,2.8855350017547607,2_4_14_1C_Cycle.xlsx,0.0
A123_094,25C,60,4.056031703948975,1.0,4.066734313964844,2.312921283186459,0.0,1,24.0,0.0,0.0,2.8855350017547607,10_07_13_1C_Cycle.xlsx,0.0
A123_094,25C,120,2.553603410720825,0.0,2.3859283924102783,-2.4997562128922035,-0.0,1,24.0,0.0,0.0,2.8855350017547607,8_12_13_1C_Cycle.xlsx,0.0002028147394732731
A123_094,25C,120,4.039329051971436,1.0,4.066247940063477,2.313384832112027,0.0,1,24.0,0.0,0.0,2.8855350017547607,10_07_13_1C_Cycle.xlsx,0.0
A123_094,25C,60,4.0558695793151855,1.0,4.066734313964844,2.3161385854886425,0.0,1,24.0,0.0,0.0,2.8855350017547607,8_29_13_1C_Cycle.xlsx,0.00020180563905945298
A123_094,25C,120,2.5545763969421387,0.0,2.3941986560821533,-2.4997228170052552,-0.0,1,24.0,0.0,0.0,2.8855350017547607,8_1_13_1C_Cycle.xlsx,0.0003032912075969576
A123_094,25C,120,4.039329051971436,1.0,4.066572189331055,2.313048663197971,0.0,1,24.0,0.0,0.0,2.8855350017547607,9_25_13_1C_Cycle.xlsx,0.0
A123_094,25C,120,2.557819604873657,0.0,2.386901378631592,-2.499750254447,-0.0,1,24.0,0.0,0.0,2.8855350017547607,9_16_13_1C_Cycle.xlsx,0.00015591434506419786
A123_094,25C,90,4.047275066375732,1.0,4.066896438598633,2.3112204986786056,0.0,1,24.0,0.0,0.0,2.8855350017547607,10_16_13_1C_Cycle.xlsx,0.0035525774963388696
A123_094,25C,120,2.5690088272094727,0.0,2.4027931690216064,-2.499709911435564,-0.0,1,24.0,0.0,0.0,2.8855350017547607,3_4_14_1C_Cycle.xlsx,0.0012581360301342197
A123_094,25C,120,4.039491176605225,1.0,4.066572189331055,2.3131700931269616,0.0,1,24.0,0.0,0.0,2.8855350017547607,10_07_13_1C_Cycle.xlsx,0.0
A123_094,25C,150,4.036247730255127,1.0,4.0680317878723145,2.326990776953577,0.0,1,24.0,0.0,0.0,2.8855350017547607,12_4_13_1C_Cycle.xlsx,0.0008435840782881315
A123_094,25C,90,4.045166969299316,1.0,4.069328784942627,2.3385032997711708,0.0,1,24.0,0.0,0.0,2.8855350017547607,3_4_14_1C_Cycle.xlsx,0.0
A123_094,25C,120,4.0599236488342285,1.0,4.074518203735352,0.9077194258570672,0.0,1,24.0,0.0,1.0,3.553644180297852,9_25_13_1C_Cycle.xlsx,1.0
A123_094,25C,60,4.0557074546813965,1.0,4.066410064697266,2.3132915049791336,0.0,1,24.0,0.0,0.0,2.8855350017547607,9_25_13_1C_Cycle.xlsx,0.0
A123_094,25C,150,4.033491134643555,1.0,4.067058563232422,2.328194734491721,0.0,1,24.0,0.0,0.0,2.8855350017547607,11_6_13_1C_Cycle.xlsx,0.0
A123_094,25C,120,2.5604143142700195,0.0,2.380577087402344,-2.4997383999613536,-0.0,1,24.0,0.0,0.0,2.8855350017547607,10_07_13_1C_Cycle.xlsx,0.00021217806731847416
A123_094,25C,30,4.067220687866211,1.0,4.067220687866211,2.305397005577106,0.0,1,24.0,0.0,0.0,2.8855350017547607,7_17_13_1C_Cycle.xlsx,0.01594689105829663
A123_094,25C,120,2.561225175857544,0.0,2.3740904331207275,-2.5001909605094363,-0.0,1,24.0,0.0,0.0,2.8855350017547607,10_16_13_1C_Cycle.xlsx,0.0
A123_094,25C,90,4.046950817108154,1.0,4.066896438598633,2.317990465581417,0.0,1,24.0,0.0,0.0,2.8855350017547607,8_12_13_1C_Cycle.xlsx,0.0
A123_094,25C,150,4.033329010009766,1.0,4.067220687866211,2.3157830752071837,0.0,1,24.0,0.0,0.0,2.8855350017547607,8_29_13_1C_Cycle.xlsx,0.00018534443214330684
A123_094,25C,120,4.039329051971436,1.0,4.067220687866211,2.310355277120612,0.0,1,24.0,0.0,0.0,2.8855350017547607,7_8_13_1C_Cycle.xlsx,0.0037187395566481
A123_094,25C,120,2.55733323097229,0.0,2.384955406188965,-2.49975818081906,-0.0,1,24.0,0.0,0.0,2.8855350017547607,9_16_13_1C_Cycle.xlsx,7.048478007930001e-05
A123_094,25C,60,4.056193828582764,1.0,4.066734313964844,2.313036817202314,0.0,1,24.0,0.0,0.0,2.8855350017547607,10_07_13_1C_Cycle.xlsx,0.00022933577271208862
A123_094,25C,90,4.046626091003418,1.0,4.066247940063477,2.3116146536651723,0.0,1,24.0,0.0,0.0,2.8855350017547607,10_16_13_1C_Cycle.xlsx,0.0
A123_094,25C,120,2.5753331184387207,0.0,2.3987390995025635,-2.499865078500339,-0.0,1,24.0,0.0,0.0,2.8855350017547607,10_16_13_1C_Cycle.xlsx,0.0012670659015080819
A123_094,25C,60,4.056193828582764,1.0,4.066896438598633,2.3279487444948748,0.0,1,24.0,0.0,0.0,2.8855350017547607,11_6_13_1C_Cycle.xlsx,0.00013471748497111125
A123_094,25C,30,4.066896438598633,1.0,4.066896438598633,2.3281142575149776,0.0,1,24.0,0.0,0.0,2.8855350017547607,11_6_13_1C_Cycle.xlsx,0.0018701750073717646
A123_094,25C,30,2.3774960041046143,0.0,2.3774960041046143,-2.499891933086699,-0.0,1,24.0,0.0,0.0,2.8855350017547607,9_25_13_1C_Cycle.xlsx,4.160405182424322e-05
A123_094,25C,60,4.057491302490234,1.0,4.067869663238525,2.324400586832283,0.0,1,24.0,0.0,0.0,2.8855350017547607,1_23_14_1C_Cycle.xlsx,0.00010130485260528904
A123_094,25C,120,4.043545246124268,1.0,4.068356037139893,2.3421134210095325,0.0,1,24.0,0.0,0.0,2.8855350017547607,1_23_14_1C_Cycle.xlsx,0.0007496219446491596
A123_094,25C,30,2.3927390575408936,0.0,2.3927390575408936,-2.499792671649256,-0.0,1,24.0,0.0,0.0,2.8855350017547607,2_4_14_1C_Cycle.xlsx,0.00047605373169092556
A123_094,25C,60,2.5270090103149414,0.0,2.474306344985962,-2.4777953824009997,-0.0,1,24.0,0.0,0.0,2.8855350017547607,10_07_13_1C_Cycle.xlsx,4.18870010101365e-05
A123_094,25C,30,4.069004535675049,1.0,4.069004535675049,2.344527972388571,0.0,1,24.0,0.0,0.0,2.8855350017547607,11_18_13_1C_Cycle.xlsx,0.0011944376251010519
A123_094,25C,30,4.067869663238525,1.0,4.067869663238525,2.324360435589766,0.0,1,24.0,0.0,0.0,2.8855350017547607,1_23_14_1C_Cycle.xlsx,0.0
A123_094,25C,120,4.044355869293213,1.0,4.069004535675049,2.343531804207044,0.0,1,24.0,0.0,0.0,2.8855350017547607,12_13_13_1C_Cycle.xlsx,0.0003158314873081914
A123_094,25C,150,4.032193660736084,1.0,4.067220687866211,2.310355277120612,0.0,1,24.0,0.0,0.0,2.8855350017547607,7_8_13_1C_Cycle.xlsx,0.0011724993173432073
A123_094,25C,120,2.5605764389038086,0.0,2.393549919128418,-2.4997401001217128,-0.0,1,24.0,0.0,0.0,2.8855350017547607,11_18_13_1C_Cycle.xlsx,0.0003273526007782044
A123_094,25C,120,2.559279203414917,0.0,2.382198572158813,-2.499880737962976,-0.0,1,24.0,0.0,0.0,2.8855350017547607,10_07_13_1C_Cycle.xlsx,0.0
A123_094,25C,60,4.057004451751709,1.0,4.067707061767578,2.319506083689039,0.0,1,24.0,0.0,0.0,2.8855350017547607,8_1_13_1C_Cycle.xlsx,0.0006423552268791673
A123_094,25C,90,2.5273332595825195,0.0,2.374739170074463,-2.49996474626902,-0.0,1,24.0,0.0,0.0,2.8855350017547607,11_6_13_1C_Cycle.xlsx,0.0
A123_094,25C,60,4.057977676391602,1.0,4.0680317878723145,2.3249509797384174,0.0,1,24.0,0.0,0.0,2.8855350017547607,12_4_13_1C_Cycle.xlsx,0.0
A123_094,25C,120,2.557657480239868,0.0,2.381874322891236,-2.4997511943884656,-0.0,1,24.0,0.0,0.0,2.8855350017547607,9_25_13_1C_Cycle.xlsx,7.048478007930001e-05
A123_094,25C,30,2.382522821426392,0.0,2.382522821426392,-2.4997495950850763,-0.0,1,24.0,0.0,0.0,2.8855350017547607,9_25_13_1C_Cycle.xlsx,0.00023588307290671974
A123_094,25C,30,2.3984148502349854,0.0,2.3984148502349854,-2.4998019729648626,-0.0,1,24.0,0.0,0.0,2.8855350017547607,11_6_13_1C_Cycle.xlsx,0.0019219710726112362
A123_094,25C,90,2.555063009262085,0.0,2.426955223083496,-2.4996559799842117,-0.0,1,24.0,0.0,0.0,2.8855350017547607,2_20_14_1C_Cycle.xlsx,0.004187067651403575
A123_094,25C,30,4.066572189331055,1.0,4.066572189331055,2.315635863811739,0.0,1,24.0,0.0,0.0,2.8855350017547607,8_29_13_1C_Cycle.xlsx,5.780936922147162e-05
A123_094,25C,90,4.046950817108154,1.0,4.067058563232422,2.305317953112535,0.0,1,24.0,0.0,0.0,2.8855350017547607,7_19_13_1C_Cycle.xlsx,0.0022204135546440872
A123_094,25C,30,2.480955123901367,0.0,2.480955123901367,-2.477923774988628,-0.0,1,24.0,0.0,0.0,2.8855350017547607,10_07_13_1C_Cycle.xlsx,3.873380880485437e-05
A123_094,25C,120,4.044517993927002,1.0,4.069166660308838,2.3387822253270105,0.0,1,24.0,0.0,0.0,2.8855350017547607,3_4_14_1C_Cycle.xlsx,0.00018378937745307442
A123_094,25C,120,4.042409896850586,1.0,4.0680317878723145,2.327007474518624,0.0,1,24.0,0.0,0.0,2.8855350017547607,12_4_13_1C_Cycle.xlsx,0.0006826273832377352
A123_094,25C,60,2.530090093612671,0.0,2.480792999267578,-2.477389079180804,-0.0,1,24.0,0.0,0.0,2.8855350017547607,11_18_13_1C_Cycle.xlsx,4.18870010101365e-05
A123_094,25C,120,2.5628466606140137,0.0,2.3774960041046143,-2.499848955443927,-0.0,1,24.0,0.0,0.0,2.8855350017547607,10_16_13_1C_Cycle.xlsx,0.0
A123_094,25C,60,4.056193828582764,1.0,4.067058563232422,2.317922522187233,0.0,1,24.0,0.0,0.0,2.8855350017547607,8_12_13_1C_Cycle.xlsx,0.0
A123_094,25C,30,2.48500919342041,0.0,2.48500919342041,-2.476651833076849,-0.0,1,24.0,0.0,0.0,2.8855350017547607,2_4_14_1C_Cycle.xlsx,0.0
A123_094,25C,90,4.041923522949219,1.0,4.067869663238525,2.322607472364325,0.0,1,24.0,0.0,0.0,2.8855350017547607,7_17_13_1C_Cycle.xlsx,0.0
A123_094,25C,120,2.5704684257507324,0.0,2.387712001800537,-2.499772403841821,-0.0,1,24.0,0.0,0.0,2.8855350017547607,3_4_14_1C_Cycle.xlsx,0.0
A123_094,25C,60,4.057328701019287,1.0,4.067707061767578,2.331749741904071,0.0,1,24.0,0.0,0.0,2.8855350017547607,9_16_13_1C_Cycle.xlsx,0.002721560632378578
A123_094,25C,60,2.481117248535156,0.0,2.393712043762207,-2.499724890056409,-0.0,1,24.0,0.0,0.0,2.8855350017547607,9_16_13_1C_Cycle.xlsx,0.00011164396256511453
A123_094,25C,30,4.070464134216309,1.0,4.070464134216309,2.3422099667736607,0.0,1,24.0,0.0,0.0,2.8855350017547607,12_13_13_1C_Cycle.xlsx,0.0
A123_094,25C,90,4.047112941741943,1.0,4.067058563232422,2.3055325008463115,0.0,1,24.0,0.0,0.0,2.8855350017547607,7_17_13_1C_Cycle.xlsx,0.0054383378374859735
A123_094,25C,30,2.395982265472412,0.0,2.395982265472412,-2.499729645879645,-0.0,1,24.0,0.0,0.0,2.8855350017547607,8_29_13_1C_Cycle.xlsx,0.00031065975466786663
A123_094,25C,30,2.372468948364258,0.0,2.372468948364258,-2.4998768557299367,-0.0,1,24.0,0.0,0.0,2.8855350017547607,11_6_13_1C_Cycle.xlsx,4.160405182424322e-05
A123_094,25C,30,2.389009475708008,0.0,2.389009475708008,-2.4997808487615854,-0.0,1,24.0,0.0,0.0,2.8855350017547607,2_4_14_1C_Cycle.xlsx,0.0003968375019466586
A123_094,25C,30,4.070788383483887,1.0,4.070788383483887,2.3533531363010405,0.0,1,24.0,0.0,0.0,2.8855350017547607,7_24_13_1C_Cycle.xlsx,0.0
A123_094,25C,120,4.039653301239014,1.0,4.066734313964844,2.3155615339956936,0.0,1,24.0,0.0,0.0,2.8855350017547607,8_29_13_1C_Cycle.xlsx,0.001840205563128949
A123_094,25C,120,2.563171148300171,0.0,2.4011714458465576,-2.499670079198934,-0.0,1,24.0,0.0,0.0,2.8855350017547607,7_19_13_1C_Cycle.xlsx,0.0
A123_094,25C,90,4.047275066375732,1.0,4.066734313964844,2.3313677460570967,0.0,1,24.0,0.0,0.0,2.8855350017547607,10_07_13_1C_Cycle.xlsx,3.180324475101265e-05
A123_094,25C,60,4.059274673461914,1.0,4.06884241104126,2.338771120432699,0.0,1,24.0,0.0,0.0,2.8855350017547607,3_4_14_1C_Cycle.xlsx,0.00012313679603430348
A123_094,25C,150,4.032680511474609,1.0,4.066572189331055,2.3161939542980923,0.0,1,24.0,0.0,0.0,2.8855350017547607,8_29_13_1C_Cycle.xlsx,0.0
A123_094,25C,60,4.058788299560547,1.0,4.068680286407471,2.337735362528336,0.0,1,24.0,0.0,0.0,2.8855350017547607,7_24_13_1C_Cycle.xlsx,0.021106745069625808
A123_094,25C,60,4.056355953216553,1.0,4.067058563232422,2.315857383092084,0.0,1,24.0,0.0,0.0,2.8855350017547607,8_29_13_1C_Cycle.xlsx,4.410060527003809e-05
A123_094,25C,30,4.066572189331055,1.0,4.066572189331055,2.3113070558294777,0.0,1,24.0,0.0,0.0,2.8855350017547607,10_16_13_1C_Cycle.xlsx,9.281872223232083e-05
A123_094,25C,90,4.048734188079834,1.0,4.067544937133789,2.319161780047835,0.0,1,24.0,0.0,0.0,2.8855350017547607,3_4_14_1C_Cycle.xlsx,0.0004056897777084289
A123_094,25C,30,4.068518161773682,1.0,4.068518161773682,2.344776034544585,0.0,1,24.0,0.0,0.0,2.8855350017547607,11_18_13_1C_Cycle.xlsx,0.00012901996031604502
A123_094,25C,90,2.5273332595825195,0.0,2.381549835205078,-2.4997559922986325,-0.0,1,24.0,0.0,0.0,2.8855350017547607,10_07_13_1C_Cycle.xlsx,0.00016176637263476374
A123_094,25C,90,4.041923522949219,1.0,4.067869663238525,2.3242863182965507,0.0,1,24.0,0.0,0.0,2.8855350017547607,1_23_14_1C_Cycle.xlsx,0.0
A123_094,25C,90,4.051329135894775,1.0,4.06884241104126,2.343741808182154,0.0,1,24.0,0.0,0.0,2.8855350017547607,12_4_13_1C_Cycle.xlsx,0.0
A123_094,25C,60,2.4773874282836914,0.0,2.390630960464477,-2.4997854751089346,-0.0,1,24.0,0.0,0.0,2.8855350017547607,8_29_13_1C_Cycle.xlsx,0.00030649062744428997
A123_094,25C,60,4.057004451751709,1.0,4.067544937133789,2.324568876216554,0.0,1,24.0,0.0,0.0,2.8855350017547607,1_23_14_1C_Cycle.xlsx,0.0006897985355119916
A123_094,25C,30,4.066572189331055,1.0,4.066572189331055,2.3131597340717667,0.0,1,24.0,0.0,0.0,2.8855350017547607,10_07_13_1C_Cycle.xlsx,4.922825332347347e-05
A123_094,25C,60,4.0557074546813965,1.0,4.066247940063477,2.311284657721677,0.0,1,24.0,0.0,0.0,2.8855350017547607,10_16_13_1C_Cycle.xlsx,0.0
A123_094,25C,120,4.039166927337647,1.0,4.066410064697266,2.3112801902673463,0.0,1,24.0,0.0,0.0,2.8855350017547607,10_16_13_1C_Cycle.xlsx,0.0
A123_094,25C,60,2.488738775253296,0.0,2.4053876399993896,-2.499808909600241,-0.0,1,24.0,0.0,0.0,2.8855350017547607,9_16_13_1C_Cycle.xlsx,0.018036423773708687
A123_094,25C,60,2.473982095718384,0.0,2.377171516418457,-2.49991512298584,-0.0,1,24.0,0.0,0.0,2.8855350017547607,12_13_13_1C_Cycle.xlsx,0.0
A123_094,25C,150,4.034139633178711,1.0,4.067220687866211,2.3246537713795647,0.0,1,24.0,0.0,0.0,2.8855350017547607,12_13_13_1C_Cycle.xlsx,7.795968754739246e-05
A123_094,25C,120,2.557495355606079,0.0,2.39176607131958,-2.499741473405257,-0.0,1,24.0,0.0,0.0,2.8855350017547607,8_29_13_1C_Cycle.xlsx,0.000297607632303372
A123_094,25C,60,2.4773874282836914,0.0,2.3823606967926025,-2.4997091679959684,-0.0,1,24.0,0.0,0.0,2.8855350017547607,12_4_13_1C_Cycle.xlsx,0.0
A123_094,25C,60,4.056193828582764,1.0,4.066896438598633,2.308824769636759,0.0,1,24.0,0.0,0.0,2.8855350017547607,7_8_13_1C_Cycle.xlsx,0.0
A123_094,25C,30,4.068518161773682,1.0,4.068518161773682,2.3395603840288364,0.0,1,24.0,0.0,0.0,2.8855350017547607,2_20_14_1C_Cycle.xlsx,1.3709505374194577e-05
A123_094,25C,90,2.49863076210022,0.0,2.376198530197144,-2.499681380169451,-0.0,1,24.0,0.0,0.0,2.8855350017547607,7_8_13_1C_Cycle.xlsx,0.0007477575601540862
A123_094,25C,120,2.570630550384521,0.0,2.396144390106201,-2.4997369351788103,-0.0,1,24.0,0.0,0.0,2.8855350017547607,3_4_14_1C_Cycle.xlsx,0.0
A123_094,25C,30,2.476738929748535,0.0,2.476738929748535,-2.478868221706944,-0.0,1,24.0,0.0,0.0,2.8855350017547607,7_15_13_1C_Cycle.xlsx,0.0
A123_094,25C,60,2.5274953842163086,0.0,2.4730091094970703,-2.477586032075816,-0.0,1,24.0,0.0,0.0,2.8855350017547607,10_16_13_1C_Cycle.xlsx,4.18870010101365e-05
A123_094,25C,60,4.058950424194336,1.0,4.068680286407471,2.3446305729448795,0.0,1,24.0,0.0,0.0,2.8855350017547607,11_18_13_1C_Cycle.xlsx,0.0
A123_094,25C,120,4.041437149047852,1.0,4.067544937133789,2.3245086648270616,0.0,1,24.0,0.0,0.0,2.8855350017547607,12_13_13_1C_Cycle.xlsx,0.0
A123_094,25C,30,4.067869663238525,1.0,4.067869663238525,2.3236592963465257,0.0,1,24.0,0.0,0.0,2.8855350017547607,1_23_14_1C_Cycle.xlsx,0.0
A123_094,25C,90,4.048734188079834,1.0,4.067869663238525,2.3242492559883328,0.0,1,24.0,0.0,0.0,2.8855350017547607,1_23_14_1C_Cycle.xlsx,0.0
A123_094,25C,30,4.068680286407471,1.0,4.068680286407471,2.33955404711397,0.0,1,24.0,0.0,0.0,2.8855350017547607,2_20_14_1C_Cycle.xlsx,0.0
A123_094,25C,150,4.038193702697754,1.0,4.06884241104126,2.344344209753356,0.0,1,24.0,0.0,0.0,2.8855350017547607,11_18_13_1C_Cycle.xlsx,0.0
A123_094,25C,60,2.4801442623138428,0.0,2.3966310024261475,-2.499878820191082,-0.0,1,24.0,0.0,0.0,2.8855350017547607,8_1_13_1C_Cycle.xlsx,0.00026433605468233136
A123_094,25C,90,2.534468412399292,0.0,2.396144390106201,-2.499861238199637,-0.0,1,24.0,0.0,0.0,2.8855350017547607,1_23_14_1C_Cycle.xlsx,0.0
A123_094,25C,90,2.5255496501922607,0.0,2.382847309112549,-2.499757591602022,-0.0,1,24.0,0.0,0.0,2.8855350017547607,9_25_13_1C_Cycle.xlsx,0.00014951032853081138
A123_094,25C,60,4.057491302490234,1.0,4.067869663238525,2.324457717120138,0.0,1,24.0,0.0,0.0,2.8855350017547607,1_23_14_1C_Cycle.xlsx,0.00010130485260528904
A123_094,25C,60,2.4770631790161133,0.0,2.3860905170440674,-2.4997352013545755,-0.0,1,24.0,0.0,0.0,2.8855350017547607,10_07_13_1C_Cycle.xlsx,0.00037188149598274827
A123_094,25C,60,2.5274953842163086,0.0,2.4734957218170166,-2.4777747393262253,-0.0,1,24.0,0.0,0.0,2.8855350017547607,10_16_13_1C_Cycle.xlsx,4.18870010101365e-05
A123_094,25C,90,4.047112941741943,1.0,4.066896438598633,2.3177288458943366,0.0,1,24.0,0.0,0.0,2.8855350017547607,8_12_13_1C_Cycle.xlsx,0.0
A123_094,25C,150,4.044031620025635,1.0,4.07192325592041,2.361629956171044,0.0,1,24.0,0.0,0.0,2.8855350017547607,12_4_13_1C_Cycle.xlsx,0.06038947013726028
A123_094,25C,120,4.045815467834473,1.0,4.069490909576416,2.3380833070137,0.0,1,24.0,0.0,0.0,2.8855350017547607,3_4_14_1C_Cycle.xlsx,0.0
A123_094,25C,30,4.066734313964844,1.0,4.066734313964844,2.3129420031900287,0.0,1,24.0,0.0,0.0,2.8855350017547607,9_25_13_1C_Cycle.xlsx,0.0003114312921679432
A123_094,25C,30,4.0680317878723145,1.0,4.0680317878723145,2.320835689918732,0.0,1,24.0,0.0,0.0,2.8855350017547607,7_19_13_1C_Cycle.xlsx,0.0001240064589094891
A123_094,25C,120,4.048247814178467,1.0,4.071274757385254,2.3530770887732504,0.0,1,24.0,0.0,0.0,2.8855350017547607,7_24_13_1C_Cycle.xlsx,0.012230687170322031
A123_094,25C,60,4.058950424194336,1.0,4.068356037139893,2.3403091452691864,0.0,1,24.0,0.0,0.0,2.8855350017547607,2_4_14_1C_Cycle.xlsx,0.0015858197019677817
A123_094,25C,150,4.038680553436279,1.0,4.068193912506104,2.339527061960676,0.0,1,24.0,0.0,0.0,2.8855350017547607,2_20_14_1C_Cycle.xlsx,0.0
A123_094,25C,60,4.056518077850342,1.0,4.066896438598633,2.3276770031627487,0.0,1,24.0,0.0,0.0,2.8855350017547607,11_6_13_1C_Cycle.xlsx,0.00019366815181368313
A123_094,25C,120,2.5609006881713867,0.0,2.3943607807159424,-2.4997905761271983,-0.0,1,24.0,0.0,0.0,2.8855350017547607,11_18_13_1C_Cycle.xlsx,0.00018922317295518796
A123_094,25C,30,4.0673828125,1.0,4.0673828125,2.3215804485523184,0.0,1,24.0,0.0,0.0,2.8855350017547607,2_4_14_1C_Cycle.xlsx,0.0005205773721659582
A123_094,25C,150,4.031545162200928,1.0,4.066410064697266,2.3185874039530754,0.0,1,24.0,0.0,0.0,2.8855350017547607,8_12_13_1C_Cycle.xlsx,0.0
A123_094,25C,120,2.5605764389038086,0.0,2.382522821426392,-2.4997591909054107,-0.0,1,24.0,0.0,0.0,2.8855350017547607,10_07_13_1C_Cycle.xlsx,7.048478007930001e-05
A123_094,25C,120,4.038842678070068,1.0,4.066410064697266,2.3151731669175915,0.0,1,24.0,0.0,0.0,2.8855350017547607,9_16_13_1C_Cycle.xlsx,0.0
A123_094,25C,150,4.032842636108398,1.0,4.066572189331055,2.3131612116073974,0.0,1,24.0,0.0,0.0,2.8855350017547607,10_07_13_1C_Cycle.xlsx,0.0
A123_094,25C,90,4.049707412719727,1.0,4.0680317878723145,2.32692699816798,0.0,1,24.0,0.0,0.0,2.8855350017547607,12_4_13_1C_Cycle.xlsx,0.0
A123_094,25C,30,4.0673828125,1.0,4.0673828125,2.317199843287468,0.0,1,24.0,0.0,0.0,2.8855350017547607,8_12_13_1C_Cycle.xlsx,0.002037314659187058
A123_094,25C,90,2.5234413146972656,0.0,2.3903067111968994,-2.499112943123127,-0.0,1,24.0,0.0,0.0,2.8855350017547607,8_12_13_1C_Cycle.xlsx,0.0
A123_094,25C,90,2.5297658443450928,0.0,2.3760364055633545,-2.4999258999430807,-0.0389199348682731,1,24.0,0.0,0.0,2.8855350017547607,12_13_13_1C_Cycle.xlsx,0.0003214641322270098
A123_094,25C,150,4.0343017578125,1.0,4.067058563232422,2.3212332464430645,0.0,1,24.0,0.0,0.0,2.8855350017547607,2_4_14_1C_Cycle.xlsx,0.0
A123_094,25C,150,4.032680511474609,1.0,4.066410064697266,2.3281916840111507,0.0,1,24.0,0.0,0.0,2.8855350017547607,11_6_13_1C_Cycle.xlsx,0.0
A123_094,25C,90,4.047599315643311,1.0,4.067220687866211,2.315686910142821,0.0,1,24.0,0.0,0.0,2.8855350017547607,8_29_13_1C_Cycle.xlsx,0.0005832127995656372
A123_094,25C,30,2.4759280681610107,0.0,2.4759280681610107,-2.478377204733646,-0.0,1,24.0,0.0,0.0,2.8855350017547607,8_12_13_1C_Cycle.xlsx,6.039672425906273e-05
A123_094,25C,150,4.033166885375977,1.0,4.067220687866211,2.317860369563103,0.0,1,24.0,0.0,0.0,2.8855350017547607,8_12_13_1C_Cycle.xlsx,9.001743535195494e-05
A123_094,25C,90,4.047599315643311,1.0,4.066896438598633,2.330715203149752,0.0,1,24.0,0.0,0.0,2.8855350017547607,10_07_13_1C_Cycle.xlsx,0.000622743475988044
A123_094,25C,90,2.523279190063477,0.0,2.401982307434082,-2.49965783499055,-0.0,1,24.0,0.0,0.0,2.8855350017547607,7_24_13_1C_Cycle.xlsx,0.00080157101481146
A123_094,25C,150,4.032356262207031,1.0,4.066896438598633,2.308824769636759,0.0,1,24.0,0.0,0.0,2.8855350017547607,7_8_13_1C_Cycle.xlsx,0.0
A123_094,25C,30,2.42484712600708,0.0,2.42484712600708,-2.499674442772553,-0.0,1,24.0,0.0,0.0,2.8855350017547607,2_20_14_1C_Cycle.xlsx,0.0
A123_094,25C,60,4.056518077850342,1.0,4.067220687866211,2.319603585948547,0.0,1,24.0,0.0,0.0,2.8855350017547607,8_1_13_1C_Cycle.xlsx,0.0005410710173993356
A123_094,25C,90,2.523765802383423,0.0,2.393387794494629,-2.499772269501645,-0.0,1,24.0,0.0,0.0,2.8855350017547607,8_1_13_1C_Cycle.xlsx,0.00037090284836576977
A123_094,25C,120,4.040788650512695,1.0,4.067707061767578,2.3259914063490355,0.0,1,24.0,0.0,0.0,2.8855350017547607,7_8_13_1C_Cycle.xlsx,0.0
A123_094,25C,120,4.039329051971436,1.0,4.066410064697266,2.3112936219400613,0.0,1,24.0,0.0,0.0,2.8855350017547607,10_16_13_1C_Cycle.xlsx,0.0
A123_094,25C,120,4.045166969299316,1.0,4.069815158843994,2.336450619179578,0.0,1,24.0,0.0,0.0,2.8855350017547607,7_24_13_1C_Cycle.xlsx,0.00024117218669197481
A123_094,25C,120,4.039653301239014,1.0,4.067058563232422,2.3175872113704683,0.0,1,24.0,0.0,0.0,2.8855350017547607,8_12_13_1C_Cycle.xlsx,0.0020244392589633163
A123_094,25C,60,4.058950424194336,1.0,4.068518161773682,2.341822156104548,0.0,1,24.0,0.0,0.0,2.8855350017547607,1_23_14_1C_Cycle.xlsx,0.001362369957417131
A123_094,25C,90,4.048409938812256,1.0,4.0673828125,2.320733630981134,0.0,1,24.0,0.0,0.0,2.8855350017547607,2_4_14_1C_Cycle.xlsx,0.0002737165638780485
A123_094,25C,30,2.476576805114746,0.0,2.476576805114746,-2.477626018880339,-0.0,1,24.0,0.0,0.0,2.8855350017547607,10_16_13_1C_Cycle.xlsx,5.442395060204309e-05
A123_094,25C,30,2.4138200283050537,0.0,2.4138200283050537,-2.499709301524692,-0.0,1,24.0,0.0,0.0,2.8855350017547607,2_4_14_1C_Cycle.xlsx,0.0010019965391427613
A123_094,25C,30,4.066572189331055,1.0,4.066572189331055,2.3131404781683544,0.0,1,24.0,0.0,0.0,2.8855350017547607,10_07_13_1C_Cycle.xlsx,4.922825332347347e-05
A123_094,25C,30,4.066734313964844,1.0,4.066734313964844,2.3127465379409125,0.0,1,24.0,0.0,0.0,2.8855350017547607,9_25_13_1C_Cycle.xlsx,0.0003481151294627902
A123_094,25C,90,4.046950817108154,1.0,4.066410064697266,2.3112936219400613,0.0,1,24.0,0.0,0.0,2.8855350017547607,10_16_13_1C_Cycle.xlsx,0.0
A123_094,25C,60,4.055220603942871,1.0,4.066085815429688,2.311640026217157,0.0,1,24.0,0.0,0.0,2.8855350017547607,10_16_13_1C_Cycle.xlsx,0.0
A123_094,25C,120,4.036409854888916,1.0,4.065761566162109,2.2798983641248896,0.0,1,24.0,0.0,0.0,2.8855350017547607,7_5_13_1C_Cycle.xlsx,0.014707212512826532
A123_094,25C,120,2.557495355606079,0.0,2.397117376327514,-2.499820178296386,-0.0,1,24.0,0.0,0.0,2.8855350017547607,7_17_13_1C_Cycle.xlsx,0.0005591356313016373
A123_094,25C,90,2.52425217628479,0.0,2.3778202533721924,-2.4998599470189187,-0.0,1,24.0,0.0,0.0,2.8855350017547607,9_25_13_1C_Cycle.xlsx,0.0
A123_094,25C,30,4.066410064697266,1.0,4.066410064697266,2.3131552474787003,0.0,1,24.0,0.0,0.0,2.8855350017547607,10_07_13_1C_Cycle.xlsx,0.0
A123_094,25C,60,4.058950424194336,1.0,4.0680317878723145,2.339618984217706,0.0,1,24.0,0.0,0.0,2.8855350017547607,2_20_14_1C_Cycle.xlsx,2.4788487743441962e-05
A123_094,25C,30,4.066410064697266,1.0,4.066410064697266,2.311360814293061,0.0,1,24.0,0.0,0.0,2.8855350017547607,10_16_13_1C_Cycle.xlsx,0.0
A123_094,25C,60,2.4736578464508057,0.0,2.377009391784668,-2.499870764125477,-0.0,1,24.0,0.0,0.0,2.8855350017547607,12_13_13_1C_Cycle.xlsx,0.0
A123_094,25C,30,2.4770631790161133,0.0,2.4770631790161133,-2.4997612656773747,-0.0,1,24.0,0.0,0.0,2.8855350017547607,11_6_13_1C_Cycle.xlsx,4.401291855511021e-06
A123_094,25C,60,2.5268468856811523,0.0,2.472522735595703,-2.477784337256458,-0.0,1,24.0,0.0,0.0,2.8855350017547607,10_16_13_1C_Cycle.xlsx,4.18870010101365e-05
A123_094,25C,120,4.039491176605225,1.0,4.066896438598633,2.3127879946813232,0.0,1,24.0,0.0,0.0,2.8855350017547607,9_25_13_1C_Cycle.xlsx,0.0
A123_094,25C,30,4.067220687866211,1.0,4.067220687866211,2.3211499892499137,0.0,1,24.0,0.0,0.0,2.8855350017547607,2_4_14_1C_Cycle.xlsx,0.00022624085822297687
A123_094,25C,60,2.48063063621521,0.0,2.3943607807159424,-2.4997905761271983,-0.0,1,24.0,0.0,0.0,2.8855350017547607,11_18_13_1C_Cycle.xlsx,0.000306782908063006
A123_094,25C,60,4.057328701019287,1.0,4.067707061767578,2.319041334419397,0.0,1,24.0,0.0,0.0,2.8855350017547607,3_4_14_1C_Cycle.xlsx,0.0006674471584644907
A123_094,25C,60,4.054734230041504,1.0,4.066085815429688,2.2940961237399637,0.0,1,24.0,0.0,0.0,2.8855350017547607,7_8_13_1C_Cycle.xlsx,0.0
A123_094,25C,60,2.523765802383423,0.0,2.4773874282836914,-2.4786860913115207,-0.0,1,24.0,0.0,0.0,2.8855350017547607,8_1_13_1C_Cycle.xlsx,1.5736752073211887e-05
A123_094,25C,30,4.066734313964844,1.0,4.066734313964844,2.328099073294331,0.0,1,24.0,0.0,0.0,2.8855350017547607,11_6_13_1C_Cycle.xlsx,0.001257293197397483
A123_094,25C,60,4.057491302490234,1.0,4.067544937133789,2.322444534431333,0.0,1,24.0,0.0,0.0,2.8855350017547607,2_4_14_1C_Cycle.xlsx,0.0007296280348862681
A123_094,25C,30,2.47317123413086,0.0,2.47317123413086,-2.477769939737823,-0.0,1,24.0,0.0,0.0,2.8855350017547607,10_16_13_1C_Cycle.xlsx,5.442395060204309e-05
A123_094,25C,60,4.0557074546813965,1.0,4.066572189331055,2.3149513626486304,0.0,1,24.0,0.0,0.0,2.8855350017547607,9_16_13_1C_Cycle.xlsx,4.000236441450954e-05
A123_094,25C,60,4.057328701019287,1.0,4.067544937133789,2.3245827879151726,0.0,1,24.0,0.0,0.0,2.8855350017547607,12_13_13_1C_Cycle.xlsx,0.000714890467097315
A123_094,25C,150,4.034626483917236,1.0,4.067707061767578,2.317013395965099,0.0,1,24.0,0.0,0.0,2.8855350017547607,8_12_13_1C_Cycle.xlsx,0.0018165132324009549
A123_094,25C,150,4.032193660736084,1.0,4.066572189331055,2.313368523401804,0.0,1,24.0,0.0,0.0,2.8855350017547607,9_25_13_1C_Cycle.xlsx,0.0
A123_094,25C,150,4.036247730255127,1.0,4.0680317878723145,2.3254884671483,0.0,1,24.0,0.0,0.0,2.8855350017547607,12_13_13_1C_Cycle.xlsx,0.0
A123_094,25C,30,4.066734313964844,1.0,4.066734313964844,2.320045227746642,0.0,1,24.0,0.0,0.0,2.8855350017547607,8_1_13_1C_Cycle.xlsx,0.00011249420689869365
A123_094,25C,90,2.5310630798339844,0.0,2.399874210357666,-2.4996603244059794,-0.0,1,24.0,0.0,0.0,2.8855350017547607,12_4_13_1C_Cycle.xlsx,0.0
A123_094,25C,90,4.051167011260986,1.0,4.06884241104126,2.344344209753356,0.0,1,24.0,0.0,0.0,2.8855350017547607,11_18_13_1C_Cycle.xlsx,0.0
A123_094,25C,30,2.379117488861084,0.0,2.379117488861084,-2.499907926120589,-0.0,1,24.0,0.0,0.0,2.8855350017547607,9_25_13_1C_Cycle.xlsx,4.160405182424322e-05
A123_094,25C,30,2.505603551864624,0.0,2.505603551864624,-2.476533026018404,-0.0,1,24.0,0.0,0.0,2.8855350017547607,2_20_14_1C_Cycle.xlsx,0.02781252254279711
A123_094,25C,120,4.040139675140381,1.0,4.066896438598633,2.3280201248761987,0.0,1,24.0,0.0,0.0,2.8855350017547607,11_6_13_1C_Cycle.xlsx,0.0
A123_094,25C,60,2.538360357284546,0.0,2.4858198165893555,-2.4767087268140773,-0.0,1,24.0,0.0,0.0,2.8855350017547607,3_4_14_1C_Cycle.xlsx,0.0
A123_094,25C,60,2.468144178390503,0.0,2.3698742389678955,-2.499915930601928,-0.0,1,24.0,0.0,0.0,2.8855350017547607,11_6_13_1C_Cycle.xlsx,0.0
A123_094,25C,90,4.0514912605285645,1.0,4.069004535675049,2.3442294097552865,0.0,1,24.0,0.0,0.0,2.8855350017547607,11_18_13_1C_Cycle.xlsx,0.000671080156215103
A123_094,25C,30,2.4220902919769287,0.0,2.4220902919769287,-2.499742002130669,-0.0,1,24.0,0.0,0.0,2.8855350017547607,2_20_14_1C_Cycle.xlsx,0.0015279983554033353
A123_094,25C,30,4.0673828125,1.0,4.0673828125,2.3349766064915927,0.0,1,24.0,0.0,0.0,2.8855350017547607,8_12_13_1C_Cycle.xlsx,0.0016060950212124143
A123_094,25C,60,2.511441469192505,0.0,2.466522693634033,-2.47902797614917,-0.0,1,24.0,0.0,0.0,2.8855350017547607,7_11_13_1C_Cycle.xlsx,1.5736752073211887e-05
A123_094,25C,30,4.066572189331055,1.0,4.066572189331055,2.2952544097647523,0.0,1,24.0,0.0,0.0,2.8855350017547607,7_5_13_1C_Cycle.xlsx,0.0
A123_094,25C,30,4.069977760314941,1.0,4.069977760314941,2.342640799844367,0.0,1,24.0,0.0,0.0,2.8855350017547607,12_13_13_1C_Cycle.xlsx,0.0017091214127604559
A123_094,25C,90,4.047112941741943,1.0,4.066572189331055,2.327657221119945,0.0,1,24.0,0.0,0.0,2.8855350017547607,11_6_13_1C_Cycle.xlsx,0.0002092827091812887
A123_094,25C,120,4.039653301239014,1.0,4.066896438598633,2.3279487444948748,0.0,1,24.0,0.0,0.0,2.8855350017547607,11_6_13_1C_Cycle.xlsx,0.0018712975571073304
A123_094,25C,30,2.474144220352173,0.0,2.474144220352173,-2.499912635995708,-0.0,1,24.0,0.0,0.0,2.8855350017547607,12_13_13_1C_Cycle.xlsx,0.0
A123_094,25C,120,2.557657480239868,0.0,2.3812255859375,-2.4997495950850763,-0.0,1,24.0,0.0,0.0,2.8855350017547607,9_25_13_1C_Cycle.xlsx,7.048478007930001e-05
A123_094,25C,60,4.056193828582764,1.0,4.066734313964844,2.312891662059749,0.0,1,24.0,0.0,0.0,2.8855350017547607,10_07_13_1C_Cycle.xlsx,3.4879368801802875e-05
A123_094,25C,60,2.524090051651001,0.0,2.4778740406036377,-2.4784778048090983,-0.0,1,24.0,0.0,0.0,2.8855350017547607,8_12_13_1C_Cycle.xlsx,4.785977466715612e-05
A123_094,25C,30,4.066085815429688,1.0,4.066085815429688,2.311562387349684,0.0,1,24.0,0.0,0.0,2.8855350017547607,10_16_13_1C_Cycle.xlsx,0.0
A123_094,25C,60,2.531549453735352,0.0,2.476414442062378,-2.476994298867331,-0.0,1,24.0,0.0,0.0,2.8855350017547607,1_23_14_1C_Cycle.xlsx,4.112882263056108e-05
A123_094,25C,60,4.056355953216553,1.0,4.066734313964844,2.320178588172273,0.0,1,24.0,0.0,0.0,2.8855350017547607,8_1_13_1C_Cycle.xlsx,0.00013124673821126833
A123_094,25C,120,2.5607385635375977,0.0,2.375063419342041,-2.499794080853462,-0.0,1,24.0,0.0,0.0,2.8855350017547607,10_16_13_1C_Cycle.xlsx,7.969018807246989e-05
A123_094,25C,90,2.5266847610473637,0.0,2.397441864013672,-2.4996884535934965,-0.0,1,24.0,0.0,0.0,2.8855350017547607,7_19_13_1C_Cycle.xlsx,0.001245331027095176
A123_094,25C,150,4.034139633178711,1.0,4.067220687866211,2.332302138209343,0.0,1,24.0,0.0,0.0,2.8855350017547607,9_16_13_1C_Cycle.xlsx,0.00012108531829889795
A123_094,25C,90,4.047275066375732,1.0,4.067058563232422,2.3296770149221024,0.0,1,24.0,0.0,0.0,2.8855350017547607,10_16_13_1C_Cycle.xlsx,0.008081042108792404
A123_094,25C,120,2.5537657737731934,0.0,2.39776611328125,-2.499721493039812,-0.0,1,24.0,0.0,0.0,2.8855350017547607,7_19_13_1C_Cycle.xlsx,0.0011894825276707248
A123_094,25C,90,2.5579819679260254,0.0,2.4816036224365234,-2.4788441314963467,-0.0,1,24.0,0.0,0.0,2.8855350017547607,7_19_13_1C_Cycle.xlsx,8.715133077031472e-05
A123_094,25C,120,2.557495355606079,0.0,2.395333766937256,-2.499924634632311,-0.0,1,24.0,0.0,0.0,2.8855350017547607,9_16_13_1C_Cycle.xlsx,0.0
A123_094,25C,90,4.048409938812256,1.0,4.0673828125,2.3243526550184965,0.0,1,24.0,0.0,0.0,2.8855350017547607,12_13_13_1C_Cycle.xlsx,0.0002837612586482348
A123_094,25C,60,4.059112548828125,1.0,4.068680286407471,2.3389090127066563,0.0,1,24.0,0.0,0.0,2.8855350017547607,3_4_14_1C_Cycle.xlsx,0.00012313679603430348
A123_094,25C,30,2.4801442623138428,0.0,2.4801442623138428,-2.4774132829240574,-0.0,1,24.0,0.0,0.0,2.8855350017547607,11_18_13_1C_Cycle.xlsx,3.873380880485437e-05
A123_094,25C,30,2.4816036224365234,0.0,2.4816036224365234,-2.4998794761272745,-0.0,1,24.0,0.0,0.0,2.8855350017547607,1_23_14_1C_Cycle.xlsx,0.0
A123_094,25C,30,2.47754979133606,0.0,2.47754979133606,-2.499692636377671,-0.0,1,24.0,0.0,0.0,2.8855350017547607,7_15_13_1C_Cycle.xlsx,0.001591180076443244
A123_094,25C,120,2.561225175857544,0.0,2.3732798099517822,-2.499911895820073,-0.0,1,24.0,0.0,0.0,2.8855350017547607,10_16_13_1C_Cycle.xlsx,0.0
A123_094,25C,30,2.3886849880218506,0.0,2.3886849880218506,-2.499876160140431,-0.0,1,24.0,0.0,0.0,2.8855350017547607,1_23_14_1C_Cycle.xlsx,8.284726725208904e-05
A123_094,25C,150,4.035437107086182,1.0,4.067869663238525,2.3252143417248283,0.0,1,24.0,0.0,0.0,2.8855350017547607,12_4_13_1C_Cycle.xlsx,0.0
A123_094,25C,30,4.0701398849487305,1.0,4.0701398849487305,2.3425651367785583,0.0,1,24.0,0.0,0.0,2.8855350017547607,12_13_13_1C_Cycle.xlsx,0.00239252840502801
A123_094,25C,30,2.4736578464508057,0.0,2.4736578464508057,-2.477800123584497,-0.0,1,24.0,0.0,0.0,2.8855350017547607,9_25_13_1C_Cycle.xlsx,5.442395060204309e-05
A123_094,25C,120,2.564306259155273,0.0,2.393063545227051,-2.499683477661826,-0.0,1,24.0,0.0,0.0,2.8855350017547607,12_13_13_1C_Cycle.xlsx,0.00027140501729434993
A123_094,25C,90,4.047923564910889,1.0,4.067544937133789,2.308969160698297,0.0,1,24.0,0.0,0.0,2.8855350017547607,7_8_13_1C_Cycle.xlsx,0.008424047119178176
A123_094,25C,60,4.0557074546813965,1.0,4.066247940063477,2.3132840993463017,0.0,1,24.0,0.0,0.0,2.8855350017547607,10_07_13_1C_Cycle.xlsx,0.0
A123_094,25C,90,2.5544142723083496,0.0,2.480468511581421,-2.4786860496725325,-0.0,1,24.0,0.0,0.0,2.8855350017547607,7_24_13_1C_Cycle.xlsx,0.006712902037499862
A123_094,25C,90,2.5378737449646,0.0,2.3860905170440674,-2.499918532821368,-0.0,1,24.0,0.0,0.0,2.8855350017547607,3_4_14_1C_Cycle.xlsx,0.0
A123_094,25C,120,4.04030179977417,1.0,4.0673828125,2.315468361721404,0.0,1,24.0,0.0,0.0,2.8855350017547607,8_29_13_1C_Cycle.xlsx,0.00012085628682281516
A123_094,25C,60,2.507549524307251,0.0,2.426630973815918,-2.499691332612082,-0.0,1,24.0,0.0,0.0,2.8855350017547607,2_20_14_1C_Cycle.xlsx,0.0006212284664573591
A123_094,25C,120,4.041112899780273,1.0,4.067220687866211,2.324403602916461,0.0,1,24.0,0.0,0.0,2.8855350017547607,12_13_13_1C_Cycle.xlsx,0.0002301522799982852
A123_094,25C,150,4.03251838684082,1.0,4.066410064697266,2.311393671230344,0.0,1,24.0,0.0,0.0,2.8855350017547607,10_16_13_1C_Cycle.xlsx,0.0
A123_094,25C,30,2.4715497493743896,0.0,2.4715497493743896,-2.477915848616568,-0.0,1,24.0,0.0,0.0,2.8855350017547607,9_25_13_1C_Cycle.xlsx,5.442395060204309e-05
A123_094,25C,30,2.3841445446014404,0.0,2.3841445446014404,-2.499774033563179,-0.0,1,24.0,0.0,0.0,2.8855350017547607,9_16_13_1C_Cycle.xlsx,0.00023944693232287747
A123_094,25C,60,2.473982095718384,0.0,2.3823606967926025,-2.499714410410518,-0.0,1,24.0,0.0,0.0,2.8855350017547607,9_25_13_1C_Cycle.xlsx,9.993377397638334e-05
A123_094,25C,90,2.534306287765503,0.0,2.4053876399993896,-2.499808909600241,-0.0,1,24.0,0.0,0.0,2.8855350017547607,9_16_13_1C_Cycle.xlsx,0.018493259393311732
A123_094,25C,30,4.067058563232422,1.0,4.067058563232422,2.3085537561430383,0.0,1,24.0,0.0,0.0,2.8855350017547607,7_11_13_1C_Cycle.xlsx,0.0
A123_094,25C,150,4.033815383911133,1.0,4.0673828125,2.3173183589577677,0.0,1,24.0,0.0,0.0,2.8855350017547607,8_12_13_1C_Cycle.xlsx,0.00019943681208897933
A123_094,25C,90,4.044031620025635,1.0,4.06884241104126,2.339225968313322,0.0,1,24.0,0.0,0.0,2.8855350017547607,3_4_14_1C_Cycle.xlsx,0.0
A123_094,25C,60,2.523279190063477,0.0,2.474792957305908,-2.478327788917037,-0.0,1,24.0,0.0,0.0,2.8855350017547607,8_12_13_1C_Cycle.xlsx,4.6996599636765265e-05
A123_094,25C,60,4.057977676391602,1.0,4.067869663238525,2.326851077565626,0.0,1,24.0,0.0,0.0,2.8855350017547607,12_4_13_1C_Cycle.xlsx,5.5272240787156885e-05
A123_094,25C,90,4.0474371910095215,1.0,4.067220687866211,2.3157830752071837,0.0,1,24.0,0.0,0.0,2.8855350017547607,8_29_13_1C_Cycle.xlsx,0.0005832127995656372
A123_094,25C,30,4.067220687866211,1.0,4.067220687866211,2.317126069843769,0.0,1,24.0,0.0,0.0,2.8855350017547607,8_1_13_1C_Cycle.xlsx,0.005096666096812001
A123_094,25C,120,2.536900758743286,0.0,2.3723068237304688,-2.499660339511809,-0.0,1,24.0,0.0,0.0,2.8855350017547607,7_3_13_1C_Cycle.xlsx,0.0
A123_094,25C,60,4.055220603942871,1.0,4.066410064697266,2.293649280116758,0.0,1,24.0,0.0,0.0,2.8855350017547607,7_8_13_1C_Cycle.xlsx,0.014501936830065685
A123_094,25C,30,4.065761566162109,1.0,4.065761566162109,2.313799447761696,0.0,1,24.0,0.0,0.0,2.8855350017547607,9_25_13_1C_Cycle.xlsx,0.0
A123_094,25C,120,4.042896747589111,1.0,4.0680317878723145,2.339785423783357,0.0,1,24.0,0.0,0.0,2.8855350017547607,3_4_14_1C_Cycle.xlsx,0.0
A123_094,25C,120,4.033329010009766,1.0,4.067058563232422,2.3130308997313507,0.0,1,24.0,0.0,0.0,2.8855350017547607,9_25_13_1C_Cycle.xlsx,0.0
A123_094,25C,30,4.067058563232422,1.0,4.067058563232422,2.3263535295628897,0.0,1,24.0,0.0,0.0,2.8855350017547607,11_6_13_1C_Cycle.xlsx,0.0
A123_094,25C,120,4.039977550506592,1.0,4.067058563232422,2.3158311578294923,0.0,1,24.0,0.0,0.0,2.8855350017547607,8_29_13_1C_Cycle.xlsx,0.0
A123_094,25C,30,4.066085815429688,1.0,4.066085815429688,2.3171992688890426,0.0,1,24.0,0.0,0.0,2.8855350017547607,8_12_13_1C_Cycle.xlsx,0.0002908855449796556
A123_094,25C,90,2.5414414405822754,0.0,2.394036293029785,-2.499720045339281,-0.0,1,24.0,0.0,0.0,2.8855350017547607,2_4_14_1C_Cycle.xlsx,8.084453134879188e-05
A123_094,25C,60,2.4895496368408203,0.0,2.404252529144287,-2.499848541460539,-0.0,1,24.0,0.0,0.0,2.8855350017547607,9_16_13_1C_Cycle.xlsx,0.0
A123_094,25C,30,4.0680317878723145,1.0,4.0680317878723145,2.325133239503129,0.0,1,24.0,0.0,0.0,2.8855350017547607,12_4_13_1C_Cycle.xlsx,0.0
A123_094,25C,60,4.056193828582764,1.0,4.066734313964844,2.3147648199786985,0.0,1,24.0,0.0,0.0,2.8855350017547607,9_16_13_1C_Cycle.xlsx,0.00023791688861008676
A123_094,25C,30,4.067869663238525,1.0,4.067869663238525,2.3208015224361045,0.0,1,24.0,0.0,0.0,2.8855350017547607,7_19_13_1C_Cycle.xlsx,0.0
A123_094,25C,150,4.033329010009766,1.0,4.067220687866211,2.319603585948547,0.0,1,24.0,0.0,0.0,2.8855350017547607,8_1_13_1C_Cycle.xlsx,9.001743535195494e-05
A123_094,25C,120,4.039004802703857,1.0,4.066247940063477,2.3116191241982555,0.0,1,24.0,0.0,0.0,2.8855350017547607,10_16_13_1C_Cycle.xlsx,0.0
A123_094,25C,90,4.038842678070068,1.0,4.066085815429688,2.312159718622353,0.0,1,24.0,0.0,0.0,2.8855350017547607,10_16_13_1C_Cycle.xlsx,0.006242586754727555
A123_094,25C,60,2.483874082565308,0.0,2.3990633487701416,-2.499671608714734,-0.0,1,24.0,0.0,0.0,2.8855350017547607,7_19_13_1C_Cycle.xlsx,0.0
A123_094,25C,30,4.067707061767578,1.0,4.067707061767578,2.3386112515509656,0.0,1,24.0,0.0,0.0,2.8855350017547607,3_4_14_1C_Cycle.xlsx,0.0
A123_094,25C,60,4.056193828582764,1.0,4.066896438598633,2.3279867312487434,0.0,1,24.0,0.0,0.0,2.8855350017547607,11_6_13_1C_Cycle.xlsx,0.00013471748497111125
A123_094,25C,120,4.036896705627441,1.0,4.066085815429688,2.252560145601078,0.0,1,24.0,0.0,0.0,2.8855350017547607,7_3_13_1C_Cycle.xlsx,0.05733012004732223
A123_094,25C,60,4.059112548828125,1.0,4.06884241104126,2.344757640892166,0.0,1,24.0,0.0,0.0,2.8855350017547607,11_6_13_1C_Cycle.xlsx,0.0
A123_094,25C,120,4.042247772216797,1.0,4.0680317878723145,2.3379690968801103,0.0,1,24.0,0.0,0.0,2.8855350017547607,7_19_13_1C_Cycle.xlsx,0.02387121361635544
A123_094,25C,30,4.066896438598633,1.0,4.066896438598633,2.314268348178244,0.0,1,24.0,0.0,0.0,2.8855350017547607,9_16_13_1C_Cycle.xlsx,0.0
A123_094,25C,90,2.5296034812927246,0.0,2.3943607807159424,-2.4997905761271983,-0.0,1,24.0,0.0,0.0,2.8855350017547607,11_18_13_1C_Cycle.xlsx,0.0003493296616437202
A123_094,25C,90,4.047923564910889,1.0,4.067707061767578,2.3173111329674723,0.0,1,24.0,0.0,0.0,2.8855350017547607,8_12_13_1C_Cycle.xlsx,0.004446630239694843
A123_094,25C,30,2.4749550819396973,0.0,2.4749550819396973,-2.477795368189139,-0.0,1,24.0,0.0,0.0,2.8855350017547607,9_25_13_1C_Cycle.xlsx,5.442395060204309e-05
A123_094,25C,90,4.045166969299316,1.0,4.069490909576416,2.3372842313441557,0.0,1,24.0,0.0,0.0,2.8855350017547607,2_4_14_1C_Cycle.xlsx,0.0
A123_094,25C,30,4.0673828125,1.0,4.0673828125,2.320733630981134,0.0,1,24.0,0.0,0.0,2.8855350017547607,2_4_14_1C_Cycle.xlsx,0.00021053440808167624
A123_094,25C,60,2.53025221824646,0.0,2.480955123901367,-2.477923774988628,-0.0,1,24.0,0.0,0.0,2.8855350017547607,10_07_13_1C_Cycle.xlsx,4.18870010101365e-05
A123_094,25C,90,2.549225091934204,0.0,2.4222524166107178,-2.4997335572109045,-0.0,1,24.0,0.0,0.0,2.8855350017547607,2_20_14_1C_Cycle.xlsx,0.0014783877751057373
A123_094,25C,60,4.056680202484131,1.0,4.067220687866211,2.327727109819901,0.0,1,24.0,0.0,0.0,2.8855350017547607,11_6_13_1C_Cycle.xlsx,0.0006527415581698358
A123_094,25C,60,4.060734272003174,1.0,4.0701398849487305,2.342589848571353,0.0,1,24.0,0.0,0.0,2.8855350017547607,12_13_13_1C_Cycle.xlsx,0.0018557385737718256
A123_094,25C,60,2.5231170654296875,0.0,2.468144178390503,-2.477854022914503,-0.0,1,24.0,0.0,0.0,2.8855350017547607,9_25_13_1C_Cycle.xlsx,4.18870010101365e-05
A123_094,25C,60,4.056193828582764,1.0,4.066734313964844,2.311495247458624,0.0,1,24.0,0.0,0.0,2.8855350017547607,10_16_13_1C_Cycle.xlsx,0.00010127199030115091
A123_094,25C,150,4.033329010009766,1.0,4.066896438598633,2.314501899529279,0.0,1,24.0,0.0,0.0,2.8855350017547607,9_16_13_1C_Cycle.xlsx,0.0
A123_094,25C,150,4.033329010009766,1.0,4.066734313964844,2.3313677460570967,0.0,1,24.0,0.0,0.0,2.8855350017547607,10_07_13_1C_Cycle.xlsx,0.0
A123_094,25C,30,2.472360610961914,0.0,2.3744149208068848,-2.499893765016036,-0.0391799409741721,1,24.0,0.0,0.0,2.8855350017547607,12_13_13_1C_Cycle.xlsx,0.0004966948531638708
A123_094,25C,60,2.5255496501922607,0.0,2.479657888412476,-2.4785314244652263,-0.0,1,24.0,0.0,0.0,2.8855350017547607,8_1_13_1C_Cycle.xlsx,0.00014801990837105114
A123_094,25C,90,4.05084228515625,1.0,4.069004535675049,2.344831130388429,0.0,1,24.0,0.0,0.0,2.8855350017547607,11_18_13_1C_Cycle.xlsx,0.000500810287514485
A123_094,25C,60,2.482738733291626,0.0,2.395009279251098,-2.4997229012576017,-0.0,1,24.0,0.0,0.0,2.8855350017547607,12_4_13_1C_Cycle.xlsx,0.00011164396256511453
A123_094,25C,150,4.037058830261231,1.0,4.0680317878723145,2.3393765056603835,0.0,1,24.0,0.0,0.0,2.8855350017547607,3_4_14_1C_Cycle.xlsx,0.0
A123_094,25C,150,4.037869453430176,1.0,4.069004535675049,2.344831130388429,0.0,1,24.0,0.0,0.0,2.8855350017547607,11_18_13_1C_Cycle.xlsx,0.00018733122143771422
A123_094,25C,60,2.5249009132385254,0.0,2.4730091094970703,-2.4779649921233373,-0.0,1,24.0,0.0,0.0,2.8855350017547607,9_25_13_1C_Cycle.xlsx,4.18870010101365e-05
A123_094,25C,60,4.058464050292969,1.0,4.068193912506104,2.326930031242992,0.0,1,24.0,0.0,0.0,2.8855350017547607,12_4_13_1C_Cycle.xlsx,0.004254525705596389
A123_094,25C,30,2.49717116355896,0.0,2.49717116355896,-2.4997076281794794,-0.0,1,24.0,0.0,0.0,2.8855350017547607,2_4_14_1C_Cycle.xlsx,0.002413706720699542
A123_094,25C,60,2.4793334007263184,0.0,2.389009475708008,-2.4998296911066227,-0.0,1,24.0,0.0,0.0,2.8855350017547607,12_4_13_1C_Cycle.xlsx,3.8049713994845817e-06
A123_094,25C,30,4.066247940063477,1.0,4.066247940063477,2.31659900811651,0.0,1,24.0,0.0,0.0,2.8855350017547607,8_29_13_1C_Cycle.xlsx,0.0002131144372251791
A123_094,25C,120,4.039653301239014,1.0,4.067058563232422,2.305313720542472,0.0,1,24.0,0.0,0.0,2.8855350017547607,7_19_13_1C_Cycle.xlsx,0.012965035653630708
A123_094,25C,90,2.5330090522766118,0.0,2.399712085723877,-2.499699397130056,-0.0,1,24.0,0.0,0.0,2.8855350017547607,11_18_13_1C_Cycle.xlsx,0.0009767722247027647
A123_094,25C,60,4.058950424194336,1.0,4.06884241104126,2.344546314202628,0.0,1,24.0,0.0,0.0,2.8855350017547607,11_18_13_1C_Cycle.xlsx,0.0
A123_094,25C,30,2.3880364894866943,0.0,2.3880364894866943,-2.499768188725347,-0.0,1,24.0,0.0,0.0,2.8855350017547607,8_29_13_1C_Cycle.xlsx,0.0003968375019466586
A123_094,25C,120,2.5544142723083496,0.0,2.399549961090088,-2.4997497453527937,-0.0,1,24.0,0.0,0.0,2.8855350017547607,7_24_13_1C_Cycle.xlsx,0.001341316680994611
A123_094,25C,60,4.05684232711792,1.0,4.067220687866211,2.3247000978797927,0.0,1,24.0,0.0,0.0,2.8855350017547607,12_13_13_1C_Cycle.xlsx,0.0004567062890554085
A123_094,25C,90,4.048896312713623,1.0,4.067707061767578,2.3241751388224783,0.0,1,24.0,0.0,0.0,2.8855350017547607,1_23_14_1C_Cycle.xlsx,0.0002594247036496156
A123_094,25C,150,4.039329051971436,1.0,4.069328784942627,2.3385032997711708,0.0,1,24.0,0.0,0.0,2.8855350017547607,3_4_14_1C_Cycle.xlsx,0.0
A123_094,25C,30,4.066734313964844,1.0,4.066734313964844,2.3155732181283737,0.0,1,24.0,0.0,0.0,2.8855350017547607,8_29_13_1C_Cycle.xlsx,0.0004979578794651399
A123_094,25C,30,2.480468511581421,0.0,2.480468511581421,-2.4786860496725325,-0.0,1,24.0,0.0,0.0,2.8855350017547607,7_24_13_1C_Cycle.xlsx,0.0
A123_094,25C,120,2.5602521896362305,0.0,2.39322566986084,-2.4997157105454453,-0.0,1,24.0,0.0,0.0,2.8855350017547607,11_18_13_1C_Cycle.xlsx,0.00022513987238522852
A123_094,25C,120,4.039491176605225,1.0,4.066410064697266,2.3131063937163745,0.0,1,24.0,0.0,0.0,2.8855350017547607,10_07_13_1C_Cycle.xlsx,0.0
A123_094,25C,90,4.046950817108154,1.0,4.066410064697266,2.313355210435684,0.0,1,24.0,0.0,0.0,2.8855350017547607,10_07_13_1C_Cycle.xlsx,0.0
A123_094,25C,150,4.03251838684082,1.0,4.066572189331055,2.316021990571772,0.0,1,24.0,0.0,0.0,2.8855350017547607,8_29_13_1C_Cycle.xlsx,0.0
A123_094,25C,30,2.3992254734039307,0.0,2.3992254734039307,-2.499844668275219,-0.0,1,24.0,0.0,0.0,2.8855350017547607,7_24_13_1C_Cycle.xlsx,0.00031201244583890504
A123_094,25C,90,4.046463966369629,1.0,4.066410064697266,2.316730145004488,0.0,1,24.0,0.0,0.0,2.8855350017547607,8_29_13_1C_Cycle.xlsx,0.0
A123_094,25C,120,4.036734580993652,1.0,4.0680317878723145,2.3425978117718778,0.0,1,24.0,0.0,0.0,2.8855350017547607,1_23_14_1C_Cycle.xlsx,0.009510688746696166
A123_094,25C,150,4.033004760742188,1.0,4.066896438598633,2.225547779575888,0.0,1,24.0,0.0,1.0,3.553644180297852,8_12_13_1C_Cycle.xlsx,0.7496587039535431
A123_094,25C,90,4.047112941741943,1.0,4.066896438598633,2.316001630117816,0.0,1,24.0,0.0,0.0,2.8855350017547607,8_29_13_1C_Cycle.xlsx,0.0
A123_094,25C,120,2.561387300491333,0.0,2.374739170074463,-2.499902214322771,-0.0,1,24.0,0.0,0.0,2.8855350017547607,10_16_13_1C_Cycle.xlsx,0.0
A123_094,25C,90,2.5205225944519043,0.0,2.393387794494629,-2.499685051060524,-0.0,1,24.0,0.0,0.0,2.8855350017547607,7_15_13_1C_Cycle.xlsx,0.0008119739052228671
A123_094,25C,90,4.048572063446045,1.0,4.0673828125,2.324564272840308,0.0,1,24.0,0.0,0.0,2.8855350017547607,1_23_14_1C_Cycle.xlsx,0.0001511340063928308
A123_094,25C,150,4.032842636108398,1.0,4.066734313964844,2.314584151758411,0.0,1,24.0,0.0,0.0,2.8855350017547607,9_16_13_1C_Cycle.xlsx,0.0
A123_094,25C,150,4.03576135635376,1.0,4.067869663238525,2.325241931098497,0.0,1,24.0,0.0,0.0,2.8855350017547607,12_4_13_1C_Cycle.xlsx,0.0
A123_094,25C,60,2.525873899459839,0.0,2.4749550819396973,-2.477795368189139,-0.0,1,24.0,0.0,0.0,2.8855350017547607,9_25_13_1C_Cycle.xlsx,4.18870010101365e-05
A123_094,25C,30,2.5067386627197266,0.0,2.5067386627197266,-2.4779047516956845,-0.0,1,24.0,0.0,0.0621274969985087,2.918699211489665,9_16_13_1C_Cycle.xlsx,0.04519353358973387
A123_094,25C,30,4.0673828125,1.0,4.0673828125,2.327569208475722,0.0,1,24.0,0.0,0.0,2.8855350017547607,11_6_13_1C_Cycle.xlsx,0.0024237644386672997
A123_094,25C,30,2.3903067111968994,0.0,2.3903067111968994,-2.499112943123127,-0.0,1,24.0,0.0,0.0,2.8855350017547607,8_12_13_1C_Cycle.xlsx,0.0
A123_094,25C,30,2.3865768909454346,0.0,2.3865768909454346,-2.4997328437607864,-0.0,1,24.0,0.0,0.0,2.8855350017547607,8_12_13_1C_Cycle.xlsx,0.00046222837048511694
A123_094,25C,90,4.046950817108154,1.0,4.066896438598633,2.314565052407059,0.0,1,24.0,0.0,0.0,2.8855350017547607,8_29_13_1C_Cycle.xlsx,0.0
A123_094,25C,60,4.056355953216553,1.0,4.067220687866211,2.310300081456436,0.0,1,24.0,0.0,0.0,2.8855350017547607,7_5_13_1C_Cycle.xlsx,0.0018253925309803568
A123_094,25C,60,4.060247898101807,1.0,4.069490909576416,2.3385365724955736,0.0,1,24.0,0.0,0.0,2.8855350017547607,2_4_14_1C_Cycle.xlsx,0.0
A123_094,25C,60,2.53025221824646,0.0,2.48063063621521,-2.477403599733537,-0.0,1,24.0,0.0,0.0,2.8855350017547607,11_18_13_1C_Cycle.xlsx,4.18870010101365e-05
A123_094,25C,60,4.058139801025391,1.0,4.068356037139893,2.320344860628834,0.0,1,24.0,0.0,0.0,2.8855350017547607,7_24_13_1C_Cycle.xlsx,0.014691874608881111
A123_094,25C,60,2.5266847610473637,0.0,2.478684902191162,-2.499921464083488,-0.0,1,24.0,0.0,0.0,2.8855350017547607,9_16_13_1C_Cycle.xlsx,0.0
A123_094,25C,120,2.5558738708496094,0.0,2.388522863388061,-2.4997367589370065,-0.0,1,24.0,0.0,0.0,2.8855350017547607,8_29_13_1C_Cycle.xlsx,0.0004994269803493257
A123_094,25C,60,4.057653427124023,1.0,4.067869663238525,2.324195210622926,0.0,1,24.0,0.0,0.0,2.8855350017547607,1_23_14_1C_Cycle.xlsx,0.0
A123_094,25C,120,4.03576135635376,1.0,4.065436840057373,2.2814442440867424,0.0,1,24.0,0.0,0.0,2.8855350017547607,7_3_13_1C_Cycle.xlsx,0.0032153764202655713
A123_094,25C,30,2.4773874282836914,0.0,2.4773874282836914,-2.477037015250376,-0.0,1,24.0,0.0,0.0,2.8855350017547607,1_23_14_1C_Cycle.xlsx,5.442395060204309e-05
A123_094,25C,30,4.067220687866211,1.0,4.067220687866211,2.327831862290868,0.0,1,24.0,0.0,0.0,2.8855350017547607,11_6_13_1C_Cycle.xlsx,0.0023726926495997447
A123_094,25C,30,4.066085815429688,1.0,4.066085815429688,2.311640026217157,0.0,1,24.0,0.0,0.0,2.8855350017547607,10_16_13_1C_Cycle.xlsx,0.0
A123_094,25C,30,4.066734313964844,1.0,4.066734313964844,2.312891662059749,0.0,1,24.0,0.0,0.0,2.8855350017547607,10_07_13_1C_Cycle.xlsx,0.0003192065808988756
A123_094,25C,30,2.3989012241363525,0.0,2.3989012241363525,-2.499704844483705,-0.0,1,24.0,0.0,0.0,2.8855350017547607,3_4_14_1C_Cycle.xlsx,0.0009865466958012944
A123_094,25C,30,4.0673828125,1.0,4.0673828125,2.3189683580209337,0.0,1,24.0,0.0,0.0,2.8855350017547607,8_1_13_1C_Cycle.xlsx,0.00017198927461658576
A123_094,25C,60,4.059274673461914,1.0,4.06884241104126,2.3446367033836197,0.0,1,24.0,0.0,0.0,2.8855350017547607,11_18_13_1C_Cycle.xlsx,0.0
A123_094,25C,150,4.035437107086182,1.0,4.067707061767578,2.324292501132203,0.0,1,24.0,0.0,0.0,2.8855350017547607,1_23_14_1C_Cycle.xlsx,0.0
A123_094,25C,60,2.532036066055298,0.0,2.4772253036499023,-2.4771125891616315,-0.0,1,24.0,0.0,0.0,2.8855350017547607,1_23_14_1C_Cycle.xlsx,4.18870010101365e-05
A123_094,25C,150,4.035437107086182,1.0,4.067707061767578,2.325947799798796,0.0,1,24.0,0.0,0.0,2.8855350017547607,12_13_13_1C_Cycle.xlsx,0.0
A123_094,25C,90,2.5297658443450928,0.0,2.393874168395996,-2.4996928867993056,-0.0,1,24.0,0.0,0.0,2.8855350017547607,11_18_13_1C_Cycle.xlsx,0.0006125519598148726
A123_094,25C,120,4.039653301239014,1.0,4.066734313964844,2.3266168900970685,0.0,1,24.0,0.0,0.0,2.8855350017547607,11_6_13_1C_Cycle.xlsx,0.0019878660787858264
A123_094,25C,60,2.540630578994751,0.0,2.486468553543091,-2.47681414756247,-0.0,1,24.0,0.0,0.0,2.8855350017547607,2_4_14_1C_Cycle.xlsx,0.0013447056222293968
A123_094,25C,60,2.5224685668945312,0.0,2.4712252616882324,-2.478187648446002,-0.0,1,24.0,0.0,0.0,2.8855350017547607,8_29_13_1C_Cycle.xlsx,4.18870010101365e-05
A123_094,25C,30,4.065761566162109,1.0,4.065761566162109,2.2799486306152845,0.0,1,24.0,0.0,0.0,2.8855350017547607,7_5_13_1C_Cycle.xlsx,0.011008641570726946
A123_094,25C,60,2.478360414505005,0.0,2.4008471965789795,-2.499608850075026,-0.0,1,24.0,0.0,0.0,2.8855350017547607,7_24_13_1C_Cycle.xlsx,0.0009825229517580005
A123_094,25C,90,4.040788650512695,1.0,4.067220687866211,2.3246537713795647,0.0,1,24.0,0.0,0.0,2.8855350017547607,12_13_13_1C_Cycle.xlsx,0.00012887088021262125
A123_094,25C,30,4.0680317878723145,1.0,4.0680317878723145,2.323707247328045,0.0,1,24.0,0.0,0.0,2.8855350017547607,1_23_14_1C_Cycle.xlsx,4.498635955090821e-05
A123_094,25C,90,2.527819871902466,0.0,2.3841445446014404,-2.4997399992647424,-0.0,1,24.0,0.0,0.0,2.8855350017547607,10_07_13_1C_Cycle.xlsx,0.0002928725840103445
A123_094,25C,60,4.0558695793151855,1.0,4.066572189331055,2.3162536930533184,0.0,1,24.0,0.0,0.0,2.8855350017547607,8_29_13_1C_Cycle.xlsx,4.000236441450954e-05
A123_094,25C,30,2.476252317428589,0.0,2.476252317428589,-2.499877335808494,-0.0,1,24.0,0.0,0.0,2.8855350017547607,12_4_13_1C_Cycle.xlsx,0.0
A123_094,25C,60,2.4799821376800537,0.0,2.3927390575408936,-2.4997454986237644,-0.0,1,24.0,0.0,0.0,2.8855350017547607,9_16_13_1C_Cycle.xlsx,0.0003032190486468483
A123_094,25C,120,2.555063009262085,0.0,2.3941986560821533,-2.499698119285779,-0.0,1,24.0,0.0,0.0,2.8855350017547607,8_1_13_1C_Cycle.xlsx,0.00019300947326303202
A123_094,25C,90,4.047275066375732,1.0,4.067058563232422,2.317189687669277,0.0,1,24.0,0.0,0.0,2.8855350017547607,8_12_13_1C_Cycle.xlsx,5.025888724712506e-05
A123_094,25C,120,4.047275066375732,1.0,4.070626258850098,2.362429856362506,0.0,1,24.0,0.0,0.0,2.8855350017547607,12_4_13_1C_Cycle.xlsx,0.0
A123_094,25C,90,2.5245766639709477,0.0,2.376198530197144,-2.499879138659587,-0.0,1,24.0,0.0,0.0,2.8855350017547607,9_25_13_1C_Cycle.xlsx,0.0
A123_094,25C,60,2.524090051651001,0.0,2.4772253036499023,-2.4782860880811164,-0.0,1,24.0,0.0,0.0,2.8855350017547607,8_12_13_1C_Cycle.xlsx,4.6996599636765265e-05
A123_094,25C,30,4.067544937133789,1.0,4.067544937133789,2.331650514277767,0.0,1,24.0,0.0,0.0,2.8855350017547607,9_16_13_1C_Cycle.xlsx,0.0017232702050317937
A123_094,25C,30,4.066734313964844,1.0,4.066734313964844,2.332387980989745,0.0,1,24.0,0.0,0.0,2.8855350017547607,9_16_13_1C_Cycle.xlsx,0.0002752880152081152
A123_094,25C,60,2.48063063621521,0.0,2.3989012241363525,-2.499698713046162,-0.0326957051473059,1,24.0,0.0,0.0,2.8855350017547607,7_17_13_1C_Cycle.xlsx,0.0
A123_094,25C,90,2.5268468856811523,0.0,2.3757121562957764,-2.49991512298584,-0.0,1,24.0,0.0,0.0,2.8855350017547607,10_16_13_1C_Cycle.xlsx,0.0
A123_094,25C,30,2.479657888412476,0.0,2.479657888412476,-2.4772667316247934,-0.0,1,24.0,0.0,0.0,2.8855350017547607,12_4_13_1C_Cycle.xlsx,3.873380880485437e-05
A123_094,25C,30,2.451441526412964,0.0,2.451441526412964,-2.479158447870267,-0.0,1,24.0,0.0,0.0,2.8855350017547607,7_8_13_1C_Cycle.xlsx,0.0008911972766261946
A123_094,25C,30,4.073707103729248,1.0,4.073707103729248,0.72495411708951,0.0,1,24.0,0.0,1.0,3.553644180297852,2_4_14_1C_Cycle.xlsx,0.9845332252853805
A123_094,25C,150,4.033653259277344,1.0,4.0673828125,2.315468361721404,0.0,1,24.0,0.0,0.0,2.8855350017547607,8_29_13_1C_Cycle.xlsx,9.456373920456725e-05
A123_094,25C,60,2.5249009132385254,0.0,2.478684902191162,-2.5000563972016687,-0.0,1,24.0,0.0,0.0,2.8855350017547607,8_1_13_1C_Cycle.xlsx,0.0
A123_094,25C,60,4.056193828582764,1.0,4.066572189331055,2.313174540940367,0.0,1,24.0,0.0,0.0,2.8855350017547607,10_07_13_1C_Cycle.xlsx,6.753249806714512e-05
A123_094,25C,60,2.523927927017212,0.0,2.476901054382324,-2.47828917122052,-0.0,1,24.0,0.0,0.0,2.8855350017547607,8_12_13_1C_Cycle.xlsx,4.6996599636765265e-05
A123_094,25C,120,4.04176139831543,1.0,4.067707061767578,2.3242863261292124,0.0,1,24.0,0.0,0.0,2.8855350017547607,1_23_14_1C_Cycle.xlsx,0.0
A123_094,25C,60,2.4717118740081787,0.0,2.377171516418457,-2.499821557407885,-0.0,1,24.0,0.0,0.0,2.8855350017547607,10_07_13_1C_Cycle.xlsx,0.0
A123_094,25C,30,4.067058563232422,1.0,4.067058563232422,2.3175785146951675,0.0,1,24.0,0.0,0.0,2.8855350017547607,8_12_13_1C_Cycle.xlsx,0.0
A123_094,25C,90,2.5252251625061035,0.0,2.396144390106201,-2.499599310067984,-0.0,1,24.0,0.0,0.0,2.8855350017547607,8_1_13_1C_Cycle.xlsx,0.0
A123_094,25C,90,2.5185766220092773,0.0,2.38722562789917,-2.499736681705764,-0.0,1,24.0,0.0,0.0,2.8855350017547607,7_15_13_1C_Cycle.xlsx,0.0007199250871198527
A123_094,25C,60,2.476414442062378,0.0,2.385441780090332,-2.499874336529622,-0.0,1,24.0,0.0,0.0,2.8855350017547607,10_07_13_1C_Cycle.xlsx,0.0
A123_094,25C,60,2.5273332595825195,0.0,2.4736578464508057,-2.4774116672124364,-0.0,1,24.0,0.0,0.0,2.8855350017547607,11_6_13_1C_Cycle.xlsx,4.18870010101365e-05
A123_094,25C,90,4.047112941741943,1.0,4.067058563232422,2.317662365198135,0.0,1,24.0,0.0,0.0,2.8855350017547607,8_12_13_1C_Cycle.xlsx,0.0002366497497016752
A123_094,25C,60,2.527819871902466,0.0,2.4738199710845947,-2.4777475541418386,-0.0,1,24.0,0.0,0.0,2.8855350017547607,10_16_13_1C_Cycle.xlsx,4.18870010101365e-05
A123_094,25C,60,4.056355953216553,1.0,4.067058563232422,2.332096236101428,0.0,1,24.0,0.0,0.0,2.8855350017547607,9_16_13_1C_Cycle.xlsx,0.0005621787292673285
A123_094,25C,30,4.071112632751465,1.0,4.071112632751465,2.3532519830465315,0.0,1,24.0,0.0,0.0,2.8855350017547607,7_24_13_1C_Cycle.xlsx,0.0
A123_094,25C,30,2.399387836456299,0.0,2.399387836456299,-2.499806214601566,-0.0,1,24.0,0.0,0.0,2.8855350017547607,8_1_13_1C_Cycle.xlsx,0.0019219710726112362
A123_094,25C,60,4.057004451751709,1.0,4.0673828125,2.3306450362909925,0.0,1,24.0,0.0,0.0,2.8855350017547607,9_16_13_1C_Cycle.xlsx,0.0027846039373889586
A123_094,25C,30,2.4939279556274414,0.0,2.4939279556274414,-2.499728709727794,-0.0,1,24.0,0.0,0.0,2.8855350017547607,11_18_13_1C_Cycle.xlsx,0.005699185440947079
A123_094,25C,90,2.557819604873657,0.0,2.4759280681610107,-2.477977498777656,-0.0,1,24.0,0.0,0.0,2.8855350017547607,9_16_13_1C_Cycle.xlsx,0.002108264990517434
A123_094,25C,60,2.4545226097106934,0.0,2.376198530197144,-2.4996380746857194,-0.0,1,24.0,0.0,0.0,2.8855350017547607,7_8_13_1C_Cycle.xlsx,0.0
A123_094,25C,30,2.4754414558410645,0.0,2.4754414558410645,-2.477974355798822,-0.0,1,24.0,0.0,0.0,2.8855350017547607,9_16_13_1C_Cycle.xlsx,5.442395060204309e-05
A123_094,25C,120,4.039329051971436,1.0,4.066572189331055,2.311675936476258,0.0,1,24.0,0.0,0.0,2.8855350017547607,10_16_13_1C_Cycle.xlsx,0.0
A123_094,25C,60,4.058788299560547,1.0,4.06884241104126,2.344996488005933,0.0,1,24.0,0.0,0.0,2.8855350017547607,11_18_13_1C_Cycle.xlsx,0.0
A123_094,25C,60,2.474306344985962,0.0,2.382847309112549,-2.499757591602022,-0.0,1,24.0,0.0,0.0,2.8855350017547607,9_25_13_1C_Cycle.xlsx,0.00014553619840435115
A123_094,25C,120,2.561387300491333,0.0,2.376198530197144,-2.4997531250790432,-0.0,1,24.0,0.0,0.0,2.8855350017547607,11_6_13_1C_Cycle.xlsx,7.048478007930001e-05
A123_094,25C,30,2.480792999267578,0.0,2.480792999267578,-2.4785406135478434,-0.0,1,24.0,0.0,0.0,2.8855350017547607,8_1_13_1C_Cycle.xlsx,6.967711238430292e-05
A123_094,25C,30,2.379279613494873,0.0,2.379279613494873,-2.4997368886930134,-0.0,1,24.0,0.0,0.0,2.8855350017547607,1_23_14_1C_Cycle.xlsx,0.0003048378008613359
A123_094,25C,30,2.377333641052246,0.0,2.377333641052246,-2.499919165362109,-0.0,1,24.0,0.0,0.0,2.8855350017547607,11_6_13_1C_Cycle.xlsx,4.160405182424322e-05
A123_094,25C,30,4.070464134216309,1.0,4.070464134216309,2.341585825017669,0.0,1,24.0,0.0,0.0,2.8855350017547607,2_4_14_1C_Cycle.xlsx,0.0
A123_094,25C,150,4.033653259277344,1.0,4.067220687866211,2.315669425372635,0.0,1,24.0,0.0,0.0,2.8855350017547607,8_29_13_1C_Cycle.xlsx,0.00016640528320619572
A123_094,25C,90,4.045977592468262,1.0,4.066572189331055,2.294917705384168,0.0,1,24.0,0.0,0.0,2.8855350017547607,7_5_13_1C_Cycle.xlsx,0.0
A123_094,25C,60,4.056031703948975,1.0,4.066572189331055,2.3146090931524106,0.0,1,24.0,0.0,0.0,2.8855350017547607,8_29_13_1C_Cycle.xlsx,4.000236441450954e-05
A123_094,25C,30,2.47446870803833,0.0,2.47446870803833,-2.4997484231817317,-0.0,1,24.0,0.0,0.0,2.8855350017547607,8_12_13_1C_Cycle.xlsx,6.231793016029955e-05
A123_094,25C,120,4.040788650512695,1.0,4.067058563232422,2.319358255060618,0.0,1,24.0,0.0,0.0,2.8855350017547607,3_4_14_1C_Cycle.xlsx,0.0
A123_094,25C,120,4.039815425872803,1.0,4.066572189331055,2.32773010564201,0.0,1,24.0,0.0,0.0,2.8855350017547607,11_6_13_1C_Cycle.xlsx,0.0
A123_094,25C,30,4.067220687866211,1.0,4.067220687866211,2.319553394639303,0.0,1,24.0,0.0,0.0,2.8855350017547607,8_1_13_1C_Cycle.xlsx,0.00022624085822297687
A123_094,25C,90,4.051004409790039,1.0,4.06884241104126,2.344580047653388,0.0,1,24.0,0.0,0.0,2.8855350017547607,11_18_13_1C_Cycle.xlsx,0.0
A123_094,25C,30,4.067869663238525,1.0,4.067869663238525,2.3395603786042907,0.0,1,24.0,0.0,0.0,2.8855350017547607,3_4_14_1C_Cycle.xlsx,0.0
A123_094,25C,60,2.534468412399292,0.0,2.484522581100464,-2.499861238199637,-0.0,1,24.0,0.0,0.0,2.8855350017547607,1_23_14_1C_Cycle.xlsx,0.0
A123_094,25C,30,4.067220687866211,1.0,4.067220687866211,2.317860369563103,0.0,1,24.0,0.0,0.0,2.8855350017547607,8_12_13_1C_Cycle.xlsx,0.004988770293107615
A123_094,25C,30,2.4777119159698486,0.0,2.4777119159698486,-2.478324696005712,-0.0,1,24.0,0.0,0.0,2.8855350017547607,8_12_13_1C_Cycle.xlsx,5.953354922867187e-05
A123_094,25C,90,4.048409938812256,1.0,4.0673828125,2.3426289620712915,0.0,1,24.0,0.0,0.0,2.8855350017547607,1_23_14_1C_Cycle.xlsx,0.012300520867306056
A123_094,25C,60,2.4773874282836914,0.0,2.3880364894866943,-2.499732816428469,-0.0,1,24.0,0.0,0.0,2.8855350017547607,9_16_13_1C_Cycle.xlsx,0.00037188149598274827
A123_094,25C,30,2.374739170074463,0.0,2.374739170074463,-2.499902214322771,-0.0,1,24.0,0.0,0.0,2.8855350017547607,10_16_13_1C_Cycle.xlsx,4.160405182424322e-05
A123_094,25C,90,2.549387216567993,0.0,2.4220902919769287,-2.499679509724412,-0.0,1,24.0,0.0,0.0,2.8855350017547607,2_20_14_1C_Cycle.xlsx,0.0036543752252656873
A123_094,25C,150,4.029112815856934,1.0,4.065923690795898,2.280034220084212,0.0,1,24.0,0.0,0.0,2.8855350017547607,7_5_13_1C_Cycle.xlsx,0.0036043286973828107
A123_094,25C,60,2.470576763153076,0.0,2.372468948364258,-2.4998768557299367,-0.0,1,24.0,0.0,0.0,2.8855350017547607,11_6_13_1C_Cycle.xlsx,0.0
A123_094,25C,30,2.3969552516937256,0.0,2.3969552516937256,-2.4996961153159707,-0.0,1,24.0,0.0,0.0,2.8855350017547607,7_19_13_1C_Cycle.xlsx,0.0010281147358793543
A123_094,25C,120,4.038842678070068,1.0,4.066572189331055,2.3146090931524106,0.0,1,24.0,0.0,0.0,2.8855350017547607,8_29_13_1C_Cycle.xlsx,0.0
A123_094,25C,30,4.0680317878723145,1.0,4.0680317878723145,2.320565383441336,0.0,1,24.0,0.0,0.0,2.8855350017547607,7_24_13_1C_Cycle.xlsx,0.00035938887668014404
A123_094,25C,30,2.389333724975586,0.0,2.389333724975586,-2.499710045690122,-0.0,1,24.0,0.0,0.0,2.8855350017547607,8_29_13_1C_Cycle.xlsx,0.00021896219065062518
A123_094,25C,30,4.067869663238525,1.0,4.067869663238525,2.3242816901487164,0.0,1,24.0,0.0,0.0,2.8855350017547607,1_23_14_1C_Cycle.xlsx,0.0
A123_094,25C,60,4.056355953216553,1.0,4.067058563232422,2.327721016685001,0.0,1,24.0,0.0,0.0,2.8855350017547607,11_6_13_1C_Cycle.xlsx,0.00010353072418199647
A123_094,25C,60,4.057004451751709,1.0,4.067220687866211,2.3276511961672486,0.0,1,24.0,0.0,0.0,2.8855350017547607,11_6_13_1C_Cycle.xlsx,0.0030639201118354566
A123_094,25C,30,2.4754414558410645,0.0,2.4754414558410645,-2.477367675044104,-0.0,1,24.0,0.0,0.0,2.8855350017547607,12_4_13_1C_Cycle.xlsx,5.442395060204309e-05
A123_094,25C,120,4.040139675140381,1.0,4.067220687866211,2.315649023519889,0.0,1,24.0,0.0,0.0,2.8855350017547607,8_29_13_1C_Cycle.xlsx,0.00021699259661811773
A123_094,25C,60,4.056355953216553,1.0,4.066896438598633,2.3280201248761987,0.0,1,24.0,0.0,0.0,2.8855350017547607,11_6_13_1C_Cycle.xlsx,0.0001795428321481691
A123_094,25C,60,4.057491302490234,1.0,4.067544937133789,2.330171708910426,0.0,1,24.0,0.0,0.0,2.8855350017547607,9_16_13_1C_Cycle.xlsx,0.010918152652493143
A123_094,25C,60,2.5292792320251465,0.0,2.4752793312072754,-2.477393928879922,-0.0,1,24.0,0.0,0.0,2.8855350017547607,11_6_13_1C_Cycle.xlsx,4.18870010101365e-05
A123_094,25C,60,4.056355953216553,1.0,4.066896438598633,2.314428460973549,0.0,1,24.0,0.0,0.0,2.8855350017547607,9_16_13_1C_Cycle.xlsx,0.00010488161133255137
A123_094,25C,150,4.038031578063965,1.0,4.06884241104126,2.3446611849180723,0.0,1,24.0,0.0,0.0,2.8855350017547607,11_18_13_1C_Cycle.xlsx,0.0
A123_094,25C,150,4.036247730255127,1.0,4.0680317878723145,2.3268465293305263,0.0,1,24.0,0.0,0.0,2.8855350017547607,12_4_13_1C_Cycle.xlsx,0.0
A123_094,25C,90,4.047112941741943,1.0,4.066572189331055,2.3129790377055035,0.0,1,24.0,0.0,0.0,2.8855350017547607,10_07_13_1C_Cycle.xlsx,0.00010426170140039023
A123_094,25C,60,2.4798200130462646,0.0,2.3963067531585693,-2.499539079829159,-0.0,1,24.0,0.0,0.0,2.8855350017547607,8_1_13_1C_Cycle.xlsx,0.0007549475341003302
A123_094,25C,90,4.051004409790039,1.0,4.069004535675049,2.344702533304186,0.0,1,24.0,0.0,0.0,2.8855350017547607,11_18_13_1C_Cycle.xlsx,0.000500810287514485
A123_094,25C,60,2.48809027671814,0.0,2.400198459625244,-2.4997301792429987,-0.0351605216525857,1,24.0,0.0,0.0,2.8855350017547607,3_4_14_1C_Cycle.xlsx,0.0
A123_094,25C,60,4.057004451751709,1.0,4.0673828125,2.3170682701468466,0.0,1,24.0,0.0,0.0,2.8855350017547607,8_1_13_1C_Cycle.xlsx,0.001964930130598957
A123_094,25C,30,4.067220687866211,1.0,4.067220687866211,2.322098975399817,0.0,1,24.0,0.0,0.0,2.8855350017547607,7_19_13_1C_Cycle.xlsx,0.0005362838223072584
A123_094,25C,90,2.527819871902466,0.0,2.387712001800537,-2.4997719853325227,-0.0,1,24.0,0.0,0.0,2.8855350017547607,9_25_13_1C_Cycle.xlsx,0.0002811895734450043
A123_094,25C,30,4.0673828125,1.0,4.0673828125,2.3197441107578696,0.0,1,24.0,0.0,0.0,2.8855350017547607,8_1_13_1C_Cycle.xlsx,0.00021053440808167624
A123_094,25C,30,4.067058563232422,1.0,4.067058563232422,2.320045225854431,0.0,1,24.0,0.0,0.0,2.8855350017547607,8_1_13_1C_Cycle.xlsx,0.0
A123_094,25C,150,4.035274982452393,1.0,4.067544937133789,2.330171708910426,0.0,1,24.0,0.0,0.0,2.8855350017547607,9_16_13_1C_Cycle.xlsx,0.007816142833839303
A123_094,25C,150,4.035437107086182,1.0,4.067707061767578,2.325917197549242,0.0,1,24.0,0.0,0.0,2.8855350017547607,12_13_13_1C_Cycle.xlsx,0.0
A123_094,25C,120,4.039653301239014,1.0,4.0673828125,2.308196581670871,0.0,1,24.0,0.0,0.0,2.8855350017547607,7_11_13_1C_Cycle.xlsx,0.005377710180752873
A123_094,25C,30,2.378468990325928,0.0,2.378468990325928,-2.4997368610657014,-0.0,1,24.0,0.0,0.0,2.8855350017547607,12_4_13_1C_Cycle.xlsx,0.0003048378008613359
A123_094,25C,30,2.393712043762207,0.0,2.393712043762207,-2.4997336159581725,-0.0,1,24.0,0.0,0.0,2.8855350017547607,8_29_13_1C_Cycle.xlsx,0.0005414446002293835
A123_094,25C,60,2.5253872871398926,0.0,2.47754979133606,-2.4997084721275,-0.0,1,24.0,0.0,0.0,2.8855350017547607,8_29_13_1C_Cycle.xlsx,0.0
A123_094,25C,60,2.531549453735352,0.0,2.4770631790161133,-2.499730258906653,-0.0,1,24.0,0.0,0.0,2.8855350017547607,1_23_14_1C_Cycle.xlsx,0.0
A123_094,25C,30,4.069328784942627,1.0,4.069328784942627,2.337312998695184,0.0,1,24.0,0.0,0.0,2.8855350017547607,2_20_14_1C_Cycle.xlsx,0.006956631864684021
A123_094,25C,120,4.040463924407959,1.0,4.067058563232422,2.327607167994275,0.0,1,24.0,0.0,0.0,2.8855350017547607,11_6_13_1C_Cycle.xlsx,0.0
A123_094,25C,30,2.3927390575408936,0.0,2.3927390575408936,-2.499821506105028,-0.0,1,24.0,0.0,0.0,2.8855350017547607,11_18_13_1C_Cycle.xlsx,0.000269039651622683
A123_094,25C,60,2.532360315322876,0.0,2.4773874282836914,-2.477037015250376,-0.0,1,24.0,0.0,0.0,2.8855350017547607,1_23_14_1C_Cycle.xlsx,4.18870010101365e-05
A123_094,25C,60,4.057166576385498,1.0,4.0673828125,2.3192933227278685,0.0,1,24.0,0.0,0.0,2.8855350017547607,3_4_14_1C_Cycle.xlsx,0.0005103820130487871
A123_094,25C,30,2.383657932281494,0.0,2.383657932281494,-2.4997288041410197,-0.0,1,24.0,0.0,0.0,2.8855350017547607,10_07_13_1C_Cycle.xlsx,7.405295529981878e-05
A123_094,25C,60,4.058950424194336,1.0,4.068680286407471,2.3435240793559284,0.0,1,24.0,0.0,0.0,2.8855350017547607,12_4_13_1C_Cycle.xlsx,0.0
A123_094,25C,60,2.534468412399292,0.0,2.4780361652374268,-2.477453620367409,-0.0,1,24.0,0.0,0.0,2.8855350017547607,11_6_13_1C_Cycle.xlsx,0.0018638377293967504
A123_094,25C,60,2.474630832672119,0.0,2.386901378631592,-2.499740633471258,-0.0,1,24.0,0.0,0.0,2.8855350017547607,8_12_13_1C_Cycle.xlsx,0.00037188149598274827
A123_094,25C,120,2.5870087146759038,0.0,2.40830659866333,-2.4997586054461345,-0.0,1,24.0,0.0,0.0673531844196503,2.9214887298513648,9_25_13_1C_Cycle.xlsx,0.05896792915786185
A123_094,25C,30,4.069166660308838,1.0,4.069166660308838,2.3444912020053903,0.0,1,24.0,0.0,0.0,2.8855350017547607,11_18_13_1C_Cycle.xlsx,0.00034806758333369767
A123_094,25C,30,4.075653076171875,1.0,4.075653076171875,0.9003720606366793,0.0,1,24.0,0.0,1.0,3.553644180297852,8_1_13_1C_Cycle.xlsx,1.0
A123_094,25C,30,4.066572189331055,1.0,4.066572189331055,2.3131612116073974,0.0,1,24.0,0.0,0.0,2.8855350017547607,10_07_13_1C_Cycle.xlsx,4.922825332347347e-05
A123_094,25C,150,4.031869411468506,1.0,4.066410064697266,2.316699546311171,0.0,1,24.0,0.0,0.0,2.8855350017547607,8_29_13_1C_Cycle.xlsx,0.0
A123_094,25C,60,2.47754979133606,0.0,2.389171600341797,-2.499769399831961,-0.0,1,24.0,0.0,0.0,2.8855350017547607,11_18_13_1C_Cycle.xlsx,0.00030649062744428997
A123_094,25C,30,2.386739015579224,0.0,2.386739015579224,-2.4998637108967223,-0.0,1,24.0,0.0,0.0,2.8855350017547607,8_12_13_1C_Cycle.xlsx,5.949192487426893e-05
A123_094,25C,150,4.032842636108398,1.0,4.066247940063477,2.31117415908447,0.0,1,24.0,0.0,0.0,2.8855350017547607,10_16_13_1C_Cycle.xlsx,0.0
A123_094,25C,90,2.532360315322876,0.0,2.395495891571045,-2.49968675700101,-0.0,1,24.0,0.0,0.0,2.8855350017547607,12_13_13_1C_Cycle.xlsx,0.0004922143339725391
A123_094,25C,30,4.068518161773682,1.0,4.068518161773682,2.3419779155018,0.0,1,24.0,0.0,0.0,2.8855350017547607,1_23_14_1C_Cycle.xlsx,0.0015272351920981222
A123_094,25C,120,2.557657480239868,0.0,2.393712043762207,-2.4997100436169166,-0.0,1,24.0,0.0,0.0,2.8855350017547607,8_29_13_1C_Cycle.xlsx,9.643084493332045e-05
A123_094,25C,60,2.4770631790161133,0.0,2.389820098876953,-2.499890764899876,-0.0,1,24.0,0.0,0.0,2.8855350017547607,8_29_13_1C_Cycle.xlsx,0.0
A123_094,25C,120,4.040139675140381,1.0,4.066734313964844,2.321457881772,0.0,1,24.0,0.0,0.0,2.8855350017547607,2_4_14_1C_Cycle.xlsx,0.00010417034799320069
A123_094,25C,60,4.05684232711792,1.0,4.0673828125,2.3173183589577677,0.0,1,24.0,0.0,0.0,2.8855350017547607,8_12_13_1C_Cycle.xlsx,0.0019265718075104931
A123_094,25C,60,4.060572147369385,1.0,4.069977760314941,2.342640799844367,0.0,1,24.0,0.0,0.0,2.8855350017547607,12_13_13_1C_Cycle.xlsx,0.00117233158150427
A123_094,25C,60,2.4799821376800537,0.0,2.3946850299835205,-2.4998770763999536,-0.0,1,24.0,0.0,0.0,2.8855350017547607,9_16_13_1C_Cycle.xlsx,0.0
A123_094,25C,90,4.0477614402771,1.0,4.0673828125,2.319225042407948,0.0,1,24.0,0.0,0.0,2.8855350017547607,8_1_13_1C_Cycle.xlsx,0.00027616769775837654
A123_094,25C,90,4.039491176605225,1.0,4.066410064697266,2.3129138539804788,0.0,1,24.0,0.0,0.0,2.8855350017547607,10_07_13_1C_Cycle.xlsx,0.006166356715277002
A123_094,25C,30,4.067707061767578,1.0,4.067707061767578,2.324292501132203,0.0,1,24.0,0.0,0.0,2.8855350017547607,1_23_14_1C_Cycle.xlsx,0.00027393530892888237
A123_094,25C,120,4.04030179977417,1.0,4.067058563232422,2.33207106223849,0.0,1,24.0,0.0,0.0,2.8855350017547607,9_16_13_1C_Cycle.xlsx,0.0
A123_094,25C,30,2.4914956092834477,0.0,2.4914956092834477,-2.4767371780978498,-0.0,1,24.0,0.0,0.0,2.8855350017547607,2_4_14_1C_Cycle.xlsx,0.002492286888281693
A123_094,25C,60,2.5500359535217285,0.0,2.505279302597046,-2.4997014665158,-0.0,1,24.0,0.0,0.0,2.8855350017547607,2_20_14_1C_Cycle.xlsx,0.0
A123_094,25C,60,4.057491302490234,1.0,4.067707061767578,2.324281655634061,0.0,1,24.0,0.0,0.0,2.8855350017547607,1_23_14_1C_Cycle.xlsx,0.000714890467097315
A123_094,25C,120,4.044517993927002,1.0,4.068356037139893,2.3395286877557897,0.0,1,24.0,0.0,0.0,2.8855350017547607,2_20_14_1C_Cycle.xlsx,0.000778185750550818
A123_094,25C,60,2.4799821376800537,0.0,2.387387752532959,-2.499712018791689,-0.0,1,24.0,0.0,0.0,2.8855350017547607,1_23_14_1C_Cycle.xlsx,5.220109903335446e-05
A123_094,25C,60,2.4879279136657715,0.0,2.3927390575408936,-2.4997319147127484,-0.0,1,24.0,0.0,0.0,2.8855350017547607,1_23_14_1C_Cycle.xlsx,0.0003388320268585506
A123_094,25C,30,4.066896438598633,1.0,4.066896438598633,2.30542804900324,0.0,1,24.0,0.0,0.0,2.8855350017547607,7_17_13_1C_Cycle.xlsx,0.008852946665188035
A123_094,25C,60,2.525873899459839,0.0,2.4754414558410645,-2.4997423280749405,-0.0,1,24.0,0.0,0.0,2.8855350017547607,9_16_13_1C_Cycle.xlsx,0.0007705686154861012
A123_094,25C,30,4.067220687866211,1.0,4.067220687866211,2.3320296390256923,0.0,1,24.0,0.0,0.0,2.8855350017547607,9_16_13_1C_Cycle.xlsx,0.0016636899321834393
A123_094,25C,30,4.067058563232422,1.0,4.067058563232422,2.319702218433744,0.0,1,24.0,0.0,0.0,2.8855350017547607,3_4_14_1C_Cycle.xlsx,0.0
A123_094,25C,150,4.033329010009766,1.0,4.066896438598633,2.3199090223818546,0.0,1,24.0,0.0,0.0,2.8855350017547607,8_1_13_1C_Cycle.xlsx,0.0
A123_094,25C,60,4.056355953216553,1.0,4.066734313964844,2.31808724462986,0.0,1,24.0,0.0,0.0,2.8855350017547607,8_1_13_1C_Cycle.xlsx,0.00013124673821126833
A123_094,25C,120,4.042572021484375,1.0,4.0680317878723145,2.324921920832436,0.0,1,24.0,0.0,0.0,2.8855350017547607,12_4_13_1C_Cycle.xlsx,0.0
A123_094,25C,30,4.0680317878723145,1.0,4.0680317878723145,2.3254517102771897,0.0,1,24.0,0.0,0.0,2.8855350017547607,12_4_13_1C_Cycle.xlsx,0.0
A123_094,25C,60,4.061545372009277,1.0,4.070626258850098,2.342042255297042,0.0,1,24.0,0.0,0.0,2.8855350017547607,2_4_14_1C_Cycle.xlsx,0.004886738574492054
A123_094,25C,60,4.057491302490234,1.0,4.067544937133789,2.32084048597709,0.0,1,24.0,0.0,0.0,2.8855350017547607,2_4_14_1C_Cycle.xlsx,0.0006674471584644907
A123_094,25C,90,4.047275066375732,1.0,4.067058563232422,2.3144122901243893,0.0,1,24.0,0.0,0.0,2.8855350017547607,9_16_13_1C_Cycle.xlsx,0.0
A123_094,25C,60,4.056680202484131,1.0,4.067058563232422,2.324663045378322,0.0,1,24.0,0.0,0.0,2.8855350017547607,12_13_13_1C_Cycle.xlsx,0.0
A123_094,25C,150,4.033977508544922,1.0,4.0673828125,2.315599490858374,0.0,1,24.0,0.0,0.0,2.8855350017547607,8_29_13_1C_Cycle.xlsx,7.634785878410038e-05
A123_094,25C,90,4.047112941741943,1.0,4.067058563232422,2.317831477046013,0.0,1,24.0,0.0,0.0,2.8855350017547607,8_12_13_1C_Cycle.xlsx,0.0
A123_094,25C,30,4.068680286407471,1.0,4.068680286407471,2.3390548122687296,0.0,1,24.0,0.0,0.0,2.8855350017547607,3_4_14_1C_Cycle.xlsx,0.0
A123_094,25C,60,4.0558695793151855,1.0,4.066410064697266,2.3113190069302054,0.0,1,24.0,0.0,0.0,2.8855350017547607,10_16_13_1C_Cycle.xlsx,0.0
A123_094,25C,30,4.067544937133789,1.0,4.067544937133789,2.34005955201492,0.0,1,24.0,0.0,0.0,2.8855350017547607,2_4_14_1C_Cycle.xlsx,0.0
A123_094,25C,30,2.488738775253296,0.0,2.488738775253296,-2.47653804650569,-0.0,1,24.0,0.0,0.0,2.8855350017547607,3_4_14_1C_Cycle.xlsx,0.0
A123_094,25C,90,4.051004409790039,1.0,4.069166660308838,2.343485481846027,0.0,1,24.0,0.0,0.0,2.8855350017547607,12_13_13_1C_Cycle.xlsx,0.0
A123_094,25C,90,2.5500359535217285,0.0,2.4222524166107178,-2.499708222451611,-0.0,1,24.0,0.0,0.0,2.8855350017547607,2_20_14_1C_Cycle.xlsx,0.0
A123_094,25C,120,4.041437149047852,1.0,4.067544937133789,2.324312568220318,0.0,1,24.0,0.0,0.0,2.8855350017547607,1_23_14_1C_Cycle.xlsx,0.0
A123_094,25C,60,2.5276577472686768,0.0,2.4738199710845947,-2.477448783876233,-0.0,1,24.0,0.0,0.0,2.8855350017547607,11_6_13_1C_Cycle.xlsx,4.18870010101365e-05
A123_094,25C,30,4.067544937133789,1.0,4.067544937133789,2.309849733610948,0.0,1,24.0,0.0,0.0,2.8855350017547607,12_4_13_1C_Cycle.xlsx,0.005380819757721305
A123_094,25C,90,4.047112941741943,1.0,4.066734313964844,2.314584151758411,0.0,1,24.0,0.0,0.0,2.8855350017547607,9_16_13_1C_Cycle.xlsx,2.376770231597267e-05
A123_094,25C,30,4.067869663238525,1.0,4.067869663238525,2.322425372665748,0.0,1,24.0,0.0,0.0,2.8855350017547607,7_17_13_1C_Cycle.xlsx,0.0
A123_094,25C,30,4.067220687866211,1.0,4.067220687866211,2.310300081456436,0.0,1,24.0,0.0,0.0,2.8855350017547607,7_5_13_1C_Cycle.xlsx,0.005417243079914995
A123_094,25C,60,2.4778740406036377,0.0,2.3927390575408936,-2.4990572603339825,-0.0,1,24.0,0.0,0.0,2.8855350017547607,8_12_13_1C_Cycle.xlsx,0.0
A123_094,25C,120,4.039653301239014,1.0,4.067058563232422,2.319890379787437,0.0,1,24.0,0.0,0.0,2.8855350017547607,8_1_13_1C_Cycle.xlsx,0.0017214294939956218
A123_094,25C,30,4.067544937133789,1.0,4.067544937133789,2.3244592360196967,0.0,1,24.0,0.0,0.0,2.8855350017547607,1_23_14_1C_Cycle.xlsx,0.00027393530892888237
A123_094,25C,60,4.058139801025391,1.0,4.0680317878723145,2.327013533656337,0.0,1,24.0,0.0,0.0,2.8855350017547607,12_4_13_1C_Cycle.xlsx,0.0031568905296593666
A123_094,25C,30,4.071274757385254,1.0,4.071274757385254,2.3615558453095264,0.0,1,24.0,0.0,0.0,2.8855350017547607,12_4_13_1C_Cycle.xlsx,0.0
A123_094,25C,60,4.058950424194336,1.0,4.068193912506104,2.3394604986043355,0.0,1,24.0,0.0,0.0,2.8855350017547607,2_20_14_1C_Cycle.xlsx,0.0
A123_094,25C,60,2.478847026824951,0.0,2.387549877166748,-2.4997368438823804,-0.0,1,24.0,0.0,0.0,2.8855350017547607,12_4_13_1C_Cycle.xlsx,0.00029546727886784645
A123_094,25C,120,4.040950775146484,1.0,4.067544937133789,2.316985919237137,0.0,1,24.0,0.0,0.0,2.8855350017547607,8_12_13_1C_Cycle.xlsx,0.0012633347515087067
A123_094,25C,120,4.044517993927002,1.0,4.068193912506104,2.339539780297823,0.0,1,24.0,0.0,0.0,2.8855350017547607,2_20_14_1C_Cycle.xlsx,0.0
A123_094,25C,90,4.046139717102051,1.0,4.066085815429688,2.313618776922832,0.0,1,24.0,0.0,0.0,2.8855350017547607,9_25_13_1C_Cycle.xlsx,0.0
A123_094,25C,60,2.474306344985962,0.0,2.380577087402344,-2.4997383999613536,-0.0,1,24.0,0.0,0.0,2.8855350017547607,10_07_13_1C_Cycle.xlsx,0.00021449092635896714
A123_094,25C,90,2.527819871902466,0.0,2.3987390995025635,-2.4998108607072096,-0.0,1,24.0,0.0,0.0,2.8855350017547607,8_1_13_1C_Cycle.xlsx,0.0010450230369232014
A123_094,25C,60,4.056193828582764,1.0,4.066896438598633,2.327974549737297,0.0,1,24.0,0.0,0.0,2.8855350017547607,11_6_13_1C_Cycle.xlsx,0.00013471748497111125
A123_094,25C,30,2.485171318054199,0.0,2.485171318054199,-2.499922723413628,-0.0,1,24.0,0.0,0.0,2.8855350017547607,3_4_14_1C_Cycle.xlsx,0.0
A123_094,25C,90,2.528144121170044,0.0,2.384793281555176,-2.499863145625697,-0.0,1,24.0,0.0,0.0,2.8855350017547607,10_07_13_1C_Cycle.xlsx,0.0
A123_094,25C,60,4.057166576385498,1.0,4.0673828125,2.324564272840308,0.0,1,24.0,0.0,0.0,2.8855350017547607,1_23_14_1C_Cycle.xlsx,0.0007423931714347858
A123_094,25C,30,4.067869663238525,1.0,4.067869663238525,2.330111975327504,0.0,1,24.0,0.0,0.0,2.8855350017547607,9_16_13_1C_Cycle.xlsx,0.009923420196962022
A123_094,25C,30,2.3878743648529053,0.0,2.3878743648529053,-2.4996987190567146,-0.0,1,24.0,0.0,0.0,2.8855350017547607,7_15_13_1C_Cycle.xlsx,0.00020934007219497287
A123_094,25C,60,4.059274673461914,1.0,4.068680286407471,2.33955404711397,0.0,1,24.0,0.0,0.0,2.8855350017547607,2_20_14_1C_Cycle.xlsx,0.0
A123_094,25C,60,2.5274953842163086,0.0,2.4756038188934326,-2.4777858561147905,-0.0,1,24.0,0.0,0.0,2.8855350017547607,10_07_13_1C_Cycle.xlsx,4.18870010101365e-05
A123_094,25C,60,4.058788299560547,1.0,4.068193912506104,2.339292532976782,0.0,1,24.0,0.0,0.0,2.8855350017547607,3_4_14_1C_Cycle.xlsx,0.0
A123_094,25C,120,4.042409896850586,1.0,4.067869663238525,2.338441765809481,0.0,1,24.0,0.0,0.0,2.8855350017547607,3_4_14_1C_Cycle.xlsx,0.001159732472460738
A123_094,25C,90,4.039491176605225,1.0,4.066896438598633,2.316137142299164,0.0,1,24.0,0.0,0.0,2.8855350017547607,8_29_13_1C_Cycle.xlsx,0.006056176249285323
A123_094,25C,90,4.046950817108154,1.0,4.066410064697266,2.3281916840111507,0.0,1,24.0,0.0,0.0,2.8855350017547607,11_6_13_1C_Cycle.xlsx,0.0
A123_094,25C,30,2.505765914916992,0.0,2.505765914916992,-2.4765464123284566,-0.0,1,24.0,0.0,0.0,2.8855350017547607,2_20_14_1C_Cycle.xlsx,0.022947431718416882
A123_094,25C,60,2.5518198013305664,0.0,2.507063150405884,-2.4764928657333023,-0.0,1,24.0,0.0,0.0,2.8855350017547607,2_20_14_1C_Cycle.xlsx,0.035344033833947575
A123_094,25C,120,2.554900884628296,0.0,2.3920905590057373,-2.4998939078787097,-0.0,1,24.0,0.0,0.0,2.8855350017547607,8_29_13_1C_Cycle.xlsx,0.0
A123_094,25C,30,4.067058563232422,1.0,4.067058563232422,2.3176869381666183,0.0,1,24.0,0.0,0.0,2.8855350017547607,8_12_13_1C_Cycle.xlsx,0.0
A123_094,25C,60,2.530738592147827,0.0,2.4773874282836914,-2.477351383107865,-0.0,1,24.0,0.0,0.0,2.8855350017547607,12_4_13_1C_Cycle.xlsx,4.18870010101365e-05
A123_094,25C,30,2.478198289871216,0.0,2.478198289871216,-2.478159605488301,-0.0,1,24.0,0.0,0.0,2.8855350017547607,8_29_13_1C_Cycle.xlsx,3.873380880485437e-05
A123_094,25C,90,4.049383163452148,1.0,4.0680317878723145,2.3275570764887235,0.0,1,24.0,0.0,0.0,2.8855350017547607,12_4_13_1C_Cycle.xlsx,0.0026495094523091957
A123_094,25C,90,4.048409938812256,1.0,4.067058563232422,2.305035104846646,0.0,1,24.0,0.0,0.0,2.8855350017547607,2_4_14_1C_Cycle.xlsx,0.008393275379998216
A123_094,25C,30,4.067707061767578,1.0,4.067707061767578,2.338779138384667,0.0,1,24.0,0.0,0.0,2.8855350017547607,3_4_14_1C_Cycle.xlsx,0.0
A123_094,25C,30,2.4780361652374268,0.0,2.4780361652374268,-2.499897050857544,-0.0,1,24.0,0.0,0.0,2.8855350017547607,8_29_13_1C_Cycle.xlsx,0.0
A123_094,25C,60,2.4773874282836914,0.0,2.3820364475250244,-2.4997418626732784,-0.0,1,24.0,0.0,0.0,2.8855350017547607,1_23_14_1C_Cycle.xlsx,0.00021449092635896714
A123_094,25C,120,4.044355869293213,1.0,4.069004535675049,2.344336559901298,0.0,1,24.0,0.0,0.0,2.8855350017547607,11_18_13_1C_Cycle.xlsx,0.0003158314873081914
A123_094,25C,120,4.040950775146484,1.0,4.067220687866211,2.327666375253881,0.0,1,24.0,0.0,0.0,2.8855350017547607,11_6_13_1C_Cycle.xlsx,0.00011552792278992532
A123_094,25C,30,2.4793334007263184,0.0,2.4793334007263184,-2.4998154864351974,-0.0,1,24.0,0.0,0.0,2.8855350017547607,8_1_13_1C_Cycle.xlsx,0.0
A123_094,25C,120,2.557008981704712,0.0,2.3878743648529053,-2.49979939795377,-0.0,1,24.0,0.0,0.0,2.8855350017547607,9_16_13_1C_Cycle.xlsx,0.00020637859888943087
A123_094,25C,120,2.555549383163452,0.0,2.3989012241363525,-2.499683524380211,-0.0,1,24.0,0.0,0.0,2.8855350017547607,7_19_13_1C_Cycle.xlsx,0.0009738373850394187
A123_094,25C,30,4.067869663238525,1.0,4.067869663238525,2.32517146817961,0.0,1,24.0,0.0,0.0,2.8855350017547607,12_4_13_1C_Cycle.xlsx,0.0
A123_094,25C,120,4.033166885375977,1.0,4.065923690795898,2.1758319679503293,0.0,1,24.0,0.0,0.0,2.8855350017547607,12_4_13_1C_Cycle.xlsx,0.03175609425467974
A123_094,25C,60,2.527981996536255,0.0,2.474792957305908,-2.477914263342156,-0.0,1,24.0,0.0,0.0,2.8855350017547607,10_07_13_1C_Cycle.xlsx,4.18870010101365e-05
A123_094,25C,60,4.05830192565918,1.0,4.0680317878723145,2.33981395891884,0.0,1,24.0,0.0,0.0,2.8855350017547607,3_4_14_1C_Cycle.xlsx,0.000154792754933857
A123_094,25C,120,2.559279203414917,0.0,2.3943607807159424,-2.4997090373122903,-0.0,1,24.0,0.0,0.0,2.8855350017547607,9_16_13_1C_Cycle.xlsx,0.0
A123_094,25C,120,4.040626049041748,1.0,4.067220687866211,2.331896303801752,0.0,1,24.0,0.0,0.0,2.8855350017547607,9_16_13_1C_Cycle.xlsx,0.00012868407199327224
A123_094,25C,90,2.5255496501922607,0.0,2.3776581287384038,-2.4998215552979866,-0.0,1,24.0,0.0,0.0,2.8855350017547607,10_07_13_1C_Cycle.xlsx,0.0
A123_094,25C,90,2.5247387886047363,0.0,2.3920905590057373,-2.4998939078787097,-0.0,1,24.0,0.0,0.0,2.8855350017547607,8_29_13_1C_Cycle.xlsx,0.0
A123_094,25C,90,4.051167011260986,1.0,4.068356037139893,2.3396633912466074,0.0,1,24.0,0.0,0.0,2.8855350017547607,2_20_14_1C_Cycle.xlsx,0.000978287954296047
A123_094,25C,30,2.3781445026397705,0.0,2.3781445026397705,-2.499910282237189,-0.0,1,24.0,0.0,0.0,2.8855350017547607,10_16_13_1C_Cycle.xlsx,4.160405182424322e-05
A123_094,25C,90,2.530576467514038,0.0,2.3799283504486084,-2.4997229012576017,-0.0,1,24.0,0.0,0.0,2.8855350017547607,12_13_13_1C_Cycle.xlsx,9.673681125797658e-05
A123_094,25C,90,2.5497117042541504,0.0,2.4217660427093506,-2.4997588919701976,-0.0,1,24.0,0.0,0.0,2.8855350017547607,2_20_14_1C_Cycle.xlsx,0.0
A123_094,25C,90,4.05084228515625,1.0,4.06884241104126,2.344676508552442,0.0,1,24.0,0.0,0.0,2.8855350017547607,11_18_13_1C_Cycle.xlsx,0.0
A123_094,25C,90,4.048409938812256,1.0,4.067707061767578,2.3213577781488577,0.0,1,24.0,0.0,0.0,2.8855350017547607,7_17_13_1C_Cycle.xlsx,0.0004677447094808301
A123_094,25C,90,2.5292792320251465,0.0,2.393549919128418,-2.499793828070701,-0.0,1,24.0,0.0,0.0,2.8855350017547607,11_18_13_1C_Cycle.xlsx,0.0003493296616437202
A123_094,25C,120,2.5604143142700195,0.0,2.3841445446014404,-2.4997399992647424,-0.0,1,24.0,0.0,0.0,2.8855350017547607,10_07_13_1C_Cycle.xlsx,0.00021217806731847416
A123_094,25C,30,4.066410064697266,1.0,4.066410064697266,2.3131063937163745,0.0,1,24.0,0.0,0.0,2.8855350017547607,10_07_13_1C_Cycle.xlsx,0.0
A123_094,25C,30,2.377009391784668,0.0,2.377009391784668,-2.499860906600952,-0.0,1,24.0,0.0,0.0,2.8855350017547607,12_13_13_1C_Cycle.xlsx,1.824870944642312e-05
A123_094,25C,120,4.046139717102051,1.0,4.069328784942627,2.3373401879077464,0.0,1,24.0,0.0,0.0,2.8855350017547607,2_20_14_1C_Cycle.xlsx,0.011096729635474187
A123_094,25C,60,2.469765901565552,0.0,2.373117446899414,-2.4999973065144308,-0.0386594235178948,1,24.0,0.0,0.0,2.8855350017547607,11_6_13_1C_Cycle.xlsx,0.0007190533853840268
A123_094,25C,60,4.056193828582764,1.0,4.066896438598633,2.3174657627940176,0.0,1,24.0,0.0,0.0,2.8855350017547607,8_12_13_1C_Cycle.xlsx,0.000882383489980431
A123_094,25C,120,4.042409896850586,1.0,4.0680317878723145,2.323617645053782,0.0,1,24.0,0.0,0.0,2.8855350017547607,12_4_13_1C_Cycle.xlsx,0.0
A123_094,25C,30,4.066734313964844,1.0,4.066734313964844,2.31303681830158,0.0,1,24.0,0.0,0.0,2.8855350017547607,9_25_13_1C_Cycle.xlsx,0.0004893767635671416
A123_094,25C,30,2.4773874282836914,0.0,2.4773874282836914,-2.478863701688048,-0.0,1,24.0,0.0,0.0,2.8855350017547607,7_15_13_1C_Cycle.xlsx,0.0
A123_094,25C,60,4.056680202484131,1.0,4.067058563232422,2.327687610347732,0.0,1,24.0,0.0,0.0,2.8855350017547607,11_6_13_1C_Cycle.xlsx,0.0001176560438475105
A123_094,25C,60,4.056680202484131,1.0,4.067058563232422,2.3197354999812028,0.0,1,24.0,0.0,0.0,2.8855350017547607,3_4_14_1C_Cycle.xlsx,0.0
A123_094,25C,60,4.057491302490234,1.0,4.067707061767578,2.3242863261292124,0.0,1,24.0,0.0,0.0,2.8855350017547607,1_23_14_1C_Cycle.xlsx,0.000714890467097315
A123_094,25C,30,4.067869663238525,1.0,4.067869663238525,2.324093296614468,0.0,1,24.0,0.0,0.0,2.8855350017547607,1_23_14_1C_Cycle.xlsx,0.0
A123_094,25C,60,2.472360610961914,0.0,2.3796041011810303,-2.4997639888155776,-0.0,1,24.0,0.0,0.0,2.8855350017547607,9_25_13_1C_Cycle.xlsx,0.0001491000578205089
A123_094,25C,30,4.067058563232422,1.0,4.067058563232422,2.327526680248625,0.0,1,24.0,0.0,0.0,2.8855350017547607,11_6_13_1C_Cycle.xlsx,0.0018093940013092515
A123_094,25C,30,4.067058563232422,1.0,4.067058563232422,2.332156955401917,0.0,1,24.0,0.0,0.0,2.8855350017547607,9_16_13_1C_Cycle.xlsx,0.0014036874950001338
A123_094,25C,60,4.056031703948975,1.0,4.066734313964844,2.316205608267938,0.0,1,24.0,0.0,0.0,2.8855350017547607,8_29_13_1C_Cycle.xlsx,0.00020180563905945298
A123_094,25C,150,4.034950733184815,1.0,4.067544937133789,2.326036607625626,0.0,1,24.0,0.0,0.0,2.8855350017547607,12_13_13_1C_Cycle.xlsx,0.0
A123_094,25C,90,2.5317115783691406,0.0,2.381063461303711,-2.499726940732484,-0.0,1,24.0,0.0,0.0,2.8855350017547607,1_23_14_1C_Cycle.xlsx,9.673681125797658e-05
A123_094,25C,60,2.474306344985962,0.0,2.378468990325928,-2.4997368610657014,-0.0,1,24.0,0.0,0.0,2.8855350017547607,12_4_13_1C_Cycle.xlsx,0.00021449092635896714
A123_094,25C,120,2.5644683837890625,0.0,2.378631114959717,-2.4997081149708142,-0.038274560719007,1,24.0,0.0,0.0,2.8855350017547607,12_13_13_1C_Cycle.xlsx,0.012111832574764454
A123_094,25C,30,2.378468990325928,0.0,2.378468990325928,-2.499950606908117,-0.0,1,24.0,0.0,0.0,2.8855350017547607,10_16_13_1C_Cycle.xlsx,4.160405182424322e-05
A123_094,25C,30,2.379441738128662,0.0,2.379441738128662,-2.499728722615285,-0.0,1,24.0,0.0,0.0,2.8855350017547607,11_6_13_1C_Cycle.xlsx,7.405295529981878e-05
A123_094,25C,120,4.038842678070068,1.0,4.066410064697266,2.3132130207463364,0.0,1,24.0,0.0,0.0,2.8855350017547607,9_25_13_1C_Cycle.xlsx,0.0
A123_094,25C,60,2.486468553543091,0.0,2.3943607807159424,-2.499848631193053,-0.0368453400249238,1,24.0,0.0,0.0,2.8855350017547607,3_4_14_1C_Cycle.xlsx,0.0019190081644480633
A123_094,25C,90,2.5109550952911377,0.0,2.382198572158813,-2.499696759382884,-0.0,1,24.0,0.0,0.0,2.8855350017547607,7_11_13_1C_Cycle.xlsx,0.00034429529201507715
A123_094,25C,120,2.555549383163452,0.0,2.3945229053497314,-2.4996826607956844,-0.0,1,24.0,0.0,0.0,2.8855350017547607,8_1_13_1C_Cycle.xlsx,0.000456335987588255
A123_094,25C,60,2.47317123413086,0.0,2.3774960041046143,-2.499883359616941,-0.0,1,24.0,0.0,0.0,2.8855350017547607,11_6_13_1C_Cycle.xlsx,0.0
A123_094,25C,150,4.034464359283447,1.0,4.066896438598633,2.320936286708583,0.0,1,24.0,0.0,0.0,2.8855350017547607,2_4_14_1C_Cycle.xlsx,0.0
A123_094,25C,30,2.4709010124206543,0.0,2.4709010124206543,-2.4776307961231807,-0.0,1,24.0,0.0,0.0,2.8855350017547607,10_16_13_1C_Cycle.xlsx,5.442395060204309e-05
A123_094,25C,30,4.069815158843994,1.0,4.069815158843994,2.3428261073736043,0.0,1,24.0,0.0,0.0,2.8855350017547607,12_13_13_1C_Cycle.xlsx,0.0017091214127604559
A123_094,25C,60,4.057491302490234,1.0,4.067869663238525,2.3258804304493688,0.0,1,24.0,0.0,0.0,2.8855350017547607,12_13_13_1C_Cycle.xlsx,7.3780320009847e-05
A123_094,25C,90,4.046788215637207,1.0,4.066734313964844,2.314654649818331,0.0,1,24.0,0.0,0.0,2.8855350017547607,8_29_13_1C_Cycle.xlsx,0.0
A123_094,25C,150,4.031707286834717,1.0,4.066410064697266,2.3169326665661027,0.0,1,24.0,0.0,0.0,2.8855350017547607,8_29_13_1C_Cycle.xlsx,0.0
A123_094,25C,60,2.4833874702453613,0.0,2.389171600341797,-2.499703215286795,-0.0,1,24.0,0.0,0.0,2.8855350017547607,10_07_13_1C_Cycle.xlsx,4.2578980577702205e-05
A123_094,25C,30,2.481765985488892,0.0,2.481765985488892,-2.478835099405842,-0.0,1,24.0,0.0,0.0,2.8855350017547607,7_17_13_1C_Cycle.xlsx,0.0
A123_094,25C,120,4.039166927337647,1.0,4.067058563232422,2.305317953112535,0.0,1,24.0,0.0,0.0,2.8855350017547607,7_19_13_1C_Cycle.xlsx,0.002873062437010487
A123_094,25C,30,4.066572189331055,1.0,4.066572189331055,2.3132648469238983,0.0,1,24.0,0.0,0.0,2.8855350017547607,9_25_13_1C_Cycle.xlsx,5.479651887381949e-05
A123_094,25C,90,4.047112941741943,1.0,4.066734313964844,2.319883184773581,0.0,1,24.0,0.0,0.0,2.8855350017547607,8_1_13_1C_Cycle.xlsx,8.465132717496643e-05
A123_094,25C,150,4.033329010009766,1.0,4.067220687866211,2.319537632522129,0.0,1,24.0,0.0,0.0,2.8855350017547607,8_1_13_1C_Cycle.xlsx,9.001743535195494e-05
A123_094,25C,60,2.4798200130462646,0.0,2.3969552516937256,-2.4997969631455903,-0.0,1,24.0,0.0,0.0,2.8855350017547607,8_1_13_1C_Cycle.xlsx,0.0016097575505257503
A123_094,25C,90,4.040463924407959,1.0,4.067220687866211,2.33057784110554,0.0,1,24.0,0.0,0.0,2.8855350017547607,10_07_13_1C_Cycle.xlsx,0.007814599410348493
A123_094,25C,60,4.066896438598633,1.0,4.073220729827881,0.9028412699699402,0.0,1,24.0,0.0,1.0,3.553644180297852,7_8_13_1C_Cycle.xlsx,0.9978020245485476
A123_094,25C,120,2.5665764808654785,0.0,2.379279613494873,-2.499896056061491,-0.0,1,24.0,0.0,0.0,2.8855350017547607,1_23_14_1C_Cycle.xlsx,0.0
A123_094,25C,60,4.057491302490234,1.0,4.067869663238525,2.327739270106584,0.0,1,24.0,0.0,0.0,2.8855350017547607,12_4_13_1C_Cycle.xlsx,0.0026093451047657606
A123_094,25C,90,2.542900800704956,0.0,2.3987390995025635,-2.499865078500339,-0.0,1,24.0,0.0,0.0,2.8855350017547607,10_16_13_1C_Cycle.xlsx,0.0014673389806395712
A123_094,25C,120,4.039491176605225,1.0,4.066410064697266,2.320010803758152,0.0,1,24.0,0.0,0.0,2.8855350017547607,8_1_13_1C_Cycle.xlsx,0.0
A123_094,25C,120,2.573549509048462,0.0,2.3907930850982666,-2.49995312512478,-0.0,1,24.0,0.0,0.0,2.8855350017547607,2_4_14_1C_Cycle.xlsx,0.0
A123_094,25C,30,2.37830662727356,0.0,2.37830662727356,-2.4996929211659475,-0.0,1,24.0,0.0,0.0,2.8855350017547607,11_6_13_1C_Cycle.xlsx,0.00045326515199992686
A123_094,25C,120,4.045166969299316,1.0,4.069328784942627,2.3442523977640324,0.0,1,24.0,0.0,0.0,2.8855350017547607,11_18_13_1C_Cycle.xlsx,0.0
A123_094,25C,120,4.042409896850586,1.0,4.0680317878723145,2.325316968863293,0.0,1,24.0,0.0,0.0,2.8855350017547607,12_4_13_1C_Cycle.xlsx,0.0
A123_094,25C,30,4.067058563232422,1.0,4.067058563232422,2.314266877869765,0.0,1,24.0,0.0,0.0,2.8855350017547607,9_16_13_1C_Cycle.xlsx,0.0
A123_094,25C,30,2.469928026199341,0.0,2.469928026199341,-2.477654783995781,-0.0,1,24.0,0.0,0.0,2.8855350017547607,10_16_13_1C_Cycle.xlsx,0.0
A123_094,25C,150,4.035599231719971,1.0,4.067869663238525,2.3241982980925813,0.0,1,24.0,0.0,0.0,2.8855350017547607,1_23_14_1C_Cycle.xlsx,0.0
A123_094,25C,150,4.032842636108398,1.0,4.066734313964844,2.3133211604884414,0.0,1,24.0,0.0,0.0,2.8855350017547607,10_07_13_1C_Cycle.xlsx,0.0
A123_094,25C,60,2.4773874282836914,0.0,2.3907930850982666,-2.499901765325795,-0.0,1,24.0,0.0,0.0,2.8855350017547607,8_29_13_1C_Cycle.xlsx,0.0
A123_094,25C,90,2.549387216567993,0.0,2.422576904296875,-2.499674442772553,-0.0,1,24.0,0.0,0.0,2.8855350017547607,2_20_14_1C_Cycle.xlsx,0.0
A123_094,25C,60,4.057977676391602,1.0,4.067869663238525,2.324954058343576,0.0,1,24.0,0.0,0.0,2.8855350017547607,12_4_13_1C_Cycle.xlsx,0.0
A123_094,25C,120,4.041599273681641,1.0,4.067544937133789,2.319226768129228,0.0,1,24.0,0.0,0.0,2.8855350017547607,3_4_14_1C_Cycle.xlsx,9.564410146156131e-05
A123_094,25C,150,4.03251838684082,1.0,4.066247940063477,2.3115160887645296,0.0,1,24.0,0.0,0.0,2.8855350017547607,10_16_13_1C_Cycle.xlsx,0.0
A123_094,25C,150,4.035599231719971,1.0,4.067707061767578,2.32430022330875,0.0,1,24.0,0.0,0.0,2.8855350017547607,1_23_14_1C_Cycle.xlsx,0.0
A123_094,25C,90,4.049869537353516,1.0,4.0680317878723145,2.325294012487945,0.0,1,24.0,0.0,0.0,2.8855350017547607,12_4_13_1C_Cycle.xlsx,0.0
A123_094,25C,60,2.5088469982147217,0.0,2.42030668258667,-2.4996951885943144,-0.0,1,24.0,0.0,0.0,2.8855350017547607,2_4_14_1C_Cycle.xlsx,0.0026817622864812127
A123_094,25C,90,4.046139717102051,1.0,4.066085815429688,2.311640026217157,0.0,1,24.0,0.0,0.0,2.8855350017547607,10_16_13_1C_Cycle.xlsx,0.0
A123_094,25C,30,2.4760901927948,0.0,2.4760901927948,-2.4783262548964218,-0.0,1,24.0,0.0,0.0,2.8855350017547607,8_12_13_1C_Cycle.xlsx,5.953354922867187e-05
A123_094,25C,60,4.059436798095703,1.0,4.068680286407471,2.33957623540048,0.0,1,24.0,0.0,0.0,2.8855350017547607,2_20_14_1C_Cycle.xlsx,0.0
A123_094,25C,120,2.5561981201171875,0.0,2.399387836456299,-2.4995939571316503,-0.0,1,24.0,0.0,0.0,2.8855350017547607,7_19_13_1C_Cycle.xlsx,0.0
A123_094,25C,90,2.532036066055298,0.0,2.397928237915039,-2.499678542397239,-0.0,1,24.0,0.0,0.0,2.8855350017547607,12_13_13_1C_Cycle.xlsx,0.0010575083291893032
A123_094,25C,90,4.050680160522461,1.0,4.068356037139893,2.3403091452691864,0.0,1,24.0,0.0,0.0,2.8855350017547607,2_4_14_1C_Cycle.xlsx,0.000978287954296047
A123_094,25C,120,2.5733871459960938,0.0,2.39176607131958,-2.499807872504832,-0.0,1,24.0,0.0,0.0,2.8855350017547607,2_4_14_1C_Cycle.xlsx,0.0
A123_094,25C,150,4.038517951965332,1.0,4.069166660308838,2.3387822253270105,0.0,1,24.0,0.0,0.0,2.8855350017547607,3_4_14_1C_Cycle.xlsx,1.2420275523231762e-06
A123_094,25C,90,4.047112941741943,1.0,4.066572189331055,2.3131612116073974,0.0,1,24.0,0.0,0.0,2.8855350017547607,10_07_13_1C_Cycle.xlsx,0.00012164129102840954
A123_094,25C,120,2.525873899459839,0.0,2.364198684692383,-2.4996736675012308,-0.0,1,24.0,0.0,0.0,2.8855350017547607,7_5_13_1C_Cycle.xlsx,0.0
A123_094,25C,120,2.5519819259643555,0.0,2.400036334991455,-2.49964405318438,-0.0,1,24.0,0.0,0.0,2.8855350017547607,7_24_13_1C_Cycle.xlsx,0.0
A123_094,25C,30,4.068518161773682,1.0,4.068518161773682,2.3396475535343613,0.0,1,24.0,0.0,0.0,2.8855350017547607,2_20_14_1C_Cycle.xlsx,1.3709505374194577e-05
A123_094,25C,120,4.040463924407959,1.0,4.067869663238525,2.2813017326059626,0.0,1,24.0,0.0,0.0,2.8855350017547607,7_3_13_1C_Cycle.xlsx,0.025409324316191594
A123_094,25C,120,2.571765661239624,0.0,2.393063545227051,-2.4999142784938635,-0.0,1,24.0,0.0,0.0,2.8855350017547607,3_4_14_1C_Cycle.xlsx,0.0
A123_094,25C,120,4.039653301239014,1.0,4.066572189331055,2.3131849091561114,0.0,1,24.0,0.0,0.0,2.8855350017547607,10_07_13_1C_Cycle.xlsx,0.002049337777221614
A123_094,25C,30,2.3796041011810303,0.0,2.3796041011810303,-2.499726342303412,-0.0,1,24.0,0.0,0.0,2.8855350017547607,10_16_13_1C_Cycle.xlsx,7.405295529981878e-05
A123_094,25C,30,4.067220687866211,1.0,4.067220687866211,2.318754676965967,0.0,1,24.0,0.0,0.0,2.8855350017547607,8_1_13_1C_Cycle.xlsx,0.004988770293107615
A123_094,25C,60,2.4752793312072754,0.0,2.3776581287384038,-2.4999441378707186,-0.0,1,24.0,0.0,0.0,2.8855350017547607,1_23_14_1C_Cycle.xlsx,0.0
A123_094,25C,30,4.066734313964844,1.0,4.066734313964844,2.312950922573199,0.0,1,24.0,0.0,0.0,2.8855350017547607,10_07_13_1C_Cycle.xlsx,0.0003114312921679432
A123_094,25C,120,2.5620357990264893,0.0,2.377009391784668,-2.4997482450158746,-0.0,1,24.0,0.0,0.0,2.8855350017547607,11_6_13_1C_Cycle.xlsx,7.048478007930001e-05
A123_094,25C,150,4.036247730255127,1.0,4.067869663238525,2.338441765809481,0.0,1,24.0,0.0,0.0,2.8855350017547607,3_4_14_1C_Cycle.xlsx,0.001232466863687824
A123_094,25C,90,4.0453290939331055,1.0,4.069653034210205,2.343145764536328,0.0,1,24.0,0.0,0.0,2.8855350017547607,12_13_13_1C_Cycle.xlsx,0.0
A123_094,25C,60,2.539981842041016,0.0,2.4858198165893555,-2.476668566528975,-0.0,1,24.0,0.0,0.0,2.8855350017547607,2_4_14_1C_Cycle.xlsx,0.0
A123_094,25C,30,2.472522735595703,0.0,2.472522735595703,-2.477784337256458,-0.0,1,24.0,0.0,0.0,2.8855350017547607,10_16_13_1C_Cycle.xlsx,5.442395060204309e-05
A123_094,25C,90,4.0474371910095215,1.0,4.067058563232422,2.328194734491721,0.0,1,24.0,0.0,0.0,2.8855350017547607,11_6_13_1C_Cycle.xlsx,0.0001195552948609479
A123_094,25C,60,2.525873899459839,0.0,2.478198289871216,-2.478159605488301,-0.0,1,24.0,0.0,0.0,2.8855350017547607,8_29_13_1C_Cycle.xlsx,4.18870010101365e-05
A123_094,25C,30,2.380090475082397,0.0,2.380090475082397,-2.499869542839253,-0.0,1,24.0,0.0,0.0,2.8855350017547607,9_25_13_1C_Cycle.xlsx,1.824870944642312e-05
A123_094,25C,30,4.075977325439453,1.0,4.075977325439453,0.8951325739423434,0.0,1,24.0,0.0,1.0,3.553644180297852,8_29_13_1C_Cycle.xlsx,1.0
A123_094,25C,30,2.474792957305908,0.0,2.474792957305908,-2.477167418081867,-0.0,1,24.0,0.0,0.0,2.8855350017547607,12_13_13_1C_Cycle.xlsx,5.442395060204309e-05
A123_094,25C,60,2.4799821376800537,0.0,2.3920905590057373,-2.499737572251705,-0.0,1,24.0,0.0,0.0,2.8855350017547607,9_16_13_1C_Cycle.xlsx,0.00029546727886784645
A123_094,25C,60,4.055383205413818,1.0,4.066247940063477,2.313584728380208,0.0,1,24.0,0.0,0.0,2.8855350017547607,9_25_13_1C_Cycle.xlsx,0.0
A123_094,25C,120,2.5602521896362305,0.0,2.3841445446014404,-2.4997399992647424,-0.0,1,24.0,0.0,0.0,2.8855350017547607,10_07_13_1C_Cycle.xlsx,0.00021217806731847416
A123_094,25C,30,4.066572189331055,1.0,4.066572189331055,2.294917705384168,0.0,1,24.0,0.0,0.0,2.8855350017547607,7_5_13_1C_Cycle.xlsx,0.0
A123_094,25C,30,2.4733333587646484,0.0,2.3760364055633545,-2.4999258999430807,-0.0389199348682731,1,24.0,0.0,0.0,2.8855350017547607,12_13_13_1C_Cycle.xlsx,0.0007190533853840268
A123_094,25C,30,2.40376615524292,0.0,2.40376615524292,-2.499948058172921,-0.0,1,24.0,0.0,0.0,2.8855350017547607,2_4_14_1C_Cycle.xlsx,0.0001065784768064628
A123_094,25C,120,2.5711169242858887,0.0,2.3925769329071045,-2.499841652183889,-0.0,1,24.0,0.0,0.0,2.8855350017547607,3_4_14_1C_Cycle.xlsx,0.0
A123_094,25C,150,4.035274982452393,1.0,4.067869663238525,2.3209978699332146,0.0,1,24.0,0.0,0.0,2.8855350017547607,7_19_13_1C_Cycle.xlsx,0.0
A123_094,25C,60,4.057328701019287,1.0,4.067544937133789,2.3243635263707905,0.0,1,24.0,0.0,0.0,2.8855350017547607,1_23_14_1C_Cycle.xlsx,0.000714890467097315
A123_094,25C,30,4.067058563232422,1.0,4.067058563232422,2.307566058843635,0.0,1,24.0,0.0,0.0085787791809643,2.890114430281131,7_11_13_1C_Cycle.xlsx,0.006656785343490307
A123_094,25C,150,4.03251838684082,1.0,4.066410064697266,2.3132989151922407,0.0,1,24.0,0.0,0.0,2.8855350017547607,9_25_13_1C_Cycle.xlsx,0.0
A123_094,25C,90,4.051167011260986,1.0,4.069004535675049,2.338752110472374,0.0,1,24.0,0.0,0.0,2.8855350017547607,3_4_14_1C_Cycle.xlsx,0.0013404627819576197
A123_094,25C,30,2.472198247909546,0.0,2.472198247909546,-2.499755378280367,-0.0,1,24.0,0.0,0.0,2.8855350017547607,10_16_13_1C_Cycle.xlsx,6.231793016029955e-05
A123_094,25C,60,4.056193828582764,1.0,4.066572189331055,2.3201197965277567,0.0,1,24.0,0.0,0.0,2.8855350017547607,8_1_13_1C_Cycle.xlsx,3.958821448909119e-05
A123_094,25C,30,2.478684902191162,0.0,2.478684902191162,-2.499705822039873,-0.0,1,24.0,0.0,0.0,2.8855350017547607,8_1_13_1C_Cycle.xlsx,0.0
A123_094,25C,150,4.033166885375977,1.0,4.066572189331055,2.3131582537269004,0.0,1,24.0,0.0,0.0,2.8855350017547607,10_07_13_1C_Cycle.xlsx,0.0
A123_094,25C,120,4.041923522949219,1.0,4.067869663238525,2.3311840217010897,0.0,1,24.0,0.0,0.0,2.8855350017547607,9_16_13_1C_Cycle.xlsx,0.0
A123_094,25C,120,4.042572021484375,1.0,4.0680317878723145,2.326779713462882,0.0,1,24.0,0.0,0.0,2.8855350017547607,12_4_13_1C_Cycle.xlsx,0.0
A123_094,25C,120,4.044193744659424,1.0,4.069004535675049,2.344601478995913,0.0,1,24.0,0.0,0.0,2.8855350017547607,11_18_13_1C_Cycle.xlsx,0.0003158314873081914
A123_094,25C,60,2.474630832672119,0.0,2.3817121982574463,-2.4998823224970725,-0.0371692033574839,1,24.0,0.0,0.0,2.8855350017547607,10_07_13_1C_Cycle.xlsx,0.0006612840165327663
A123_094,25C,90,2.5297658443450928,0.0,2.3924148082733154,-2.499767773860209,-0.0,1,24.0,0.0,0.0,2.8855350017547607,11_18_13_1C_Cycle.xlsx,0.0003493296616437202
A123_094,25C,30,4.067058563232422,1.0,4.067058563232422,2.3195849438863143,0.0,1,24.0,0.0,0.0,2.8855350017547607,8_1_13_1C_Cycle.xlsx,0.0
A123_094,25C,60,4.05684232711792,1.0,4.067707061767578,2.3173111329674723,0.0,1,24.0,0.0,0.0,2.8855350017547607,8_12_13_1C_Cycle.xlsx,0.005082497686252385
A123_094,25C,30,4.066896438598633,1.0,4.066896438598633,2.3334533790868472,0.0,1,24.0,0.0,0.0,2.8855350017547607,8_29_13_1C_Cycle.xlsx,0.0015454433009793936
A123_094,25C,150,4.033166885375977,1.0,4.067058563232422,2.317283648073673,0.0,1,24.0,0.0,0.0,2.8855350017547607,8_12_13_1C_Cycle.xlsx,0.0
A123_094,25C,60,2.5214955806732178,0.0,2.472198247909546,-2.4997749081973373,-0.0,1,24.0,0.0,0.0,2.8855350017547607,8_12_13_1C_Cycle.xlsx,0.00014378312235567694
A123_094,25C,90,4.040463924407959,1.0,4.0673828125,2.321284148428175,0.0,1,24.0,0.0,0.0217086577939232,2.8971232761086787,7_17_13_1C_Cycle.xlsx,0.00025708901317448744
A123_094,25C,120,2.573549509048462,0.0,2.3907930850982666,-2.499915967477816,-0.0,1,24.0,0.0,0.0,2.8855350017547607,2_4_14_1C_Cycle.xlsx,0.0
A123_094,25C,60,4.056031703948975,1.0,4.066734313964844,2.3145238932191843,0.0,1,24.0,0.0,0.0,2.8855350017547607,8_19_13_1C_Cycle6.xlsx,0.00020180563905945298
A123_094,25C,60,2.4712252616882324,0.0,2.3739283084869385,-2.4999199637344907,-0.0,1,24.0,0.0,0.0,2.8855350017547607,10_16_13_1C_Cycle.xlsx,0.0
A123_094,25C,60,4.054896354675293,1.0,4.066085815429688,2.3171992688890426,0.0,1,24.0,0.0,0.0,2.8855350017547607,8_12_13_1C_Cycle.xlsx,0.0
A123_094,25C,90,4.047599315643311,1.0,4.066572189331055,2.321413890434348,0.0,1,24.0,0.0,0.0,2.8855350017547607,2_4_14_1C_Cycle.xlsx,0.00019012930741331275
A123_094,25C,120,4.042409896850586,1.0,4.0680317878723145,2.3270499804565885,0.0,1,24.0,0.0,0.0,2.8855350017547607,12_4_13_1C_Cycle.xlsx,0.0006826273832377352
A123_094,25C,150,4.033815383911133,1.0,4.0673828125,2.3172301446199417,0.0,1,24.0,0.0,0.0,2.8855350017547607,8_1_13_1C_Cycle.xlsx,0.00019943681208897933
A123_094,25C,30,2.391117572784424,0.0,2.391117572784424,-2.4991144990098886,-0.0,1,24.0,0.0,0.0,2.8855350017547607,8_12_13_1C_Cycle.xlsx,0.0
A123_094,25C,30,4.066734313964844,1.0,4.066734313964844,2.320539942099934,0.0,1,24.0,0.0,0.0,2.8855350017547607,8_1_13_1C_Cycle.xlsx,0.00011249420689869365
A123_094,25C,150,4.039491176605225,1.0,4.069166660308838,2.339980810556723,0.0,1,24.0,0.0,0.0,2.8855350017547607,2_4_14_1C_Cycle.xlsx,0.0
A123_094,25C,150,4.038355827331543,1.0,4.069004535675049,2.3446259765680564,0.0,1,24.0,0.0,0.0,2.8855350017547607,11_18_13_1C_Cycle.xlsx,5.048096863180271e-05
A123_094,25C,90,4.049707412719727,1.0,4.0680317878723145,2.320324951269495,0.0,1,24.0,0.0,0.0,2.8855350017547607,7_24_13_1C_Cycle.xlsx,0.0005698204879943586
A123_094,25C,90,4.039166927337647,1.0,4.066572189331055,2.316021990571772,0.0,1,24.0,0.0,0.0,2.8855350017547607,8_29_13_1C_Cycle.xlsx,0.006343052629786865
A123_094,25C,60,2.485171318054199,0.0,2.3903067111968994,-2.4999413022371098,-0.0,1,24.0,0.0,0.0,2.8855350017547607,2_4_14_1C_Cycle.xlsx,0.0
A123_094,25C,30,4.067058563232422,1.0,4.067058563232422,2.319358255060618,0.0,1,24.0,0.0,0.0,2.8855350017547607,3_4_14_1C_Cycle.xlsx,0.0
A123_094,25C,90,4.040950775146484,1.0,4.067707061767578,2.317006162405014,0.0,1,24.0,0.0,0.0,2.8855350017547607,8_12_13_1C_Cycle.xlsx,0.003152955275614716
A123_094,25C,120,4.036572456359863,1.0,4.065761566162109,2.279948638906156,0.0,1,24.0,0.0,0.0,2.8855350017547607,7_5_13_1C_Cycle.xlsx,0.0
A123_094,25C,120,4.039653301239014,1.0,4.066734313964844,2.312933157152328,0.0,1,24.0,0.0,0.0,2.8855350017547607,9_25_13_1C_Cycle.xlsx,0.008315451419882531
A123_094,25C,60,2.474144220352173,0.0,2.3774960041046143,-2.499848955443927,-0.0,1,24.0,0.0,0.0,2.8855350017547607,10_16_13_1C_Cycle.xlsx,0.0
A123_094,25C,120,2.5868465900421143,0.0,2.410252571105957,-2.499692461320332,-0.0,1,24.0,0.0,0.074450751271654,2.925277474079915,10_16_13_1C_Cycle.xlsx,0.06498300870811581
A123_094,25C,30,4.067058563232422,1.0,4.067058563232422,2.3067033030959063,0.0,1,24.0,0.0,0.0,2.8855350017547607,7_15_13_1C_Cycle.xlsx,0.006656785343490307
A123_094,25C,60,2.47754979133606,0.0,2.3903067111968994,-2.4997477593629256,-0.0,1,24.0,0.0,0.0,2.8855350017547607,8_29_13_1C_Cycle.xlsx,0.00030292676802813227
A123_094,25C,30,4.066734313964844,1.0,4.066734313964844,2.324431402178911,0.0,1,24.0,0.0,0.0,2.8855350017547607,1_23_14_1C_Cycle.xlsx,0.00025356227786727664
A123_094,25C,60,4.056193828582764,1.0,4.066896438598633,2.314612061269884,0.0,1,24.0,0.0,0.0,2.8855350017547607,8_29_13_1C_Cycle.xlsx,0.00012170772046829012
A123_094,25C,30,4.067707061767578,1.0,4.067707061767578,2.3401198013963405,0.0,1,24.0,0.0,0.0,2.8855350017547607,2_4_14_1C_Cycle.xlsx,0.0
A123_094,25C,30,2.39176607131958,0.0,2.39176607131958,-2.499718938861881,-0.0,1,24.0,0.0,0.0,2.8855350017547607,11_18_13_1C_Cycle.xlsx,0.00023144352492359974
A123_094,25C,30,4.067869663238525,1.0,4.067869663238525,2.320482850602762,0.0,1,24.0,0.0,0.0,2.8855350017547607,7_24_13_1C_Cycle.xlsx,0.0
A123_094,25C,120,4.038517951965332,1.0,4.066572189331055,2.316574203751741,0.0,1,24.0,0.0,0.0,2.8855350017547607,8_12_13_1C_Cycle.xlsx,0.0
A123_094,25C,60,2.476738929748535,0.0,2.3812255859375,-2.4997551266206512,-0.0,1,24.0,0.0,0.0,2.8855350017547607,1_23_14_1C_Cycle.xlsx,0.00014553619840435115
A123_094,25C,30,4.066572189331055,1.0,4.066572189331055,2.312998314983532,0.0,1,24.0,0.0,0.0,2.8855350017547607,9_25_13_1C_Cycle.xlsx,3.1848663695454136e-05
A123_094,25C,90,2.531873941421509,0.0,2.379279613494873,-2.499896056061491,-0.0,1,24.0,0.0,0.0,2.8855350017547607,1_23_14_1C_Cycle.xlsx,0.0
A123_094,25C,60,2.470738887786865,0.0,2.3732798099517822,-2.499911895820073,-0.0,1,24.0,0.0,0.0,2.8855350017547607,10_16_13_1C_Cycle.xlsx,0.0
A123_094,25C,60,2.5253872871398926,0.0,2.479657888412476,-2.4771932252964906,-0.0,1,24.0,0.0,0.0,2.8855350017547607,8_1_13_1C_Cycle.xlsx,4.18870010101365e-05
A123_094,25C,30,2.486468553543091,0.0,2.486468553543091,-2.476633426731159,-0.0,1,24.0,0.0,0.0,2.8855350017547607,2_4_14_1C_Cycle.xlsx,1.2332072031122901e-05
A123_094,25C,60,2.528144121170044,0.0,2.4798200130462646,-2.4779916421824093,-0.0,1,24.0,0.0,0.0,2.8855350017547607,9_16_13_1C_Cycle.xlsx,4.18870010101365e-05
A123_094,25C,30,4.068356037139893,1.0,4.068356037139893,2.3396633912466074,0.0,1,24.0,0.0,0.0,2.8855350017547607,2_20_14_1C_Cycle.xlsx,0.001194549252835428
A123_094,25C,120,2.555063009262085,0.0,2.393549919128418,-2.499680493058277,-0.0,1,24.0,0.0,0.0,2.8855350017547607,7_15_13_1C_Cycle.xlsx,0.000456335987588255
A123_094,25C,120,4.044193744659424,1.0,4.069004535675049,2.34442995652809,0.0,1,24.0,0.0,0.0,2.8855350017547607,11_18_13_1C_Cycle.xlsx,0.0003158314873081914
A123_094,25C,120,2.5704684257507324,0.0,2.395658016204834,-2.4996963995639407,-0.0,1,24.0,0.0,0.0,2.8855350017547607,3_4_14_1C_Cycle.xlsx,0.0
A123_094,25C,120,4.038680553436279,1.0,4.066247940063477,2.313531414773621,0.0,1,24.0,0.0,0.0,2.8855350017547607,9_25_13_1C_Cycle.xlsx,0.0
A123_094,25C,90,4.039491176605225,1.0,4.066572189331055,2.312869452795044,0.0,1,24.0,0.0,0.0,2.8855350017547607,10_07_13_1C_Cycle.xlsx,0.006312100462950767
A123_094,25C,90,2.4958739280700684,0.0,2.3578743934631348,-2.499614432209828,-0.0,1,24.0,0.0,0.0,2.8855350017547607,7_3_13_1C_Cycle.xlsx,0.0
A123_094,25C,30,4.067220687866211,1.0,4.067220687866211,2.315649023519889,0.0,1,24.0,0.0,0.0,2.8855350017547607,8_29_13_1C_Cycle.xlsx,0.005096666096812001
A123_094,25C,60,2.4791712760925293,0.0,2.3922526836395264,-2.4997803746608267,-0.0,1,24.0,0.0,0.0,2.8855350017547607,9_16_13_1C_Cycle.xlsx,0.000306782908063006
A123_094,25C,60,2.48063063621521,0.0,2.398252487182617,-2.4996668210550514,-0.0,1,24.0,0.0,0.0,2.8855350017547607,7_19_13_1C_Cycle.xlsx,0.0
A123_094,25C,120,4.039329051971436,1.0,4.066572189331055,2.316153154017464,0.0,1,24.0,0.0,0.0,2.8855350017547607,8_29_13_1C_Cycle.xlsx,0.0
A123_094,25C,90,4.046950817108154,1.0,4.067058563232422,2.3104283680556383,0.0,1,24.0,0.0,0.0,2.8855350017547607,7_8_13_1C_Cycle.xlsx,0.0
A123_094,25C,120,2.5542521476745605,0.0,2.3904688358306885,-2.499683004001091,-0.0,1,24.0,0.0,0.0,2.8855350017547607,8_12_13_1C_Cycle.xlsx,0.000456335987588255
A123_094,25C,150,4.033166885375977,1.0,4.0673828125,2.322013613276594,0.0,1,24.0,0.0,0.0,2.8855350017547607,7_19_13_1C_Cycle.xlsx,0.0002009788475902113
A123_094,25C,60,4.064950466156006,1.0,4.072085857391357,0.6999309714883566,-0.0004639401854811,1,24.0,0.0,1.0,3.553644180297852,7_1_13_1C_Cycle.xlsx,0.7883422603915705
A123_094,25C,60,2.5328469276428223,0.0,2.4876036643981934,-2.47810793239927,-0.0,1,24.0,0.0,0.0,2.8855350017547607,9_16_13_1C_Cycle.xlsx,0.0033203630221764298
A123_094,25C,150,4.03722095489502,1.0,4.0680317878723145,2.3450852960221846,0.0,1,24.0,0.0,0.0,2.8855350017547607,11_6_13_1C_Cycle.xlsx,0.0
A123_094,25C,90,2.557171106338501,0.0,2.472198247909546,-2.4997192083206854,-0.0,1,24.0,0.0,0.0,2.8855350017547607,9_25_13_1C_Cycle.xlsx,0.0030352053438819655
A123_094,25C,150,4.035437107086182,1.0,4.067707061767578,2.324281655634061,0.0,1,24.0,0.0,0.0,2.8855350017547607,1_23_14_1C_Cycle.xlsx,0.0
A123_094,25C,60,2.4738199710845947,0.0,2.3860905170440674,-2.49972349610822,-0.0,1,24.0,0.0,0.0,2.8855350017547607,8_12_13_1C_Cycle.xlsx,0.00014109665042123082
A123_094,25C,60,4.058626174926758,1.0,4.0680317878723145,2.339568261645342,0.0,1,24.0,0.0,0.0,2.8855350017547607,2_20_14_1C_Cycle.xlsx,0.0014478036656289032
A123_094,25C,30,4.067707061767578,1.0,4.067707061767578,2.324371248547338,0.0,1,24.0,0.0,0.0,2.8855350017547607,1_23_14_1C_Cycle.xlsx,0.00027393530892888237
A123_094,25C,120,2.5644683837890625,0.0,2.399874210357666,-2.499709172291799,-0.0,1,24.0,0.0,0.0,2.8855350017547607,11_18_13_1C_Cycle.xlsx,0.0005742900733080259
A123_094,25C,120,2.559279203414917,0.0,2.384793281555176,-2.499843943435534,-0.0,1,24.0,0.0,0.0,2.8855350017547607,10_07_13_1C_Cycle.xlsx,0.0
A123_094,25C,30,2.455820083618164,0.0,2.455820083618164,-2.479493230636675,-0.0,1,24.0,0.0,0.0,2.8855350017547607,7_3_13_1C_Cycle.xlsx,0.0
A123_094,25C,30,2.4858198165893555,0.0,2.4858198165893555,-2.4767087268140773,-0.0,1,24.0,0.0,0.0,2.8855350017547607,3_4_14_1C_Cycle.xlsx,1.2332072031122901e-05
A123_094,25C,150,4.038517951965332,1.0,4.069004535675049,2.344462144930484,0.0,1,24.0,0.0,0.0,2.8855350017547607,11_18_13_1C_Cycle.xlsx,5.048096863180271e-05
A123_094,25C,30,2.504955053329468,0.0,2.504955053329468,-2.499693021596035,-0.0,1,24.0,0.0,0.0,2.8855350017547607,2_20_14_1C_Cycle.xlsx,0.0
A123_094,25C,60,2.549225091934204,0.0,2.504468441009521,-2.476504581809018,-0.0,1,24.0,0.0,0.0,2.8855350017547607,2_20_14_1C_Cycle.xlsx,0.0019420385549725708
A123_094,25C,30,4.066896438598633,1.0,4.066896438598633,2.321659005530502,0.0,1,24.0,0.0,0.0,2.8855350017547607,2_4_14_1C_Cycle.xlsx,2.382138519223282e-05
A123_094,25C,120,2.5651168823242188,0.0,2.3737661838531494,-2.499916765906594,-0.0,1,24.0,0.0,0.0,2.8855350017547607,12_13_13_1C_Cycle.xlsx,0.0
A123_094,25C,60,2.4734957218170166,0.0,2.3778202533721924,-2.4997311158613726,-0.0,1,24.0,0.0,0.0,2.8855350017547607,12_13_13_1C_Cycle.xlsx,0.00021449092635896714
A123_094,25C,60,2.4709010124206543,0.0,2.3736040592193604,-2.499931256685938,-0.0,1,24.0,0.0,0.0,2.8855350017547607,10_16_13_1C_Cycle.xlsx,0.0
A123_094,25C,90,2.549225091934204,0.0,2.421603918075561,-2.4997065334676583,-0.0,1,24.0,0.0,0.0,2.8855350017547607,2_20_14_1C_Cycle.xlsx,0.0
A123_094,25C,60,4.0557074546813965,1.0,4.066247940063477,2.311365315798393,0.0,1,24.0,0.0,0.0,2.8855350017547607,10_16_13_1C_Cycle.xlsx,0.0
A123_094,25C,90,4.048734188079834,1.0,4.067544937133789,2.3244592360196967,0.0,1,24.0,0.0,0.0,2.8855350017547607,1_23_14_1C_Cycle.xlsx,0.00015660383301553668
A123_094,25C,30,4.066896438598633,1.0,4.066896438598633,2.3173009828329088,0.0,1,24.0,0.0,0.0,2.8855350017547607,8_12_13_1C_Cycle.xlsx,0.0
A123_094,25C,60,4.05830192565918,1.0,4.067869663238525,2.3395603786042907,0.0,1,24.0,0.0,0.0,2.8855350017547607,3_4_14_1C_Cycle.xlsx,0.0
A123_094,25C,30,4.066896438598633,1.0,4.066896438598633,2.315513450051508,0.0,1,24.0,0.0,0.0,2.8855350017547607,8_29_13_1C_Cycle.xlsx,0.0
A123_094,25C,150,4.033004760742188,1.0,4.066896438598633,2.312884281648964,0.0,1,24.0,0.0,0.0,2.8855350017547607,9_25_13_1C_Cycle.xlsx,0.0
A123_094,25C,30,2.389657974243164,0.0,2.389657974243164,-2.499782424789291,-0.0,1,24.0,0.0,0.0,2.8855350017547607,11_18_13_1C_Cycle.xlsx,0.0003968375019466586
A123_094,25C,120,4.039166927337647,1.0,4.066410064697266,2.311405605459509,0.0,1,24.0,0.0,0.0,2.8855350017547607,10_16_13_1C_Cycle.xlsx,0.0
A123_094,25C,120,4.041599273681641,1.0,4.067869663238525,2.321350694054693,0.0,1,24.0,0.0,0.0,2.8855350017547607,7_17_13_1C_Cycle.xlsx,0.0
A123_094,25C,60,4.056518077850342,1.0,4.067058563232422,2.327793899328769,0.0,1,24.0,0.0,0.0,2.8855350017547607,11_6_13_1C_Cycle.xlsx,0.0001176560438475105
A123_094,25C,90,2.5276577472686768,0.0,2.3781445026397705,-2.499910282237189,-0.0,1,24.0,0.0,0.0,2.8855350017547607,10_16_13_1C_Cycle.xlsx,0.0
A123_094,25C,90,2.553279161453247,0.0,2.47446870803833,-2.4783679471643736,-0.0,1,24.0,0.0,0.0,2.8855350017547607,8_12_13_1C_Cycle.xlsx,0.002648469915737118
A123_094,25C,120,2.559117078781128,0.0,2.381549835205078,-2.499915914197939,-0.0,1,24.0,0.0,0.0,2.8855350017547607,10_07_13_1C_Cycle.xlsx,0.0
A123_094,25C,60,4.056193828582764,1.0,4.066734313964844,2.3308271557585267,0.0,1,24.0,0.0,0.0,2.8855350017547607,10_07_13_1C_Cycle.xlsx,9.630966918381372e-05
A123_094,25C,150,4.029274940490723,1.0,4.065761566162109,2.2800410211758506,0.0,1,24.0,0.0,0.0,2.8855350017547607,7_5_13_1C_Cycle.xlsx,0.0
A123_094,25C,30,2.414144515991211,0.0,2.414144515991211,-2.478614702411857,-0.0,1,24.0,0.0,0.0545551006601083,2.9146569990636837,8_1_13_1C_Cycle.xlsx,0.002729588623120753
A123_094,25C,120,4.044355869293213,1.0,4.069004535675049,2.3447301118176878,0.0,1,24.0,0.0,0.0,2.8855350017547607,11_18_13_1C_Cycle.xlsx,0.0003158314873081914
A123_094,25C,120,4.039653301239014,1.0,4.066572189331055,2.327657221119945,0.0,1,24.0,0.0,0.0,2.8855350017547607,11_6_13_1C_Cycle.xlsx,0.0020965871560036423
A123_094,25C,150,4.036409854888916,1.0,4.0680317878723145,2.326779713462882,0.0,1,24.0,0.0,0.0,2.8855350017547607,12_4_13_1C_Cycle.xlsx,0.0
A123_094,25C,30,2.381387710571289,0.0,2.381387710571289,-2.499892122095281,-0.0,1,24.0,0.0,0.0,2.8855350017547607,12_4_13_1C_Cycle.xlsx,4.160405182424322e-05
A123_094,25C,30,2.4773874282836914,0.0,2.4773874282836914,-2.499901765325795,-0.0,1,24.0,0.0,0.0,2.8855350017547607,8_29_13_1C_Cycle.xlsx,0.0
A123_094,25C,90,2.5292792320251465,0.0,2.3967931270599365,-2.499732816428469,-0.0,1,24.0,0.0,0.0,2.8855350017547607,9_16_13_1C_Cycle.xlsx,0.0018744213780264554
A123_094,25C,90,4.054572105407715,1.0,4.071112632751465,2.362196680635978,0.0,1,24.0,0.0,0.0,2.8855350017547607,12_4_13_1C_Cycle.xlsx,0.0
A123_094,25C,120,4.042085647583008,1.0,4.067869663238525,2.325241931098497,0.0,1,24.0,0.0,0.0,2.8855350017547607,12_4_13_1C_Cycle.xlsx,0.0
A123_094,25C,60,2.4770631790161133,0.0,2.386739015579224,-2.499767187422356,-0.0,1,24.0,0.0,0.0,2.8855350017547607,9_25_13_1C_Cycle.xlsx,0.00030649062744428997
A123_094,25C,30,4.066734313964844,1.0,4.066734313964844,2.3155615339956936,0.0,1,24.0,0.0,0.0,2.8855350017547607,8_29_13_1C_Cycle.xlsx,0.0004979578794651399
A123_094,25C,30,4.067544937133789,1.0,4.067544937133789,2.3245827879151726,0.0,1,24.0,0.0,0.0,2.8855350017547607,12_13_13_1C_Cycle.xlsx,0.00027393530892888237
A123_094,25C,60,2.4794955253601074,0.0,2.39176607131958,-2.499718938861881,-0.0,1,24.0,0.0,0.0,2.8855350017547607,11_18_13_1C_Cycle.xlsx,6.468243330632894e-05
A123_094,25C,60,2.4819281101226807,0.0,2.395171642303467,-2.499737572251705,-0.0,1,24.0,0.0,0.0,2.8855350017547607,9_16_13_1C_Cycle.xlsx,0.0003721737766014644
A123_094,25C,60,2.4819281101226807,0.0,2.398090362548828,-2.499701746371614,-0.0,1,24.0,0.0,0.0,2.8855350017547607,7_17_13_1C_Cycle.xlsx,0.000858843912251435
A123_094,25C,30,4.067058563232422,1.0,4.067058563232422,2.327686118728974,0.0,1,24.0,0.0,0.0,2.8855350017547607,11_6_13_1C_Cycle.xlsx,0.0018093940013092515
A123_094,25C,120,2.555549383163452,0.0,2.3812255859375,-2.4997336159581725,-0.0,1,24.0,0.0,0.0,2.8855350017547607,8_29_13_1C_Cycle.xlsx,0.00041399741536442746
A123_094,25C,60,2.527819871902466,0.0,2.4794955253601074,-2.478184532561813,-0.0,1,24.0,0.0,0.0,2.8855350017547607,8_29_13_1C_Cycle.xlsx,4.18870010101365e-05
A123_094,25C,90,4.047275066375732,1.0,4.066896438598633,2.331121349445552,0.0,1,24.0,0.0,0.0,2.8855350017547607,10_07_13_1C_Cycle.xlsx,0.00040426978031985264
A123_094,25C,120,4.041112899780273,1.0,4.0673828125,2.324564272840308,0.0,1,24.0,0.0,0.0,2.8855350017547607,1_23_14_1C_Cycle.xlsx,0.0
A123_094,25C,60,4.055383205413818,1.0,4.066247940063477,2.317053597059942,0.0,1,24.0,0.0,0.0,2.8855350017547607,8_29_13_1C_Cycle.xlsx,0.0
A123_094,25C,30,4.066410064697266,1.0,4.066410064697266,2.2526725782288444,0.0,1,24.0,0.0,0.0,2.8855350017547607,7_3_13_1C_Cycle.xlsx,0.10004245150121246
A123_094,25C,60,4.057328701019287,1.0,4.067707061767578,2.31884360366634,0.0,1,24.0,0.0,0.0,2.8855350017547607,8_1_13_1C_Cycle.xlsx,0.0006674471584644907
A123_094,25C,30,4.067058563232422,1.0,4.067058563232422,2.320254577412492,0.0,1,24.0,0.0,0.0,2.8855350017547607,8_1_13_1C_Cycle.xlsx,0.0
A123_094,25C,30,4.067220687866211,1.0,4.067220687866211,2.32755251491771,0.0,1,24.0,0.0,0.0,2.8855350017547607,11_6_13_1C_Cycle.xlsx,0.0023726926495997447
A123_094,25C,30,2.393549919128418,0.0,2.393549919128418,-2.499834526766528,-0.0,1,24.0,0.0,0.0,2.8855350017547607,11_18_13_1C_Cycle.xlsx,0.000269039651622683
A123_094,25C,120,2.5690088272094727,0.0,2.4008471965789795,-2.499698088547894,-0.0,1,24.0,0.0,0.0,2.8855350017547607,3_4_14_1C_Cycle.xlsx,0.0007095827751334331
A123_094,25C,120,4.039815425872803,1.0,4.066734313964844,2.3129997742591333,0.0,1,24.0,0.0,0.0,2.8855350017547607,10_07_13_1C_Cycle.xlsx,0.0
A123_094,25C,60,4.055220603942871,1.0,4.066247940063477,2.313531414773621,0.0,1,24.0,0.0,0.0,2.8855350017547607,9_25_13_1C_Cycle.xlsx,0.0
A123_094,25C,30,4.065761566162109,1.0,4.065761566162109,2.2799214675350297,0.0,1,24.0,0.0,0.0,2.8855350017547607,7_5_13_1C_Cycle.xlsx,0.0
A123_094,25C,30,2.478522539138794,0.0,2.478522539138794,-2.478601010373457,-0.0,1,24.0,0.0,0.0,2.8855350017547607,7_24_13_1C_Cycle.xlsx,6.967711238430292e-05
A123_094,25C,90,2.5273332595825195,0.0,2.385441780090332,-2.499874336529622,-0.0,1,24.0,0.0,0.0,2.8855350017547607,10_07_13_1C_Cycle.xlsx,0.0
A123_094,25C,150,4.032356262207031,1.0,4.066410064697266,2.311457866725843,0.0,1,24.0,0.0,0.0,2.8855350017547607,10_16_13_1C_Cycle.xlsx,0.0
A123_094,25C,90,4.050518035888672,1.0,4.068193912506104,2.339292532976782,0.0,1,24.0,0.0,0.0,2.8855350017547607,3_4_14_1C_Cycle.xlsx,0.0
A123_094,25C,150,4.034626483917236,1.0,4.0673828125,2.3244314087379694,0.0,1,24.0,0.0,0.0,2.8855350017547607,12_13_13_1C_Cycle.xlsx,0.0
A123_094,25C,90,4.052139759063721,1.0,4.069653034210205,2.343040755352913,0.0,1,24.0,0.0,0.0,2.8855350017547607,12_13_13_1C_Cycle.xlsx,0.0
A123_094,25C,90,4.0495452880859375,1.0,4.0680317878723145,2.326342447715647,0.0,1,24.0,0.0,0.0,2.8855350017547607,11_18_13_1C_Cycle.xlsx,0.0
A123_094,25C,120,2.5609006881713867,0.0,2.393063545227051,-2.4998117352391147,-0.0,1,24.0,0.0,0.0,2.8855350017547607,11_18_13_1C_Cycle.xlsx,0.0
A123_094,25C,60,2.522306203842163,0.0,2.473982095718384,-2.4783818488015243,-0.0,1,24.0,0.0,0.0,2.8855350017547607,8_12_13_1C_Cycle.xlsx,4.785977466715612e-05
A123_094,25C,120,2.5732250213623047,0.0,2.395658016204834,-2.499807872504832,-0.0,1,24.0,0.0,0.0,2.8855350017547607,2_4_14_1C_Cycle.xlsx,4.893143524170989e-05
A123_094,25C,150,4.038355827331543,1.0,4.069166660308838,2.343485481846027,0.0,1,24.0,0.0,0.0,2.8855350017547607,12_13_13_1C_Cycle.xlsx,0.0
A123_094,25C,60,4.058788299560547,1.0,4.068680286407471,2.344665788429773,0.0,1,24.0,0.0,0.0,2.8855350017547607,11_18_13_1C_Cycle.xlsx,0.0
A123_094,25C,30,4.065761566162109,1.0,4.065761566162109,2.3138483091578133,0.0,1,24.0,0.0,0.0,2.8855350017547607,9_25_13_1C_Cycle.xlsx,0.0
A123_094,25C,30,2.472684860229492,0.0,2.472684860229492,-2.477812805779793,-0.0,1,24.0,0.0,0.0,2.8855350017547607,9_25_13_1C_Cycle.xlsx,5.442395060204309e-05
A123_094,25C,150,4.032842636108398,1.0,4.066572189331055,2.314732508991308,0.0,1,24.0,0.0,0.0,2.8855350017547607,9_16_13_1C_Cycle.xlsx,0.0
A123_094,25C,90,2.530414342880249,0.0,2.37976622581482,-2.499777542578208,-0.0,1,24.0,0.0,0.0,2.8855350017547607,12_4_13_1C_Cycle.xlsx,0.0001653302320509215
A123_094,25C,30,4.065923690795898,1.0,4.065923690795898,2.3139208818434693,0.0,1,24.0,0.0,0.0,2.8855350017547607,9_25_13_1C_Cycle.xlsx,0.0
A123_094,25C,30,2.3817121982574463,0.0,2.3817121982574463,-2.499856264219372,-0.0,1,24.0,0.0,0.0,2.8855350017547607,1_23_14_1C_Cycle.xlsx,1.824870944642312e-05
A123_094,25C,120,4.040463924407959,1.0,4.0673828125,2.306725719293883,0.0,1,24.0,0.0,0.0,2.8855350017547607,7_11_13_1C_Cycle.xlsx,0.003615598775502589
A123_094,25C,120,4.039329051971436,1.0,4.066410064697266,2.3118969241449654,0.0,1,24.0,0.0,0.0,2.8855350017547607,10_16_13_1C_Cycle.xlsx,0.0
A123_094,25C,30,4.066410064697266,1.0,4.066410064697266,2.311311531658015,0.0,1,24.0,0.0,0.0,2.8855350017547607,10_16_13_1C_Cycle.xlsx,0.0
A123_094,25C,120,4.039653301239014,1.0,4.066896438598633,2.313147894488495,0.0,1,24.0,0.0,0.0,2.8855350017547607,10_07_13_1C_Cycle.xlsx,0.0016744221757015267
A123_094,25C,90,4.05084228515625,1.0,4.06884241104126,2.343459189001821,0.0,1,24.0,0.0,0.0,2.8855350017547607,12_4_13_1C_Cycle.xlsx,0.013279242395826752
A123_094,25C,120,2.5620357990264893,0.0,2.37668514251709,-2.4997824398246973,-0.0,1,24.0,0.0,0.0,2.8855350017547607,11_6_13_1C_Cycle.xlsx,7.404863949545775e-05
A123_094,25C,60,2.4978199005126958,0.0,2.452576875686645,-2.479177703101905,-0.0,1,24.0,0.0,0.0,2.8855350017547607,7_8_13_1C_Cycle.xlsx,9.231784415948747e-05
A123_094,25C,30,4.0673828125,1.0,4.0673828125,2.322015011345777,0.0,1,24.0,0.0,0.0,2.8855350017547607,7_17_13_1C_Cycle.xlsx,0.0005205773721659582
A123_094,25C,60,4.057491302490234,1.0,4.067544937133789,2.325961582867776,0.0,1,24.0,0.0,0.0,2.8855350017547607,12_13_13_1C_Cycle.xlsx,0.000714890467097315
A123_094,25C,90,4.039329051971436,1.0,4.066410064697266,2.3111248899959334,0.0,1,24.0,0.0,0.0,2.8855350017547607,10_16_13_1C_Cycle.xlsx,0.006172580826866286
A123_094,25C,30,2.383333683013916,0.0,2.383333683013916,-2.499893765016036,-0.0,1,24.0,0.0,0.0,2.8855350017547607,12_4_13_1C_Cycle.xlsx,4.160405182424322e-05
A123_094,25C,90,4.048247814178467,1.0,4.067707061767578,2.3171839477419853,0.0,1,24.0,0.0,0.030822834951636,2.90198850483062,8_12_13_1C_Cycle.xlsx,0.0048264907434987445
A123_094,25C,30,2.4759280681610107,0.0,2.4759280681610107,-2.477354650086774,-0.0,1,24.0,0.0,0.0,2.8855350017547607,12_4_13_1C_Cycle.xlsx,5.442395060204309e-05
A123_094,25C,60,2.474792957305908,0.0,2.381549835205078,-2.4997559922986325,-0.0,1,24.0,0.0,0.0,2.8855350017547607,10_07_13_1C_Cycle.xlsx,0.00014553619840435115
A123_094,25C,60,2.524090051651001,0.0,2.4029552936553955,-2.4995874004848933,-0.0307509628892985,1,24.0,0.0,0.0,2.8855350017547607,7_24_13_1C_Cycle.xlsx,0.0
A123_094,25C,120,4.040139675140381,1.0,4.0673828125,2.322015011345777,0.0,1,24.0,0.0,0.0,2.8855350017547607,7_17_13_1C_Cycle.xlsx,0.0002422277918212173
A123_094,25C,90,2.5249009132385254,0.0,2.394036293029785,-2.4997141484556527,-0.0,1,24.0,0.0,0.0,2.8855350017547607,8_12_13_1C_Cycle.xlsx,0.0002600831248250177
A123_094,25C,60,2.4668469429016118,0.0,2.3732798099517822,-2.4997686764289595,-0.0,1,24.0,0.0,0.0,2.8855350017547607,8_12_13_1C_Cycle.xlsx,0.00017607499882941528
A123_094,25C,90,2.518090009689331,0.0,2.389333724975586,-2.499683205286662,-0.0,1,24.0,0.0,0.0,2.8855350017547607,7_11_13_1C_Cycle.xlsx,0.0007650123759640814
A123_094,25C,30,4.066734313964844,1.0,4.066734313964844,2.3131301125786345,0.0,1,24.0,0.0,0.0,2.8855350017547607,10_07_13_1C_Cycle.xlsx,0.0004893767635671416
A123_094,25C,90,2.538198232650757,0.0,2.40230655670166,-2.499704844483705,-0.0,1,24.0,0.0,0.0,2.8855350017547607,3_4_14_1C_Cycle.xlsx,0.0019906333285037146
A123_094,25C,30,4.066247940063477,1.0,4.066247940063477,2.311628089586565,0.0,1,24.0,0.0,0.0,2.8855350017547607,10_16_13_1C_Cycle.xlsx,0.0
A123_094,25C,30,4.067058563232422,1.0,4.067058563232422,2.3176638137698173,0.0,1,24.0,0.0,0.0,2.8855350017547607,8_12_13_1C_Cycle.xlsx,0.0
A123_094,25C,60,4.056518077850342,1.0,4.066896438598633,2.319478827099952,0.0,1,24.0,0.0,0.0,2.8855350017547607,8_1_13_1C_Cycle.xlsx,2.9162889734985594e-05
A123_094,25C,60,2.5377116203308105,0.0,2.4833874702453613,-2.4767037067784394,-0.0,1,24.0,0.0,0.0,2.8855350017547607,3_4_14_1C_Cycle.xlsx,0.0
A123_094,25C,60,2.4799821376800537,0.0,2.393387794494629,-2.499741730389294,-0.0,1,24.0,0.0,0.0,2.8855350017547607,11_18_13_1C_Cycle.xlsx,0.0003721737766014644
A123_094,25C,150,4.03122091293335,1.0,4.065761566162109,2.314033436421,0.0,1,24.0,0.0,0.0,2.8855350017547607,9_25_13_1C_Cycle.xlsx,0.003971781592228418
A123_094,25C,30,2.393063545227051,0.0,2.393063545227051,-2.4996950137309537,-0.0,1,24.0,0.0,0.0,2.8855350017547607,8_12_13_1C_Cycle.xlsx,0.00025098455904344516
A123_094,25C,150,4.033977508544922,1.0,4.067220687866211,2.327617794776163,0.0,1,24.0,0.0,0.0,2.8855350017547607,11_6_13_1C_Cycle.xlsx,7.49279039037612e-05
A123_094,25C,150,4.03251838684082,1.0,4.066247940063477,2.311284657721677,0.0,1,24.0,0.0,0.0,2.8855350017547607,10_16_13_1C_Cycle.xlsx,0.0
A123_094,25C,60,2.4760901927948,0.0,2.3880364894866943,-2.499768188725347,-0.0,1,24.0,0.0,0.0,2.8855350017547607,8_29_13_1C_Cycle.xlsx,0.00030649062744428997
A123_094,25C,60,2.53025221824646,0.0,2.4772253036499023,-2.4771625337228684,-0.0,1,24.0,0.0,0.0,2.8855350017547607,12_13_13_1C_Cycle.xlsx,4.18870010101365e-05
A123_094,25C,60,2.472198247909546,0.0,2.3760364055633545,-2.499668514406359,-0.0,1,24.0,0.0,0.0,2.8855350017547607,11_6_13_1C_Cycle.xlsx,0.0
A123_094,25C,30,4.066572189331055,1.0,4.066572189331055,2.3131345398113377,0.0,1,24.0,0.0,0.0,2.8855350017547607,9_25_13_1C_Cycle.xlsx,4.922825332347347e-05
A123_094,25C,60,4.057004451751709,1.0,4.067544937133789,2.3196365532893983,0.0,1,24.0,0.0,0.0,2.8855350017547607,7_24_13_1C_Cycle.xlsx,0.0006423552268791673
A123_094,25C,60,2.5294413566589355,0.0,2.47317123413086,-2.499719615416093,-0.0,1,24.0,0.0,0.0,2.8855350017547607,12_13_13_1C_Cycle.xlsx,0.0
A123_094,25C,120,2.553279161453247,0.0,2.386739015579224,-2.4998637108967223,-0.0,1,24.0,0.0,0.0,2.8855350017547607,8_12_13_1C_Cycle.xlsx,0.0
A123_094,25C,30,4.0680317878723145,1.0,4.0680317878723145,2.345141954846301,0.0,1,24.0,0.0,0.0,2.8855350017547607,11_6_13_1C_Cycle.xlsx,0.0008224126234569341
A123_094,25C,120,2.5621981620788574,0.0,2.399712085723877,-2.4996933286840264,-0.0,1,24.0,0.0,0.0,2.8855350017547607,12_4_13_1C_Cycle.xlsx,0.0008865228793021387
A123_094,25C,60,4.057491302490234,1.0,4.067707061767578,2.3259891426285444,0.0,1,24.0,0.0,0.0,2.8855350017547607,12_13_13_1C_Cycle.xlsx,0.000714890467097315
A123_094,25C,150,4.038517951965332,1.0,4.069166660308838,2.344500427023839,0.0,1,24.0,0.0,0.0,2.8855350017547607,11_18_13_1C_Cycle.xlsx,0.0
A123_094,25C,150,4.036247730255127,1.0,4.0680317878723145,2.324921920832436,0.0,1,24.0,0.0,0.0,2.8855350017547607,12_4_13_1C_Cycle.xlsx,0.0
A123_094,25C,90,2.526522397994995,0.0,2.3820364475250244,-2.4998759400528088,-0.0,1,24.0,0.0,0.0,2.8855350017547607,9_25_13_1C_Cycle.xlsx,0.0
A123_094,25C,120,4.04176139831543,1.0,4.067544937133789,2.3219040912130606,0.0,1,24.0,0.0,0.0,2.8855350017547607,2_4_14_1C_Cycle.xlsx,0.00015769903323396272
A123_094,25C,30,4.066896438598633,1.0,4.066896438598633,2.315541158039724,0.0,1,24.0,0.0,0.0,2.8855350017547607,8_29_13_1C_Cycle.xlsx,0.0
A123_094,25C,120,2.574198007583618,0.0,2.412684917449951,-2.499695914762992,-0.0,1,24.0,0.0,0.0,2.8855350017547607,2_4_14_1C_Cycle.xlsx,0.0
A123_094,25C,120,4.042085647583008,1.0,4.0680317878723145,2.339815534520568,0.0,1,24.0,0.0,0.0,2.8855350017547607,3_4_14_1C_Cycle.xlsx,0.0
A123_094,25C,150,4.033653259277344,1.0,4.067220687866211,2.319286686619596,0.0,1,24.0,0.0,0.0,2.8855350017547607,8_1_13_1C_Cycle.xlsx,7.107828641484384e-05
A123_094,25C,30,2.482414484024048,0.0,2.482414484024048,-2.4765534925211448,-0.0,1,24.0,0.0,0.0,2.8855350017547607,3_4_14_1C_Cycle.xlsx,0.0
A123_094,25C,90,2.5273332595825195,0.0,2.381387710571289,-2.4998247581245625,-0.0,1,24.0,0.0,0.0,2.8855350017547607,10_07_13_1C_Cycle.xlsx,0.0
A123_094,25C,60,4.057004451751709,1.0,4.0673828125,2.3349766064915927,0.0,1,24.0,0.0,0.0,2.8855350017547607,8_12_13_1C_Cycle.xlsx,0.003042856530296375
A123_094,25C,150,4.031707286834717,1.0,4.066247940063477,2.313584728380208,0.0,1,24.0,0.0,0.0,2.8855350017547607,9_25_13_1C_Cycle.xlsx,0.0
A123_094,25C,60,4.056031703948975,1.0,4.066734313964844,2.31303681830158,0.0,1,24.0,0.0,0.0,2.8855350017547607,9_25_13_1C_Cycle.xlsx,0.00019322452316145486
A123_094,25C,150,4.033491134643555,1.0,4.066734313964844,2.331001882772308,0.0,1,24.0,0.0,0.0,2.8855350017547607,9_25_13_1C_Cycle.xlsx,0.0
A123_094,25C,90,2.5250630378723145,0.0,2.3817121982574463,-2.4997208076240742,-0.0,1,24.0,0.0,0.0,2.8855350017547607,9_25_13_1C_Cycle.xlsx,8.448076715402437e-05
A123_094,25C,120,2.557657480239868,0.0,2.3838202953338623,-2.4997201342331734,-0.0,1,24.0,0.0,0.0,2.8855350017547607,9_16_13_1C_Cycle.xlsx,1.604229456610643e-05
A123_094,25C,150,4.034464359283447,1.0,4.067707061767578,2.3171839477419853,0.0,1,24.0,0.0,0.030822834951636,2.90198850483062,8_12_13_1C_Cycle.xlsx,0.0019258640158842156
A123_094,25C,30,2.3967931270599365,0.0,2.3967931270599365,-2.4999311638769703,-0.0,1,24.0,0.0,0.0,2.8855350017547607,2_4_14_1C_Cycle.xlsx,0.0003769358282947855
A123_094,25C,120,4.039329051971436,1.0,4.066896438598633,2.3200896897368013,0.0,1,24.0,0.0,0.0,2.8855350017547607,8_1_13_1C_Cycle.xlsx,0.0
A123_094,25C,120,4.039491176605225,1.0,4.066572189331055,2.314667873872005,0.0,1,24.0,0.0,0.0,2.8855350017547607,9_16_13_1C_Cycle.xlsx,0.0
A123_094,25C,60,2.4773874282836914,0.0,2.3820364475250244,-2.499735230699592,-0.0,1,24.0,0.0,0.0,2.8855350017547607,1_23_14_1C_Cycle.xlsx,0.00021449092635896714
A123_094,25C,60,4.059436798095703,1.0,4.069004535675049,2.343544162491448,0.0,1,24.0,0.0,0.0,2.8855350017547607,12_13_13_1C_Cycle.xlsx,0.0009520301165262337
A123_094,25C,30,2.4773874282836914,0.0,2.4773874282836914,-2.477911092793332,-0.0,1,24.0,0.0,0.0,2.8855350017547607,10_07_13_1C_Cycle.xlsx,5.442395060204309e-05
A123_094,25C,60,2.4752793312072754,0.0,2.3799283504486084,-2.499716329574585,-0.0,1,24.0,0.0,0.0,2.8855350017547607,12_13_13_1C_Cycle.xlsx,0.0001588199380915442
A123_094,25C,120,4.044193744659424,1.0,4.06884241104126,2.3390865164498487,0.0,1,24.0,0.0,0.0,2.8855350017547607,3_4_14_1C_Cycle.xlsx,0.0
A123_094,25C,60,2.471873998641968,0.0,2.374901294708252,-2.4998312898584314,-0.0,1,24.0,0.0,0.0,2.8855350017547607,11_6_13_1C_Cycle.xlsx,0.0
A123_094,25C,60,4.05684232711792,1.0,4.067220687866211,2.327631460455786,0.0,1,24.0,0.0,0.0,2.8855350017547607,11_6_13_1C_Cycle.xlsx,0.0006527415581698358
A123_094,25C,150,4.042085647583008,1.0,4.0701398849487305,2.341937664308046,0.0,1,24.0,0.0,0.0,2.8855350017547607,2_4_14_1C_Cycle.xlsx,0.0014584667485233224
A123_094,25C,120,2.5754952430725098,0.0,2.3927390575408936,-2.4997319147127484,-0.0,1,24.0,0.0,0.0,2.8855350017547607,1_23_14_1C_Cycle.xlsx,0.0013253869048555234
A123_094,25C,30,2.482414484024048,0.0,2.482414484024048,-2.477142994530155,-0.0,1,24.0,0.0,0.0,2.8855350017547607,12_13_13_1C_Cycle.xlsx,3.873380880485437e-05
A123_094,25C,30,2.474630832672119,0.0,2.474630832672119,-2.478184532561813,-0.0,1,24.0,0.0,0.0,2.8855350017547607,8_29_13_1C_Cycle.xlsx,5.442395060204309e-05
A123_094,25C,30,4.068193912506104,1.0,4.068193912506104,2.339539780297823,0.0,1,24.0,0.0,0.0,2.8855350017547607,2_20_14_1C_Cycle.xlsx,0.0
A123_094,25C,120,4.041112899780273,1.0,4.067544937133789,2.324445311776084,0.0,1,24.0,0.0,0.0,2.8855350017547607,12_13_13_1C_Cycle.xlsx,0.0
A123_094,25C,30,4.06884241104126,1.0,4.06884241104126,2.338752104263557,0.0,1,24.0,0.0,0.0,2.8855350017547607,3_4_14_1C_Cycle.xlsx,0.0
A123_094,25C,30,2.4770631790161133,0.0,2.4770631790161133,-2.499906479794046,-0.0,1,24.0,0.0,0.0,2.8855350017547607,8_29_13_1C_Cycle.xlsx,0.0
A123_094,25C,30,4.066734313964844,1.0,4.066734313964844,2.311344426956551,0.0,1,24.0,0.0,0.0,2.8855350017547607,10_16_13_1C_Cycle.xlsx,0.00037987738277174673
A123_094,25C,90,2.526522397994995,0.0,2.3859283924102783,-2.4998593351115352,-0.0,1,24.0,0.0,0.0,2.8855350017547607,8_29_13_1C_Cycle.xlsx,0.0
A123_094,25C,30,4.0673828125,1.0,4.0673828125,2.3176247905492784,0.0,1,24.0,0.0,0.0,2.8855350017547607,8_12_13_1C_Cycle.xlsx,0.002280313139046725
A123_094,25C,150,4.034626483917236,1.0,4.067544937133789,2.324568876216554,0.0,1,24.0,0.0,0.0,2.8855350017547607,1_23_14_1C_Cycle.xlsx,0.0
A123_094,25C,30,4.06884241104126,1.0,4.06884241104126,2.3416664089108337,0.0,1,24.0,0.0,0.0,2.8855350017547607,1_23_14_1C_Cycle.xlsx,0.0003899451995366272
A123_094,25C,60,2.4780361652374268,0.0,2.387387752532959,-2.4997775490219527,-0.0362625917413868,1,24.0,0.0,0.0,2.8855350017547607,11_18_13_1C_Cycle.xlsx,0.0005575057190246388
A123_094,25C,120,4.041437149047852,1.0,4.067544937133789,2.3244592360196967,0.0,1,24.0,0.0,0.0,2.8855350017547607,1_23_14_1C_Cycle.xlsx,0.0
A123_094,25C,30,2.4801442623138428,0.0,2.4801442623138428,-2.478679996636352,-0.0,1,24.0,0.0,0.0,2.8855350017547607,7_24_13_1C_Cycle.xlsx,0.0
A123_094,25C,90,4.050680160522461,1.0,4.06884241104126,2.3390865164498487,0.0,1,24.0,0.0,0.0,2.8855350017547607,3_4_14_1C_Cycle.xlsx,1.2695795187239822e-05
A123_094,25C,120,4.041923522949219,1.0,4.067869663238525,2.324947928725663,0.0,1,24.0,0.0,0.0,2.8855350017547607,12_4_13_1C_Cycle.xlsx,0.0
A123_094,25C,60,2.4770631790161133,0.0,2.381549835205078,-2.499726940732484,-0.0,1,24.0,0.0,0.0,2.8855350017547607,1_23_14_1C_Cycle.xlsx,0.0
A123_094,25C,120,2.5607385635375977,0.0,2.384955406188965,-2.4997463964782987,-0.0,1,24.0,0.0,0.0,2.8855350017547607,10_07_13_1C_Cycle.xlsx,7.048478007930001e-05
A123_094,25C,60,2.5252251625061035,0.0,2.480306386947632,-2.4788227192069474,-0.0,1,24.0,0.0,0.0,2.8855350017547607,7_24_13_1C_Cycle.xlsx,1.5736752073211887e-05
A123_094,25C,60,4.059436798095703,1.0,4.069004535675049,2.344397806388847,0.0,1,24.0,0.0,0.0,2.8855350017547607,11_18_13_1C_Cycle.xlsx,0.0009520301165262337
A123_094,25C,90,2.540954828262329,0.0,2.3948471546173096,-2.4997909826653024,-0.0,1,24.0,0.0,0.0,2.8855350017547607,2_4_14_1C_Cycle.xlsx,0.00029171187268589826
A123_094,25C,150,4.035923480987549,1.0,4.0680317878723145,2.3275570764887235,0.0,1,24.0,0.0,0.0,2.8855350017547607,12_4_13_1C_Cycle.xlsx,0.0023219695896834324
A123_094,25C,30,2.4791712760925293,0.0,2.4791712760925293,-2.478431880945671,-0.0,1,24.0,0.0,0.0,2.8855350017547607,8_1_13_1C_Cycle.xlsx,4.4706582461874e-05
A123_094,25C,30,4.066896438598633,1.0,4.066896438598633,2.331331913505704,0.0,1,24.0,0.0,0.0,2.8855350017547607,10_07_13_1C_Cycle.xlsx,0.0013398792157588572
A123_094,25C,120,2.5649547576904297,0.0,2.377171516418457,-2.4998428344726564,-0.0,1,24.0,0.0,0.0,2.8855350017547607,12_13_13_1C_Cycle.xlsx,0.0
A123_094,25C,30,4.066572189331055,1.0,4.066572189331055,2.3080492455136867,0.0,1,24.0,0.0,0.0,2.8855350017547607,7_11_13_1C_Cycle.xlsx,0.001517639234661923
A123_094,25C,150,4.032680511474609,1.0,4.066572189331055,2.3129138799964406,0.0,1,24.0,0.0,0.0,2.8855350017547607,10_07_13_1C_Cycle.xlsx,0.0
A123_094,25C,30,2.389495849609375,0.0,2.389495849609375,-2.4996622650563216,-0.0,1,24.0,0.0,0.0,2.8855350017547607,7_15_13_1C_Cycle.xlsx,0.0
A123_094,25C,150,4.032356262207031,1.0,4.066247940063477,2.311478773486023,0.0,1,24.0,0.0,0.0,2.8855350017547607,10_16_13_1C_Cycle.xlsx,0.0
A123_094,25C,90,2.527819871902466,0.0,2.3737661838531494,-2.4997661500363737,-0.0,1,24.0,0.0,0.0,2.8855350017547607,11_6_13_1C_Cycle.xlsx,0.0001769724292017853
A123_094,25C,150,4.035923480987549,1.0,4.067869663238525,2.324961701187037,0.0,1,24.0,0.0,0.0,2.8855350017547607,12_4_13_1C_Cycle.xlsx,0.0
A123_094,25C,30,2.4801442623138428,0.0,2.4801442623138428,-2.499731231154057,-0.0,1,24.0,0.0,0.0,2.8855350017547607,9_16_13_1C_Cycle.xlsx,0.000542942463019805
A123_094,25C,120,4.039491176605225,1.0,4.066896438598633,2.3130723618459506,0.0,1,24.0,0.0,0.0,2.8855350017547607,9_25_13_1C_Cycle.xlsx,0.0
A123_094,25C,60,4.055383205413818,1.0,4.066247940063477,2.313415903231648,0.0,1,24.0,0.0,0.0,2.8855350017547607,9_25_13_1C_Cycle.xlsx,0.0
A123_094,25C,60,2.4770631790161133,0.0,2.387387752532959,-2.4997423280749405,-0.0,1,24.0,0.0,0.0,2.8855350017547607,9_16_13_1C_Cycle.xlsx,0.00037188149598274827
A123_094,25C,90,2.535765647888184,0.0,2.387549877166748,-2.4998181906613435,-0.0,1,24.0,0.0,0.0,2.8855350017547607,12_4_13_1C_Cycle.xlsx,0.0
A123_094,25C,60,2.5500359535217285,0.0,2.505441427230835,-2.476502905804577,-0.0,1,24.0,0.0,0.0,2.8855350017547607,2_20_14_1C_Cycle.xlsx,0.035344033833947575
A123_094,25C,120,4.043383121490479,1.0,4.068193912506104,2.344066096804081,0.0,1,24.0,0.0,0.0,2.8855350017547607,12_13_13_1C_Cycle.xlsx,0.0
A123_094,25C,30,4.069004535675049,1.0,4.069004535675049,2.343386646073598,0.0,1,24.0,0.0,0.0,2.8855350017547607,12_13_13_1C_Cycle.xlsx,0.01745164337226088
A123_094,25C,30,2.376198530197144,0.0,2.376198530197144,-2.4997763569865907,-0.0,1,24.0,0.0,0.0,2.8855350017547607,10_16_13_1C_Cycle.xlsx,0.00023944693232287747
A123_094,25C,90,2.538198232650757,0.0,2.3925769329071045,-2.499841652183889,-0.0,1,24.0,0.0,0.0,2.8855350017547607,3_4_14_1C_Cycle.xlsx,0.0
A123_094,25C,60,4.058626174926758,1.0,4.068193912506104,2.33950966165254,0.0,1,24.0,0.0,0.0,2.8855350017547607,3_4_14_1C_Cycle.xlsx,0.0014003956727847366
A123_094,25C,60,4.056355953216553,1.0,4.066896438598633,2.315541158039724,0.0,1,24.0,0.0,0.0,2.8855350017547607,8_29_13_1C_Cycle.xlsx,0.00010488161133255137
A123_094,25C,60,2.528630495071411,0.0,2.47900915145874,-2.4781658372566797,-0.0,1,24.0,0.0,0.0,2.8855350017547607,8_29_13_1C_Cycle.xlsx,4.18870010101365e-05
A123_094,25C,60,4.059274673461914,1.0,4.068680286407471,2.344748472005634,0.0,1,24.0,0.0,0.0,2.8855350017547607,11_18_13_1C_Cycle.xlsx,0.0
A123_094,25C,60,4.058788299560547,1.0,4.068356037139893,2.3390769753931906,0.0,1,24.0,0.0,0.0,2.8855350017547607,3_4_14_1C_Cycle.xlsx,0.007638719514112749
A123_094,25C,30,4.066734313964844,1.0,4.066734313964844,2.3278576315951947,0.0,1,24.0,0.0,0.0,2.8855350017547607,11_6_13_1C_Cycle.xlsx,0.001257293197397483
A123_094,25C,60,2.538522481918335,0.0,2.488738775253296,-2.47653804650569,-0.0,1,24.0,0.0,0.0,2.8855350017547607,3_4_14_1C_Cycle.xlsx,0.0002097986773700843
A123_094,25C,30,2.4780361652374268,0.0,2.4780361652374268,-2.47862378034952,-0.0,1,24.0,0.0,0.0,2.8855350017547607,7_24_13_1C_Cycle.xlsx,0.0
A123_094,25C,30,2.393549919128418,0.0,2.393549919128418,-2.499793828070701,-0.0,1,24.0,0.0,0.0,2.8855350017547607,11_18_13_1C_Cycle.xlsx,0.00047605373169092556
A123_094,25C,90,4.0477614402771,1.0,4.067220687866211,2.315669425372635,0.0,1,24.0,0.0,0.0,2.8855350017547607,8_29_13_1C_Cycle.xlsx,0.0005692293204431899
A123_094,25C,90,2.523765802383423,0.0,2.393874168395996,-2.499089675071912,-0.0,1,24.0,0.0,0.0,2.8855350017547607,8_12_13_1C_Cycle.xlsx,0.0
A123_094,25C,120,4.040463924407959,1.0,4.0673828125,2.3173183589577677,0.0,1,24.0,0.0,0.0,2.8855350017547607,8_12_13_1C_Cycle.xlsx,0.000333990108124294
A123_094,25C,60,2.4958739280700684,0.0,2.445279598236084,-2.4793014986406465,-0.0,1,24.0,0.0,0.0,2.8855350017547607,7_3_13_1C_Cycle.xlsx,0.002980066481138021
A123_094,25C,30,4.066572189331055,1.0,4.066572189331055,2.3161939542980923,0.0,1,24.0,0.0,0.0,2.8855350017547607,8_29_13_1C_Cycle.xlsx,0.00041212662868779086
A123_094,25C,120,4.039977550506592,1.0,4.066734313964844,2.3113429473697646,0.0,1,24.0,0.0,0.0,2.8855350017547607,10_16_13_1C_Cycle.xlsx,0.006294788382624776
A123_094,25C,30,4.06884241104126,1.0,4.06884241104126,2.3394209192902373,0.0,1,24.0,0.0,0.0,2.8855350017547607,2_20_14_1C_Cycle.xlsx,0.0
A123_094,25C,60,4.0557074546813965,1.0,4.066247940063477,2.311628089586565,0.0,1,24.0,0.0,0.0,2.8855350017547607,10_16_13_1C_Cycle.xlsx,0.0
A123_094,25C,90,2.530090093612671,0.0,2.395820140838623,-2.499736841734465,-0.0,1,24.0,0.0,0.0,2.8855350017547607,11_18_13_1C_Cycle.xlsx,0.0004768720136031432
A123_094,25C,90,4.042734146118164,1.0,4.068193912506104,2.326930031242992,0.0,1,24.0,0.0,0.0,2.8855350017547607,12_4_13_1C_Cycle.xlsx,0.000947541558964453
A123_094,25C,30,4.070464134216309,1.0,4.070464134216309,2.343274013975919,0.0,1,24.0,0.0,0.0,2.8855350017547607,12_4_13_1C_Cycle.xlsx,0.0023850662894993164
A123_094,25C,120,2.565765619277954,0.0,2.3799283504486084,-2.499738546686435,-0.0,1,24.0,0.0,0.0,2.8855350017547607,1_23_14_1C_Cycle.xlsx,0.00022138939226989815
A123_094,25C,90,2.525873899459839,0.0,2.3841445446014404,-2.499774033563179,-0.0,1,24.0,0.0,0.0,2.8855350017547607,9_16_13_1C_Cycle.xlsx,0.00015307418794696914
A123_094,25C,90,2.5294413566589355,0.0,2.401982307434082,-2.499698717053197,-0.0,1,24.0,0.0,0.0,2.8855350017547607,7_17_13_1C_Cycle.xlsx,0.00219285304416249
A123_094,25C,30,2.385117530822754,0.0,2.385117530822754,-2.499746865239637,-0.0,1,24.0,0.0,0.0,2.8855350017547607,8_12_13_1C_Cycle.xlsx,0.00023588307290671974
A123_094,25C,30,2.4734957218170166,0.0,2.4734957218170166,-2.477439104507669,-0.0,1,24.0,0.0,0.0,2.8855350017547607,11_6_13_1C_Cycle.xlsx,5.442395060204309e-05
A123_094,25C,90,4.042734146118164,1.0,4.0680317878723145,2.3425978117718778,0.0,1,24.0,0.0,0.0,2.8855350017547607,1_23_14_1C_Cycle.xlsx,0.012604266703327588
A123_094,25C,30,4.068680286407471,1.0,4.068680286407471,2.341943656511862,0.0,1,24.0,0.0,0.0,2.8855350017547607,1_23_14_1C_Cycle.xlsx,0.00143968821809644
A123_094,25C,90,4.0495452880859375,1.0,4.0680317878723145,2.339785423783357,0.0,1,24.0,0.0,0.0,2.8855350017547607,3_4_14_1C_Cycle.xlsx,0.0
A123_094,25C,60,4.056355953216553,1.0,4.067058563232422,2.3193598106385225,0.0,1,24.0,0.0,0.0,2.8855350017547607,8_1_13_1C_Cycle.xlsx,0.0
A123_094,25C,60,4.05959939956665,1.0,4.069328784942627,2.3444437810803875,0.0,1,24.0,0.0,0.0,2.8855350017547607,11_18_13_1C_Cycle.xlsx,0.0
A123_094,25C,90,4.048896312713623,1.0,4.067544937133789,2.325961582867776,0.0,1,24.0,0.0,0.0,2.8855350017547607,12_13_13_1C_Cycle.xlsx,9.85393704700373e-05
A123_094,25C,30,4.066572189331055,1.0,4.066572189331055,2.314897015811951,0.0,1,24.0,0.0,0.0,2.8855350017547607,9_16_13_1C_Cycle.xlsx,5.780936922147162e-05
A123_094,25C,150,4.031545162200928,1.0,4.066734313964844,2.307823756579743,0.0,1,24.0,0.0,0.0,2.8855350017547607,7_15_13_1C_Cycle.xlsx,0.0005883405000977828
A123_094,25C,30,4.065436840057373,1.0,4.065436840057373,2.2814442440867424,0.0,1,24.0,0.0,0.0,2.8855350017547607,7_3_13_1C_Cycle.xlsx,0.0
A123_094,25C,120,2.539657592773437,0.0,2.3656580448150635,-2.499713663195,-0.0,1,24.0,0.0,0.0,2.8855350017547607,7_5_13_1C_Cycle.xlsx,0.0
A123_094,25C,90,4.047275066375732,1.0,4.0673828125,2.322144489823364,0.0,1,24.0,0.0,0.0,2.8855350017547607,7_19_13_1C_Cycle.xlsx,0.000559835611492053
A123_094,25C,90,2.532360315322876,0.0,2.399549961090088,-2.49968476553221,-0.0,1,24.0,0.0,0.0,2.8855350017547607,11_6_13_1C_Cycle.xlsx,0.001245331027095176
A123_094,25C,90,4.047112941741943,1.0,4.066896438598633,2.31748889452219,0.0,1,24.0,0.0,0.0,2.8855350017547607,8_12_13_1C_Cycle.xlsx,0.0003081529654460664
A123_094,25C,30,4.067544937133789,1.0,4.067544937133789,2.339910575695205,0.0,1,24.0,0.0,0.0,2.8855350017547607,2_4_14_1C_Cycle.xlsx,0.0
A123_094,25C,30,4.070626258850098,1.0,4.070626258850098,2.322025652648064,0.0,1,24.0,0.0,0.0,2.8855350017547607,2_20_14_1C_Cycle.xlsx,0.008987086854161736
A123_094,25C,120,4.041275024414063,1.0,4.067707061767578,2.316939670324325,0.0,1,24.0,0.0,0.0,2.8855350017547607,8_12_13_1C_Cycle.xlsx,0.0036669476292020124
A123_094,25C,120,2.5665764808654785,0.0,2.381387710571289,-2.499776680535133,-0.0382087506275114,1,24.0,0.0,0.0,2.8855350017547607,1_23_14_1C_Cycle.xlsx,0.011186549819805968
A123_094,25C,120,4.043869495391846,1.0,4.06884241104126,2.344103816644115,0.0,1,24.0,0.0,0.0,2.8855350017547607,11_6_13_1C_Cycle.xlsx,0.0
A123_094,25C,90,4.047112941741943,1.0,4.067058563232422,2.3176869381666183,0.0,1,24.0,0.0,0.0,2.8855350017547607,8_12_13_1C_Cycle.xlsx,0.0
A123_094,25C,120,4.04030179977417,1.0,4.066734313964844,2.3211845121305923,0.0,1,24.0,0.0,0.0,2.8855350017547607,2_4_14_1C_Cycle.xlsx,0.0
A123_094,25C,90,2.539008855819702,0.0,2.389333724975586,-2.499906598397021,-0.0379472604769028,1,24.0,0.0,0.0,2.8855350017547607,3_4_14_1C_Cycle.xlsx,0.0
A123_094,25C,60,4.057328701019287,1.0,4.067544937133789,2.3244592360196967,0.0,1,24.0,0.0,0.0,2.8855350017547607,1_23_14_1C_Cycle.xlsx,0.000714890467097315
A123_094,25C,30,4.069004535675049,1.0,4.069004535675049,2.3447009798581315,0.0,1,24.0,0.0,0.0,2.8855350017547607,11_18_13_1C_Cycle.xlsx,0.0011944376251010519
A123_094,25C,120,4.0558695793151855,1.0,4.072896480560303,0.7073385454714298,0.0,1,24.0,0.0,1.0,3.553644180297852,7_15_13_1C_Cycle.xlsx,0.984893084389979
A123_094,25C,150,4.031545162200928,1.0,4.066896438598633,2.2970921245396587,0.0,1,24.0,0.0,0.0,2.8855350017547607,7_3_13_1C_Cycle.xlsx,0.0004296893174027462
A123_094,25C,120,4.04030179977417,1.0,4.066734313964844,2.3213683292917584,0.0,1,24.0,0.0,0.0,2.8855350017547607,2_4_14_1C_Cycle.xlsx,0.00010417034799320069
A123_094,25C,120,2.557171106338501,0.0,2.3796041011810303,-2.4997639888155776,-0.0,1,24.0,0.0,0.0,2.8855350017547607,9_25_13_1C_Cycle.xlsx,7.404863949545775e-05
A123_094,25C,90,4.051004409790039,1.0,4.069004535675049,2.3443595250531777,0.0,1,24.0,0.0,0.0,2.8855350017547607,11_18_13_1C_Cycle.xlsx,0.000500810287514485
A123_094,25C,90,4.048409938812256,1.0,4.067544937133789,2.3196365532893983,0.0,1,24.0,0.0,0.0,2.8855350017547607,7_24_13_1C_Cycle.xlsx,0.0004056897777084289
A123_094,25C,120,2.587819576263428,0.0,2.3964688777923584,-2.499801761453802,-0.0,1,24.0,0.0,0.0838225330841476,2.9302802144547084,11_6_13_1C_Cycle.xlsx,0.053522761221346235
A123_094,25C,60,2.526198148727417,0.0,2.478198289871216,-2.478164279314585,-0.0,1,24.0,0.0,0.0,2.8855350017547607,8_29_13_1C_Cycle.xlsx,4.18870010101365e-05
A123_094,25C,30,4.068518161773682,1.0,4.068518161773682,2.3394922333066925,0.0,1,24.0,0.0,0.0,2.8855350017547607,2_20_14_1C_Cycle.xlsx,1.3709505374194577e-05
A123_094,25C,30,4.068680286407471,1.0,4.068680286407471,2.3435240793559284,0.0,1,24.0,0.0,0.0,2.8855350017547607,12_4_13_1C_Cycle.xlsx,0.001294652979856957
A123_094,25C,30,2.382847309112549,0.0,2.382847309112549,-2.4996999003670437,-0.0,1,24.0,0.0,0.0,2.8855350017547607,12_13_13_1C_Cycle.xlsx,5.194950257119194e-05
A123_094,25C,60,2.5224685668945312,0.0,2.47446870803833,-2.4783679471643736,-0.0,1,24.0,0.0,0.0,2.8855350017547607,8_12_13_1C_Cycle.xlsx,4.785977466715612e-05
A123_094,25C,30,2.472846984863281,0.0,2.472846984863281,-2.499928266351873,-0.0,1,24.0,0.0,0.0,2.8855350017547607,12_13_13_1C_Cycle.xlsx,0.0
A123_094,25C,60,4.057491302490234,1.0,4.067869663238525,2.3242816901487164,0.0,1,24.0,0.0,0.0,2.8855350017547607,1_23_14_1C_Cycle.xlsx,0.00010130485260528904
A123_094,25C,90,4.052626132965088,1.0,4.069977760314941,2.3436567898902854,0.0,1,24.0,0.0,0.0,2.8855350017547607,11_18_13_1C_Cycle.xlsx,0.0
A123_094,25C,90,4.045166969299316,1.0,4.068680286407471,2.3392434133249416,0.0,1,24.0,0.0,0.0,2.8855350017547607,2_20_14_1C_Cycle.xlsx,0.0
A123_094,25C,60,2.521657705307007,0.0,2.4668469429016118,-2.499805570703692,-0.0,1,24.0,0.0,0.0,2.8855350017547607,9_25_13_1C_Cycle.xlsx,0.000299770925994104
A123_094,25C,90,2.5294413566589355,0.0,2.377171516418457,-2.4998428344726564,-0.0,1,24.0,0.0,0.0,2.8855350017547607,12_13_13_1C_Cycle.xlsx,0.0
A123_094,25C,30,2.37830662727356,0.0,2.37830662727356,-2.4997130459005183,-0.0,1,24.0,0.0,0.0,2.8855350017547607,12_13_13_1C_Cycle.xlsx,6.157162102684418e-05
A123_094,25C,60,2.472198247909546,0.0,2.3776581287384038,-2.4998215552979866,-0.0,1,24.0,0.0,0.0,2.8855350017547607,10_07_13_1C_Cycle.xlsx,0.0
A123_094,25C,60,2.4503064155578613,0.0,2.362576961517334,-2.4996795927891964,-0.0,1,24.0,0.0,0.0,2.8855350017547607,7_3_13_1C_Cycle.xlsx,0.00017246178686814966
A123_094,25C,60,2.48809027671814,0.0,2.395658016204834,-2.499807872504832,-0.0,1,24.0,0.0,0.0,2.8855350017547607,2_4_14_1C_Cycle.xlsx,0.0001514159892858195
A123_094,25C,60,2.471063137054444,0.0,2.373117446899414,-2.499748249311705,-0.0,1,24.0,0.0,0.0,2.8855350017547607,11_6_13_1C_Cycle.xlsx,0.00017251113941325752
A123_094,25C,30,4.0673828125,1.0,4.0673828125,2.320003659124412,0.0,1,24.0,0.0,0.0,2.8855350017547607,8_1_13_1C_Cycle.xlsx,0.00021053440808167624
A123_094,25C,30,2.390630960464477,0.0,2.390630960464477,-2.4997854751089346,-0.0,1,24.0,0.0,0.0,2.8855350017547607,8_29_13_1C_Cycle.xlsx,0.0003968375019466586
A123_094,25C,30,4.067058563232422,1.0,4.067058563232422,2.3144122901243893,0.0,1,24.0,0.0,0.0,2.8855350017547607,9_16_13_1C_Cycle.xlsx,0.0
A123_094,25C,60,4.056193828582764,1.0,4.066410064697266,2.313356699452537,0.0,1,24.0,0.0,0.0,2.8855350017547607,10_07_13_1C_Cycle.xlsx,0.0
A123_094,25C,30,2.4734957218170166,0.0,2.4734957218170166,-2.477463299735973,-0.0,1,24.0,0.0,0.0,2.8855350017547607,11_18_13_1C_Cycle.xlsx,5.442395060204309e-05
A123_094,25C,30,4.067058563232422,1.0,4.067058563232422,2.315857383092084,0.0,1,24.0,0.0,0.0,2.8855350017547607,8_29_13_1C_Cycle.xlsx,0.0
A123_094,25C,120,4.040463924407959,1.0,4.067707061767578,2.3173111329674723,0.0,1,24.0,0.0,0.0,2.8855350017547607,8_12_13_1C_Cycle.xlsx,0.003282503390533895
A123_094,25C,90,4.051329135894775,1.0,4.069166660308838,2.3387822253270105,0.0,1,24.0,0.0,0.0,2.8855350017547607,3_4_14_1C_Cycle.xlsx,0.000640924502962222
A123_094,25C,120,2.5605764389038086,0.0,2.397117376327514,-2.499853049153867,-0.0,1,24.0,0.0,0.0,2.8855350017547607,8_29_13_1C_Cycle.xlsx,8.538754688704226e-05
A123_094,25C,90,4.045815467834473,1.0,4.066410064697266,2.2526725782288444,0.0,1,24.0,0.0,0.0,2.8855350017547607,7_3_13_1C_Cycle.xlsx,0.09443053869338466
A123_094,25C,60,4.05976152420044,1.0,4.069328784942627,2.3369782828977184,0.0,1,24.0,0.0,0.0,2.8855350017547607,7_24_13_1C_Cycle.xlsx,0.0
A123_094,25C,150,4.03576135635376,1.0,4.067869663238525,2.3241442479511614,0.0,1,24.0,0.0,0.0,2.8855350017547607,1_23_14_1C_Cycle.xlsx,0.0
A123_094,25C,60,4.05684232711792,1.0,4.0673828125,2.3174296391010283,0.0,1,24.0,0.0,0.0,2.8855350017547607,8_12_13_1C_Cycle.xlsx,0.002508075638064639
A123_094,25C,30,4.066410064697266,1.0,4.066410064697266,2.3112891351511657,0.0,1,24.0,0.0,0.0,2.8855350017547607,10_16_13_1C_Cycle.xlsx,0.0
A123_094,25C,60,2.525873899459839,0.0,2.4749550819396973,-2.477844511268031,-0.0,1,24.0,0.0,0.0,2.8855350017547607,9_25_13_1C_Cycle.xlsx,4.18870010101365e-05
A123_094,25C,120,2.561549425125122,0.0,2.377333641052246,-2.499919165362109,-0.0,1,24.0,0.0,0.0,2.8855350017547607,11_6_13_1C_Cycle.xlsx,0.0
A123_094,25C,60,4.057328701019287,1.0,4.067544937133789,2.3244592687513075,0.0,1,24.0,0.0,0.0,2.8855350017547607,1_23_14_1C_Cycle.xlsx,0.000714890467097315
A123_094,25C,120,2.5711169242858887,0.0,2.411063432693481,-2.49971432156033,-0.0,1,24.0,0.0,0.0,2.8855350017547607,2_4_14_1C_Cycle.xlsx,1.1851291866779393e-05
A123_094,25C,120,4.039815425872803,1.0,4.066734313964844,2.3278576315951947,0.0,1,24.0,0.0,0.0,2.8855350017547607,11_6_13_1C_Cycle.xlsx,0.0
A123_094,25C,60,2.5273332595825195,0.0,2.474792957305908,-2.4779253602630398,-0.0,1,24.0,0.0,0.0,2.8855350017547607,10_07_13_1C_Cycle.xlsx,4.18870010101365e-05
A123_094,25C,30,4.067869663238525,1.0,4.067869663238525,2.324226097100311,0.0,1,24.0,0.0,0.0,2.8855350017547607,1_23_14_1C_Cycle.xlsx,0.0
A123_094,25C,90,2.5330090522766118,0.0,2.383657932281494,-2.499879478314601,-0.0,1,24.0,0.0,0.0,2.8855350017547607,1_23_14_1C_Cycle.xlsx,0.0
A123_094,25C,30,2.3799283504486084,0.0,2.3799283504486084,-2.499788943711702,-0.0,1,24.0,0.0,0.0,2.8855350017547607,11_6_13_1C_Cycle.xlsx,0.00023944693232287747
A123_094,25C,120,2.5518198013305664,0.0,2.399874210357666,-2.4996425216480835,-0.0,1,24.0,0.0,0.0,2.8855350017547607,7_24_13_1C_Cycle.xlsx,0.0
A123_094,25C,30,2.4730091094970703,0.0,2.37522554397583,-2.4999109780022857,-0.0391148190402285,1,24.0,0.0,0.0,2.8855350017547607,12_13_13_1C_Cycle.xlsx,0.0007190533853840268
A123_094,25C,90,2.548900842666626,0.0,2.4217660427093506,-2.4997656479060093,-0.032824636914964,1,24.0,0.0,0.0,2.8855350017547607,2_20_14_1C_Cycle.xlsx,0.0
A123_094,25C,90,4.048572063446045,1.0,4.067544937133789,2.3218302617254465,0.0,1,24.0,0.0,0.0,2.8855350017547607,2_4_14_1C_Cycle.xlsx,0.0004677447094808301
A123_094,25C,120,2.557495355606079,0.0,2.391279697418213,-2.499908781888192,-0.0,1,24.0,0.0,0.0,2.8855350017547607,9_16_13_1C_Cycle.xlsx,0.0
A123_094,25C,60,4.05830192565918,1.0,4.0680317878723145,2.3241365991208864,0.0,1,24.0,0.0,0.0,2.8855350017547607,2_4_14_1C_Cycle.xlsx,0.00017499409805346182
A123_094,25C,120,2.566738605499268,0.0,2.381063461303711,-2.49984465826542,-0.0,1,24.0,0.0,0.0,2.8855350017547607,1_23_14_1C_Cycle.xlsx,0.0
A123_094,25C,120,2.572252035140991,0.0,2.414630889892578,-2.499689221382141,-0.0,1,24.0,0.0,0.0,2.8855350017547607,2_4_14_1C_Cycle.xlsx,0.0
A123_094,25C,30,2.400036334991455,0.0,2.400036334991455,-2.49964405318438,-0.0,1,24.0,0.0,0.0,2.8855350017547607,7_24_13_1C_Cycle.xlsx,0.0
A123_094,25C,30,2.4773874282836914,0.0,2.4773874282836914,-2.477002513471102,-0.0,1,24.0,0.0,0.0,2.8855350017547607,1_23_14_1C_Cycle.xlsx,5.3665772222467675e-05
A123_094,25C,120,2.5480899810791016,0.0,2.389333724975586,-2.499683205286662,-0.0,1,24.0,0.0,0.0,2.8855350017547607,7_11_13_1C_Cycle.xlsx,0.0005961763998801331
A123_094,25C,60,4.059274673461914,1.0,4.068680286407471,2.3394050547820435,0.0,1,24.0,0.0,0.0,2.8855350017547607,2_20_14_1C_Cycle.xlsx,0.0
A123_094,25C,120,4.042085647583008,1.0,4.067869663238525,2.324189036957219,0.0,1,24.0,0.0,0.0,2.8855350017547607,1_23_14_1C_Cycle.xlsx,0.0
A123_094,25C,90,4.046950817108154,1.0,4.066572189331055,2.311602756257885,0.0,1,24.0,0.0,0.0,2.8855350017547607,10_16_13_1C_Cycle.xlsx,0.0
A123_094,25C,120,4.040139675140381,1.0,4.066896438598633,2.314275683547423,0.0,1,24.0,0.0,0.0,2.8855350017547607,9_16_13_1C_Cycle.xlsx,0.0
A123_094,25C,60,2.538846731185913,0.0,2.4833874702453613,-2.499906598397021,-0.0,1,24.0,0.0,0.0,2.8855350017547607,3_4_14_1C_Cycle.xlsx,0.0
A123_094,25C,120,4.039166927337647,1.0,4.066247940063477,2.3137047100262564,0.0,1,24.0,0.0,0.0,2.8855350017547607,10_07_13_1C_Cycle.xlsx,0.0
A123_094,25C,60,2.497333288192749,0.0,2.414630889892578,-2.499689221382141,-0.0,1,24.0,0.0,0.0,2.8855350017547607,2_4_14_1C_Cycle.xlsx,0.0031015869961175564
A123_094,25C,120,4.044517993927002,1.0,4.068356037139893,2.3396633912466074,0.0,1,24.0,0.0,0.0,2.8855350017547607,2_20_14_1C_Cycle.xlsx,0.000778185750550818
A123_094,25C,30,2.396144390106201,0.0,2.396144390106201,-2.499861238199637,-0.0,1,24.0,0.0,0.0,2.8855350017547607,1_23_14_1C_Cycle.xlsx,5.9809503761176826e-05
A123_094,25C,90,4.054572105407715,1.0,4.071274757385254,2.3530770887732504,0.0,1,24.0,0.0,0.0,2.8855350017547607,7_24_13_1C_Cycle.xlsx,0.012292697160515611
A123_094,25C,60,4.060896396636963,1.0,4.0701398849487305,2.340722084306834,0.0,1,24.0,0.0,0.0,2.8855350017547607,2_4_14_1C_Cycle.xlsx,0.0011579340411108396
A123_094,25C,30,2.4759280681610107,0.0,2.4759280681610107,-2.4770074444484305,-0.0,1,24.0,0.0,0.0,2.8855350017547607,1_23_14_1C_Cycle.xlsx,5.3665772222467675e-05
A123_094,25C,120,4.040139675140381,1.0,4.066734313964844,2.330749519354056,0.0,1,24.0,0.0,0.0,2.8855350017547607,10_07_13_1C_Cycle.xlsx,0.0
A123_094,25C,30,4.067544937133789,1.0,4.067544937133789,2.3243635263707905,0.0,1,24.0,0.0,0.0,2.8855350017547607,1_23_14_1C_Cycle.xlsx,0.00027393530892888237
A123_094,25C,60,2.4979820251464844,0.0,2.453711986541748,-2.479179186378148,-0.0,1,24.0,0.0,0.0,2.8855350017547607,7_8_13_1C_Cycle.xlsx,9.231784415948747e-05
A123_094,25C,30,4.066734313964844,1.0,4.066734313964844,2.318171117305756,0.0,1,24.0,0.0,0.0,2.8855350017547607,8_1_13_1C_Cycle.xlsx,0.00011249420689869365
A123_094,25C,30,2.411063432693481,0.0,2.411063432693481,-2.49971432156033,-0.0,1,24.0,0.0,0.0,2.8855350017547607,2_4_14_1C_Cycle.xlsx,0.0019686838199030427
A123_094,25C,60,4.057166576385498,1.0,4.0673828125,2.324491652795392,0.0,1,24.0,0.0,0.0,2.8855350017547607,1_23_14_1C_Cycle.xlsx,0.0007423931714347858
A123_094,25C,120,2.557171106338501,0.0,2.376523017883301,-2.499880737962976,-0.0,1,24.0,0.0,0.0,2.8855350017547607,9_25_13_1C_Cycle.xlsx,0.0
A123_094,25C,30,4.067707061767578,1.0,4.067707061767578,2.3192014258943106,0.0,1,24.0,0.0,0.0,2.8855350017547607,3_4_14_1C_Cycle.xlsx,0.00039616090034569237
A123_094,25C,30,2.4833874702453613,0.0,2.4833874702453613,-2.4767037067784394,-0.0,1,24.0,0.0,0.0,2.8855350017547607,3_4_14_1C_Cycle.xlsx,0.0
A123_094,25C,90,4.049383163452148,1.0,4.067869663238525,2.329380322340106,0.0,1,24.0,0.0,0.0,2.8855350017547607,9_25_13_1C_Cycle.xlsx,0.00033469239274367914
A123_094,25C,60,4.056680202484131,1.0,4.067220687866211,2.324749518727136,0.0,1,24.0,0.0,0.0,2.8855350017547607,12_13_13_1C_Cycle.xlsx,0.0004567062890554085
A123_094,25C,60,2.534144163131714,0.0,2.481117248535156,-2.4772830128214567,-0.0,1,24.0,0.0,0.0,2.8855350017547607,12_4_13_1C_Cycle.xlsx,0.0
A123_094,25C,90,4.045653343200684,1.0,4.066247940063477,2.2949560236072903,0.0,1,24.0,0.0,0.0,2.8855350017547607,7_8_13_1C_Cycle.xlsx,0.0
A123_094,25C,30,2.38722562789917,0.0,2.38722562789917,-2.499754392995244,-0.0,1,24.0,0.0,0.0,2.8855350017547607,10_07_13_1C_Cycle.xlsx,0.0003932736425305009
A123_094,25C,90,4.05084228515625,1.0,4.069004535675049,2.34453100679537,0.0,1,24.0,0.0,0.0,2.8855350017547607,11_18_13_1C_Cycle.xlsx,0.000500810287514485
A123_094,25C,90,2.5276577472686768,0.0,2.393063545227051,-2.499738330426424,-0.0,1,24.0,0.0,0.0,2.8855350017547607,8_29_13_1C_Cycle.xlsx,0.0004768720136031432
A123_094,25C,30,2.3886849880218506,0.0,2.3886849880218506,-2.49988894373457,-0.0,1,24.0,0.0,0.0,2.8855350017547607,3_4_14_1C_Cycle.xlsx,8.284726725208904e-05
A123_094,25C,150,4.034950733184815,1.0,4.067869663238525,2.3347114217016967,0.0,1,24.0,0.0,0.0,2.8855350017547607,8_12_13_1C_Cycle.xlsx,0.0005738375842717634
A123_094,25C,60,4.060247898101807,1.0,4.069815158843994,2.3428261073736043,0.0,1,24.0,0.0,0.0,2.8855350017547607,12_13_13_1C_Cycle.xlsx,0.0011850674748863036
A123_094,25C,30,4.066734313964844,1.0,4.066734313964844,2.315602326525315,0.0,1,24.0,0.0,0.0,2.8855350017547607,8_29_13_1C_Cycle.xlsx,0.0004979578794651399
A123_094,25C,30,4.066572189331055,1.0,4.066572189331055,2.313346298564164,0.0,1,24.0,0.0,0.0,2.8855350017547607,9_25_13_1C_Cycle.xlsx,5.479651887381949e-05
A123_094,25C,60,2.484846830368042,0.0,2.397279739379883,-2.499856264219372,-0.0,1,24.0,0.0,0.0,2.8855350017547607,1_23_14_1C_Cycle.xlsx,0.00013553629694341984
A123_094,25C,150,4.03251838684082,1.0,4.066247940063477,2.3119461819036933,0.0,1,24.0,0.0,0.0,2.8855350017547607,10_16_13_1C_Cycle.xlsx,0.0
A123_094,25C,60,4.05976152420044,1.0,4.069328784942627,2.3442523977640324,0.0,1,24.0,0.0,0.0,2.8855350017547607,11_18_13_1C_Cycle.xlsx,0.0
A123_094,25C,60,4.055545330047607,1.0,4.066572189331055,2.3074833794619685,0.0,1,24.0,0.0,0.0,2.8855350017547607,7_11_13_1C_Cycle.xlsx,0.0018181083665527423
A123_094,25C,60,4.061058521270752,1.0,4.07030200958252,2.342339690233397,0.0,1,24.0,0.0,0.0,2.8855350017547607,12_13_13_1C_Cycle.xlsx,0.0018557385737718256
A123_094,25C,30,2.3945229053497314,0.0,2.3945229053497314,-2.499574731503214,-0.0,1,24.0,0.0,0.0,2.8855350017547607,10_16_13_1C_Cycle.xlsx,0.0
A123_094,25C,120,2.556846857070923,0.0,2.397279739379883,-2.499707825043622,-0.0,1,24.0,0.0,0.0085787791809643,2.890114430281131,7_11_13_1C_Cycle.xlsx,0.0007680952062617416
A123_094,25C,120,4.04484224319458,1.0,4.068518161773682,2.339462124138025,0.0,1,24.0,0.0,0.0,2.8855350017547607,2_20_14_1C_Cycle.xlsx,0.0
A123_094,25C,120,2.565441370010376,0.0,2.37976622581482,-2.499777542578208,-0.0,1,24.0,0.0,0.0,2.8855350017547607,12_4_13_1C_Cycle.xlsx,8.325996444688186e-05
A123_094,25C,60,2.4738199710845947,0.0,2.37830662727356,-2.4997130459005183,-0.0,1,24.0,0.0,0.0,2.8855350017547607,12_13_13_1C_Cycle.xlsx,0.0
A123_094,25C,30,4.066896438598633,1.0,4.066896438598633,2.3158734103123986,0.0,1,24.0,0.0,0.0,2.8855350017547607,8_29_13_1C_Cycle.xlsx,0.0
A123_094,25C,90,4.047923564910889,1.0,4.067220687866211,2.33187557787436,0.0,1,24.0,0.0,0.0,2.8855350017547607,9_16_13_1C_Cycle.xlsx,0.000624295964976254
A123_094,25C,30,2.395333766937256,0.0,2.395333766937256,-2.499924634632311,-0.0,1,24.0,0.0,0.0,2.8855350017547607,9_16_13_1C_Cycle.xlsx,8.316484613899695e-05
A123_094,25C,60,2.53025221824646,0.0,2.474144220352173,-2.499912635995708,-0.0,1,24.0,0.0,0.0,2.8855350017547607,12_13_13_1C_Cycle.xlsx,0.0
A123_094,25C,60,4.057166576385498,1.0,4.0673828125,2.3215804485523184,0.0,1,24.0,0.0,0.0,2.8855350017547607,2_4_14_1C_Cycle.xlsx,0.000780192392309392
A123_094,25C,90,4.0474371910095215,1.0,4.067058563232422,2.3224475176080945,0.0,1,24.0,0.0,0.0,2.8855350017547607,7_19_13_1C_Cycle.xlsx,0.00020244049798431488
A123_094,25C,30,2.3755500316619877,0.0,2.3755500316619877,-2.4998654438568666,-0.0,1,24.0,0.0,0.0,2.8855350017547607,11_6_13_1C_Cycle.xlsx,1.824870944642312e-05
A123_094,25C,120,2.559279203414917,0.0,2.385441780090332,-2.499874336529622,-0.0,1,24.0,0.0,0.0,2.8855350017547607,10_07_13_1C_Cycle.xlsx,0.0
A123_094,25C,90,4.047275066375732,1.0,4.066734313964844,2.31274356070112,0.0,1,24.0,0.0,0.0,2.8855350017547607,9_25_13_1C_Cycle.xlsx,0.0
A123_094,25C,60,2.4756038188934326,0.0,2.3799283504486084,-2.499735220058544,-0.0,1,24.0,0.0,0.0,2.8855350017547607,11_6_13_1C_Cycle.xlsx,0.00021449092635896714
A123_094,25C,90,2.5253872871398926,0.0,2.385441780090332,-2.4997978126793576,-0.0,1,24.0,0.0,0.0,2.8855350017547607,9_16_13_1C_Cycle.xlsx,0.00015307418794696914
A123_094,25C,90,2.5317115783691406,0.0,2.381387710571289,-2.499756784614073,-0.0,1,24.0,0.0,0.0,2.8855350017547607,1_23_14_1C_Cycle.xlsx,0.00016176637263476374
A123_094,25C,90,4.0432209968566895,1.0,4.0680317878723145,2.325133239503129,0.0,1,24.0,0.0,0.0,2.8855350017547607,12_4_13_1C_Cycle.xlsx,0.0
A123_094,25C,30,4.067869663238525,1.0,4.067869663238525,2.3244824250284424,0.0,1,24.0,0.0,0.0,2.8855350017547607,1_23_14_1C_Cycle.xlsx,0.0
A123_094,25C,60,2.428090333938598,0.0,2.362576961517334,-2.499772664662954,-0.0,1,24.0,0.0,0.0,2.8855350017547607,11_18_13_1C_Cycle.xlsx,0.0001942620782028232
A123_094,25C,150,4.039329051971436,1.0,4.069653034210205,2.343145764536328,0.0,1,24.0,0.0,0.0,2.8855350017547607,12_13_13_1C_Cycle.xlsx,0.0
A123_094,25C,90,4.048247814178467,1.0,4.067707061767578,2.334852759395876,0.0,1,24.0,0.0,0.0,2.8855350017547607,8_12_13_1C_Cycle.xlsx,0.00134480151885592
A123_094,25C,30,2.47900915145874,0.0,2.47900915145874,-2.4996687876872525,-0.0,1,24.0,0.0,0.0,2.8855350017547607,8_1_13_1C_Cycle.xlsx,0.0
A123_094,25C,30,4.066410064697266,1.0,4.066410064697266,2.320010803758152,0.0,1,24.0,0.0,0.0,2.8855350017547607,8_1_13_1C_Cycle.xlsx,0.0
A123_094,25C,60,2.4801442623138428,0.0,2.393549919128418,-2.499793828070701,-0.0,1,24.0,0.0,0.0,2.8855350017547607,11_18_13_1C_Cycle.xlsx,0.000306782908063006
A123_094,25C,60,2.526522397994995,0.0,2.47900915145874,-2.4781876488665024,-0.0,1,24.0,0.0,0.0,2.8855350017547607,8_29_13_1C_Cycle.xlsx,4.18870010101365e-05
A123_094,25C,90,2.523765802383423,0.0,2.3862526416778564,-2.499753097008014,-0.0,1,24.0,0.0,0.0,2.8855350017547607,8_12_13_1C_Cycle.xlsx,0.0002991989007508962
A123_094,25C,120,4.03251838684082,1.0,4.066572189331055,2.3201197965277567,0.0,1,24.0,0.0,0.0,2.8855350017547607,8_1_13_1C_Cycle.xlsx,0.0027293654296745014
A123_094,25C,120,4.041275024414063,1.0,4.067869663238525,2.3347114217016967,0.0,1,24.0,0.0,0.0,2.8855350017547607,8_12_13_1C_Cycle.xlsx,0.00046884880435241097
A123_094,25C,60,2.505117177963257,0.0,2.4232254028320312,-2.4997301792429987,-0.0327602458102198,1,24.0,0.0,0.0,2.8855350017547607,2_20_14_1C_Cycle.xlsx,0.0
A123_094,25C,60,4.057491302490234,1.0,4.067544937133789,2.324312568220318,0.0,1,24.0,0.0,0.0,2.8855350017547607,1_23_14_1C_Cycle.xlsx,0.000714890467097315
A123_094,25C,90,2.5289549827575684,0.0,2.397603988647461,-2.4998614767850458,-0.0,1,24.0,0.0,0.0,2.8855350017547607,7_19_13_1C_Cycle.xlsx,0.0002111753945373385
A123_094,25C,60,4.056193828582764,1.0,4.066734313964844,2.31704515260458,0.0,1,24.0,0.0,0.0,2.8855350017547607,8_12_13_1C_Cycle.xlsx,0.00023791688861008676
A123_094,25C,120,4.040463924407959,1.0,4.067220687866211,2.3276511961672486,0.0,1,24.0,0.0,0.0,2.8855350017547607,11_6_13_1C_Cycle.xlsx,0.00019289655458224473
A123_094,25C,60,2.474306344985962,0.0,2.378631114959717,-2.4997081149708142,-0.038274560719007,1,24.0,0.0,0.0,2.8855350017547607,12_13_13_1C_Cycle.xlsx,0.0013460827335853086
A123_094,25C,60,4.057653427124023,1.0,4.0680317878723145,2.339815534520568,0.0,1,24.0,0.0,0.0,2.8855350017547607,3_4_14_1C_Cycle.xlsx,6.545802350466903e-05
A123_094,25C,60,2.523603677749634,0.0,2.470414638519287,-2.499799173490136,-0.0,1,24.0,0.0,0.0,2.8855350017547607,9_25_13_1C_Cycle.xlsx,0.00014378312235567694
A123_094,25C,90,2.531873941421509,0.0,2.3966310024261475,-2.499694971604781,-0.0,1,24.0,0.0,0.0,2.8855350017547607,12_13_13_1C_Cycle.xlsx,0.0010900389735124855
A123_094,25C,30,4.069004535675049,1.0,4.069004535675049,2.34442995652809,0.0,1,24.0,0.0,0.0,2.8855350017547607,11_18_13_1C_Cycle.xlsx,0.0011944376251010519
A123_094,25C,60,2.476414442062378,0.0,2.3823606967926025,-2.499783180456246,-0.0,1,24.0,0.0,0.0,2.8855350017547607,10_07_13_1C_Cycle.xlsx,0.0001491000578205089
A123_094,25C,120,4.041599273681641,1.0,4.0673828125,2.3208986206547078,0.0,1,24.0,0.0,0.0,2.8855350017547607,2_4_14_1C_Cycle.xlsx,0.0
A123_094,25C,60,2.5227928161621094,0.0,2.4749550819396973,-2.4784590801190283,-0.0,1,24.0,0.0,0.0,2.8855350017547607,8_12_13_1C_Cycle.xlsx,4.785977466715612e-05
A123_094,25C,90,2.5276577472686768,0.0,2.378955364227295,-2.4998957578625,-0.0,1,24.0,0.0,0.0,2.8855350017547607,10_16_13_1C_Cycle.xlsx,0.0
A123_094,25C,60,2.482414484024048,0.0,2.399387836456299,-2.499728275557696,-0.0,1,24.0,0.0,0.0,2.8855350017547607,7_24_13_1C_Cycle.xlsx,0.0011920529520551195
A123_094,25C,60,4.056193828582764,1.0,4.066734313964844,2.311344426956551,0.0,1,24.0,0.0,0.0,2.8855350017547607,10_16_13_1C_Cycle.xlsx,0.0001370532519195638
A123_094,25C,30,4.067058563232422,1.0,4.067058563232422,2.319890379787437,0.0,1,24.0,0.0,0.0,2.8855350017547607,8_1_13_1C_Cycle.xlsx,0.0
A123_094,25C,30,4.0680317878723145,1.0,4.0680317878723145,2.339465249003025,0.0,1,24.0,0.0,0.0,2.8855350017547607,2_20_14_1C_Cycle.xlsx,6.893186276340696e-05
A123_094,25C,120,4.039004802703857,1.0,4.066572189331055,2.313368523401804,0.0,1,24.0,0.0,0.0,2.8855350017547607,9_25_13_1C_Cycle.xlsx,0.0
A123_094,25C,30,2.380414724349976,0.0,2.380414724349976,-2.49968675700101,-0.0,1,24.0,0.0,0.0,2.8855350017547607,12_4_13_1C_Cycle.xlsx,0.00033292752615759325
A123_094,25C,60,2.472198247909546,0.0,2.376198530197144,-2.4997531250790432,-0.0,1,24.0,0.0,0.0,2.8855350017547607,11_6_13_1C_Cycle.xlsx,0.00014553619840435115
A123_094,25C,150,4.033977508544922,1.0,4.067220687866211,2.332278449637968,0.0,1,24.0,0.0,0.0,2.8855350017547607,9_16_13_1C_Cycle.xlsx,0.0002036145067111841
A123_094,25C,60,4.061545372009277,1.0,4.070788383483887,2.353510686933994,0.0,1,24.0,0.0,0.0,2.8855350017547607,7_24_13_1C_Cycle.xlsx,0.0
A123_094,25C,90,4.048247814178467,1.0,4.067544937133789,2.317113120853901,0.0,1,24.0,0.0,0.0,2.8855350017547607,8_12_13_1C_Cycle.xlsx,0.002898323911332206
A123_094,25C,60,4.056518077850342,1.0,4.066896438598633,2.3324502338884305,0.0,1,24.0,0.0,0.0,2.8855350017547607,9_16_13_1C_Cycle.xlsx,0.00040227843057658
A123_094,25C,30,2.4773874282836914,0.0,2.4773874282836914,-2.4769893766073934,-0.0,1,24.0,0.0,0.0,2.8855350017547607,1_23_14_1C_Cycle.xlsx,5.3665772222467675e-05
A123_094,25C,120,4.04176139831543,1.0,4.067707061767578,2.3259416804096458,0.0,1,24.0,0.0,0.0,2.8855350017547607,12_13_13_1C_Cycle.xlsx,0.0
A123_094,25C,30,2.3817121982574463,0.0,2.3817121982574463,-2.4997335876430475,-0.0,1,24.0,0.0,0.0,2.8855350017547607,12_4_13_1C_Cycle.xlsx,0.0003048378008613359
A123_094,25C,90,2.5296034812927246,0.0,2.3927390575408936,-2.4997107939677194,-0.0,1,24.0,0.0,0.0,2.8855350017547607,11_18_13_1C_Cycle.xlsx,0.0002385099381029681
A123_094,25C,60,4.0558695793151855,1.0,4.066572189331055,2.3132204276005752,0.0,1,24.0,0.0,0.0,2.8855350017547607,9_25_13_1C_Cycle.xlsx,3.14212485165114e-05
A123_094,25C,30,2.426144361495972,0.0,2.426144361495972,-2.4997183585835394,-0.0,1,24.0,0.0,0.0,2.8855350017547607,2_20_14_1C_Cycle.xlsx,0.0
A123_094,25C,30,2.484360456466675,0.0,2.484360456466675,-2.499899778725966,-0.0,1,24.0,0.0,0.0,2.8855350017547607,3_4_14_1C_Cycle.xlsx,0.0
A123_094,25C,60,4.05976152420044,1.0,4.069490909576416,2.343253841830625,0.0,1,24.0,0.0,0.0,2.8855350017547607,12_13_13_1C_Cycle.xlsx,0.003111881274306277
A123_094,25C,150,4.039653301239014,1.0,4.069166660308838,2.340067219734192,0.0,1,24.0,0.0,0.0,2.8855350017547607,2_4_14_1C_Cycle.xlsx,0.0025535778883702875
A123_094,25C,30,2.389333724975586,0.0,2.389333724975586,-2.4997933325560195,-0.0,1,24.0,0.0,0.0,2.8855350017547607,8_29_13_1C_Cycle.xlsx,0.0003968375019466586
A123_094,25C,30,2.395820140838623,0.0,2.395820140838623,-2.4999230493578994,-0.0,1,24.0,0.0,0.0,2.8855350017547607,9_16_13_1C_Cycle.xlsx,8.316484613899695e-05
A123_094,25C,60,2.482576608657837,0.0,2.400198459625244,-2.499847923588549,-0.0,1,24.0,0.0,0.0,2.8855350017547607,8_1_13_1C_Cycle.xlsx,0.0
A123_094,25C,120,4.045004844665527,1.0,4.06884241104126,2.339376524156123,0.0,1,24.0,0.0,0.0,2.8855350017547607,2_20_14_1C_Cycle.xlsx,0.0
A123_094,25C,90,4.047112941741943,1.0,4.066734313964844,2.331001882772308,0.0,1,24.0,0.0,0.0,2.8855350017547607,9_25_13_1C_Cycle.xlsx,0.0
A123_094,25C,120,4.039329051971436,1.0,4.066734313964844,2.320178588172273,0.0,1,24.0,0.0,0.0,2.8855350017547607,8_1_13_1C_Cycle.xlsx,0.0
A123_094,25C,30,4.066896438598633,1.0,4.066896438598633,2.3172084820270538,0.0,1,24.0,0.0,0.0,2.8855350017547607,8_12_13_1C_Cycle.xlsx,0.0
A123_094,25C,60,2.476901054382324,0.0,2.3886849880218506,-2.4997367589370065,-0.0,1,24.0,0.0,0.0,2.8855350017547607,8_29_13_1C_Cycle.xlsx,0.00037188149598274827
A123_094,25C,90,4.051167011260986,1.0,4.068518161773682,2.339476384745355,0.0,1,24.0,0.0,0.0,2.8855350017547607,2_20_14_1C_Cycle.xlsx,7.417726407915041e-05
A123_094,25C,120,4.039004802703857,1.0,4.066896438598633,2.3093278856231616,0.0,1,24.0,0.0,0.0,2.8855350017547607,7_11_13_1C_Cycle.xlsx,0.0
A123_094,25C,30,2.3941986560821533,0.0,2.3941986560821533,-2.499698119285779,-0.0,1,24.0,0.0,0.0,2.8855350017547607,8_1_13_1C_Cycle.xlsx,0.00025881133346440725
A123_094,25C,90,4.046788215637207,1.0,4.066410064697266,2.3112891351511657,0.0,1,24.0,0.0,0.0,2.8855350017547607,10_16_13_1C_Cycle.xlsx,0.0
A123_094,25C,60,2.474792957305908,0.0,2.3799283504486084,-2.4997015432877974,-0.0,1,24.0,0.0,0.0,2.8855350017547607,12_4_13_1C_Cycle.xlsx,0.0
A123_094,25C,30,2.47754979133606,0.0,2.47754979133606,-2.4771853299845046,-0.0,1,24.0,0.0,0.0,2.8855350017547607,12_4_13_1C_Cycle.xlsx,5.442395060204309e-05
A123_094,25C,120,2.5621981620788574,0.0,2.400036334991455,-2.49970647205006,-0.0,1,24.0,0.0,0.0,2.8855350017547607,12_4_13_1C_Cycle.xlsx,0.00029998898514468187
A123_094,25C,60,2.5296034812927246,0.0,2.4752793312072754,-2.499711402979764,-0.0,1,24.0,0.0,0.0,2.8855350017547607,12_13_13_1C_Cycle.xlsx,0.0
A123_094,25C,120,4.042409896850586,1.0,4.0680317878723145,2.326863221949389,0.0,1,24.0,0.0,0.0,2.8855350017547607,12_4_13_1C_Cycle.xlsx,0.0
A123_094,25C,60,2.4717118740081787,0.0,2.3737661838531494,-2.499916765906594,-0.0,1,24.0,0.0,0.0,2.8855350017547607,12_13_13_1C_Cycle.xlsx,0.0
A123_094,25C,90,2.5313873291015625,0.0,2.382522821426392,-2.4998379057103937,-0.0,1,24.0,0.0,0.0,2.8855350017547607,12_4_13_1C_Cycle.xlsx,0.0
A123_094,25C,120,4.040139675140381,1.0,4.066896438598633,2.3332844262685235,0.0,1,24.0,0.0,0.0,2.8855350017547607,8_29_13_1C_Cycle.xlsx,0.0
A123_094,25C,60,4.056680202484131,1.0,4.0673828125,2.322013613276594,0.0,1,24.0,0.0,0.0,2.8855350017547607,7_19_13_1C_Cycle.xlsx,0.0005944338000637101
A123_094,25C,120,2.561549425125122,0.0,2.378955364227295,-2.4998957578625,-0.0,1,24.0,0.0,0.0,2.8855350017547607,10_16_13_1C_Cycle.xlsx,0.0
A123_094,25C,60,2.472684860229492,0.0,2.379279613494873,-2.499866344232475,-0.0,1,24.0,0.0,0.0,2.8855350017547607,9_25_13_1C_Cycle.xlsx,0.0
A123_094,25C,150,4.034788608551025,1.0,4.067869663238525,2.3170119374394416,0.0,1,24.0,0.0,0.0,2.8855350017547607,8_12_13_1C_Cycle.xlsx,0.0
A123_094,25C,60,4.0620317459106445,1.0,4.071112632751465,2.3532519830465315,0.0,1,24.0,0.0,0.0,2.8855350017547607,7_24_13_1C_Cycle.xlsx,0.0
A123_094,25C,60,4.05684232711792,1.0,4.0673828125,2.315468361721404,0.0,1,24.0,0.0,0.0,2.8855350017547607,8_29_13_1C_Cycle.xlsx,0.0017792974830026526
A123_094,25C,120,2.5709547996521,0.0,2.3989012241363525,-2.499704844483705,-0.0,1,24.0,0.0,0.0,2.8855350017547607,3_4_14_1C_Cycle.xlsx,0.0
A123_094,25C,120,2.578089952468872,0.0,2.422901153564453,-2.499693021596035,-0.0,1,24.0,0.0,0.0,2.8855350017547607,2_20_14_1C_Cycle.xlsx,0.0
A123_094,25C,30,4.066410064697266,1.0,4.066410064697266,2.2677286233614997,0.0,1,24.0,0.0,0.0,2.8855350017547607,7_3_13_1C_Cycle.xlsx,0.0
A123_094,25C,120,4.044193744659424,1.0,4.069004535675049,2.3443212493370145,0.0,1,24.0,0.0,0.0,2.8855350017547607,11_18_13_1C_Cycle.xlsx,0.0003158314873081914
A123_094,25C,60,4.057166576385498,1.0,4.067544937133789,2.3193598905284154,0.0,1,24.0,0.0,0.0,2.8855350017547607,3_4_14_1C_Cycle.xlsx,0.0006423552268791673
A123_094,25C,150,4.032842636108398,1.0,4.066572189331055,2.31115624111546,0.0,1,24.0,0.0,0.0,2.8855350017547607,10_16_13_1C_Cycle.xlsx,0.0
A123_094,25C,90,2.5317115783691406,0.0,2.3989012241363525,-2.499668684872714,-0.0,1,24.0,0.0,0.0,2.8855350017547607,12_13_13_1C_Cycle.xlsx,0.0
A123_094,25C,30,2.403928279876709,0.0,2.403928279876709,-2.499708224679822,-0.0,1,24.0,0.0,0.0,2.8855350017547607,3_4_14_1C_Cycle.xlsx,0.0023533194702325465
A123_094,25C,60,4.056193828582764,1.0,4.066896438598633,2.3280702317211808,0.0,1,24.0,0.0,0.0,2.8855350017547607,11_6_13_1C_Cycle.xlsx,0.00013471748497111125
A123_094,25C,90,4.051977634429932,1.0,4.069490909576416,2.3435924298808737,0.0,1,24.0,0.0,0.0,2.8855350017547607,11_6_13_1C_Cycle.xlsx,0.0015936034847101725
A123_094,25C,120,4.0343017578125,1.0,4.067220687866211,2.324768040042657,0.0,1,24.0,0.0,0.0,2.8855350017547607,12_13_13_1C_Cycle.xlsx,0.0
A123_094,25C,150,4.038355827331543,1.0,4.068680286407471,2.3389090127066563,0.0,1,24.0,0.0,0.0,2.8855350017547607,3_4_14_1C_Cycle.xlsx,0.0
A123_094,25C,30,2.472846984863281,0.0,2.472846984863281,-2.4997922020989494,-0.0,1,24.0,0.0,0.0,2.8855350017547607,11_6_13_1C_Cycle.xlsx,4.401291855511021e-06
A123_094,25C,30,4.067058563232422,1.0,4.067058563232422,2.315772878126271,0.0,1,24.0,0.0,0.0,2.8855350017547607,8_29_13_1C_Cycle.xlsx,0.0
A123_094,25C,60,2.470576763153076,0.0,2.3740904331207275,-2.4999377131462097,-0.0,1,24.0,0.0,0.0,2.8855350017547607,10_16_13_1C_Cycle.xlsx,0.0
A123_094,25C,90,2.528468370437622,0.0,2.39776611328125,-2.499685061078112,-0.0,1,24.0,0.0,0.0,2.8855350017547607,7_15_13_1C_Cycle.xlsx,0.001245331027095176
A123_094,25C,60,4.057004451751709,1.0,4.067220687866211,2.3278273116139805,0.0,1,24.0,0.0,0.0,2.8855350017547607,10_16_13_1C_Cycle.xlsx,0.0030639201118354566
A123_094,25C,30,2.47317123413086,0.0,2.47317123413086,-2.477873866597759,-0.0,1,24.0,0.0,0.0,2.8855350017547607,10_16_13_1C_Cycle.xlsx,5.442395060204309e-05
A123_094,25C,90,4.039977550506592,1.0,4.066734313964844,2.313090141923701,0.0,1,24.0,0.0,0.0,2.8855350017547607,10_07_13_1C_Cycle.xlsx,0.0
A123_094,25C,150,4.039166927337647,1.0,4.068518161773682,2.339476384745355,0.0,1,24.0,0.0,0.0,2.8855350017547607,2_20_14_1C_Cycle.xlsx,0.0
A123_094,25C,60,2.5292792320251465,0.0,2.478360414505005,-2.4774229622926214,-0.0,1,24.0,0.0,0.0,2.8855350017547607,11_18_13_1C_Cycle.xlsx,4.18870010101365e-05
A123_094,25C,30,2.378955364227295,0.0,2.378955364227295,-2.4998894240878045,-0.0,1,24.0,0.0,0.0,2.8855350017547607,1_23_14_1C_Cycle.xlsx,4.160405182424322e-05
A123_094,25C,60,4.056031703948975,1.0,4.066572189331055,2.3114534422508943,0.0,1,24.0,0.0,0.0,2.8855350017547607,10_16_13_1C_Cycle.xlsx,6.470897530578613e-05
A123_094,25C,30,2.4799821376800537,0.0,2.4799821376800537,-2.4781907647506918,-0.0,1,24.0,0.0,0.0,2.8855350017547607,8_29_13_1C_Cycle.xlsx,4.3843407431483144e-05
A123_094,25C,60,4.056355953216553,1.0,4.066734313964844,2.324431402178911,0.0,1,24.0,0.0,0.0,2.8855350017547607,1_23_14_1C_Cycle.xlsx,0.00020941911318505543
A123_094,25C,30,2.394036293029785,0.0,2.394036293029785,-2.4997141484556527,-0.0,1,24.0,0.0,0.0,2.8855350017547607,8_12_13_1C_Cycle.xlsx,0.00026843345192005953
A123_094,25C,90,2.5276577472686768,0.0,2.393712043762207,-2.499714760158373,-0.0,1,24.0,0.0,0.0,2.8855350017547607,8_29_13_1C_Cycle.xlsx,0.0003672189655548763
A123_094,25C,90,2.5539278984069824,0.0,2.40830659866333,-2.4997586054461345,-0.0,1,24.0,0.0,0.0673531844196503,2.9214887298513648,9_25_13_1C_Cycle.xlsx,0.02419052639244056
A123_094,25C,30,2.3929011821746826,0.0,2.3929011821746826,-2.4997423280749405,-0.0,1,24.0,0.0,0.0,2.8855350017547607,9_16_13_1C_Cycle.xlsx,0.0005414446002293835
A123_094,25C,60,4.061058521270752,1.0,4.070464134216309,2.3433888397984584,0.0,1,24.0,0.0,0.0,2.8855350017547607,12_4_13_1C_Cycle.xlsx,0.0018500590200801158
A123_094,25C,90,2.525873899459839,0.0,2.395171642303467,-2.4997398078951063,-0.0,1,24.0,0.0,0.0,2.8855350017547607,8_1_13_1C_Cycle.xlsx,0.0004984452003251929
A123_094,25C,30,4.0680317878723145,1.0,4.0680317878723145,2.327007474518624,0.0,1,24.0,0.0,0.0,2.8855350017547607,12_4_13_1C_Cycle.xlsx,0.00339312909283017
A123_094,25C,150,4.042247772216797,1.0,4.070464134216309,2.341550955058713,0.0,1,24.0,0.0,0.0,2.8855350017547607,2_4_14_1C_Cycle.xlsx,0.0011230152668379508
A123_094,25C,120,4.039977550506592,1.0,4.067220687866211,2.319603585948547,0.0,1,24.0,0.0,0.0,2.8855350017547607,8_1_13_1C_Cycle.xlsx,0.00014029203868619938
A123_094,25C,90,4.046788215637207,1.0,4.066247940063477,2.3149616523850254,0.0,1,24.0,0.0,0.0,2.8855350017547607,9_16_13_1C_Cycle.xlsx,0.0
A123_094,25C,90,4.047112941741943,1.0,4.066896438598633,2.312928716545222,0.0,1,24.0,0.0,0.0,2.8855350017547607,9_25_13_1C_Cycle.xlsx,0.0
A123_094,25C,30,4.066734313964844,1.0,4.066734313964844,2.316161894509869,0.0,1,24.0,0.0,0.0,2.8855350017547607,8_29_13_1C_Cycle.xlsx,0.000852275138931459
A123_094,25C,90,4.048409938812256,1.0,4.0673828125,2.3193487970060422,0.0,1,24.0,0.0,0.0,2.8855350017547607,3_4_14_1C_Cycle.xlsx,0.0002737165638780485
A123_094,25C,30,2.4794955253601074,0.0,2.4794955253601074,-2.478150257835735,-0.0,1,24.0,0.0,0.0,2.8855350017547607,8_29_13_1C_Cycle.xlsx,3.873380880485437e-05
A123_094,25C,30,4.067220687866211,1.0,4.067220687866211,2.3205545216150907,0.0,1,24.0,0.0,0.0,2.8855350017547607,2_4_14_1C_Cycle.xlsx,0.00022624085822297687
A123_094,25C,120,4.043869495391846,1.0,4.0680317878723145,2.3392909539111875,0.0,1,24.0,0.0,0.0,2.8855350017547607,2_4_14_1C_Cycle.xlsx,0.0
A123_094,25C,90,2.5249009132385254,0.0,2.451279401779175,-2.4996828796449773,-0.0,1,24.0,0.0,0.0,2.8855350017547607,7_8_13_1C_Cycle.xlsx,0.0019741008931664227
A123_094,25C,30,4.067220687866211,1.0,4.067220687866211,2.3245333208997025,0.0,1,24.0,0.0,0.0,2.8855350017547607,12_13_13_1C_Cycle.xlsx,0.0003751166802930123
A123_094,25C,60,4.062193870544434,1.0,4.071112632751465,2.3621426365441747,0.0,1,24.0,0.0,0.0,2.8855350017547607,12_4_13_1C_Cycle.xlsx,0.0
A123_094,25C,30,2.472360610961914,0.0,2.472360610961914,-2.4778207321518524,-0.0,1,24.0,0.0,0.0,2.8855350017547607,9_25_13_1C_Cycle.xlsx,5.442395060204309e-05
A123_094,25C,60,4.056031703948975,1.0,4.066572189331055,2.313229336785,0.0,1,24.0,0.0,0.0,2.8855350017547607,10_07_13_1C_Cycle.xlsx,3.6989514066857395e-05
A123_094,25C,120,4.039166927337647,1.0,4.066896438598633,2.314565052407059,0.0,1,24.0,0.0,0.0,2.8855350017547607,8_29_13_1C_Cycle.xlsx,0.0
A123_094,25C,90,4.046950817108154,1.0,4.066734313964844,2.313051603673423,0.0,1,24.0,0.0,0.0,2.8855350017547607,10_07_13_1C_Cycle.xlsx,0.0
A123_094,25C,30,2.485171318054199,0.0,2.485171318054199,-2.4999362352852508,-0.0,1,24.0,0.0,0.0,2.8855350017547607,2_4_14_1C_Cycle.xlsx,0.0
A123_094,25C,90,2.529927968978882,0.0,2.378793239593506,-2.499758011585957,-0.0,1,24.0,0.0,0.0,2.8855350017547607,11_6_13_1C_Cycle.xlsx,0.00016176637263476374
A123_094,25C,60,2.5268468856811523,0.0,2.4794955253601074,-2.499717903137207,-0.0,1,24.0,0.0,0.0,2.8855350017547607,8_29_13_1C_Cycle.xlsx,0.0
A123_094,25C,60,2.4751172065734863,0.0,2.3817121982574463,-2.499733602051186,-0.0,1,24.0,0.0,0.0,2.8855350017547607,10_07_13_1C_Cycle.xlsx,0.00021449092635896714
A123_094,25C,150,4.0343017578125,1.0,4.067544937133789,2.317113120853901,0.0,1,24.0,0.0,0.0,2.8855350017547607,8_12_13_1C_Cycle.xlsx,0.0009731408500869947
A123_094,25C,60,4.05959939956665,1.0,4.069004535675049,2.338657018777571,0.0,1,24.0,0.0,0.0,2.8855350017547607,3_4_14_1C_Cycle.xlsx,0.0021177789005604845
A123_094,25C,30,4.067058563232422,1.0,4.067058563232422,2.314620878880586,0.0,1,24.0,0.0,0.0,2.8855350017547607,8_19_13_1C_Cycle6.xlsx,0.0
A123_094,25C,60,4.057491302490234,1.0,4.0680317878723145,2.334693940356374,0.0,1,24.0,0.0,0.0,2.8855350017547607,8_12_13_1C_Cycle.xlsx,0.005373275358406251
A123_094,25C,30,4.067220687866211,1.0,4.067220687866211,2.340671308338642,0.0,1,24.0,0.0,0.0,2.8855350017547607,2_20_14_1C_Cycle.xlsx,0.0002724819341772788
A123_094,25C,30,4.066896438598633,1.0,4.066896438598633,2.312724312187218,0.0,1,24.0,0.0,0.0,2.8855350017547607,9_25_13_1C_Cycle.xlsx,0.0
A123_094,25C,90,4.047275066375732,1.0,4.066734313964844,2.31808724462986,0.0,1,24.0,0.0,0.0,2.8855350017547607,8_1_13_1C_Cycle.xlsx,0.00011294236325242588
A123_094,25C,60,2.4861443042755127,0.0,2.3922526836395264,-2.4997909826653024,-0.0,1,24.0,0.0,0.0,2.8855350017547607,2_4_14_1C_Cycle.xlsx,0.000306782908063006
A123_094,25C,30,4.067220687866211,1.0,4.067220687866211,2.329351816885173,0.0,1,24.0,0.0,0.0,2.8855350017547607,10_16_13_1C_Cycle.xlsx,0.0023726926495997447
A123_094,25C,120,2.577765703201294,0.0,2.4222524166107178,-2.499834896248078,-0.0,1,24.0,0.0,0.0,2.8855350017547607,2_20_14_1C_Cycle.xlsx,0.0
A123_094,25C,90,2.52425217628479,0.0,2.39776611328125,-2.499721493039812,-0.0,1,24.0,0.0,0.0,2.8855350017547607,7_19_13_1C_Cycle.xlsx,0.0013943710748432335
A123_094,25C,150,4.033166885375977,1.0,4.066572189331055,2.31306494546474,0.0,1,24.0,0.0,0.0,2.8855350017547607,10_07_13_1C_Cycle.xlsx,0.0
A123_094,25C,60,4.056518077850342,1.0,4.067058563232422,2.327686118728974,0.0,1,24.0,0.0,0.0,2.8855350017547607,11_6_13_1C_Cycle.xlsx,0.0001176560438475105
A123_094,25C,150,4.033004760742188,1.0,4.066734313964844,2.31317010576852,0.0,1,24.0,0.0,0.0,2.8855350017547607,9_25_13_1C_Cycle.xlsx,0.0
A123_094,25C,120,4.044517993927002,1.0,4.069004535675049,2.34010019859542,0.0,1,24.0,0.0,0.0,2.8855350017547607,2_4_14_1C_Cycle.xlsx,0.0007750588114371931
A123_094,25C,30,2.386739015579224,0.0,2.386739015579224,-2.499830994112738,-0.0,1,24.0,0.0,0.0,2.8855350017547607,8_12_13_1C_Cycle.xlsx,0.00018982342187841614
A123_094,25C,150,4.03251838684082,1.0,4.066410064697266,2.31308269054919,0.0,1,24.0,0.0,0.0,2.8855350017547607,9_25_13_1C_Cycle.xlsx,0.0
A123_094,25C,30,2.481765985488892,0.0,2.481765985488892,-2.4998844501075395,-0.0,1,24.0,0.0,0.0,2.8855350017547607,1_23_14_1C_Cycle.xlsx,0.0
A123_094,25C,30,4.068680286407471,1.0,4.068680286407471,2.339067494986873,0.0,1,24.0,0.0,0.0,2.8855350017547607,3_4_14_1C_Cycle.xlsx,0.0
A123_094,25C,30,2.476252317428589,0.0,2.476252317428589,-2.477830243798324,-0.0,1,24.0,0.0,0.0,2.8855350017547607,9_25_13_1C_Cycle.xlsx,5.442395060204309e-05
A123_094,25C,60,4.05830192565918,1.0,4.0680317878723145,2.3247856226260377,0.0,1,24.0,0.0,0.0,2.8855350017547607,12_4_13_1C_Cycle.xlsx,0.0
A123_094,25C,60,4.0558695793151855,1.0,4.066734313964844,2.314654649818331,0.0,1,24.0,0.0,0.0,2.8855350017547607,8_29_13_1C_Cycle.xlsx,0.00020180563905945298
A123_094,25C,90,2.531549453735352,0.0,2.389009475708008,-2.499721258336848,-0.0,1,24.0,0.0,0.0,2.8855350017547607,12_4_13_1C_Cycle.xlsx,0.0002125961526520594
A123_094,25C,150,4.034139633178711,1.0,4.067220687866211,2.327505438079854,0.0,1,24.0,0.0,0.0,2.8855350017547607,11_6_13_1C_Cycle.xlsx,7.49279039037612e-05
A123_094,25C,30,2.3820364475250244,0.0,2.3820364475250244,-2.499735230699592,-0.0,1,24.0,0.0,0.0,2.8855350017547607,1_23_14_1C_Cycle.xlsx,0.0003048378008613359
A123_094,25C,30,2.504468441009521,0.0,2.504468441009521,-2.47657485919707,-0.0,1,24.0,0.0,0.0,2.8855350017547607,2_20_14_1C_Cycle.xlsx,0.0
A123_094,25C,60,4.057491302490234,1.0,4.067869663238525,2.3252143417248283,0.0,1,24.0,0.0,0.0,2.8855350017547607,12_4_13_1C_Cycle.xlsx,7.3780320009847e-05
A123_094,25C,150,4.032842636108398,1.0,4.066572189331055,2.316153154017464,0.0,1,24.0,0.0,0.0,2.8855350017547607,8_29_13_1C_Cycle.xlsx,0.0
A123_094,25C,90,4.048734188079834,1.0,4.067544937133789,2.3219040912130606,0.0,1,24.0,0.0,0.0,2.8855350017547607,2_4_14_1C_Cycle.xlsx,0.0004677447094808301
A123_094,25C,150,4.03251838684082,1.0,4.066572189331055,2.313094541002981,0.0,1,24.0,0.0,0.0,2.8855350017547607,9_25_13_1C_Cycle.xlsx,0.0
A123_094,25C,90,2.5229549407958984,0.0,2.401495933532715,-2.4995506638187472,-0.0,1,24.0,0.0,0.0,2.8855350017547607,7_24_13_1C_Cycle.xlsx,0.0014299508294085708
A123_094,25C,60,2.478198289871216,0.0,2.393387794494629,-2.499662611219618,-0.0,1,24.0,0.0,0.0,2.8855350017547607,8_1_13_1C_Cycle.xlsx,0.0
A123_094,25C,30,2.398252487182617,0.0,2.398252487182617,-2.4996668210550514,-0.0,1,24.0,0.0,0.0,2.8855350017547607,7_19_13_1C_Cycle.xlsx,0.0
A123_094,25C,60,2.505117177963257,0.0,2.422739028930664,-2.499720045339281,-0.0,1,24.0,0.0,0.0,2.8855350017547607,2_20_14_1C_Cycle.xlsx,0.0
A123_094,25C,30,2.3820364475250244,0.0,2.3820364475250244,-2.4997418626732784,-0.0,1,24.0,0.0,0.0,2.8855350017547607,1_23_14_1C_Cycle.xlsx,0.0003048378008613359
A123_094,25C,60,4.056193828582764,1.0,4.066896438598633,2.3159958030427656,0.0,1,24.0,0.0,0.0,2.8855350017547607,8_29_13_1C_Cycle.xlsx,0.00012170772046829012
A123_094,25C,60,4.056193828582764,1.0,4.066572189331055,2.3134559201168234,0.0,1,24.0,0.0,0.0,2.8855350017547607,10_07_13_1C_Cycle.xlsx,7.310076361749114e-05
A123_094,25C,60,4.056193828582764,1.0,4.066896438598633,2.320101161561315,0.0,1,24.0,0.0,0.0,2.8855350017547607,8_1_13_1C_Cycle.xlsx,3.1863679205210374e-05
A123_094,25C,120,4.039653301239014,1.0,4.066896438598633,2.3280702317211808,0.0,1,24.0,0.0,0.0,2.8855350017547607,11_6_13_1C_Cycle.xlsx,0.0018712975571073304
A123_094,25C,90,2.52571177482605,0.0,2.3929011821746826,-2.4999174781467604,-0.0,1,24.0,0.0,0.0,2.8855350017547607,8_29_13_1C_Cycle.xlsx,0.0
A123_094,25C,60,2.4874415397644043,0.0,2.3943607807159424,-2.4999092115420045,-0.0,1,24.0,0.0,0.0,2.8855350017547607,2_4_14_1C_Cycle.xlsx,0.0
A123_094,25C,30,2.47900915145874,0.0,2.47900915145874,-2.4781658372566797,-0.0,1,24.0,0.0,0.0,2.8855350017547607,8_29_13_1C_Cycle.xlsx,3.873380880485437e-05
A123_094,25C,90,2.5274953842163086,0.0,2.376198530197144,-2.4998280078441173,-0.0,1,24.0,0.0,0.0,2.8855350017547607,11_6_13_1C_Cycle.xlsx,0.0
A123_094,25C,60,2.48500919342041,0.0,2.399712085723877,-2.499699397130056,-0.0,1,24.0,0.0,0.0,2.8855350017547607,11_18_13_1C_Cycle.xlsx,0.0007960272886366997
A123_094,25C,60,2.5213332176208496,0.0,2.466036081314087,-2.49979277627658,-0.0,1,24.0,0.0,0.0,2.8855350017547607,9_25_13_1C_Cycle.xlsx,0.00014378312235567694
A123_094,25C,150,4.033815383911133,1.0,4.067058563232422,2.332096236101428,0.0,1,24.0,0.0,0.0,2.8855350017547607,9_16_13_1C_Cycle.xlsx,0.0
A123_094,25C,60,2.4799821376800537,0.0,2.3925769329071045,-2.49973683529072,-0.0,1,24.0,0.0,0.0,2.8855350017547607,11_18_13_1C_Cycle.xlsx,0.0003721737766014644
A123_094,25C,90,2.527819871902466,0.0,2.382522821426392,-2.4997591909054107,-0.0,1,24.0,0.0,0.0,2.8855350017547607,10_07_13_1C_Cycle.xlsx,0.00016176637263476374
A123_094,25C,90,4.048734188079834,1.0,4.067707061767578,2.319041334419397,0.0,1,24.0,0.0,0.0,2.8855350017547607,3_4_14_1C_Cycle.xlsx,0.0004056897777084289
A123_094,25C,120,4.043869495391846,1.0,4.06884241104126,2.344707118820841,0.0,1,24.0,0.0,0.0,2.8855350017547607,11_18_13_1C_Cycle.xlsx,0.0
A123_094,25C,30,4.069004535675049,1.0,4.069004535675049,2.3443763642492943,0.0,1,24.0,0.0,0.0,2.8855350017547607,11_18_13_1C_Cycle.xlsx,0.0011944376251010519
A123_094,25C,30,4.069166660308838,1.0,4.069166660308838,2.3400766531410424,0.0,1,24.0,0.0,0.0,2.8855350017547607,2_4_14_1C_Cycle.xlsx,5.951360810495941e-05
A123_094,25C,30,2.385603904724121,0.0,2.385603904724121,-2.499703215286795,-0.0,1,24.0,0.0,0.0,2.8855350017547607,10_07_13_1C_Cycle.xlsx,0.00020934007219497287
A123_094,25C,60,4.057328701019287,1.0,4.067869663238525,2.3170119374394416,0.0,1,24.0,0.0,0.0,2.8855350017547607,8_12_13_1C_Cycle.xlsx,0.0010052909943563
A123_094,25C,120,2.5542521476745605,0.0,2.39322566986084,-2.4997089174058704,-0.0,1,24.0,0.0,0.0,2.8855350017547607,8_12_13_1C_Cycle.xlsx,0.00019300947326303202
A123_094,25C,60,4.056355953216553,1.0,4.066734313964844,2.327780217370566,0.0,1,24.0,0.0,0.0,2.8855350017547607,11_6_13_1C_Cycle.xlsx,0.0
A123_094,25C,120,4.039329051971436,1.0,4.066734313964844,2.320223041292694,0.0,1,24.0,0.0,0.0,2.8855350017547607,8_1_13_1C_Cycle.xlsx,0.0
A123_094,25C,30,4.067869663238525,1.0,4.067869663238525,2.339674444509703,0.0,1,24.0,0.0,0.0,2.8855350017547607,2_4_14_1C_Cycle.xlsx,0.0
A123_094,25C,120,4.039653301239014,1.0,4.067220687866211,2.323663246119395,0.0,1,24.0,0.0,0.0,2.8855350017547607,7_15_13_1C_Cycle.xlsx,0.0024315762608399746
A123_094,25C,120,2.5587925910949707,0.0,2.3799283504486084,-2.49979277627658,-0.0,1,24.0,0.0,0.0,2.8855350017547607,9_25_13_1C_Cycle.xlsx,7.404863949545775e-05
A123_094,25C,60,2.504144191741944,0.0,2.4214417934417725,-2.499713291631681,-0.0,1,24.0,0.0,0.0,2.8855350017547607,2_20_14_1C_Cycle.xlsx,0.001166413517007684
A123_094,25C,30,2.4799821376800537,0.0,2.4032795429229736,-2.4997313426712813,-0.0306843353314574,1,24.0,0.0,0.0,2.8855350017547607,7_24_13_1C_Cycle.xlsx,0.02173884782333579
A123_094,25C,150,4.033004760742188,1.0,4.066410064697266,2.313355210435684,0.0,1,24.0,0.0,0.0,2.8855350017547607,10_07_13_1C_Cycle.xlsx,0.0
A123_094,25C,90,4.049383163452148,1.0,4.067707061767578,2.3238098128982214,0.0,1,24.0,0.0,0.0,2.8855350017547607,2_4_14_1C_Cycle.xlsx,0.0002594247036496156
A123_094,25C,30,4.06884241104126,1.0,4.06884241104126,2.339376524156123,0.0,1,24.0,0.0,0.0,2.8855350017547607,2_20_14_1C_Cycle.xlsx,0.0
A123_094,25C,30,2.379279613494873,0.0,2.379279613494873,-2.4999052654613148,-0.0,1,24.0,0.0,0.0,2.8855350017547607,12_13_13_1C_Cycle.xlsx,4.160405182424322e-05
A123_094,25C,150,4.042247772216797,1.0,4.071112632751465,2.3532100651860235,0.0,1,24.0,0.0,0.0,2.8855350017547607,7_24_13_1C_Cycle.xlsx,0.0042172343708434
A123_094,25C,90,2.5398197174072266,0.0,2.3989012241363525,-2.4997183563553285,-0.0,1,24.0,0.0,0.0,2.8855350017547607,3_4_14_1C_Cycle.xlsx,0.0010393456939737486
A123_094,25C,60,4.058626174926758,1.0,4.068356037139893,2.3450684634558225,0.0,1,24.0,0.0,0.0,2.8855350017547607,11_6_13_1C_Cycle.xlsx,0.002202364999800628
A123_094,25C,150,4.039004802703857,1.0,4.068680286407471,2.3394827323786,0.0,1,24.0,0.0,0.0,2.8855350017547607,2_20_14_1C_Cycle.xlsx,0.0
A123_094,25C,90,4.042734146118164,1.0,4.0680317878723145,2.3249509797384174,0.0,1,24.0,0.0,0.0,2.8855350017547607,12_4_13_1C_Cycle.xlsx,0.0
A123_094,25C,60,4.0558695793151855,1.0,4.066572189331055,2.313368545814616,0.0,1,24.0,0.0,0.0,2.8855350017547607,10_07_13_1C_Cycle.xlsx,3.6989514066857395e-05
A123_094,25C,90,4.047599315643311,1.0,4.067058563232422,2.332156955401917,0.0,1,24.0,0.0,0.0,2.8855350017547607,9_16_13_1C_Cycle.xlsx,0.00044212474797559206
A123_094,25C,60,4.057491302490234,1.0,4.067707061767578,2.324266235479432,0.0,1,24.0,0.0,0.0,2.8855350017547607,1_23_14_1C_Cycle.xlsx,0.000714890467097315
A123_094,25C,60,2.528468370437622,0.0,2.4754414558410645,-2.4773955420272875,-0.0,1,24.0,0.0,0.0,2.8855350017547607,11_6_13_1C_Cycle.xlsx,4.18870010101365e-05
A123_094,25C,30,2.3838202953338623,0.0,2.3838202953338623,-2.4997201342331734,-0.0,1,24.0,0.0,0.0,2.8855350017547607,9_16_13_1C_Cycle.xlsx,7.405295529981878e-05
A123_094,25C,90,2.523603677749634,0.0,2.374901294708252,-2.49987434074942,-0.0,1,24.0,0.0,0.0,2.8855350017547607,9_25_13_1C_Cycle.xlsx,0.0
A123_094,25C,150,4.033815383911133,1.0,4.067058563232422,2.3142213433738648,0.0,1,24.0,0.0,0.0,2.8855350017547607,9_16_13_1C_Cycle.xlsx,0.0
A123_094,25C,60,4.056518077850342,1.0,4.067058563232422,2.319537615787888,0.0,1,24.0,0.0,0.0,2.8855350017547607,8_1_13_1C_Cycle.xlsx,0.0
A123_094,25C,60,2.47900915145874,0.0,2.39776611328125,-2.499721493039812,-0.0,1,24.0,0.0,0.0,2.8855350017547607,7_19_13_1C_Cycle.xlsx,0.0011920529520551195
A123_094,25C,30,2.3611176013946533,0.0,2.3611176013946533,-2.499672418783519,-0.0,1,24.0,0.0,0.0,2.8855350017547607,7_5_13_1C_Cycle.xlsx,0.0
A123_094,25C,120,4.040463924407959,1.0,4.0673828125,2.3175091530680656,0.0,1,24.0,0.0,0.0,2.8855350017547607,8_12_13_1C_Cycle.xlsx,0.0005554126004381895
A123_094,25C,60,4.056518077850342,1.0,4.067220687866211,2.319333992661938,0.0,1,24.0,0.0,0.0,2.8855350017547607,8_1_13_1C_Cycle.xlsx,0.0005410710173993356
A123_094,25C,60,4.056031703948975,1.0,4.066734313964844,2.3128664874639666,0.0,1,24.0,0.0,0.0,2.8855350017547607,9_25_13_1C_Cycle.xlsx,6.516074075051718e-05
A123_094,25C,90,2.5266847610473637,0.0,2.3740904331207275,-2.5001909605094363,-0.0,1,24.0,0.0,0.0,2.8855350017547607,10_16_13_1C_Cycle.xlsx,0.0
A123_094,25C,60,2.5296034812927246,0.0,2.4734957218170166,-2.477323715813114,-0.0,1,24.0,0.0,0.0,2.8855350017547607,12_13_13_1C_Cycle.xlsx,4.18870010101365e-05
A123_094,25C,30,2.478198289871216,0.0,2.478198289871216,-2.478164279314585,-0.0,1,24.0,0.0,0.0,2.8855350017547607,8_29_13_1C_Cycle.xlsx,3.873380880485437e-05
A123_094,25C,30,2.488576650619507,0.0,2.488576650619507,-2.476553105709306,-0.0,1,24.0,0.0,0.0,2.8855350017547607,3_4_14_1C_Cycle.xlsx,0.0
A123_094,25C,150,4.032842636108398,1.0,4.066896438598633,2.3177288458943366,0.0,1,24.0,0.0,0.0,2.8855350017547607,8_12_13_1C_Cycle.xlsx,0.0
A123_094,25C,90,2.5328469276428223,0.0,2.3989012241363525,-2.499736846030296,-0.0,1,24.0,0.0,0.0,2.8855350017547607,11_6_13_1C_Cycle.xlsx,0.0018744213780264554
A123_094,25C,60,4.063166618347168,1.0,4.07192325592041,2.361629956171044,0.0,1,24.0,0.0,0.0,2.8855350017547607,12_4_13_1C_Cycle.xlsx,0.05154655544926971
A123_094,25C,150,4.036085605621338,1.0,4.0680317878723145,2.3270499804565885,0.0,1,24.0,0.0,0.0,2.8855350017547607,12_4_13_1C_Cycle.xlsx,0.0008435840782881315
A123_094,25C,90,2.5296034812927246,0.0,2.393712043762207,-2.499705909608721,-0.0,1,24.0,0.0,0.0,2.8855350017547607,11_18_13_1C_Cycle.xlsx,0.00022888781964731589
A123_094,25C,30,2.496360540390014,0.0,2.4138200283050537,-2.4997143237679094,-0.0330199780431488,1,24.0,0.0,0.0,2.8855350017547607,2_4_14_1C_Cycle.xlsx,0.0
A123_094,25C,30,4.0701398849487305,1.0,4.0701398849487305,2.342619191759672,0.0,1,24.0,0.0,0.0,2.8855350017547607,12_13_13_1C_Cycle.xlsx,0.00239252840502801
A123_094,25C,120,4.033004760742188,1.0,4.066896438598633,2.327711878829644,0.0,1,24.0,0.0,0.0,2.8855350017547607,11_6_13_1C_Cycle.xlsx,0.0
A123_094,25C,30,2.387712001800537,0.0,2.387712001800537,-2.499772403841821,-0.0,1,24.0,0.0,0.0,2.8855350017547607,3_4_14_1C_Cycle.xlsx,0.0003968375019466586
A123_094,25C,120,2.571765661239624,0.0,2.3907930850982666,-2.499856853039465,-0.0,1,24.0,0.0,0.0,2.8855350017547607,3_4_14_1C_Cycle.xlsx,0.0
A123_094,25C,60,2.474630832672119,0.0,2.383333683013916,-2.499755010270236,-0.0,1,24.0,0.0,0.0,2.8855350017547607,9_16_13_1C_Cycle.xlsx,0.00014553619840435115
A123_094,25C,150,4.03722095489502,1.0,4.068518161773682,2.344973527589592,0.0,1,24.0,0.0,0.0,2.8855350017547607,11_18_13_1C_Cycle.xlsx,0.0
A123_094,25C,60,4.056680202484131,1.0,4.067220687866211,2.3157495674827406,0.0,1,24.0,0.0,0.0,2.8855350017547607,8_29_13_1C_Cycle.xlsx,0.000779985104927476
A123_094,25C,30,4.067220687866211,1.0,4.067220687866211,2.3139819120609664,0.0,1,24.0,0.0,0.0,2.8855350017547607,8_29_13_1C_Cycle.xlsx,0.005128392053564031
A123_094,25C,30,2.469928026199341,0.0,2.469928026199341,-2.4776308045627764,-0.0,1,24.0,0.0,0.0,2.8855350017547607,10_16_13_1C_Cycle.xlsx,0.0
A123_094,25C,60,4.058950424194336,1.0,4.068518161773682,2.339577834138222,0.0,1,24.0,0.0,0.0,2.8855350017547607,2_20_14_1C_Cycle.xlsx,3.9368333903880145e-05
A123_094,25C,60,2.4734957218170166,0.0,2.376847267150879,-2.499871549861772,-0.0,1,24.0,0.0,0.0,2.8855350017547607,10_16_13_1C_Cycle.xlsx,0.0
A123_094,25C,60,2.4749550819396973,0.0,2.38268518447876,-2.4998791281100923,-0.0369097435245573,1,24.0,0.0,0.0,2.8855350017547607,10_07_13_1C_Cycle.xlsx,0.0006612840165327663
A123_094,25C,60,2.538198232650757,0.0,2.4861443042755127,-2.499708224679822,-0.0,1,24.0,0.0,0.0,2.8855350017547607,3_4_14_1C_Cycle.xlsx,3.4901491898570484e-05
A123_094,25C,90,2.5296034812927246,0.0,2.39322566986084,-2.499837787301691,-0.0,1,24.0,0.0,0.0,2.8855350017547607,11_18_13_1C_Cycle.xlsx,0.0
A123_094,25C,30,2.4778740406036377,0.0,2.4778740406036377,-2.4770090851541187,-0.0,1,24.0,0.0,0.0,2.8855350017547607,1_23_14_1C_Cycle.xlsx,5.3665772222467675e-05
A123_094,25C,90,4.046950817108154,1.0,4.066734313964844,2.3147383916789925,0.0,1,24.0,0.0,0.0,2.8855350017547607,9_16_13_1C_Cycle.xlsx,0.0
A123_094,25C,30,2.395333766937256,0.0,2.395333766937256,-2.499627103153457,-0.0,1,24.0,0.0,0.0,2.8855350017547607,8_1_13_1C_Cycle.xlsx,0.0
A123_094,25C,60,4.059112548828125,1.0,4.069166660308838,2.344779095912384,0.0,1,24.0,0.0,0.0,2.8855350017547607,11_18_13_1C_Cycle.xlsx,0.00015180627626866676
A123_094,25C,120,4.041437149047852,1.0,4.067707061767578,2.3271759854895726,0.0,1,24.0,0.0,0.0,2.8855350017547607,11_6_13_1C_Cycle.xlsx,0.001886857815250369
A123_094,25C,120,4.039653301239014,1.0,4.066734313964844,2.319883184773581,0.0,1,24.0,0.0,0.0,2.8855350017547607,8_1_13_1C_Cycle.xlsx,0.0019377902294331465
A123_094,25C,120,2.561387300491333,0.0,2.3929011821746826,-2.4998263904640265,-0.0,1,24.0,0.0,0.0,2.8855350017547607,11_18_13_1C_Cycle.xlsx,0.0
A123_094,25C,30,2.39322566986084,0.0,2.39322566986084,-2.499694971604781,-0.0,1,24.0,0.0,0.0,2.8855350017547607,12_13_13_1C_Cycle.xlsx,0.00025098455904344516
A123_094,25C,30,2.387712001800537,0.0,2.387712001800537,-2.499918530572136,-0.0,1,24.0,0.0,0.0,2.8855350017547607,3_4_14_1C_Cycle.xlsx,8.284726725208904e-05
A123_094,25C,90,4.051004409790039,1.0,4.068680286407471,2.3389090127066563,0.0,1,24.0,0.0,0.0,2.8855350017547607,3_4_14_1C_Cycle.xlsx,0.00020441114503384037
A123_094,25C,120,4.043707370758057,1.0,4.068356037139893,2.3403091452691864,0.0,1,24.0,0.0,0.0,2.8855350017547607,2_4_14_1C_Cycle.xlsx,0.0007804706198017991
A123_094,25C,90,4.049383163452148,1.0,4.067220687866211,2.340671308338642,0.0,1,24.0,0.0,0.0,2.8855350017547607,2_20_14_1C_Cycle.xlsx,0.0
A123_094,25C,60,2.5268468856811523,0.0,2.472036123275757,-2.4997505375317166,-0.0,1,24.0,0.0,0.0,2.8855350017547607,10_16_13_1C_Cycle.xlsx,0.0002016997606604655
A123_094,25C,30,4.067869663238525,1.0,4.067869663238525,2.325932496685093,0.0,1,24.0,0.0,0.0,2.8855350017547607,12_13_13_1C_Cycle.xlsx,0.0
A123_094,25C,120,4.039166927337647,1.0,4.066734313964844,2.3130560383567067,0.0,1,24.0,0.0,0.0,2.8855350017547607,9_25_13_1C_Cycle.xlsx,0.0
A123_094,25C,120,4.039491176605225,1.0,4.066572189331055,2.3127509761052054,0.0,1,24.0,0.0,0.0,2.8855350017547607,9_25_13_1C_Cycle.xlsx,0.0
A123_094,25C,60,4.05830192565918,1.0,4.0680317878723145,2.3452261548678752,0.0,1,24.0,0.0,0.0,2.8855350017547607,11_18_13_1C_Cycle.xlsx,0.00043071625152733427
A123_094,25C,60,2.4760901927948,0.0,2.384630918502808,-2.4998055580442986,-0.0,1,24.0,0.0,0.0,2.8855350017547607,10_07_13_1C_Cycle.xlsx,0.00033013337209868035
A123_094,25C,150,4.038031578063965,1.0,4.069004535675049,2.344740814261012,0.0,1,24.0,0.0,0.0,2.8855350017547607,11_18_13_1C_Cycle.xlsx,0.00018733122143771422
A123_094,25C,60,4.058139801025391,1.0,4.0680317878723145,2.3270044393148743,0.0,1,24.0,0.0,0.0,2.8855350017547607,12_4_13_1C_Cycle.xlsx,0.0031568905296593666
A123_094,25C,60,4.056518077850342,1.0,4.067220687866211,2.3155921963193724,0.0,1,24.0,0.0,0.0,2.8855350017547607,8_29_13_1C_Cycle.xlsx,0.000779985104927476
A123_094,25C,30,4.066572189331055,1.0,4.066572189331055,2.316323626546129,0.0,1,24.0,0.0,0.0,2.8855350017547607,8_29_13_1C_Cycle.xlsx,0.00041212662868779086
A123_094,25C,90,2.497495651245117,0.0,2.3619284629821777,-2.499670704857248,-0.0,1,24.0,0.0,0.0,2.8855350017547607,7_5_13_1C_Cycle.xlsx,0.0
A123_094,25C,30,2.389171600341797,0.0,2.389171600341797,-2.499921034429675,-0.0,1,24.0,0.0,0.0,2.8855350017547607,2_4_14_1C_Cycle.xlsx,8.284726725208904e-05
A123_094,25C,30,2.4799821376800537,0.0,2.4799821376800537,-2.499782431233037,-0.0,1,24.0,0.0,0.0,2.8855350017547607,11_18_13_1C_Cycle.xlsx,0.0
A123_094,25C,150,4.036734580993652,1.0,4.0680317878723145,2.325310859387204,0.0,1,24.0,0.0,0.0,2.8855350017547607,12_13_13_1C_Cycle.xlsx,0.0
A123_094,25C,30,4.067544937133789,1.0,4.067544937133789,2.318258553033784,0.0,1,24.0,0.0,0.0,2.8855350017547607,8_1_13_1C_Cycle.xlsx,0.001893034574342621
A123_094,25C,60,4.055383205413818,1.0,4.066410064697266,2.316676195470556,0.0,1,24.0,0.0,0.0,2.8855350017547607,8_12_13_1C_Cycle.xlsx,0.0
A123_094,25C,30,4.067869663238525,1.0,4.067869663238525,2.3243125620433407,0.0,1,24.0,0.0,0.0,2.8855350017547607,1_23_14_1C_Cycle.xlsx,0.0
A123_094,25C,150,4.032193660736084,1.0,4.066410064697266,2.313258927376544,0.0,1,24.0,0.0,0.0,2.8855350017547607,9_25_13_1C_Cycle.xlsx,0.0
A123_094,25C,60,4.057491302490234,1.0,4.067869663238525,2.324185946749316,0.0,1,24.0,0.0,0.0,2.8855350017547607,1_23_14_1C_Cycle.xlsx,0.00012387718750458924
A123_094,25C,60,2.539008855819702,0.0,2.483874082565308,-2.476504511986511,-0.0,1,24.0,0.0,0.0,2.8855350017547607,3_4_14_1C_Cycle.xlsx,0.009415729482876225
A123_094,25C,60,4.056680202484131,1.0,4.067220687866211,2.324612080668792,0.0,1,24.0,0.0,0.0,2.8855350017547607,12_13_13_1C_Cycle.xlsx,0.0004567062890554085
A123_094,25C,120,4.036734580993652,1.0,4.066085815429688,2.2678437135285803,0.0,1,24.0,0.0,0.0,2.8855350017547607,7_3_13_1C_Cycle.xlsx,0.0
A123_094,25C,30,2.468630790710449,0.0,2.468630790710449,-2.479001115636192,-0.0,1,24.0,0.0,0.0,2.8855350017547607,7_11_13_1C_Cycle.xlsx,0.0
A123_094,25C,90,2.523765802383423,0.0,2.375063419342041,-2.499869542839253,-0.0,1,24.0,0.0,0.0,2.8855350017547607,9_25_13_1C_Cycle.xlsx,0.0
A123_094,25C,60,4.056193828582764,1.0,4.067058563232422,2.307566058843635,0.0,1,24.0,0.0,0.0085787791809643,2.890114430281131,7_11_13_1C_Cycle.xlsx,0.00044457218337246967
A123_094,25C,60,2.4752793312072754,0.0,2.3820364475250244,-2.499740039352822,-0.0,1,24.0,0.0,0.0,2.8855350017547607,10_07_13_1C_Cycle.xlsx,0.00021449092635896714
A123_094,25C,30,4.067058563232422,1.0,4.067058563232422,2.319878912575188,0.0,1,24.0,0.0,0.0,2.8855350017547607,8_1_13_1C_Cycle.xlsx,0.0
A123_094,25C,60,2.5274953842163086,0.0,2.4757659435272217,-2.4778239027006763,-0.0,1,24.0,0.0,0.0,2.8855350017547607,10_07_13_1C_Cycle.xlsx,4.18870010101365e-05
A123_094,25C,150,4.034950733184815,1.0,4.067544937133789,2.327493299330984,0.0,1,24.0,0.0,0.0,2.8855350017547607,11_6_13_1C_Cycle.xlsx,0.002149864608743055
A123_094,25C,120,4.038517951965332,1.0,4.066410064697266,2.3169326665661027,0.0,1,24.0,0.0,0.0,2.8855350017547607,8_29_13_1C_Cycle.xlsx,0.0
A123_094,25C,60,2.4759280681610107,0.0,2.380577087402344,-2.499777546874037,-0.0,1,24.0,0.0,0.0,2.8855350017547607,11_6_13_1C_Cycle.xlsx,0.0001491000578205089
A123_094,25C,90,2.540306329727173,0.0,2.4068472385406494,-2.4998643942046583,-0.0,1,24.0,0.0,0.0,2.8855350017547607,9_16_13_1C_Cycle.xlsx,0.014769391028111927
A123_094,25C,30,4.067707061767578,1.0,4.067707061767578,2.3242863261292124,0.0,1,24.0,0.0,0.0,2.8855350017547607,1_23_14_1C_Cycle.xlsx,0.00027393530892888237
A123_094,25C,120,4.039977550506592,1.0,4.067220687866211,2.317636353850365,0.0,1,24.0,0.0,0.0,2.8855350017547607,8_12_13_1C_Cycle.xlsx,0.0006149503624701349
A123_094,25C,60,4.059274673461914,1.0,4.068518161773682,2.3394922333066925,0.0,1,24.0,0.0,0.0,2.8855350017547607,2_20_14_1C_Cycle.xlsx,3.9368333903880145e-05
A123_094,25C,60,4.057491302490234,1.0,4.067707061767578,2.325917197549242,0.0,1,24.0,0.0,0.0,2.8855350017547607,12_13_13_1C_Cycle.xlsx,0.000714890467097315
A123_094,25C,30,4.068680286407471,1.0,4.068680286407471,2.3394827323786,0.0,1,24.0,0.0,0.0,2.8855350017547607,2_20_14_1C_Cycle.xlsx,0.0
A123_094,25C,30,4.066410064697266,1.0,4.066410064697266,2.311217465060801,0.0,1,24.0,0.0,0.0,2.8855350017547607,10_16_13_1C_Cycle.xlsx,0.0
A123_094,25C,120,4.039004802703857,1.0,4.066572189331055,2.313094541002981,0.0,1,24.0,0.0,0.0,2.8855350017547607,9_25_13_1C_Cycle.xlsx,0.0
A123_094,25C,150,4.036247730255127,1.0,4.0680317878723145,2.3270044393148743,0.0,1,24.0,0.0,0.0,2.8855350017547607,12_4_13_1C_Cycle.xlsx,0.0008435840782881315
A123_094,25C,60,2.544360399246216,0.0,2.4978199005126958,-2.476738423892989,-0.0,1,24.0,0.0,0.0,2.8855350017547607,2_4_14_1C_Cycle.xlsx,0.00028135461379372054
A123_094,25C,150,4.04176139831543,1.0,4.070464134216309,2.341585825017669,0.0,1,24.0,0.0,0.0,2.8855350017547607,2_4_14_1C_Cycle.xlsx,0.0011230152668379508
A123_094,25C,60,4.056680202484131,1.0,4.0673828125,2.3197441107578696,0.0,1,24.0,0.0,0.0,2.8855350017547607,8_1_13_1C_Cycle.xlsx,0.00032474936545248115
A123_094,25C,150,4.033977508544922,1.0,4.0673828125,2.317318363904953,0.0,1,24.0,0.0,0.0,2.8855350017547607,8_12_13_1C_Cycle.xlsx,0.00019943681208897933
A123_094,25C,30,2.380090475082397,0.0,2.380090475082397,-2.4998662121799016,-0.0,1,24.0,0.0,0.0,2.8855350017547607,1_23_14_1C_Cycle.xlsx,1.824870944642312e-05
A123_094,25C,120,4.039977550506592,1.0,4.067544937133789,2.323836901516188,0.0,1,24.0,0.0,0.0,2.8855350017547607,7_15_13_1C_Cycle.xlsx,1.0054479759726797e-05
A123_094,25C,90,2.5250630378723145,0.0,2.395333766937256,-2.4997141484556527,-0.0,1,24.0,0.0,0.0,2.8855350017547607,8_12_13_1C_Cycle.xlsx,0.0002600831248250177
A123_094,25C,30,4.067544937133789,1.0,4.067544937133789,2.3194946087305506,0.0,1,24.0,0.0,0.0,2.8855350017547607,7_24_13_1C_Cycle.xlsx,0.00039616090034569237
A123_094,25C,30,4.066734313964844,1.0,4.066734313964844,2.3266168900970685,0.0,1,24.0,0.0,0.0,2.8855350017547607,11_6_13_1C_Cycle.xlsx,0.000380596697233222
A123_094,25C,60,4.056193828582764,1.0,4.067058563232422,2.2944181184989936,0.0,1,24.0,0.0,0.0,2.8855350017547607,7_5_13_1C_Cycle.xlsx,0.0
A123_094,25C,150,4.0343017578125,1.0,4.067058563232422,2.3197354999812028,0.0,1,24.0,0.0,0.0,2.8855350017547607,3_4_14_1C_Cycle.xlsx,0.0
A123_094,25C,90,2.550684690475464,0.0,2.424685001373291,-2.4996896458563405,-0.0,1,24.0,0.0,0.0,2.8855350017547607,2_20_14_1C_Cycle.xlsx,0.0
A123_094,25C,90,4.048085689544678,1.0,4.067869663238525,2.2813017326059626,0.0,1,24.0,0.0,0.0,2.8855350017547607,7_3_13_1C_Cycle.xlsx,0.01981373221449358
A123_094,25C,60,2.529927968978882,0.0,2.4751172065734863,-2.47719346623981,-0.0,1,24.0,0.0,0.0,2.8855350017547607,12_4_13_1C_Cycle.xlsx,4.18870010101365e-05
A123_094,25C,60,2.4832253456115723,0.0,2.3881986141204834,-2.499884434466092,-0.0,1,24.0,0.0,0.0,2.8855350017547607,3_4_14_1C_Cycle.xlsx,0.0
A123_094,25C,60,2.549387216567993,0.0,2.5043063163757324,-2.499811250472737,-0.0,1,24.0,0.0,0.0,2.8855350017547607,2_20_14_1C_Cycle.xlsx,0.007002048548073373
A123_094,25C,90,2.528468370437622,0.0,2.386739015579224,-2.4997479957816875,-0.0,1,24.0,0.0,0.0,2.8855350017547607,10_07_13_1C_Cycle.xlsx,0.0002776257140288466
A123_094,25C,30,4.066247940063477,1.0,4.066247940063477,2.31366912867935,0.0,1,24.0,0.0,0.0,2.8855350017547607,9_25_13_1C_Cycle.xlsx,0.0
A123_094,25C,30,4.067058563232422,1.0,4.067058563232422,2.323575737304054,0.0,1,24.0,0.0,0.0,2.8855350017547607,7_15_13_1C_Cycle.xlsx,0.0
A123_094,25C,30,4.0680317878723145,1.0,4.0680317878723145,2.325294012487945,0.0,1,24.0,0.0,0.0,2.8855350017547607,12_4_13_1C_Cycle.xlsx,0.0
A123_094,25C,90,2.5581440925598145,0.0,2.4799821376800537,-2.478172069025057,-0.0,1,24.0,0.0,0.0,2.8855350017547607,8_29_13_1C_Cycle.xlsx,0.0001743142738080247
A123_094,25C,60,2.474630832672119,0.0,2.3796041011810303,-2.499726342303412,-0.0,1,24.0,0.0,0.0,2.8855350017547607,10_16_13_1C_Cycle.xlsx,0.0
A123_094,25C,30,2.495387554168701,0.0,2.495387554168701,-2.476531355784068,-0.0,1,24.0,0.0,0.0,2.8855350017547607,2_4_14_1C_Cycle.xlsx,0.009769585590279907
A123_094,25C,90,2.531225204467773,0.0,2.399712085723877,-2.4996945127710566,-0.0,1,24.0,0.0,0.0,2.8855350017547607,12_4_13_1C_Cycle.xlsx,0.0009512939410206238
A123_094,25C,60,2.5422523021698,0.0,2.496360540390014,-2.4996842035540827,-0.0,1,24.0,0.0,0.0,2.8855350017547607,2_4_14_1C_Cycle.xlsx,0.0017145565357807942
A123_094,25C,60,2.527981996536255,0.0,2.4749550819396973,-2.4773874741128696,-0.0,1,24.0,0.0,0.0,2.8855350017547607,11_18_13_1C_Cycle.xlsx,4.18870010101365e-05
A123_094,25C,90,4.0477614402771,1.0,4.0673828125,2.317432541191578,0.0,1,24.0,0.0,0.0,2.8855350017547607,8_12_13_1C_Cycle.xlsx,0.0015121268532668458
A123_094,25C,30,4.067544937133789,1.0,4.067544937133789,2.319460188822141,0.0,1,24.0,0.0,0.0,2.8855350017547607,7_24_13_1C_Cycle.xlsx,0.00039616090034569237
A123_094,25C,90,2.5276577472686768,0.0,2.3929011821746826,-2.4997423280749405,-0.0,1,24.0,0.0,0.0,2.8855350017547607,9_16_13_1C_Cycle.xlsx,0.0004768720136031432
A123_094,25C,60,4.056193828582764,1.0,4.066896438598633,2.3282584908003567,0.0,1,24.0,0.0,0.0,2.8855350017547607,11_6_13_1C_Cycle.xlsx,0.00013471748497111125
A123_094,25C,120,4.039491176605225,1.0,4.066734313964844,2.319805747873726,0.0,1,24.0,0.0,0.0,2.8855350017547607,8_1_13_1C_Cycle.xlsx,0.0
A123_094,25C,30,2.397279739379883,0.0,2.397279739379883,-2.499707825043622,-0.0,1,24.0,0.0,0.0085787791809643,2.890114430281131,7_11_13_1C_Cycle.xlsx,0.0010281147358793543
A123_094,25C,120,4.040950775146484,1.0,4.067707061767578,2.317006162405014,0.0,1,24.0,0.0,0.0,2.8855350017547607,8_12_13_1C_Cycle.xlsx,0.0030776216746165527
A123_094,25C,60,2.5398197174072266,0.0,2.486468553543091,-2.4766317529342983,-0.0,1,24.0,0.0,0.0,2.8855350017547607,2_4_14_1C_Cycle.xlsx,0.0
A123_094,25C,60,4.05684232711792,1.0,4.067220687866211,2.327666375253881,0.0,1,24.0,0.0,0.0,2.8855350017547607,11_6_13_1C_Cycle.xlsx,0.0006527415581698358
A123_094,25C,150,4.038193702697754,1.0,4.069004535675049,2.34442995652809,0.0,1,24.0,0.0,0.0,2.8855350017547607,11_18_13_1C_Cycle.xlsx,5.048096863180271e-05
A123_094,25C,30,2.470414638519287,0.0,2.470414638519287,-2.499805570703692,-0.0,1,24.0,0.0,0.0,2.8855350017547607,9_25_13_1C_Cycle.xlsx,8.311467285079066e-05
A123_094,25C,90,2.528306245803833,0.0,2.3857662677764893,-2.4998535498053625,-0.0,1,24.0,0.0,0.0,2.8855350017547607,10_07_13_1C_Cycle.xlsx,0.0
A123_094,25C,120,2.5602521896362305,0.0,2.3920905590057373,-2.4997423280749405,-0.0,1,24.0,0.0,0.0,2.8855350017547607,9_16_13_1C_Cycle.xlsx,0.000297607632303372
A123_094,25C,60,2.4770631790161133,0.0,2.3859283924102783,-2.499861546322308,-0.0,1,24.0,0.0,0.0,2.8855350017547607,10_07_13_1C_Cycle.xlsx,0.0
A123_094,25C,90,4.0477614402771,1.0,4.067058563232422,2.3309944263420816,0.0,1,24.0,0.0,0.0,2.8855350017547607,9_25_13_1C_Cycle.xlsx,0.000303551983549355
A123_094,25C,90,2.5266847610473637,0.0,2.3732798099517822,-2.4997505375317166,-0.039052377828575,1,24.0,0.0,0.0,2.8855350017547607,10_16_13_1C_Cycle.xlsx,0.0
A123_094,25C,60,2.511441469192505,0.0,2.4666848182678223,-2.4996937414010367,-0.0,1,24.0,0.0,0.0,2.8855350017547607,7_11_13_1C_Cycle.xlsx,0.0019323171681025612
A123_094,25C,150,4.033329010009766,1.0,4.066734313964844,2.3325020545696624,0.0,1,24.0,0.0,0.0,2.8855350017547607,9_16_13_1C_Cycle.xlsx,0.0
A123_094,25C,120,4.039653301239014,1.0,4.066572189331055,2.327727064552928,0.0,1,24.0,0.0,0.0,2.8855350017547607,11_6_13_1C_Cycle.xlsx,0.0020965871560036423
A123_094,25C,120,4.039977550506592,1.0,4.067058563232422,2.332156955401917,0.0,1,24.0,0.0,0.0,2.8855350017547607,9_16_13_1C_Cycle.xlsx,0.0
A123_094,25C,120,4.039491176605225,1.0,4.066896438598633,2.317487435877323,0.0,1,24.0,0.0,0.0,2.8855350017547607,8_12_13_1C_Cycle.xlsx,0.0
A123_094,25C,120,4.044355869293213,1.0,4.068193912506104,2.3396126570408806,0.0,1,24.0,0.0,0.0,2.8855350017547607,2_20_14_1C_Cycle.xlsx,0.0
A123_094,25C,30,4.070464134216309,1.0,4.070464134216309,2.3422254104262743,0.0,1,24.0,0.0,0.0,2.8855350017547607,12_13_13_1C_Cycle.xlsx,0.0
A123_094,25C,60,2.479657888412476,0.0,2.3966310024261475,-2.4998093221941566,-0.0,1,24.0,0.0,0.0,2.8855350017547607,8_1_13_1C_Cycle.xlsx,0.0010748283546903744
A123_094,25C,60,4.056680202484131,1.0,4.067220687866211,2.3319555449559064,0.0,1,24.0,0.0,0.0,2.8855350017547607,9_16_13_1C_Cycle.xlsx,0.0008080933521479848
A123_094,25C,30,2.42030668258667,0.0,2.42030668258667,-2.4996951885943144,-0.0,1,24.0,0.0,0.0,2.8855350017547607,2_4_14_1C_Cycle.xlsx,0.002141260395765915
A123_094,25C,60,2.4799821376800537,0.0,2.3943607807159424,-2.4997367589370065,-0.0,1,24.0,0.0,0.0,2.8855350017547607,8_29_13_1C_Cycle.xlsx,0.0003721737766014644
A123_094,25C,30,2.380090475082397,0.0,2.380090475082397,-2.499902214322771,-0.0,1,24.0,0.0,0.0,2.8855350017547607,10_16_13_1C_Cycle.xlsx,4.160405182424322e-05
A123_094,25C,150,4.038355827331543,1.0,4.069004535675049,2.344601478995913,0.0,1,24.0,0.0,0.0,2.8855350017547607,11_18_13_1C_Cycle.xlsx,5.048096863180271e-05
A123_094,25C,90,4.043869495391846,1.0,4.06884241104126,2.3438869774596305,0.0,1,24.0,0.0,0.0,2.8855350017547607,12_13_13_1C_Cycle.xlsx,0.0
A123_094,25C,30,2.3742525577545166,0.0,2.3742525577545166,-2.4999019796198065,-0.0,1,24.0,0.0,0.0,2.8855350017547607,12_13_13_1C_Cycle.xlsx,4.160405182424322e-05
A123_094,25C,30,4.0680317878723145,1.0,4.0680317878723145,2.3248805612704517,0.0,1,24.0,0.0,0.0,2.8855350017547607,12_4_13_1C_Cycle.xlsx,0.0
A123_094,25C,120,4.039166927337647,1.0,4.066247940063477,2.311302578523139,0.0,1,24.0,0.0,0.0,2.8855350017547607,10_16_13_1C_Cycle.xlsx,0.0
A123_094,25C,90,4.039977550506592,1.0,4.067058563232422,2.319537615787888,0.0,1,24.0,0.0,0.0,2.8855350017547607,8_1_13_1C_Cycle.xlsx,0.0
A123_094,25C,120,4.039491176605225,1.0,4.066896438598633,2.320167118003444,0.0,1,24.0,0.0,0.0,2.8855350017547607,8_1_13_1C_Cycle.xlsx,0.0
A123_094,25C,30,4.07030200958252,1.0,4.07030200958252,2.3434072188654187,0.0,1,24.0,0.0,0.0,2.8855350017547607,12_4_13_1C_Cycle.xlsx,0.0023850662894993164
A123_094,25C,90,4.042572021484375,1.0,4.0680317878723145,2.324973949562695,0.0,1,24.0,0.0,0.0,2.8855350017547607,12_4_13_1C_Cycle.xlsx,0.0
A123_094,25C,120,4.04030179977417,1.0,4.0673828125,2.3193942436741457,0.0,1,24.0,0.0,0.0,2.8855350017547607,8_1_13_1C_Cycle.xlsx,0.0
A123_094,25C,60,4.056680202484131,1.0,4.067544937133789,2.309849733610948,0.0,1,24.0,0.0,0.0,2.8855350017547607,12_4_13_1C_Cycle.xlsx,0.003844668473906118
A123_094,25C,120,4.041599273681641,1.0,4.067707061767578,2.331400237427872,0.0,1,24.0,0.0,0.0,2.8855350017547607,9_16_13_1C_Cycle.xlsx,0.0002687300938396793
A123_094,25C,60,4.058788299560547,1.0,4.068680286407471,2.343729460468659,0.0,1,24.0,0.0,0.0,2.8855350017547607,12_4_13_1C_Cycle.xlsx,0.0
A123_094,25C,30,2.4814414978027344,0.0,2.4814414978027344,-2.4774116655670304,-0.0,1,24.0,0.0,0.0,2.8855350017547607,11_18_13_1C_Cycle.xlsx,3.873380880485437e-05
A123_094,25C,60,2.4882524013519287,0.0,2.40376615524292,-2.499705302513252,-0.0,1,24.0,0.0,0.0,2.8855350017547607,7_17_13_1C_Cycle.xlsx,0.0014019497386912846
A123_094,25C,30,2.3812255859375,0.0,2.3812255859375,-2.4997551266206512,-0.0,1,24.0,0.0,0.0,2.8855350017547607,1_23_14_1C_Cycle.xlsx,0.00023588307290671974
A123_094,25C,150,4.035599231719971,1.0,4.0680317878723145,2.320256651621165,0.0,1,24.0,0.0,0.0,2.8855350017547607,7_19_13_1C_Cycle.xlsx,0.0003600017395264971
A123_094,25C,30,2.472036123275757,0.0,2.472036123275757,-2.4774633023002286,-0.0,1,24.0,0.0,0.0,2.8855350017547607,11_6_13_1C_Cycle.xlsx,5.442395060204309e-05
A123_094,25C,60,2.476414442062378,0.0,2.39176607131958,-2.4998510209923115,-0.0,1,24.0,0.0,0.0,2.8855350017547607,8_1_13_1C_Cycle.xlsx,0.0
A123_094,25C,90,2.534144163131714,0.0,2.395820140838623,-2.499876160140431,-0.0,1,24.0,0.0,0.0,2.8855350017547607,1_23_14_1C_Cycle.xlsx,0.0
A123_094,25C,60,2.5205225944519043,0.0,2.47009015083313,-2.4997499811238257,-0.0,1,24.0,0.0,0.0,2.8855350017547607,8_12_13_1C_Cycle.xlsx,0.0002016997606604655
A123_094,25C,120,4.040463924407959,1.0,4.066896438598633,2.321659005530502,0.0,1,24.0,0.0,0.0,2.8855350017547607,2_4_14_1C_Cycle.xlsx,3.757524269158916e-05
A123_094,25C,30,4.066410064697266,1.0,4.066410064697266,2.3129716080720306,0.0,1,24.0,0.0,0.0,2.8855350017547607,9_25_13_1C_Cycle.xlsx,0.0
A123_094,25C,90,4.0474371910095215,1.0,4.067058563232422,2.3141728565702597,0.0,1,24.0,0.0,0.0,2.8855350017547607,9_16_13_1C_Cycle.xlsx,0.0
A123_094,25C,60,2.4760901927948,0.0,2.384793281555176,-2.499843943435534,-0.0,1,24.0,0.0,0.0,2.8855350017547607,10_07_13_1C_Cycle.xlsx,0.0
A123_094,25C,120,2.565441370010376,0.0,2.3802525997161865,-2.499758011585957,-0.0,1,24.0,0.0,0.0,2.8855350017547607,12_4_13_1C_Cycle.xlsx,7.969610503072413e-05
A123_094,25C,30,4.067058563232422,1.0,4.067058563232422,2.305313720542472,0.0,1,24.0,0.0,0.0,2.8855350017547607,7_19_13_1C_Cycle.xlsx,0.008660735345114122
A123_094,25C,30,2.4757659435272217,0.0,2.4757659435272217,-2.4997920393943787,-0.0,1,24.0,0.0,0.0,2.8855350017547607,8_12_13_1C_Cycle.xlsx,4.401291855511021e-06
A123_094,25C,60,4.056031703948975,1.0,4.066572189331055,2.3132619170136137,0.0,1,24.0,0.0,0.0,2.8855350017547607,10_07_13_1C_Cycle.xlsx,3.6989514066857395e-05
A123_094,25C,30,4.066896438598633,1.0,4.066896438598633,2.31434324468539,0.0,1,24.0,0.0,0.0,2.8855350017547607,9_16_13_1C_Cycle.xlsx,0.0
A123_094,25C,120,4.040139675140381,1.0,4.067058563232422,2.3142213433738648,0.0,1,24.0,0.0,0.0,2.8855350017547607,9_16_13_1C_Cycle.xlsx,0.0
A123_094,25C,60,2.4820902347564697,0.0,2.387549877166748,-2.4998181906613435,-0.0,1,24.0,0.0,0.0,2.8855350017547607,12_4_13_1C_Cycle.xlsx,3.8049713994845817e-06
A123_094,25C,60,2.47446870803833,0.0,2.386739015579224,-2.499830994112738,-0.0,1,24.0,0.0,0.0,2.8855350017547607,8_12_13_1C_Cycle.xlsx,8.021918851438649e-05
A123_094,25C,120,2.5729007720947266,0.0,2.4138200283050537,-2.4996908947273537,-0.0,1,24.0,0.0,0.0,2.8855350017547607,2_4_14_1C_Cycle.xlsx,0.0
A123_094,25C,150,4.031869411468506,1.0,4.066572189331055,2.3133685215696937,0.0,1,24.0,0.0,0.0,2.8855350017547607,9_25_13_1C_Cycle.xlsx,0.0
A123_094,25C,60,4.056193828582764,1.0,4.066734313964844,2.3129805215313786,0.0,1,24.0,0.0,0.0,2.8855350017547607,9_25_13_1C_Cycle.xlsx,0.00021195618308406921
A123_094,25C,30,2.3723068237304688,0.0,2.3723068237304688,-2.499660339511809,-0.0,1,24.0,0.0,0.0,2.8855350017547607,7_3_13_1C_Cycle.xlsx,0.0
A123_094,25C,60,4.056355953216553,1.0,4.066734313964844,2.321457881772,0.0,1,24.0,0.0,0.0,2.8855350017547607,2_4_14_1C_Cycle.xlsx,0.0003869481153458143
A123_094,25C,60,2.4833874702453613,0.0,2.397117376327514,-2.499853049153867,-0.0,1,24.0,0.0,0.0,2.8855350017547607,8_29_13_1C_Cycle.xlsx,0.00013553629694341984
A123_094,25C,60,2.5276577472686768,0.0,2.476414442062378,-2.477808049956557,-0.0,1,24.0,0.0,0.0,2.8855350017547607,10_07_13_1C_Cycle.xlsx,4.18870010101365e-05
A123_094,25C,90,2.528144121170044,0.0,2.370847225189209,-2.499751496959377,-0.0,1,24.0,0.0,0.0,2.8855350017547607,11_6_13_1C_Cycle.xlsx,0.00017340856978562754
A123_094,25C,90,4.047112941741943,1.0,4.067058563232422,2.2944181184989936,0.0,1,24.0,0.0,0.0,2.8855350017547607,7_5_13_1C_Cycle.xlsx,0.006495911202836567
A123_094,25C,120,2.556360244750977,0.0,2.398090362548828,-2.4998031375754595,-0.0,1,24.0,0.0,0.0,2.8855350017547607,8_1_13_1C_Cycle.xlsx,0.0015176085724469088
A123_094,25C,90,4.046950817108154,1.0,4.066734313964844,2.3130382692105456,0.0,1,24.0,0.0,0.0,2.8855350017547607,9_25_13_1C_Cycle.xlsx,0.0
A123_094,25C,120,4.042247772216797,1.0,4.067869663238525,2.3248177781322243,0.0,1,24.0,0.0,0.0,2.8855350017547607,12_4_13_1C_Cycle.xlsx,0.0
A123_094,25C,30,4.067058563232422,1.0,4.067058563232422,2.3333711301287017,0.0,1,24.0,0.0,0.0,2.8855350017547607,8_29_13_1C_Cycle.xlsx,0.0009476154806783287
A123_094,25C,30,4.066410064697266,1.0,4.066410064697266,2.316676195470556,0.0,1,24.0,0.0,0.0,2.8855350017547607,8_12_13_1C_Cycle.xlsx,0.000194052355014871
A123_094,25C,30,2.3812255859375,0.0,2.3812255859375,-2.499789577669802,-0.0,1,24.0,0.0,0.0,2.8855350017547607,9_25_13_1C_Cycle.xlsx,0.00023944693232287747
A123_094,25C,90,4.046950817108154,1.0,4.066734313964844,2.3134292571759616,0.0,1,24.0,0.0,0.0,2.8855350017547607,10_07_13_1C_Cycle.xlsx,0.0
A123_094,25C,30,4.067544937133789,1.0,4.067544937133789,2.324445311776084,0.0,1,24.0,0.0,0.0,2.8855350017547607,12_13_13_1C_Cycle.xlsx,0.00027393530892888237
A123_094,25C,30,4.067707061767578,1.0,4.067707061767578,2.3259891426285444,0.0,1,24.0,0.0,0.0,2.8855350017547607,12_13_13_1C_Cycle.xlsx,0.00027393530892888237
A123_094,25C,30,4.069004535675049,1.0,4.069004535675049,2.3446382182508203,0.0,1,24.0,0.0,0.0,2.8855350017547607,11_18_13_1C_Cycle.xlsx,0.0011944376251010519
A123_094,25C,60,2.5297658443450928,0.0,2.47446870803833,-2.499742616306652,-0.0,1,24.0,0.0,0.0,2.8855350017547607,12_13_13_1C_Cycle.xlsx,0.0007705686154861012
A123_094,25C,150,4.03251838684082,1.0,4.066896438598633,2.3054280581418425,0.0,1,24.0,0.0,0.0,2.8855350017547607,7_17_13_1C_Cycle.xlsx,0.0005605125260785661
A123_094,25C,30,2.4854955673217773,0.0,2.4854955673217773,-2.4767790073130054,-0.0,1,24.0,0.0,0.0,2.8855350017547607,2_4_14_1C_Cycle.xlsx,0.0
A123_094,25C,60,4.056355953216553,1.0,4.067058563232422,2.3176869381666183,0.0,1,24.0,0.0,0.0,2.8855350017547607,8_12_13_1C_Cycle.xlsx,0.0
A123_094,25C,60,2.473982095718384,0.0,2.3865768909454346,-2.499770234371054,-0.0,1,24.0,0.0,0.0,2.8855350017547607,8_12_13_1C_Cycle.xlsx,0.00030649062744428997
A123_094,25C,60,2.47754979133606,0.0,2.3844687938690186,-2.4998647449290856,-0.0,1,24.0,0.0,0.0,2.8855350017547607,9_25_13_1C_Cycle.xlsx,0.0
A123_094,25C,60,4.055058479309082,1.0,4.066085815429688,2.3137016996252733,0.0,1,24.0,0.0,0.0,2.8855350017547607,9_25_13_1C_Cycle.xlsx,0.0
A123_094,25C,30,4.067869663238525,1.0,4.067869663238525,2.325241931098497,0.0,1,24.0,0.0,0.0,2.8855350017547607,12_4_13_1C_Cycle.xlsx,0.0
A123_094,25C,30,4.067707061767578,1.0,4.067707061767578,2.319041334419397,0.0,1,24.0,0.0,0.0,2.8855350017547607,3_4_14_1C_Cycle.xlsx,0.0003576157668806019
A123_094,25C,30,4.0680317878723145,1.0,4.0680317878723145,2.334693940356374,0.0,1,24.0,0.0,0.0,2.8855350017547607,8_12_13_1C_Cycle.xlsx,0.004483959796724243
A123_094,25C,30,4.067220687866211,1.0,4.067220687866211,2.3158282441717963,0.0,1,24.0,0.0,0.0,2.8855350017547607,8_29_13_1C_Cycle.xlsx,0.005096666096812001
A123_094,25C,60,4.066247940063477,1.0,4.072896480560303,0.7073385454714298,0.0,1,24.0,0.0,1.0,3.553644180297852,7_15_13_1C_Cycle.xlsx,0.9383045889767179
A123_094,25C,60,4.057166576385498,1.0,4.067544937133789,2.3388430885640923,0.0,1,24.0,0.0,0.0,2.8855350017547607,3_4_14_1C_Cycle.xlsx,0.0007886739924037611
A123_094,25C,30,2.4730091094970703,0.0,2.4730091094970703,-2.477379071881768,-0.0,1,24.0,0.0,0.0,2.8855350017547607,12_13_13_1C_Cycle.xlsx,5.442395060204309e-05
A123_094,25C,150,4.0430588722229,1.0,4.071599006652832,2.353114661037922,0.0,1,24.0,0.0,0.0,2.8855350017547607,7_24_13_1C_Cycle.xlsx,0.0
A123_094,25C,90,2.523765802383423,0.0,2.389657974243164,-2.4996705589623285,-0.0,1,24.0,0.0,0.0,2.8855350017547607,8_12_13_1C_Cycle.xlsx,0.0
A123_094,25C,60,2.495063066482544,0.0,2.41138768196106,-2.4997026081438416,-0.0,1,24.0,0.0,0.0,2.8855350017547607,2_4_14_1C_Cycle.xlsx,0.005723835846539835
A123_094,25C,120,4.044517993927002,1.0,4.069166660308838,2.3441467174028947,0.0,1,24.0,0.0,0.0,2.8855350017547607,11_18_13_1C_Cycle.xlsx,0.0
A123_094,25C,90,4.0514912605285645,1.0,4.069490909576416,2.3370987191086723,0.0,1,24.0,0.0,0.0,2.8855350017547607,7_24_13_1C_Cycle.xlsx,0.0
A123_094,25C,120,4.036409854888916,1.0,4.067869663238525,2.323410679323551,0.0,1,24.0,0.0,0.0,2.8855350017547607,1_23_14_1C_Cycle.xlsx,0.0
A123_094,25C,60,4.057653427124023,1.0,4.0680317878723145,2.323469362452499,0.0,1,24.0,0.0,0.0,2.8855350017547607,1_23_14_1C_Cycle.xlsx,0.00041071216583834743
A123_094,25C,150,4.038193702697754,1.0,4.06884241104126,2.344580047653388,0.0,1,24.0,0.0,0.0,2.8855350017547607,11_18_13_1C_Cycle.xlsx,0.0
A123_094,25C,120,4.041437149047852,1.0,4.067544937133789,2.32425849700076,0.0,1,24.0,0.0,0.0,2.8855350017547607,1_23_14_1C_Cycle.xlsx,0.0
A123_094,25C,150,4.032842636108398,1.0,4.066572189331055,2.3117924030285235,0.0,1,24.0,0.0,0.0,2.8855350017547607,10_16_13_1C_Cycle.xlsx,0.0
A123_094,25C,30,2.4691171646118164,0.0,2.4691171646118164,-2.4783803041751744,-0.0,1,24.0,0.0,0.0,2.8855350017547607,8_12_13_1C_Cycle.xlsx,0.0
A123_094,25C,30,2.3881986141204834,0.0,2.3881986141204834,-2.499884434466092,-0.0,1,24.0,0.0,0.0,2.8855350017547607,3_4_14_1C_Cycle.xlsx,8.284726725208904e-05
A123_094,25C,90,2.542089939117432,0.0,2.4138200283050537,-2.4997143237679094,-0.0330199780431488,1,24.0,0.0,0.0,2.8855350017547607,2_4_14_1C_Cycle.xlsx,0.0
A123_094,25C,60,2.5270090103149414,0.0,2.4715497493743896,-2.499726333788463,-0.0,1,24.0,0.0,0.0,2.8855350017547607,10_16_13_1C_Cycle.xlsx,0.0
A123_094,25C,30,2.3716580867767334,0.0,2.3716580867767334,-2.4995650436197008,-0.0,1,24.0,0.0,0.0,2.8855350017547607,10_16_13_1C_Cycle.xlsx,0.0
A123_094,25C,120,2.553603410720825,0.0,2.385117530822754,-2.499746865239637,-0.0,1,24.0,0.0,0.0,2.8855350017547607,8_12_13_1C_Cycle.xlsx,0.00011738517448837518
A123_094,25C,30,2.4780361652374268,0.0,2.387387752532959,-2.4997775490219527,-0.0362625917413868,1,24.0,0.0,0.0,2.8855350017547607,11_18_13_1C_Cycle.xlsx,0.0005575057190246388
A123_094,25C,60,2.4863064289093018,0.0,2.3924148082733154,-2.499919345445722,-0.0,1,24.0,0.0,0.0,2.8855350017547607,2_4_14_1C_Cycle.xlsx,0.0
A123_094,25C,30,4.067058563232422,1.0,4.067058563232422,2.327793899328769,0.0,1,24.0,0.0,0.0,2.8855350017547607,11_6_13_1C_Cycle.xlsx,0.0018093940013092515
A123_094,25C,90,2.5247387886047363,0.0,2.381063461303711,-2.499734401702881,-0.0,1,24.0,0.0,0.0,2.8855350017547607,9_16_13_1C_Cycle.xlsx,0.00028061653990639224
A123_094,25C,90,4.052788257598877,1.0,4.0701398849487305,2.3425682332271185,0.0,1,24.0,0.0,0.0,2.8855350017547607,12_13_13_1C_Cycle.xlsx,0.0009058538843337684
A123_094,25C,60,2.5231170654296875,0.0,2.467819929122925,-2.4778429259936194,-0.0,1,24.0,0.0,0.0,2.8855350017547607,9_25_13_1C_Cycle.xlsx,4.18870010101365e-05
A123_094,25C,30,2.479657888412476,0.0,2.395820140838623,-2.4996456121787047,-0.0335398534757809,1,24.0,0.0,0.0,2.8855350017547607,8_1_13_1C_Cycle.xlsx,0.026470668184575025
A123_094,25C,60,4.056355953216553,1.0,4.067058563232422,2.315647563566604,0.0,1,24.0,0.0,0.0,2.8855350017547607,8_29_13_1C_Cycle.xlsx,4.410060527003809e-05
A123_094,25C,30,4.072896480560303,1.0,4.072896480560303,0.7073385454714298,0.0,1,24.0,0.0,1.0,3.553644180297852,7_15_13_1C_Cycle.xlsx,0.9226280474166109
A123_094,25C,60,2.4799821376800537,0.0,2.3924148082733154,-2.499767773860209,-0.0,1,24.0,0.0,0.0,2.8855350017547607,11_18_13_1C_Cycle.xlsx,0.000306782908063006
A123_094,25C,90,4.051004409790039,1.0,4.069004535675049,2.343473090766332,0.0,1,24.0,0.0,0.0,2.8855350017547607,12_4_13_1C_Cycle.xlsx,0.000500810287514485
A123_094,25C,30,4.066572189331055,1.0,4.066572189331055,2.331024300214673,0.0,1,24.0,0.0,0.0,2.8855350017547607,10_07_13_1C_Cycle.xlsx,0.00043300801231001545
A123_094,25C,90,4.047923564910889,1.0,4.0673828125,2.3170682701468466,0.0,1,24.0,0.0,0.0,2.8855350017547607,8_1_13_1C_Cycle.xlsx,0.0011434300364451108
A123_094,25C,60,2.533657550811768,0.0,2.4816036224365234,-2.4998794761272745,-0.0,1,24.0,0.0,0.0,2.8855350017547607,1_23_14_1C_Cycle.xlsx,0.00040166003018508677
A123_094,25C,30,2.384630918502808,0.0,2.384630918502808,-2.499738546686435,-0.0,1,24.0,0.0,0.0,2.8855350017547607,1_23_14_1C_Cycle.xlsx,0.0003048378008613359
A123_094,25C,90,4.049707412719727,1.0,4.068193912506104,2.327494828515694,0.0,1,24.0,0.0,0.0,2.8855350017547607,11_18_13_1C_Cycle.xlsx,0.00184126924683829
A123_094,25C,30,2.386901378631592,0.0,2.386901378631592,-2.499740633471258,-0.0,1,24.0,0.0,0.0,2.8855350017547607,8_12_13_1C_Cycle.xlsx,0.00046222837048511694
A123_094,25C,90,2.5271711349487305,0.0,2.393387794494629,-2.4997461878735088,-0.0,1,24.0,0.0,0.0,2.8855350017547607,8_29_13_1C_Cycle.xlsx,0.0003457658022275625
A123_094,25C,120,4.044355869293213,1.0,4.069004535675049,2.3443763642492943,0.0,1,24.0,0.0,0.0,2.8855350017547607,11_18_13_1C_Cycle.xlsx,0.0003158314873081914
A123_094,25C,90,2.526522397994995,0.0,2.399387836456299,-2.4996654845900457,-0.0,1,24.0,0.0,0.0,2.8855350017547607,7_24_13_1C_Cycle.xlsx,0.0
A123_094,25C,90,4.048085689544678,1.0,4.066896438598633,2.319432747076478,0.0,1,24.0,0.0,0.0,2.8855350017547607,3_4_14_1C_Cycle.xlsx,0.0
A123_094,25C,150,4.039329051971436,1.0,4.06884241104126,2.3393575275937715,0.0,1,24.0,0.0,0.0,2.8855350017547607,2_20_14_1C_Cycle.xlsx,0.0
A123_094,25C,30,2.479657888412476,0.0,2.479657888412476,-2.499911952437016,-0.0,1,24.0,0.0,0.0,2.8855350017547607,9_16_13_1C_Cycle.xlsx,0.0
A123_094,25C,60,2.448036193847656,0.0,2.3632256984710693,-2.499761051818973,-0.0,1,24.0,0.0,0.0,2.8855350017547607,7_3_13_1C_Cycle.xlsx,0.0001942620782028232
A123_094,25C,60,4.0558695793151855,1.0,4.066410064697266,2.3281916840111507,0.0,1,24.0,0.0,0.0,2.8855350017547607,11_6_13_1C_Cycle.xlsx,0.0
A123_094,25C,30,2.483874082565308,0.0,2.483874082565308,-2.476717095345655,-0.0,1,24.0,0.0,0.0,2.8855350017547607,3_4_14_1C_Cycle.xlsx,0.0
A123_094,25C,150,4.033166885375977,1.0,4.067058563232422,2.3171564294099807,0.0,1,24.0,0.0,0.0,2.8855350017547607,8_12_13_1C_Cycle.xlsx,0.0
A123_094,25C,60,4.056680202484131,1.0,4.067058563232422,2.319702218433744,0.0,1,24.0,0.0,0.0,2.8855350017547607,3_4_14_1C_Cycle.xlsx,0.0
A123_094,25C,90,2.5253872871398926,0.0,2.3901445865631104,-2.4997210461160413,-0.0,1,24.0,0.0,0.0,2.8855350017547607,8_29_13_1C_Cycle.xlsx,0.00023416933937410895
A123_094,25C,30,2.445441722869873,0.0,2.445441722869873,-2.499681380169451,-0.0,1,24.0,0.0,0.0,2.8855350017547607,7_5_13_1C_Cycle.xlsx,0.004302625643729277
A123_094,25C,60,4.057328701019287,1.0,4.067544937133789,2.318859028384874,0.0,1,24.0,0.0,0.0,2.8855350017547607,3_4_14_1C_Cycle.xlsx,0.0006674471584644907
A123_094,25C,60,4.056193828582764,1.0,4.066734313964844,2.330865983320169,0.0,1,24.0,0.0,0.0,2.8855350017547607,10_07_13_1C_Cycle.xlsx,9.630966918381372e-05
A123_094,25C,60,4.060572147369385,1.0,4.069977760314941,2.3433949517370283,0.0,1,24.0,0.0,0.0,2.8855350017547607,11_6_13_1C_Cycle.xlsx,0.00116665202781256
A123_094,25C,120,4.039329051971436,1.0,4.066410064697266,2.31121299003274,0.0,1,24.0,0.0,0.0,2.8855350017547607,10_16_13_1C_Cycle.xlsx,0.0
A123_094,25C,120,4.044355869293213,1.0,4.0680317878723145,2.339821883460932,0.0,1,24.0,0.0,0.0,2.8855350017547607,2_20_14_1C_Cycle.xlsx,0.0
A123_094,25C,60,4.056518077850342,1.0,4.067058563232422,2.328194734491721,0.0,1,24.0,0.0,0.0,2.8855350017547607,11_6_13_1C_Cycle.xlsx,0.0001176560438475105
A123_094,25C,60,4.0557074546813965,1.0,4.066572189331055,2.294029382763036,0.0,1,24.0,0.0,0.0,2.8855350017547607,7_5_13_1C_Cycle.xlsx,0.0
A123_094,25C,150,4.042896747589111,1.0,4.071436882019043,2.3529296525120733,0.0,1,24.0,0.0,0.0,2.8855350017547607,7_24_13_1C_Cycle.xlsx,0.00925737881157495
A123_094,25C,30,4.069004535675049,1.0,4.069004535675049,2.344831130388429,0.0,1,24.0,0.0,0.0,2.8855350017547607,11_18_13_1C_Cycle.xlsx,0.0011944376251010519
A123_094,25C,60,4.0557074546813965,1.0,4.066247940063477,2.31340408813758,0.0,1,24.0,0.0,0.0,2.8855350017547607,10_07_13_1C_Cycle.xlsx,0.0
A123_094,25C,60,2.4877657890319824,0.0,2.3945229053497314,-2.499574731503214,-0.0,1,24.0,0.0,0.0,2.8855350017547607,10_16_13_1C_Cycle.xlsx,0.0
A123_094,25C,30,2.383009433746338,0.0,2.383009433746338,-2.499767187422356,-0.0,1,24.0,0.0,0.0,2.8855350017547607,10_07_13_1C_Cycle.xlsx,0.00023944693232287747
A123_094,25C,90,2.523603677749634,0.0,2.40230655670166,-2.4995781991441373,-0.0,1,24.0,0.0,0.0,2.8855350017547607,7_24_13_1C_Cycle.xlsx,0.000916248795235505
A123_094,25C,120,2.5732250213623047,0.0,2.3924148082733154,-2.499919345445722,-0.0,1,24.0,0.0,0.0,2.8855350017547607,2_4_14_1C_Cycle.xlsx,0.0
A123_094,25C,30,2.39776611328125,0.0,2.39776611328125,-2.499721493039812,-0.0,1,24.0,0.0,0.0,2.8855350017547607,7_19_13_1C_Cycle.xlsx,0.001361323775683039
A123_094,25C,120,4.039977550506592,1.0,4.066734313964844,2.3308271557585267,0.0,1,24.0,0.0,0.0,2.8855350017547607,10_07_13_1C_Cycle.xlsx,0.0
A123_094,25C,150,4.033004760742188,1.0,4.067058563232422,2.317750533103943,0.0,1,24.0,0.0,0.0,2.8855350017547607,8_12_13_1C_Cycle.xlsx,0.0
A123_094,25C,120,4.045004844665527,1.0,4.069328784942627,2.3385381590771046,0.0,1,24.0,0.0,0.0,2.8855350017547607,3_4_14_1C_Cycle.xlsx,0.0
A123_094,25C,60,4.059274673461914,1.0,4.069166660308838,2.344500427023839,0.0,1,24.0,0.0,0.0,2.8855350017547607,11_18_13_1C_Cycle.xlsx,0.00015180627626866676
A123_094,25C,120,2.561063051223755,0.0,2.3967931270599365,-2.499689632707888,-0.0,1,24.0,0.0,0.0,2.8855350017547607,11_18_13_1C_Cycle.xlsx,0.0007086009179122601
A123_094,25C,120,2.573062896728516,0.0,2.3881986141204834,-2.499884434466092,-0.0,1,24.0,0.0,0.0,2.8855350017547607,3_4_14_1C_Cycle.xlsx,0.0
A123_094,25C,60,4.05684232711792,1.0,4.0673828125,2.329524971048037,0.0,1,24.0,0.0,0.0,2.8855350017547607,9_25_13_1C_Cycle.xlsx,0.008159959161698434
A123_094,25C,90,4.047112941741943,1.0,4.066734313964844,2.3129420031900287,0.0,1,24.0,0.0,0.0,2.8855350017547607,9_25_13_1C_Cycle.xlsx,0.0
A123_094,25C,30,2.4666848182678223,0.0,2.4666848182678223,-2.4996937414010367,-0.0,1,24.0,0.0,0.0,2.8855350017547607,7_11_13_1C_Cycle.xlsx,0.0014285133694985541
A123_094,25C,60,2.526198148727417,0.0,2.474144220352173,-2.499725605534241,-0.0,1,24.0,0.0,0.0,2.8855350017547607,10_07_13_1C_Cycle.xlsx,0.0
A123_094,25C,90,4.047923564910889,1.0,4.0673828125,2.317318363904953,0.0,1,24.0,0.0,0.0,2.8855350017547607,8_12_13_1C_Cycle.xlsx,0.0012907043609529506
A123_094,25C,60,2.520035982131958,0.0,2.4691171646118164,-2.4783803041751744,-0.0,1,24.0,0.0,0.0,2.8855350017547607,8_12_13_1C_Cycle.xlsx,4.785977466715612e-05
A123_094,25C,150,4.033653259277344,1.0,4.066896438598633,2.331331913505704,0.0,1,24.0,0.0,0.0,2.8855350017547607,10_07_13_1C_Cycle.xlsx,0.0
A123_094,25C,60,4.056518077850342,1.0,4.066896438598633,2.319432747076478,0.0,1,24.0,0.0,0.0,2.8855350017547607,3_4_14_1C_Cycle.xlsx,2.9162889734985594e-05
A123_094,25C,150,4.032680511474609,1.0,4.066247940063477,2.313384832112027,0.0,1,24.0,0.0,0.0,2.8855350017547607,10_07_13_1C_Cycle.xlsx,0.0
A123_094,25C,30,2.385279655456543,0.0,2.385279655456543,-2.49990033453161,-0.0,1,24.0,0.0,0.0,2.8855350017547607,12_4_13_1C_Cycle.xlsx,4.160405182424322e-05
A123_094,25C,150,4.039491176605225,1.0,4.069490909576416,2.338332123400872,0.0,1,24.0,0.0,0.0,2.8855350017547607,3_4_14_1C_Cycle.xlsx,0.0
A123_094,25C,30,4.066572189331055,1.0,4.066572189331055,2.313128641027896,0.0,1,24.0,0.0,0.0,2.8855350017547607,10_07_13_1C_Cycle.xlsx,4.922825332347347e-05
A123_094,25C,30,4.067058563232422,1.0,4.067058563232422,2.332376186048887,0.0,1,24.0,0.0,0.0,2.8855350017547607,9_16_13_1C_Cycle.xlsx,0.0009476154806783287
A123_094,25C,150,4.0343017578125,1.0,4.067058563232422,2.319358255060618,0.0,1,24.0,0.0,0.0,2.8855350017547607,3_4_14_1C_Cycle.xlsx,0.0
A123_094,25C,90,4.045491218566895,1.0,4.069977760314941,2.342997513393052,0.0,1,24.0,0.0,0.0,2.8855350017547607,12_4_13_1C_Cycle.xlsx,0.0001264086896499796
A123_094,25C,60,4.05976152420044,1.0,4.069166660308838,2.3400766531410424,0.0,1,24.0,0.0,0.0,2.8855350017547607,2_4_14_1C_Cycle.xlsx,0.0009256456091006257
A123_094,25C,60,2.4798200130462646,0.0,2.39322566986084,-2.499728060605233,-0.0346415054301781,1,24.0,0.0,0.0,2.8855350017547607,9_16_13_1C_Cycle.xlsx,0.003924780016659175
A123_094,25C,60,2.5109550952911377,0.0,2.4566307067871094,-2.4793411571394306,-0.0,1,24.0,0.0,0.0,2.8855350017547607,7_3_13_1C_Cycle.xlsx,1.5736752073211887e-05
A123_094,25C,90,4.040950775146484,1.0,4.0673828125,2.3244314087379694,0.0,1,24.0,0.0,0.0,2.8855350017547607,12_13_13_1C_Cycle.xlsx,0.0
A123_094,25C,60,2.5021982192993164,0.0,2.4047391414642334,-2.4998347103048904,-0.0,1,24.0,0.0,0.0927144074875381,2.935471040997363,12_4_13_1C_Cycle.xlsx,0.02349540665237083
A123_094,25C,150,4.03251838684082,1.0,4.066734313964844,2.30534478178015,0.0,1,24.0,0.0,0.0,2.8855350017547607,7_19_13_1C_Cycle.xlsx,0.0006130575961728741
A123_094,25C,150,4.03251838684082,1.0,4.066410064697266,2.311345881728594,0.0,1,24.0,0.0,0.0,2.8855350017547607,10_16_13_1C_Cycle.xlsx,0.0
A123_094,25C,150,4.033004760742188,1.0,4.066734313964844,2.319883184773581,0.0,1,24.0,0.0,0.0,2.8855350017547607,8_1_13_1C_Cycle.xlsx,0.0
A123_094,25C,120,4.039653301239014,1.0,4.066896438598633,2.317871941924095,0.0,1,24.0,0.0,0.0,2.8855350017547607,8_12_13_1C_Cycle.xlsx,0.0017918035308030853
A123_094,25C,120,2.559279203414917,0.0,2.389171600341797,-2.499769399831961,-0.0,1,24.0,0.0,0.0,2.8855350017547607,11_18_13_1C_Cycle.xlsx,0.00015947820448035561
A123_094,25C,30,2.421603918075561,0.0,2.421603918075561,-2.499682887692318,-0.0,1,24.0,0.0,0.0,2.8855350017547607,2_20_14_1C_Cycle.xlsx,0.002188100730998851
A123_094,25C,90,4.048085689544678,1.0,4.067220687866211,2.3331507601873662,0.0,1,24.0,0.0,0.0,2.8855350017547607,8_29_13_1C_Cycle.xlsx,0.0006663560618677577
A123_094,25C,30,4.067058563232422,1.0,4.067058563232422,2.3158311578294923,0.0,1,24.0,0.0,0.0,2.8855350017547607,8_29_13_1C_Cycle.xlsx,0.0
A123_094,25C,30,4.066247940063477,1.0,4.066247940063477,2.3115459656542985,0.0,1,24.0,0.0,0.0,2.8855350017547607,10_16_13_1C_Cycle.xlsx,0.0
A123_094,25C,60,4.056680202484131,1.0,4.0673828125,2.3172301446199417,0.0,1,24.0,0.0,0.0,2.8855350017547607,8_1_13_1C_Cycle.xlsx,0.0019265718075104931
A123_094,25C,30,4.067220687866211,1.0,4.067220687866211,2.3217319338105797,0.0,1,24.0,0.0,0.0,2.8855350017547607,7_24_13_1C_Cycle.xlsx,0.0005362838223072584
A123_094,25C,30,4.068356037139893,1.0,4.068356037139893,2.320344860628834,0.0,1,24.0,0.0,0.0,2.8855350017547607,7_24_13_1C_Cycle.xlsx,0.012982557940341621
A123_094,25C,90,2.523765802383423,0.0,2.4026310443878174,-2.4996823415917864,-0.0,1,24.0,0.0,0.0,2.8855350017547607,7_24_13_1C_Cycle.xlsx,0.002482985033276952
A123_094,25C,90,2.528630495071411,0.0,2.3987390995025635,-2.4996896030522198,-0.0,1,24.0,0.0,0.0,2.8855350017547607,7_17_13_1C_Cycle.xlsx,0.001245331027095176
A123_094,25C,60,4.057491302490234,1.0,4.067707061767578,2.325947799798796,0.0,1,24.0,0.0,0.0,2.8855350017547607,12_13_13_1C_Cycle.xlsx,0.000714890467097315
A123_094,25C,90,4.047599315643311,1.0,4.067058563232422,2.3175437844991684,0.0,1,24.0,0.0,0.0,2.8855350017547607,8_1_13_1C_Cycle.xlsx,0.0002976826579376365
A123_094,25C,150,4.052139759063721,1.0,4.072896480560303,0.7073385454714298,0.0,1,24.0,0.0,1.0,3.553644180297852,7_15_13_1C_Cycle.xlsx,0.984893084389979
A123_094,25C,90,4.053275108337402,1.0,4.070464134216309,2.3422254104262743,0.0,1,24.0,0.0,0.0,2.8855350017547607,12_13_13_1C_Cycle.xlsx,0.001537431222455452
A123_094,25C,150,4.035437107086182,1.0,4.067544937133789,2.324463906960609,0.0,1,24.0,0.0,0.0,2.8855350017547607,1_23_14_1C_Cycle.xlsx,0.0
A123_094,25C,30,4.067869663238525,1.0,4.067869663238525,2.3241442479511614,0.0,1,24.0,0.0,0.0,2.8855350017547607,1_23_14_1C_Cycle.xlsx,0.0
A123_094,25C,120,2.568522453308105,0.0,2.403928279876709,-2.49971328940347,-0.0,1,24.0,0.0,0.0,2.8855350017547607,3_4_14_1C_Cycle.xlsx,0.0012581360301342197
A123_094,25C,120,4.04484224319458,1.0,4.069004535675049,2.34323223024352,0.0,1,24.0,0.0,0.0881340440509348,2.932696159797668,12_13_13_1C_Cycle.xlsx,0.011775542113636758
A123_094,25C,60,2.5270090103149414,0.0,2.478360414505005,-2.499743913349352,-0.0,1,24.0,0.0,0.0,2.8855350017547607,9_16_13_1C_Cycle.xlsx,0.0007705686154861012
A123_094,25C,60,2.476414442062378,0.0,2.387063503265381,-2.499724890056409,-0.0,1,24.0,0.0,0.0,2.8855350017547607,9_16_13_1C_Cycle.xlsx,0.00014109665042123082
A123_094,25C,30,4.067544937133789,1.0,4.067544937133789,2.3304942286581047,0.0,1,24.0,0.0,0.0,2.8855350017547607,9_16_13_1C_Cycle.xlsx,0.0105091582972769
A123_094,25C,60,4.056518077850342,1.0,4.066896438598633,2.330158830371996,0.0,1,24.0,0.0,0.0673531844196503,2.9214887298513648,9_25_13_1C_Cycle.xlsx,0.008291233517715836
A123_094,25C,30,2.47754979133606,0.0,2.47754979133606,-2.499738546686435,-0.0,1,24.0,0.0,0.0,2.8855350017547607,1_23_14_1C_Cycle.xlsx,0.0006218664121453558
A123_094,25C,120,4.033329010009766,1.0,4.066734313964844,2.315449341650932,0.0,1,24.0,0.0,0.0,2.8855350017547607,8_29_13_1C_Cycle.xlsx,0.0027653184684376026
A123_094,25C,90,2.5245766639709477,0.0,2.3927390575408936,-2.4990572603339825,-0.0,1,24.0,0.0,0.0,2.8855350017547607,8_12_13_1C_Cycle.xlsx,0.0
A123_094,25C,60,2.52571177482605,0.0,2.4777119159698486,-2.4781658372566797,-0.0,1,24.0,0.0,0.0,2.8855350017547607,8_29_13_1C_Cycle.xlsx,4.18870010101365e-05
A123_094,25C,120,4.039653301239014,1.0,4.066896438598633,2.3158734103123986,0.0,1,24.0,0.0,0.0,2.8855350017547607,8_29_13_1C_Cycle.xlsx,0.0016942188644988895
A123_094,25C,90,2.5785763263702397,0.0,2.447549819946289,-2.4996798465836725,-0.0,1,24.0,0.0,0.1239297544096464,2.9543819594244725,2_20_14_1C_Cycle.xlsx,0.0774265988417896
A123_094,25C,90,4.046788215637207,1.0,4.066247940063477,2.311447414300166,0.0,1,24.0,0.0,0.0,2.8855350017547607,10_16_13_1C_Cycle.xlsx,0.0
A123_094,25C,90,2.5313873291015625,0.0,2.37976622581482,-2.499777546874037,-0.0,1,24.0,0.0,0.0,2.8855350017547607,11_6_13_1C_Cycle.xlsx,0.0001653302320509215
A123_094,25C,30,4.069004535675049,1.0,4.069004535675049,2.3415963273366978,0.0,1,24.0,0.0,0.0,2.8855350017547607,1_23_14_1C_Cycle.xlsx,0.0017091461566084345
A123_094,25C,120,4.041275024414063,1.0,4.067220687866211,2.3211059958390567,0.0,1,24.0,0.0,0.0,2.8855350017547607,2_4_14_1C_Cycle.xlsx,0.00013480597424871585
A123_094,25C,60,4.062680244445801,1.0,4.071599006652832,2.3618940216226454,0.0,1,24.0,0.0,0.0,2.8855350017547607,12_4_13_1C_Cycle.xlsx,0.0
A123_094,25C,60,2.5296034812927246,0.0,2.4754414558410645,-2.477367675044104,-0.0,1,24.0,0.0,0.0,2.8855350017547607,12_4_13_1C_Cycle.xlsx,4.18870010101365e-05
A123_094,25C,90,4.046626091003418,1.0,4.066410064697266,2.3119865121427647,0.0,1,24.0,0.0,0.0,2.8855350017547607,10_16_13_1C_Cycle.xlsx,0.0
A123_094,25C,90,2.5268468856811523,0.0,2.393063545227051,-2.4997131865957507,-0.0,1,24.0,0.0,0.0,2.8855350017547607,8_29_13_1C_Cycle.xlsx,0.0002385099381029681
A123_094,25C,30,4.067707061767578,1.0,4.067707061767578,2.317006162405014,0.0,1,24.0,0.0,0.0,2.8855350017547607,8_12_13_1C_Cycle.xlsx,0.007229636843547096
A123_094,25C,90,2.492954969406128,0.0,2.368901252746582,-2.4997037836342804,-0.0,1,24.0,0.0,0.0,2.8855350017547607,7_5_13_1C_Cycle.xlsx,0.0
A123_094,25C,120,2.557819604873657,0.0,2.393712043762207,-2.499714760158373,-0.0,1,24.0,0.0,0.0,2.8855350017547607,8_29_13_1C_Cycle.xlsx,0.00022513987238522852
A123_094,25C,90,4.046788215637207,1.0,4.066247940063477,2.31196560618306,0.0,1,24.0,0.0,0.0,2.8855350017547607,10_16_13_1C_Cycle.xlsx,0.0
A123_094,25C,30,2.4833874702453613,0.0,2.4833874702453613,-2.477144622649821,-0.0,1,24.0,0.0,0.0,2.8855350017547607,12_4_13_1C_Cycle.xlsx,2.6297531668736386e-06
A123_094,25C,30,4.066410064697266,1.0,4.066410064697266,2.3281916840111507,0.0,1,24.0,0.0,0.0,2.8855350017547607,11_6_13_1C_Cycle.xlsx,0.00015844100217452957
A123_094,25C,60,2.476901054382324,0.0,2.389820098876953,-2.499728901489921,-0.0,1,24.0,0.0,0.0,2.8855350017547607,8_29_13_1C_Cycle.xlsx,0.00014109665042123082
A123_094,25C,60,4.056193828582764,1.0,4.066734313964844,2.315991425526238,0.0,1,24.0,0.0,0.0,2.8855350017547607,8_29_13_1C_Cycle.xlsx,0.00023791688861008676
A123_094,25C,90,4.04630184173584,1.0,4.066085815429688,2.31356695080634,0.0,1,24.0,0.0,0.0,2.8855350017547607,9_25_13_1C_Cycle.xlsx,0.0
A123_094,25C,90,4.0477614402771,1.0,4.0673828125,2.3176247905492784,0.0,1,24.0,0.0,0.0,2.8855350017547607,8_12_13_1C_Cycle.xlsx,0.0015121268532668458
A123_094,25C,30,2.4876036643981934,0.0,2.4876036643981934,-2.4765564528513804,-0.0,1,24.0,0.0,0.0,2.8855350017547607,3_4_14_1C_Cycle.xlsx,0.0
A123_094,25C,90,2.5005767345428467,0.0,2.370522975921631,-2.4996499181762943,-0.0,1,24.0,0.0,0.0,2.8855350017547607,7_3_13_1C_Cycle.xlsx,0.0
A123_094,25C,30,4.067707061767578,1.0,4.067707061767578,2.331095167420438,0.0,1,24.0,0.0,0.0,2.8855350017547607,9_16_13_1C_Cycle.xlsx,0.0017232702050317937
A123_094,25C,60,4.057166576385498,1.0,4.0673828125,2.3241503642410293,0.0,1,24.0,0.0,0.0,2.8855350017547607,12_13_13_1C_Cycle.xlsx,0.0007134463949832458
A123_094,25C,90,4.048085689544678,1.0,4.067220687866211,2.327666375253881,0.0,1,24.0,0.0,0.0,2.8855350017547607,11_6_13_1C_Cycle.xlsx,0.0004923481894729386
A123_094,25C,120,2.5600900650024414,0.0,2.3963067531585693,-2.4997156804746337,-0.0,1,24.0,0.0,0.0,2.8855350017547607,11_18_13_1C_Cycle.xlsx,0.0015461294878425377
A123_094,25C,30,2.3966310024261475,0.0,2.3966310024261475,-2.499916827903604,-0.0,1,24.0,0.0,0.0,2.8855350017547607,3_4_14_1C_Cycle.xlsx,0.00045286423717191186
A123_094,25C,30,4.0673828125,1.0,4.0673828125,2.309189840184368,0.0,1,24.0,0.0,0.0,2.8855350017547607,7_8_13_1C_Cycle.xlsx,0.0005354624697073171
A123_094,25C,60,2.530414342880249,0.0,2.476252317428589,-2.4997229012576017,-0.0,1,24.0,0.0,0.0,2.8855350017547607,12_13_13_1C_Cycle.xlsx,0.0
A123_094,25C,30,2.504468441009521,0.0,2.504468441009521,-2.476683627990833,-0.0,1,24.0,0.0,0.0,2.8855350017547607,2_20_14_1C_Cycle.xlsx,0.0
A123_094,25C,30,2.394036293029785,0.0,2.394036293029785,-2.499810109267364,-0.0,1,24.0,0.0,0.0,2.8855350017547607,11_18_13_1C_Cycle.xlsx,0.000269039651622683
A123_094,25C,90,4.052788257598877,1.0,4.0701398849487305,2.342589848571353,0.0,1,24.0,0.0,0.0,2.8855350017547607,12_13_13_1C_Cycle.xlsx,0.0009058538843337684
A123_094,25C,90,2.538846731185913,0.0,2.393063545227051,-2.4999142784938635,-0.0,1,24.0,0.0,0.0,2.8855350017547607,3_4_14_1C_Cycle.xlsx,0.0
A123_094,25C,60,4.060734272003174,1.0,4.0701398849487305,2.3425682332271185,0.0,1,24.0,0.0,0.0,2.8855350017547607,12_13_13_1C_Cycle.xlsx,0.0018557385737718256
A123_094,25C,120,2.565603494644165,0.0,2.395820140838623,-2.499876160140431,-0.0,1,24.0,0.0,0.0,2.8855350017547607,1_23_14_1C_Cycle.xlsx,0.0
A123_094,25C,120,2.557171106338501,0.0,2.3987390995025635,-2.4998494763659616,-0.0,1,24.0,0.0,0.0,2.8855350017547607,8_1_13_1C_Cycle.xlsx,8.538754688704226e-05
A123_094,25C,60,2.479657888412476,0.0,2.391441822052002,-2.499808481147697,-0.0,1,24.0,0.0,0.0,2.8855350017547607,11_18_13_1C_Cycle.xlsx,3.8049713994845817e-06
A123_094,25C,60,2.5309009552001958,0.0,2.483063220977783,-2.4996782315743937,-0.0,1,24.0,0.0,0.0,2.8855350017547607,12_4_13_1C_Cycle.xlsx,0.0027390993575256515
A123_094,25C,60,2.483063220977783,0.0,2.4008471965789795,-2.499727471261962,-0.0,1,24.0,0.0,0.0,2.8855350017547607,8_1_13_1C_Cycle.xlsx,0.0026463981800596103
A123_094,25C,30,2.3929011821746826,0.0,2.3929011821746826,-2.4998263904640265,-0.0,1,24.0,0.0,0.0,2.8855350017547607,11_18_13_1C_Cycle.xlsx,0.000269039651622683
A123_094,25C,120,4.04484224319458,1.0,4.068680286407471,2.3394874839536977,0.0,1,24.0,0.0,0.0,2.8855350017547607,2_20_14_1C_Cycle.xlsx,0.0
A123_094,25C,90,2.577927827835083,0.0,2.5039820671081543,-2.476601632720472,-0.0,1,24.0,0.0,0.0,2.8855350017547607,2_20_14_1C_Cycle.xlsx,0.0
A123_094,25C,60,4.059112548828125,1.0,4.069004535675049,2.344831130388429,0.0,1,24.0,0.0,0.0,2.8855350017547607,11_18_13_1C_Cycle.xlsx,0.0009448957613438118
A123_094,25C,30,2.4029552936553955,0.0,2.4029552936553955,-2.499694161054467,-0.0,1,24.0,0.0,0.0132420880328592,2.892603745967333,7_15_13_1C_Cycle.xlsx,0.002603943164689755
A123_094,25C,90,2.528306245803833,0.0,2.3865768909454346,-2.4997559922986325,-0.0,1,24.0,0.0,0.0,2.8855350017547607,10_07_13_1C_Cycle.xlsx,0.0002776257140288466
A123_094,25C,90,4.046788215637207,1.0,4.066247940063477,2.311287637769191,0.0,1,24.0,0.0,0.0,2.8855350017547607,10_16_13_1C_Cycle.xlsx,0.0
A123_094,25C,60,4.056193828582764,1.0,4.066734313964844,2.3132189779130163,0.0,1,24.0,0.0,0.0,2.8855350017547607,10_07_13_1C_Cycle.xlsx,0.00022933577271208862
A123_094,25C,30,2.4799821376800537,0.0,2.4799821376800537,-2.4785482712293248,-0.0,1,24.0,0.0,0.0,2.8855350017547607,8_1_13_1C_Cycle.xlsx,6.967711238430292e-05
A123_094,25C,90,4.039815425872803,1.0,4.067058563232422,2.3172460680007934,0.0,1,24.0,0.0,0.0,2.8855350017547607,8_12_13_1C_Cycle.xlsx,0.0
A123_094,25C,60,2.482576608657837,0.0,2.399387836456299,-2.499657066018732,-0.0,1,24.0,0.0,0.0,2.8855350017547607,12_4_13_1C_Cycle.xlsx,0.0
A123_094,25C,60,4.057328701019287,1.0,4.0673828125,2.3245349121399417,0.0,1,24.0,0.0,0.0,2.8855350017547607,12_13_13_1C_Cycle.xlsx,0.0007674851030201091
A123_094,25C,30,4.066734313964844,1.0,4.066734313964844,2.318149402976036,0.0,1,24.0,0.0,0.0,2.8855350017547607,8_1_13_1C_Cycle.xlsx,0.00011249420689869365
A123_094,25C,60,2.5231170654296875,0.0,2.476901054382324,-2.4786141111260926,-0.0,1,24.0,0.0,0.0,2.8855350017547607,8_1_13_1C_Cycle.xlsx,0.00014801990837105114
A123_094,25C,60,2.4778740406036377,0.0,2.393063545227051,-2.4996674101928185,-0.0,1,24.0,0.0,0.0,2.8855350017547607,8_12_13_1C_Cycle.xlsx,0.0
A123_094,25C,30,2.4780361652374268,0.0,2.4780361652374268,-2.4783216314661267,-0.0,1,24.0,0.0,0.0,2.8855350017547607,8_29_13_1C_Cycle.xlsx,5.953354922867187e-05
A123_094,25C,120,2.561387300491333,0.0,2.377333641052246,-2.499903827905655,-0.0,1,24.0,0.0,0.0,2.8855350017547607,10_16_13_1C_Cycle.xlsx,0.0
A123_094,25C,60,2.5252251625061035,0.0,2.4773874282836914,-2.499901765325795,-0.0,1,24.0,0.0,0.0,2.8855350017547607,8_29_13_1C_Cycle.xlsx,0.0
A123_094,25C,150,4.032356262207031,1.0,4.066572189331055,2.3162536930533184,0.0,1,24.0,0.0,0.0,2.8855350017547607,8_29_13_1C_Cycle.xlsx,0.0
A123_094,25C,90,2.5125765800476074,0.0,2.3901445865631104,-2.499678675333659,-0.0,1,24.0,0.0,0.0,2.8855350017547607,7_11_13_1C_Cycle.xlsx,0.0005771896780582084
A123_094,25C,150,4.035437107086182,1.0,4.067869663238525,2.3243727892255173,0.0,1,24.0,0.0,0.0,2.8855350017547607,1_23_14_1C_Cycle.xlsx,0.0
A123_094,25C,30,4.067869663238525,1.0,4.067869663238525,2.320519841914102,0.0,1,24.0,0.0,0.0,2.8855350017547607,7_24_13_1C_Cycle.xlsx,0.0
A123_094,25C,90,4.049869537353516,1.0,4.068356037139893,2.3255849212281783,0.0,1,24.0,0.0,0.0,2.8855350017547607,12_4_13_1C_Cycle.xlsx,0.012553187365474982
A123_094,25C,30,4.067058563232422,1.0,4.067058563232422,2.3296770149221024,0.0,1,24.0,0.0,0.0,2.8855350017547607,10_16_13_1C_Cycle.xlsx,0.009997165876216685
A123_094,25C,150,4.024572372436523,1.0,4.065923690795898,2.1758319679503293,0.0,1,24.0,0.0,0.0,2.8855350017547607,12_4_13_1C_Cycle.xlsx,0.045580704963235436
A123_094,25C,30,2.4876036643981934,0.0,2.4876036643981934,-2.47810793239927,-0.0,1,24.0,0.0,0.0,2.8855350017547607,9_16_13_1C_Cycle.xlsx,0.0023823852751210877
A123_094,25C,90,2.538522481918335,0.0,2.4074957370758057,-2.4996930502228816,-0.0,1,24.0,0.0,0.0,2.8855350017547607,7_17_13_1C_Cycle.xlsx,0.0242691578818193
A123_094,25C,60,2.4903604984283447,0.0,2.404252529144287,-2.4998437856373035,-0.0,1,24.0,0.0,0.0,2.8855350017547607,9_16_13_1C_Cycle.xlsx,0.0
A123_094,25C,90,4.047923564910889,1.0,4.067220687866211,2.3276511961672486,0.0,1,24.0,0.0,0.0,2.8855350017547607,11_6_13_1C_Cycle.xlsx,0.0004923481894729386
A123_094,25C,90,2.5273332595825195,0.0,2.3774960041046143,-2.499905439359801,-0.0,1,24.0,0.0,0.0,2.8855350017547607,10_16_13_1C_Cycle.xlsx,0.0
A123_094,25C,60,4.056518077850342,1.0,4.067058563232422,2.333272677732677,0.0,1,24.0,0.0,0.0,2.8855350017547607,8_29_13_1C_Cycle.xlsx,0.0003262663226104073
A123_094,25C,60,2.4812793731689453,0.0,2.396144390106201,-2.49972381892505,-0.0,1,24.0,0.0,0.0,2.8855350017547607,11_18_13_1C_Cycle.xlsx,0.00011164396256511453
A123_094,25C,90,4.0477614402771,1.0,4.067220687866211,2.327617794776163,0.0,1,24.0,0.0,0.0,2.8855350017547607,11_6_13_1C_Cycle.xlsx,0.0004923481894729386
A123_094,25C,90,4.040788650512695,1.0,4.067220687866211,2.3211499892499137,0.0,1,24.0,0.0,0.0,2.8855350017547607,2_4_14_1C_Cycle.xlsx,0.0001317651694549888
A123_094,25C,60,2.495387554168701,0.0,2.449820041656494,-2.479319119896944,-0.0,1,24.0,0.0,0.0,2.8855350017547607,7_5_13_1C_Cycle.xlsx,0.001051876726592076
A123_094,25C,150,4.035437107086182,1.0,4.067869663238525,2.3242322694924145,0.0,1,24.0,0.0,0.0,2.8855350017547607,1_23_14_1C_Cycle.xlsx,0.0
A123_094,25C,30,4.065274715423584,1.0,4.065274715423584,2.2665040891117125,0.0,1,24.0,0.0,0.0,2.8855350017547607,7_3_13_1C_Cycle.xlsx,0.0
A123_094,25C,90,4.049869537353516,1.0,4.0680317878723145,2.33959049293608,0.0,1,24.0,0.0,0.0,2.8855350017547607,3_4_14_1C_Cycle.xlsx,0.0
A123_094,25C,60,4.056355953216553,1.0,4.067220687866211,2.2366425243830217,0.0,1,24.0,0.0,1.0,3.553644180297852,3_4_14_1C_Cycle.xlsx,0.8179796138573018
A123_094,25C,90,4.05084228515625,1.0,4.068680286407471,2.343675383645245,0.0,1,24.0,0.0,0.0,2.8855350017547607,12_4_13_1C_Cycle.xlsx,0.0
A123_094,25C,90,2.5297658443450928,0.0,2.393549919128418,-2.4997401001217128,-0.0,1,24.0,0.0,0.0,2.8855350017547607,11_18_13_1C_Cycle.xlsx,0.0004768720136031432
A123_094,25C,60,4.056193828582764,1.0,4.066572189331055,2.3129835014582656,0.0,1,24.0,0.0,0.0,2.8855350017547607,10_07_13_1C_Cycle.xlsx,5.0152908439125753e-05
A123_094,25C,30,4.066896438598633,1.0,4.066896438598633,2.319619353801485,0.0,1,24.0,0.0,0.0,2.8855350017547607,8_1_13_1C_Cycle.xlsx,0.0
A123_094,25C,150,4.038680553436279,1.0,4.068680286407471,2.3402180277782936,0.0,1,24.0,0.0,0.0,2.8855350017547607,2_4_14_1C_Cycle.xlsx,0.0
A123_094,25C,60,2.4756038188934326,0.0,2.389171600341797,-2.4997858137919984,-0.0,1,24.0,0.0,0.0,2.8855350017547607,8_12_13_1C_Cycle.xlsx,0.00030649062744428997
A123_094,25C,30,2.375063419342041,0.0,2.375063419342041,-2.499753137966534,-0.0,1,24.0,0.0,0.0,2.8855350017547607,11_6_13_1C_Cycle.xlsx,0.00024152462148373184
A123_094,25C,30,4.067869663238525,1.0,4.067869663238525,2.324189029761359,0.0,1,24.0,0.0,0.0,2.8855350017547607,1_23_14_1C_Cycle.xlsx,0.0
A123_094,25C,30,2.484846830368042,0.0,2.484846830368042,-2.477579652604778,-0.0,1,24.0,0.0,0.0,2.8855350017547607,10_16_13_1C_Cycle.xlsx,2.6297531668736386e-06
A123_094,25C,30,4.070626258850098,1.0,4.070626258850098,2.362491618810046,0.0,1,24.0,0.0,0.0,2.8855350017547607,12_4_13_1C_Cycle.xlsx,0.0004089736235928079
A123_094,25C,30,4.066734313964844,1.0,4.066734313964844,2.3130560383567067,0.0,1,24.0,0.0,0.0,2.8855350017547607,9_25_13_1C_Cycle.xlsx,0.0004893767635671416
A123_094,25C,120,4.039329051971436,1.0,4.066247940063477,2.311142801499564,0.0,1,24.0,0.0,0.0,2.8855350017547607,10_16_13_1C_Cycle.xlsx,0.001361351567502051
A123_094,25C,60,2.531873941421509,0.0,2.4832253456115723,-2.477131597692491,-0.0,1,24.0,0.0,0.0,2.8855350017547607,12_13_13_1C_Cycle.xlsx,4.18870010101365e-05
A123_094,25C,60,2.540630578994751,0.0,2.486792802810669,-2.4997994275850672,-0.0,1,24.0,0.0,0.0,2.8855350017547607,2_4_14_1C_Cycle.xlsx,0.0003321929434357575
A123_094,25C,90,4.051167011260986,1.0,4.069004535675049,2.34442995652809,0.0,1,24.0,0.0,0.0,2.8855350017547607,11_18_13_1C_Cycle.xlsx,0.000500810287514485
A123_094,25C,150,4.032193660736084,1.0,4.066572189331055,2.313346298564164,0.0,1,24.0,0.0,0.0,2.8855350017547607,9_25_13_1C_Cycle.xlsx,0.0
A123_094,25C,30,2.3737661838531494,0.0,2.3737661838531494,-2.499916765906594,-0.0,1,24.0,0.0,0.0,2.8855350017547607,12_13_13_1C_Cycle.xlsx,4.160405182424322e-05
A123_094,25C,150,4.033815383911133,1.0,4.066896438598633,2.330725669922415,0.0,1,24.0,0.0,0.0,2.8855350017547607,10_07_13_1C_Cycle.xlsx,7.492016543946891e-05
A123_094,25C,120,4.039653301239014,1.0,4.066734313964844,2.3155513342109417,0.0,1,24.0,0.0,0.0,2.8855350017547607,8_29_13_1C_Cycle.xlsx,0.001840205563128949
A123_094,25C,90,2.5253872871398926,0.0,2.384955406188965,-2.49975818081906,-0.0,1,24.0,0.0,0.0,2.8855350017547607,9_16_13_1C_Cycle.xlsx,0.00014951032853081138
A123_094,25C,30,4.0673828125,1.0,4.0673828125,2.3242862519418077,0.0,1,24.0,0.0,0.0,2.8855350017547607,12_13_13_1C_Cycle.xlsx,0.0003265299448516763
A123_094,25C,30,4.067058563232422,1.0,4.067058563232422,2.3307226671537093,0.0,1,24.0,0.0,0.0,2.8855350017547607,9_25_13_1C_Cycle.xlsx,0.001497571905364536
A123_094,25C,90,2.524090051651001,0.0,2.389820098876953,-2.499765045746513,-0.034576136944832,1,24.0,0.0,0.0,2.8855350017547607,8_29_13_1C_Cycle.xlsx,0.0
A123_094,25C,30,4.066410064697266,1.0,4.066410064697266,2.311911851044529,0.0,1,24.0,0.0,0.0,2.8855350017547607,10_16_13_1C_Cycle.xlsx,0.0
A123_094,25C,30,2.4760901927948,0.0,2.4760901927948,-2.4771142320823856,-0.0,1,24.0,0.0,0.0,2.8855350017547607,1_23_14_1C_Cycle.xlsx,5.442395060204309e-05
A123_094,25C,30,2.385441780090332,0.0,2.385441780090332,-2.499874336529622,-0.0,1,24.0,0.0,0.0,2.8855350017547607,10_07_13_1C_Cycle.xlsx,1.824870944642312e-05
A123_094,25C,90,2.530090093612671,0.0,2.378793239593506,-2.499716329574585,-0.0,1,24.0,0.0,0.0,2.8855350017547607,12_13_13_1C_Cycle.xlsx,0.0002718506685520711
A123_094,25C,120,4.0477614402771,1.0,4.071112632751465,2.353499113380909,0.0,1,24.0,0.0,0.0,2.8855350017547607,7_24_13_1C_Cycle.xlsx,0.0
A123_094,25C,120,4.041923522949219,1.0,4.067869663238525,2.324195210622926,0.0,1,24.0,0.0,0.0,2.8855350017547607,1_23_14_1C_Cycle.xlsx,0.0
A123_094,25C,90,2.5249009132385254,0.0,2.389009475708008,-2.499761902767679,-0.0,1,24.0,0.0,0.0,2.8855350017547607,8_29_13_1C_Cycle.xlsx,0.0003027627601670539
A123_094,25C,90,4.039977550506592,1.0,4.0673828125,2.31978426802726,0.0,1,24.0,0.0,0.0,2.8855350017547607,8_1_13_1C_Cycle.xlsx,0.0
A123_094,25C,60,4.0557074546813965,1.0,4.066410064697266,2.3132337464905177,0.0,1,24.0,0.0,0.0,2.8855350017547607,9_25_13_1C_Cycle.xlsx,0.0
A123_094,25C,30,4.067707061767578,1.0,4.067707061767578,2.3241998467307825,0.0,1,24.0,0.0,0.0,2.8855350017547607,1_23_14_1C_Cycle.xlsx,0.0002828024865073413
A123_094,25C,30,4.069166660308838,1.0,4.069166660308838,2.317566934676297,0.0,1,24.0,0.0,0.1239297544096464,2.9543819594244725,2_20_14_1C_Cycle.xlsx,0.008311215622143401
A123_094,25C,60,4.0701398849487305,1.0,4.075653076171875,0.8996493692199389,0.0,1,24.0,0.0,1.0,3.553644180297852,12_4_13_1C_Cycle.xlsx,1.0
A123_094,25C,60,4.056518077850342,1.0,4.0673828125,2.314459296564261,0.0,1,24.0,0.0,0.0,2.8855350017547607,8_19_13_1C_Cycle6.xlsx,0.0017792974830026526
A123_094,25C,60,4.058950424194336,1.0,4.068680286407471,2.344739284618931,0.0,1,24.0,0.0,0.0,2.8855350017547607,11_18_13_1C_Cycle.xlsx,0.0
A123_094,25C,30,2.400036334991455,0.0,2.400036334991455,-2.499684750496804,-0.0,1,24.0,0.0,0.0,2.8855350017547607,11_18_13_1C_Cycle.xlsx,0.0010290104543405711
A123_094,25C,30,2.384793281555176,0.0,2.384793281555176,-2.499863145625697,-0.0,1,24.0,0.0,0.0,2.8855350017547607,10_07_13_1C_Cycle.xlsx,1.824870944642312e-05
A123_094,25C,120,4.04484224319458,1.0,4.069490909576416,2.336860686008419,0.0,1,24.0,0.0,0.0,2.8855350017547607,7_24_13_1C_Cycle.xlsx,0.03955400051561856
A123_094,25C,30,4.069004535675049,1.0,4.069004535675049,2.3443947423691465,0.0,1,24.0,0.0,0.0,2.8855350017547607,11_18_13_1C_Cycle.xlsx,0.0011944376251010519
A123_094,25C,120,4.039004802703857,1.0,4.066247940063477,2.3149616523850254,0.0,1,24.0,0.0,0.0,2.8855350017547607,9_16_13_1C_Cycle.xlsx,0.0
A123_094,25C,90,4.051004409790039,1.0,4.069004535675049,2.3443212493370145,0.0,1,24.0,0.0,0.0,2.8855350017547607,11_18_13_1C_Cycle.xlsx,0.000500810287514485
A123_094,25C,90,2.5618736743927,0.0,2.472522735595703,-2.4774262022308124,-0.0,1,24.0,0.0,0.0,2.8855350017547607,11_6_13_1C_Cycle.xlsx,0.0010525554132742798
A123_094,25C,30,4.0680317878723145,1.0,4.0680317878723145,2.3270044393148743,0.0,1,24.0,0.0,0.0,2.8855350017547607,12_4_13_1C_Cycle.xlsx,0.00339312909283017
A123_094,25C,60,2.48063063621521,0.0,2.3992254734039307,-2.499844668275219,-0.0,1,24.0,0.0,0.0,2.8855350017547607,7_24_13_1C_Cycle.xlsx,0.00013553629694341984
A123_094,25C,60,4.057491302490234,1.0,4.067869663238525,2.324179763276862,0.0,1,24.0,0.0,0.0,2.8855350017547607,1_23_14_1C_Cycle.xlsx,0.00012387718750458924
A123_094,25C,60,4.058950424194336,1.0,4.068680286407471,2.3447852014737616,0.0,1,24.0,0.0,0.0,2.8855350017547607,11_18_13_1C_Cycle.xlsx,0.0
A123_094,25C,120,4.043383121490479,1.0,4.068518161773682,2.344973527589592,0.0,1,24.0,0.0,0.0,2.8855350017547607,11_18_13_1C_Cycle.xlsx,0.0
A123_094,25C,90,4.047112941741943,1.0,4.066734313964844,2.313014610197212,0.0,1,24.0,0.0,0.0,2.8855350017547607,10_07_13_1C_Cycle.xlsx,0.0
A123_094,25C,120,2.5255496501922607,0.0,2.3611176013946533,-2.499672418783519,-0.0,1,24.0,0.0,0.0,2.8855350017547607,7_5_13_1C_Cycle.xlsx,0.0
A123_094,25C,60,2.530576467514038,0.0,2.4757659435272217,-2.477329396208266,-0.0,1,24.0,0.0,0.0,2.8855350017547607,12_4_13_1C_Cycle.xlsx,4.18870010101365e-05
A123_094,25C,60,2.5234413146972656,0.0,2.4760901927948,-2.4783262548964218,-0.0,1,24.0,0.0,0.0,2.8855350017547607,8_12_13_1C_Cycle.xlsx,4.6996599636765265e-05
A123_094,25C,150,4.040950775146484,1.0,4.0701398849487305,2.342247028126676,0.0,1,24.0,0.0,0.0,2.8855350017547607,12_13_13_1C_Cycle.xlsx,0.0014584667485233224
A123_094,25C,60,2.527981996536255,0.0,2.476738929748535,-2.47779378248685,-0.0,1,24.0,0.0,0.0,2.8855350017547607,10_07_13_1C_Cycle.xlsx,4.18870010101365e-05
A123_094,25C,150,4.033815383911133,1.0,4.066896438598633,2.330158830371996,0.0,1,24.0,0.0,0.0673531844196503,2.9214887298513648,9_25_13_1C_Cycle.xlsx,0.007610605036566495
A123_094,25C,30,4.066410064697266,1.0,4.066410064697266,2.311501165867345,0.0,1,24.0,0.0,0.0,2.8855350017547607,10_16_13_1C_Cycle.xlsx,0.0
A123_094,25C,90,4.0477614402771,1.0,4.067058563232422,2.3323628484103525,0.0,1,24.0,0.0,0.0,2.8855350017547607,9_16_13_1C_Cycle.xlsx,0.00034561208044085875
A123_094,25C,60,4.0558695793151855,1.0,4.066572189331055,2.311602756257885,0.0,1,24.0,0.0,0.0,2.8855350017547607,10_16_13_1C_Cycle.xlsx,6.470897530578613e-05
A123_094,25C,120,4.039977550506592,1.0,4.066734313964844,2.3313677460570967,0.0,1,24.0,0.0,0.0,2.8855350017547607,10_07_13_1C_Cycle.xlsx,0.0
A123_094,25C,90,2.5501980781555176,0.0,2.424036264419556,-2.499679509724412,-0.0,1,24.0,0.0,0.0,2.8855350017547607,2_20_14_1C_Cycle.xlsx,0.0003201917417333815
A123_094,25C,30,4.069166660308838,1.0,4.069166660308838,2.3433851092799096,0.0,1,24.0,0.0,0.0,2.8855350017547607,12_13_13_1C_Cycle.xlsx,0.016387204559248955
A123_094,25C,60,2.472360610961914,0.0,2.3742525577545166,-2.4999019796198065,-0.0,1,24.0,0.0,0.0,2.8855350017547607,12_13_13_1C_Cycle.xlsx,0.0
A123_094,25C,120,2.565441370010376,0.0,2.387549877166748,-2.4997368438823804,-0.0,1,24.0,0.0,0.0,2.8855350017547607,12_4_13_1C_Cycle.xlsx,0.00030681895725479625
A123_094,25C,30,2.480306386947632,0.0,2.480306386947632,-2.4773777819718816,-0.0,1,24.0,0.0,0.0,2.8855350017547607,11_18_13_1C_Cycle.xlsx,3.873380880485437e-05
A123_094,25C,60,2.549062967300415,0.0,2.5039820671081543,-2.4997183563553285,-0.0,1,24.0,0.0,0.0,2.8855350017547607,2_20_14_1C_Cycle.xlsx,0.010013001328179024
A123_094,25C,150,4.033004760742188,1.0,4.066734313964844,2.311344426956551,0.0,1,24.0,0.0,0.0,2.8855350017547607,10_16_13_1C_Cycle.xlsx,0.0
A123_094,25C,60,4.056193828582764,1.0,4.066572189331055,2.3132545196252767,0.0,1,24.0,0.0,0.0,2.8855350017547607,10_07_13_1C_Cycle.xlsx,7.310076361749114e-05
A123_094,25C,60,4.061220645904541,1.0,4.0701398849487305,2.341937664308046,0.0,1,24.0,0.0,0.0,2.8855350017547607,2_4_14_1C_Cycle.xlsx,0.0021918077382904843
A123_094,25C,150,4.039653301239014,1.0,4.069166660308838,2.3393607004300545,0.0,1,24.0,0.0,0.0,2.8855350017547607,2_20_14_1C_Cycle.xlsx,0.0025535778883702875
A123_094,25C,30,2.3697121143341064,0.0,2.3697121143341064,-2.4996993029413144,-0.0,1,24.0,0.0,0.0,2.8855350017547607,7_5_13_1C_Cycle.xlsx,7.892444358009834e-05
A123_094,25C,120,2.5604143142700195,0.0,2.3862526416778564,-2.4997623895121888,-0.0365223310988446,1,24.0,0.0,0.0,2.8855350017547607,10_07_13_1C_Cycle.xlsx,0.011515774301979276
A123_094,25C,60,4.065761566162109,1.0,4.072896480560303,0.7145202644169331,0.0,1,24.0,0.0,1.0,3.553644180297852,8_19_13_1C_Cycle6.xlsx,0.9307739803926423
A123_094,25C,60,2.4460902214050293,0.0,2.360630989074707,-2.499679886605129,-0.0,1,24.0,0.0,0.0,2.8855350017547607,7_5_13_1C_Cycle.xlsx,0.00019064886624155767
A123_094,25C,60,4.060247898101807,1.0,4.069977760314941,2.3362340814182683,0.0,1,24.0,0.0,0.0,2.8855350017547607,7_24_13_1C_Cycle.xlsx,0.0
A123_094,25C,90,4.046950817108154,1.0,4.066896438598633,2.3198229810075155,0.0,1,24.0,0.0,0.0,2.8855350017547607,8_1_13_1C_Cycle.xlsx,0.0
A123_094,25C,90,4.048734188079834,1.0,4.067869663238525,2.324249220072714,0.0,1,24.0,0.0,0.0,2.8855350017547607,1_23_14_1C_Cycle.xlsx,0.0
A123_094,25C,150,4.035274982452393,1.0,4.067544937133789,2.319161780047835,0.0,1,24.0,0.0,0.0,2.8855350017547607,3_4_14_1C_Cycle.xlsx,3.799529900089636e-05
A123_094,25C,60,2.448684930801392,0.0,2.368577003479004,-2.499669431654875,-0.0,1,24.0,0.0,0.0,2.8855350017547607,7_5_13_1C_Cycle.xlsx,0.0
A123_094,25C,60,4.056680202484131,1.0,4.067220687866211,2.327831862290868,0.0,1,24.0,0.0,0.0,2.8855350017547607,11_6_13_1C_Cycle.xlsx,0.0006527415581698358
A123_094,25C,90,2.53025221824646,0.0,2.3859283924102783,-2.499821476502852,-0.0,1,24.0,0.0,0.0,2.8855350017547607,12_4_13_1C_Cycle.xlsx,4.6612852273069515e-05
A123_094,25C,30,4.066734313964844,1.0,4.066734313964844,2.3131849159349183,0.0,1,24.0,0.0,0.0,2.8855350017547607,9_25_13_1C_Cycle.xlsx,0.0004893767635671416
A123_094,25C,60,4.057328701019287,1.0,4.067544937133789,2.319161780047835,0.0,1,24.0,0.0,0.0,2.8855350017547607,3_4_14_1C_Cycle.xlsx,0.0006674471584644907
A123_094,25C,30,2.4799821376800537,0.0,2.4799821376800537,-2.478347705043773,-0.0,1,24.0,0.0,0.0,2.8855350017547607,8_1_13_1C_Cycle.xlsx,4.3843407431483144e-05
A123_094,25C,30,4.0673828125,1.0,4.0673828125,2.3241503642410293,0.0,1,24.0,0.0,0.0,2.8855350017547607,12_13_13_1C_Cycle.xlsx,0.0003353971224301353
A123_094,25C,30,4.066572189331055,1.0,4.066572189331055,2.3114534422508943,0.0,1,24.0,0.0,0.0,2.8855350017547607,10_16_13_1C_Cycle.xlsx,9.281872223232083e-05
A123_094,25C,90,2.538684606552124,0.0,2.391441822052002,-2.4999372846675367,-0.0,1,24.0,0.0,0.0,2.8855350017547607,3_4_14_1C_Cycle.xlsx,0.0
A123_094,25C,30,4.066410064697266,1.0,4.066410064697266,2.311265242247542,0.0,1,24.0,0.0,0.0,2.8855350017547607,10_16_13_1C_Cycle.xlsx,0.0
A123_094,25C,120,4.044031620025635,1.0,4.068680286407471,2.344748472005634,0.0,1,24.0,0.0,0.0,2.8855350017547607,11_18_13_1C_Cycle.xlsx,0.0
A123_094,25C,30,4.067707061767578,1.0,4.067707061767578,2.338799908361604,0.0,1,24.0,0.0,0.0,2.8855350017547607,3_4_14_1C_Cycle.xlsx,0.0
A123_094,25C,90,4.048896312713623,1.0,4.0680317878723145,2.3244932562459346,0.0,1,24.0,0.0,0.0,2.8855350017547607,7_11_13_1C_Cycle.xlsx,0.0
A123_094,25C,60,2.520198106765747,0.0,2.4749550819396973,-2.4788938254690343,-0.0,1,24.0,0.0,0.0,2.8855350017547607,7_15_13_1C_Cycle.xlsx,1.5736752073211887e-05
A123_094,25C,90,4.047599315643311,1.0,4.067220687866211,2.327831862290868,0.0,1,24.0,0.0,0.0,2.8855350017547607,11_6_13_1C_Cycle.xlsx,0.00061900620209124
A123_094,25C,60,2.484846830368042,0.0,2.391441822052002,-2.4999372846675367,-0.0,1,24.0,0.0,0.0,2.8855350017547607,3_4_14_1C_Cycle.xlsx,0.0
A123_094,25C,150,4.035112857818604,1.0,4.067058563232422,2.323787797793098,0.0,1,24.0,0.0,0.0,2.8855350017547607,2_4_14_1C_Cycle.xlsx,0.0
A123_094,25C,30,2.3774960041046143,0.0,2.3774960041046143,-2.499905439359801,-0.0,1,24.0,0.0,0.0,2.8855350017547607,10_16_13_1C_Cycle.xlsx,4.160405182424322e-05
A123_094,25C,60,2.4884145259857178,0.0,2.399712085723877,-2.499845030151795,-0.0,1,24.0,0.0,0.0,2.8855350017547607,3_4_14_1C_Cycle.xlsx,0.00010219454720050601
A123_094,25C,150,4.038031578063965,1.0,4.069004535675049,2.3446963940889147,0.0,1,24.0,0.0,0.0,2.8855350017547607,11_18_13_1C_Cycle.xlsx,0.00018733122143771422
A123_094,25C,120,2.564306259155273,0.0,2.38722562789917,-2.499874052134427,-0.0,1,24.0,0.0,0.0,2.8855350017547607,12_4_13_1C_Cycle.xlsx,0.0
A123_094,25C,120,2.5620357990264893,0.0,2.378468990325928,-2.499886620152104,-0.0,1,24.0,0.0,0.0,2.8855350017547607,11_6_13_1C_Cycle.xlsx,0.0
A123_094,25C,120,2.57987380027771,0.0,2.4117119312286377,-2.4997183585835394,-0.0,1,24.0,0.0,0.0,2.8855350017547607,2_4_14_1C_Cycle.xlsx,0.05176880795720044
A123_094,25C,150,4.033004760742188,1.0,4.067058563232422,2.3173616889715194,0.0,1,24.0,0.0,0.0,2.8855350017547607,8_12_13_1C_Cycle.xlsx,0.0
A123_094,25C,90,2.5287928581237797,0.0,2.3859283924102783,-2.4997384720020466,-0.0,1,24.0,0.0,0.0,2.8855350017547607,11_18_13_1C_Cycle.xlsx,0.0004087319254044275
A123_094,25C,90,4.05084228515625,1.0,4.06884241104126,2.3447392739481847,0.0,1,24.0,0.0,0.0,2.8855350017547607,11_18_13_1C_Cycle.xlsx,0.0
A123_094,25C,90,4.041599273681641,1.0,4.067869663238525,2.3242322694924145,0.0,1,24.0,0.0,0.0,2.8855350017547607,1_23_14_1C_Cycle.xlsx,0.0
A123_094,25C,150,4.032842636108398,1.0,4.066572189331055,2.3278394218127265,0.0,1,24.0,0.0,0.0,2.8855350017547607,11_6_13_1C_Cycle.xlsx,0.0
A123_094,25C,60,2.4694416522979736,0.0,2.389495849609375,-2.4996440509955087,-0.0,1,24.0,0.0,0.0,2.8855350017547607,7_11_13_1C_Cycle.xlsx,0.0
A123_094,25C,60,2.528468370437622,0.0,2.482576608657837,-2.4788682173268173,-0.0,1,24.0,0.0,0.0,2.8855350017547607,7_17_13_1C_Cycle.xlsx,1.5736752073211887e-05
A123_094,25C,60,2.5274953842163086,0.0,2.4730091094970703,-2.4773890817450592,-0.0,1,24.0,0.0,0.0,2.8855350017547607,11_6_13_1C_Cycle.xlsx,4.18870010101365e-05
A123_094,25C,120,4.041923522949219,1.0,4.0680317878723145,2.3204174160253346,0.0,1,24.0,0.0,0.0,2.8855350017547607,7_24_13_1C_Cycle.xlsx,0.0002521419179243932
A123_094,25C,60,2.54079270362854,0.0,2.4876036643981934,-2.4767706405869427,-0.0,1,24.0,0.0,0.0,2.8855350017547607,2_4_14_1C_Cycle.xlsx,0.0
A123_094,25C,90,2.539657592773437,0.0,2.399874210357666,-2.499693184568171,-0.0,1,24.0,0.0,0.0,2.8855350017547607,8_19_13_1C_Cycle6.xlsx,0.0013005991029812075
A123_094,25C,150,4.0432209968566895,1.0,4.071436882019043,2.3528169107437136,0.0,1,24.0,0.0,0.0,2.8855350017547607,7_24_13_1C_Cycle.xlsx,0.00925737881157495
A123_094,25C,60,4.057004451751709,1.0,4.0673828125,2.3189683580209337,0.0,1,24.0,0.0,0.0,2.8855350017547607,8_1_13_1C_Cycle.xlsx,0.0005103820130487871
A123_094,25C,30,4.0673828125,1.0,4.0673828125,2.324141091261154,0.0,1,24.0,0.0,0.0,2.8855350017547607,1_23_14_1C_Cycle.xlsx,0.0003353971224301353
A123_094,25C,30,4.0701398849487305,1.0,4.0701398849487305,2.342589848571353,0.0,1,24.0,0.0,0.0,2.8855350017547607,12_13_13_1C_Cycle.xlsx,0.00239252840502801
A123_094,25C,60,2.4841983318328857,0.0,2.395820140838623,-2.499876160140431,-0.0,1,24.0,0.0,0.0,2.8855350017547607,1_23_14_1C_Cycle.xlsx,0.0
A123_094,25C,120,4.045166969299316,1.0,4.068680286407471,2.3392434133249416,0.0,1,24.0,0.0,0.0,2.8855350017547607,2_20_14_1C_Cycle.xlsx,0.0
A123_094,25C,120,4.044517993927002,1.0,4.06884241104126,2.3400734791289204,0.0,1,24.0,0.0,0.0,2.8855350017547607,2_4_14_1C_Cycle.xlsx,0.0
A123_094,25C,30,4.066085815429688,1.0,4.066085815429688,2.291938833892345,0.0,1,24.0,0.0,0.0,2.8855350017547607,7_11_13_1C_Cycle.xlsx,0.008511729619598408
A123_094,25C,120,4.039815425872803,1.0,4.067058563232422,2.315647563566604,0.0,1,24.0,0.0,0.0,2.8855350017547607,8_29_13_1C_Cycle.xlsx,0.0
A123_094,25C,30,2.3966310024261475,0.0,2.3966310024261475,-2.499699397130056,-0.0,1,24.0,0.0,0.0,2.8855350017547607,11_18_13_1C_Cycle.xlsx,0.0011040431447564808
A123_094,25C,60,2.4801442623138428,0.0,2.3967931270599365,-2.499858744124062,-0.0,1,24.0,0.0,0.0,2.8855350017547607,8_1_13_1C_Cycle.xlsx,0.00016505230342738516
A123_094,25C,30,2.375874280929565,0.0,2.375874280929565,-2.499339705114966,-0.0,1,24.0,0.0,0.0,2.8855350017547607,11_6_13_1C_Cycle.xlsx,0.0
A123_094,25C,30,4.067220687866211,1.0,4.067220687866211,2.3158442814263607,0.0,1,24.0,0.0,0.0,2.8855350017547607,8_29_13_1C_Cycle.xlsx,0.005096666096812001
A123_094,25C,120,2.55279278755188,0.0,2.381063461303711,-2.499753099063347,-0.0,1,24.0,0.0,0.0,2.8855350017547607,8_12_13_1C_Cycle.xlsx,0.00011738517448837518
A123_094,25C,120,4.039977550506592,1.0,4.066896438598633,2.3194472860131,0.0,1,24.0,0.0,0.0,2.8855350017547607,8_1_13_1C_Cycle.xlsx,0.0
A123_094,25C,60,4.0557074546813965,1.0,4.066572189331055,2.2952544097647523,0.0,1,24.0,0.0,0.0,2.8855350017547607,7_5_13_1C_Cycle.xlsx,0.0017712232641135175
A123_094,25C,30,2.4772253036499023,0.0,2.4772253036499023,-2.478470154106617,-0.0,1,24.0,0.0,0.0,2.8855350017547607,8_12_13_1C_Cycle.xlsx,6.039672425906273e-05
A123_094,25C,60,2.4770631790161133,0.0,2.382522821426392,-2.4999036225405606,-0.0,1,24.0,0.0,0.0,2.8855350017547607,12_4_13_1C_Cycle.xlsx,0.0
A123_094,25C,120,2.5649547576904297,0.0,2.377171516418457,-2.49991512298584,-0.0,1,24.0,0.0,0.0,2.8855350017547607,12_13_13_1C_Cycle.xlsx,0.0
A123_094,25C,150,4.035112857818604,1.0,4.067544937133789,2.3242275735251923,0.0,1,24.0,0.0,0.0,2.8855350017547607,12_13_13_1C_Cycle.xlsx,0.0
A123_094,25C,30,4.067058563232422,1.0,4.067058563232422,2.3158777825414174,0.0,1,24.0,0.0,0.0,2.8855350017547607,8_29_13_1C_Cycle.xlsx,0.0
A123_094,25C,30,2.449657917022705,0.0,2.449657917022705,-2.479352911765785,-0.0,1,24.0,0.0,0.0,2.8855350017547607,7_5_13_1C_Cycle.xlsx,0.0011313852036088019
A123_094,25C,60,4.05830192565918,1.0,4.0680317878723145,2.3249295788927604,0.0,1,24.0,0.0,0.0,2.8855350017547607,12_4_13_1C_Cycle.xlsx,0.0
A123_094,25C,120,4.040139675140381,1.0,4.067058563232422,2.330980984694209,0.0,1,24.0,0.0,0.0,2.8855350017547607,10_07_13_1C_Cycle.xlsx,0.0
A123_094,25C,150,4.034626483917236,1.0,4.067220687866211,2.3245039861171675,0.0,1,24.0,0.0,0.0,2.8855350017547607,12_13_13_1C_Cycle.xlsx,7.795968754739246e-05
A123_094,25C,150,4.032842636108398,1.0,4.067058563232422,2.3176869381666183,0.0,1,24.0,0.0,0.0,2.8855350017547607,8_12_13_1C_Cycle.xlsx,0.0
A123_094,25C,60,2.5127387046813965,0.0,2.468630790710449,-2.479001115636192,-0.0,1,24.0,0.0,0.0,2.8855350017547607,7_11_13_1C_Cycle.xlsx,1.5736752073211887e-05
A123_094,25C,60,2.4939279556274414,0.0,2.4490091800689697,-2.4997127450202123,-0.0,1,24.0,0.0,0.0,2.8855350017547607,7_5_13_1C_Cycle.xlsx,0.0
A123_094,25C,60,4.057491302490234,1.0,4.067869663238525,2.324042337254072,0.0,1,24.0,0.0,0.0,2.8855350017547607,1_23_14_1C_Cycle.xlsx,0.00012387718750458924
A123_094,25C,90,4.0474371910095215,1.0,4.067058563232422,2.327793899328769,0.0,1,24.0,0.0,0.0,2.8855350017547607,11_6_13_1C_Cycle.xlsx,0.0001195552948609479
A123_094,25C,30,2.414630889892578,0.0,2.414630889892578,-2.499689221382141,-0.0,1,24.0,0.0,0.0,2.8855350017547607,2_4_14_1C_Cycle.xlsx,0.002469418890747051
A123_094,25C,30,4.0673828125,1.0,4.0673828125,2.3175091530680656,0.0,1,24.0,0.0,0.0,2.8855350017547607,8_12_13_1C_Cycle.xlsx,0.002280313139046725
A123_094,25C,120,2.571765661239624,0.0,2.3945229053497314,-2.499574731503214,-0.0,1,24.0,0.0,0.0,2.8855350017547607,10_16_13_1C_Cycle.xlsx,0.0
A123_094,25C,120,4.040950775146484,1.0,4.0673828125,2.3244314087379694,0.0,1,24.0,0.0,0.0,2.8855350017547607,12_13_13_1C_Cycle.xlsx,0.0
A123_094,25C,60,4.056031703948975,1.0,4.066734313964844,2.3131108662632647,0.0,1,24.0,0.0,0.0,2.8855350017547607,9_25_13_1C_Cycle.xlsx,0.00019322452316145486
A123_094,25C,60,4.058139801025391,1.0,4.0680317878723145,2.3265732281974385,0.0,1,24.0,0.0,0.0,2.8855350017547607,11_18_13_1C_Cycle.xlsx,0.0
A123_094,25C,60,4.056355953216553,1.0,4.067058563232422,2.305313720542472,0.0,1,24.0,0.0,0.0,2.8855350017547607,7_19_13_1C_Cycle.xlsx,0.002431696075860554
A123_094,25C,60,2.538360357284546,0.0,2.4874415397644043,-2.499714978387422,-0.0,1,24.0,0.0,0.0,2.8855350017547607,3_4_14_1C_Cycle.xlsx,0.0006713575882950417
A123_094,25C,90,4.046626091003418,1.0,4.066572189331055,2.3132115404014706,0.0,1,24.0,0.0,0.0,2.8855350017547607,9_25_13_1C_Cycle.xlsx,0.0
A123_094,25C,30,4.07030200958252,1.0,4.07030200958252,2.342339690233397,0.0,1,24.0,0.0,0.0,2.8855350017547607,12_13_13_1C_Cycle.xlsx,0.00239252840502801
A123_094,25C,30,4.067544937133789,1.0,4.067544937133789,2.3317156790099185,0.0,1,24.0,0.0,0.0,2.8855350017547607,9_16_13_1C_Cycle.xlsx,0.0017232702050317937
A123_094,25C,30,2.4900360107421875,0.0,2.4900360107421875,-2.478106360909853,-0.0,1,24.0,0.0,0.0,2.8855350017547607,9_16_13_1C_Cycle.xlsx,0.005375205130613442
A123_094,25C,120,4.038680553436279,1.0,4.066085815429688,2.3116833265285845,0.0,1,24.0,0.0,0.0,2.8855350017547607,10_16_13_1C_Cycle.xlsx,0.0
A123_094,25C,120,2.553441286087036,0.0,2.385441780090332,-2.4997593287763924,-0.0,1,24.0,0.0,0.0,2.8855350017547607,8_12_13_1C_Cycle.xlsx,0.00011738517448837518
A123_094,25C,30,2.400036334991455,0.0,2.400036334991455,-2.49970647205006,-0.0,1,24.0,0.0,0.0,2.8855350017547607,12_4_13_1C_Cycle.xlsx,0.0007428001426869807
A123_094,25C,120,4.044680118560791,1.0,4.068518161773682,2.339577834138222,0.0,1,24.0,0.0,0.0,2.8855350017547607,2_20_14_1C_Cycle.xlsx,0.0
A123_094,25C,120,2.5647926330566406,0.0,2.393387794494629,-2.499770863014355,-0.0,1,24.0,0.0,0.0,2.8855350017547607,8_19_13_1C_Cycle6.xlsx,0.0001846463468929784
A123_094,25C,30,4.0680317878723145,1.0,4.0680317878723145,2.325316968863293,0.0,1,24.0,0.0,0.0,2.8855350017547607,12_4_13_1C_Cycle.xlsx,0.0
A123_094,25C,60,2.505441427230835,0.0,2.423712015151977,-2.49971328940347,-0.0,1,24.0,0.0,0.0,2.8855350017547607,2_20_14_1C_Cycle.xlsx,0.0
A123_094,25C,60,4.057328701019287,1.0,4.067707061767578,2.3260136424106057,0.0,1,24.0,0.0,0.0,2.8855350017547607,12_13_13_1C_Cycle.xlsx,0.000714890467097315
A123_094,25C,60,2.538684606552124,0.0,2.485171318054199,-2.499922723413628,-0.0,1,24.0,0.0,0.0,2.8855350017547607,3_4_14_1C_Cycle.xlsx,0.0
A123_094,25C,120,2.5412793159484863,0.0,2.3901445865631104,-2.499678675333659,-0.0,1,24.0,0.0,0.0,2.8855350017547607,7_11_13_1C_Cycle.xlsx,0.0
A123_094,25C,150,4.036896705627441,1.0,4.0680317878723145,2.3391704966493867,0.0,1,24.0,0.0,0.0,2.8855350017547607,2_4_14_1C_Cycle.xlsx,0.0
A123_094,25C,90,4.039329051971436,1.0,4.066572189331055,2.31115624111546,0.0,1,24.0,0.0,0.0,2.8855350017547607,10_16_13_1C_Cycle.xlsx,0.006312100462950767
