Cell_ID,Temp_Group,t,V_mea,SOC_mea,V_10,I_m,R,I_flag,T_env,dT,SOC_true,OCV_GITT_true,SOC_pred_pinn
YX03,25C,210,3.2637417316436768,0.6345751072933783,3.2413253784179688,-2.3890267333984374,-0.0034988957077972,1,27.10397148132324,-0.7650012969970703,0.2895184191042089,3.054699080304364,0.2941294
YX01,25C,360,3.2545278072357178,0.6193661237626678,3.2297608852386475,-1.2574959048154075,-0.0058018852476166,1,25.238340377807617,-0.1471004486083984,0.2957943321453059,3.058501161372756,0.28394225
YX05,25C,510,3.211045742034912,0.5475923621992356,3.144033908843994,-5.286853701569314,-0.0065538287303024,1,28.584880828857425,-2.33894157409668,0.1836010875237884,2.9905321170944874,0.16506073
YX04,25C,390,3.536947011947632,1.0,3.591986656188965,2.231903898372308,-0.0039696479872876,1,25.80059051513672,-0.4520988464355469,1.0,3.553644180297852,1.0
YX04,25C,450,3.30975604057312,0.7105287222460274,3.3169620037078857,0.2455869658391812,-0.0063743463951013,1,25.05678367614746,-0.0242293603275811,0.3929404250705086,3.1173543223965647,0.43055826
YX05,25C,330,3.5275020599365234,1.0,3.591559648513794,2.2122637211080765,-0.0040814076201696,1,25.665258968297145,-0.2274366263781999,1.0,3.553644180297852,1.0
YX08,25C,390,3.3247666358947754,0.7353059927037722,3.287493228912353,-3.814603721972593,-0.0034885230452384,1,27.713306041643285,-0.8789222340481153,0.8395382142333242,3.387912723738692,0.8576085
YX05,25C,300,3.3180010318756104,0.7241383343264246,3.299943447113037,-2.9786503996167863,-0.0014398842576523,1,27.048480987548828,-0.9666757531171336,0.8032603653886067,3.3659348344035083,0.81947285
YX01,25C,510,3.5374672412872314,1.0,3.591616630554199,2.145762691963773,-0.0039048971143574,1,25.405054092407227,-0.3183536529541015,1.0,3.553644180297852,1.0
YX01,25C,330,3.3257510662078857,0.7369309446521835,3.311790943145752,-1.2575073705136195,-0.003867572237852,1,25.252893447875977,-0.1011295318603515,0.8993927025763286,3.4241738407262874,0.9079934
YX07,25C,360,3.288851022720337,0.6760218109501684,3.2885358333587646,0.0011548995971679,-0.2182080924855491,1,25.101508388710023,-0.070098731389173,0.5128292742816881,3.189985526957899,0.50892496
YX03,25C,180,3.286539554595948,0.6722063812723172,3.2796289920806885,0.0025138854980468,0.8670333839150227,1,28.46259307861328,-1.107168197631836,0.4925050205957963,3.177672663528739,0.46777493
YX02,25C,300,3.2949979305267334,0.686168217134218,3.292668342590332,-0.0021324157714843,0.1310375670840787,1,24.76204872131348,0.0093006981913141,0.7003199916049453,3.3035713752903804,0.69949836
YX01,25C,150,3.2483904361724854,0.6092354594236016,3.2429115772247314,-0.2515939194495458,-0.0072323313682786,1,24.993587493896484,-0.0915641784667968,0.2955357352321709,3.058344497884696,0.29625556
YX02,25C,240,3.2840652465820312,0.6681221595913744,3.285491704940796,0.0011444091796875,-2.388333333333333,1,25.52326202392578,-0.323516845703125,0.5005735086173843,3.182560724493978,0.49990717
YX02,25C,210,3.323643684387207,0.733452390456977,3.303248882293701,-2.1921292302195976,-0.0041730580184049,1,25.58286476135254,-0.3053160768724083,0.8701159400588063,3.406437357798186,0.8905817
YX02,25C,150,3.2873294353485107,0.6735101995830672,3.267592191696167,-4.256477571883291,-0.002333674521563,1,28.15523910522461,-0.8398895263671875,0.6004401286669453,3.2430620384810034,0.5927285
YX02,25C,330,3.545717239379883,1.0,3.59208607673645,2.292127305119925,-0.0036926823208197,1,25.393085479736328,-0.3326568603515625,1.0,3.553644180297852,1.0
YX03,25C,450,3.567291259765625,1.0,3.592318058013916,0.6733200904436227,-0.0088874043739396,1,25.07288932800293,0.0421295166015625,1.0,3.553644180297852,1.0
YX03,25C,420,3.547085762023926,1.0,3.5919713973999023,2.262087193028893,-0.0035204909004799,1,25.723626612883063,-0.3948225967697851,1.0,3.553644180297852,1.0
YX01,25C,270,3.2800133228302,0.661433843204053,3.2652816772460938,-1.0949835428377477,-0.0040361932649252,1,25.533111572265625,-0.147289571850802,0.3966304931468507,3.119589843807117,0.4557794
YX05,25C,600,3.504721641540528,1.0,3.5914249420166016,2.148921464648096,-0.0042918022119975,1,25.59712791442871,-0.3421365709492718,1.0,3.553644180297852,0.9999692
YX01,25C,570,3.5080552101135254,1.0,3.591073513031006,2.0857548000424773,-0.0046133588827238,1,25.41177558898925,0.0338401794433593,1.0,3.553644180297852,0.99982685
YX02,25C,210,3.559091806411743,1.0,3.591751337051392,2.1553162073847507,-0.0033744277199669,1,25.132469177246094,-0.1133747100830078,1.0,3.553644180297852,1.0
YX01,25C,480,3.512629747390747,1.0,3.591073513031006,2.0857548000424773,-0.0046133588827238,1,25.41177558898925,0.2787818908691406,1.0,3.553644180297852,0.9997008
YX04,25C,300,3.317088842391968,0.7226326268537625,3.324551105499268,0.2455923991733127,-0.0076226409669314,1,24.922178268432617,0.0412464141845703,0.5894230025116894,3.236387630070836,0.55018383
YX07,25C,30,3.3135006427764893,0.7167097576787588,3.304422378540039,-2.430855107918764,-0.0037345970176818,1,25.577756178057587,-0.0230437080901779,0.9004589141249697,3.4248197742689355,0.8801192
YX03,25C,90,3.283476114273072,0.667149707117525,3.2835352420806885,-0.6085036527193509,0.0007894996763663,1,24.928047692283315,0.1266455297625839,0.59433043517313,3.239360656735528,0.6546388
YX08,25C,180,3.5599491596221924,1.0,3.592114210128784,2.2309558547319885,-0.0035902423384703,1,26.951084480476485,-0.2873316213608845,1.0,3.553644180297852,1.0
YX01,25C,270,3.2917556762695312,0.680816383385987,3.286073684692383,-0.2516051696280773,-0.0050970873884786,1,24.86830139160156,0.0270061492919921,0.6980724644870463,3.302209775751046,0.709415
YX01,25C,450,3.514498949050904,1.0,3.591073513031006,2.0857548000424773,-0.0046133588827238,1,25.41177558898925,0.3395748138427734,1.0,3.553644180297852,0.99968225
YX04,25C,450,3.3125033378601074,0.7150635542396199,3.320322036743164,0.2455972767935859,-0.0068371362847951,1,24.958852767944336,-0.0201587677001953,0.4911958961199243,3.176879568188939,0.48997372
YX02,25C,60,3.5759100914001465,1.0,3.592261552810669,2.2017491670417004,-0.0038207627239948,1,25.256345256812,-0.0477862205571142,1.0,3.553644180297852,1.0
YX01,25C,420,3.326423406600952,0.7380407447235131,3.311790943145752,-1.2575073705136195,-0.003867572237852,1,25.252893447875977,-0.0775623321533203,0.8993927025763286,3.4241738407262874,0.9027445
YX01,25C,390,3.292677164077759,0.682337439157508,3.286073684692383,-0.2516051696280773,-0.0050970873884786,1,24.86830139160156,0.020477294921875,0.6980724644870463,3.302209775751046,0.70466113
YX03,25C,390,3.500929355621338,1.0,3.590453147888184,2.158551946477275,-0.0048137634729439,1,25.663066864013672,-0.279397964477539,1.0,3.553644180297852,1.0
YX04,25C,90,3.5661051273345947,1.0,3.591986656188965,2.231903898372308,-0.0039696479872876,1,25.80059051513672,-0.1202564239501953,1.0,3.553644180297852,1.0
YX05,25C,420,3.541917562484741,1.0,3.5923306941986084,2.177293852897221,-0.0037588837877482,1,25.712885762325108,-0.2995496630819438,1.0,3.553644180297852,1.0
YX04,25C,60,3.27192497253418,0.648082790927508,3.236911535263061,-9.218919020432692,-0.0025013093273122,1,29.02932929992676,-0.273111343383789,0.5579506386919861,3.217321005362552,0.544217
YX05,25C,360,3.539520025253296,1.0,3.5917410850524902,2.1414230080639443,-0.0039045716505359,1,25.714597702026367,-0.2679061889648437,1.0,3.553644180297852,1.0
YX07,25C,210,3.2889771461486816,0.6762299968500739,3.2885358333587646,0.0011548995971679,-0.2182080924855491,1,25.101508388710023,-0.1453750315683173,0.5128292742816881,3.189985526957899,0.49741778
YX04,25C,510,2.4231433868408203,0.0,2.067060947418213,-2.146129768740649,-0.0286638235201987,1,26.40337562561035,-0.8669521155876794,0.0,2.8855350017547607,0.000243105
YX05,25C,270,3.1968393325805664,0.5241425228197159,3.146433115005493,-4.34064572528728,-0.0054934673961868,1,27.820375442504883,-1.2432785034179688,0.144297531998989,2.966721190556348,0.13914773
YX08,25C,510,3.5472724437713623,1.0,3.5924293994903564,2.239788687917552,-0.0034634630267018,1,26.963499801124005,-0.5057885838154661,1.0,3.553644180297852,1.0
YX02,25C,300,3.52701187133789,1.0,3.591475248336792,2.166780061641689,-0.0043547992120406,1,25.2454043059753,-0.2300662911819024,1.0,3.553644180297852,1.0
YX05,25C,60,3.571482419967652,1.0,3.5914249420166016,2.148921464648096,-0.0042918022119975,1,25.59712791442871,-0.0508747100830078,1.0,3.553644180297852,1.0
YX02,25C,570,3.2912790775299072,0.6800296846829418,3.267592191696167,-4.256477571883291,-0.002333674521563,1,28.15523910522461,-2.193414688110352,0.6004401286669453,3.2430620384810034,0.5454824
YX02,25C,420,3.550637006759644,1.0,3.592252731323242,2.0453113256708573,-0.0038095704481871,1,25.077816009521484,-0.1981502637016987,1.0,3.553644180297852,1.0
YX07,25C,120,3.294209718704224,0.6848671536463401,3.293579339981079,0.0011548995971679,0.7095375722543352,1,25.06756686305828,0.0006167241755647,0.6102338668188082,3.248995292522629,0.6096619
YX02,25C,360,3.325403213500977,0.736356760856414,3.303248882293701,-2.1921292302195976,-0.0041730580184049,1,25.58286476135254,-0.4444893582115519,0.8701159400588063,3.406437357798186,0.8773846
YX01,25C,360,3.2839059829711914,0.6678592707801517,3.275322437286377,-3.227833294868469,-0.0005053730379466,1,25.874387741088867,-0.3614463806152344,0.4970837152666473,3.18044653375479,0.5454651
YX03,25C,120,3.547672271728516,1.0,3.590453147888184,2.158551946477275,-0.0048137634729439,1,25.663066864013672,-0.1162834167480468,1.0,3.553644180297852,1.0
YX05,25C,480,3.5113582611083984,1.0,3.5914249420166016,2.148921464648096,-0.0042918022119975,1,25.59712791442871,-0.3269629750088789,1.0,3.553644180297852,1.0
YX08,25C,270,3.2870516777038574,0.6730517183479258,3.275951623916626,-1.9193662537468803,-0.0018729491198856,1,27.334906790188,-0.4953270482017373,0.568602234278159,3.2237739676106187,0.552042
YX02,25C,180,3.2461302280426025,0.6055046421625361,3.202746152877808,-5.11036024181121,-0.0034681159597452,1,25.982566273339263,-0.2801584364252001,0.2808265951247765,3.0494333892111976,0.28363392
YX02,25C,300,3.545782327651977,1.0,3.5920488834381104,2.3125528774367563,-0.0038672928986564,1,25.463642120361328,-0.2920093536376953,1.0,3.553644180297852,1.0
YX02,25C,300,3.3284029960632324,0.7413083581959421,3.312328338623047,-2.226234613462936,-0.0031413103182907,1,25.21537214539317,-0.2290535571363392,0.94006869012333,3.448816215656892,0.9346922
YX07,25C,150,3.3298914432525635,0.7437652666517259,3.3293240070343018,0.0011548995971679,0.1092072667217175,1,25.389000796699523,-0.1223223813221139,0.9434087811978756,3.4508397135858897,0.93467766
YX04,25C,300,3.5398707389831543,1.0,3.591527938842773,2.2348201982676983,-0.0039975397503743,1,25.849470138549805,-0.3915424346923828,1.0,3.553644180297852,1.0
YX02,25C,180,3.547127246856689,1.0,3.591418981552124,2.284430704669063,-0.0038792072565447,1,25.39805603027344,-0.2305202484130859,1.0,3.553644180297852,1.0
YX02,25C,60,3.1805100440979004,0.4971885487468915,3.15560245513916,-1.496686424399322,-0.0104432331007567,1,25.56886100769043,0.0216655731201171,0.1310072004002482,2.95866962613324,0.12662736
YX06,25C,390,3.549723863601685,1.0,3.5925211906433105,2.17756688103013,-0.0035915519832707,1,25.192035675048828,-0.3423385620117187,1.0,3.553644180297852,1.0
YX07,25C,240,3.5487730503082275,1.0,3.590317487716675,2.3020322329454843,-0.0037517776268941,1,25.685632478820885,-0.2765708811377827,1.0,3.553644180297852,1.0
YX01,25C,60,3.570467233657837,1.0,3.59116530418396,2.113528216194404,-0.0045174274682231,1,25.488407208945084,-0.010236814047623,1.0,3.553644180297852,1.0
YX02,25C,60,3.575606346130371,1.0,3.5922415256500244,2.2067024531828467,-0.003651310519511,1,25.26203155517578,-0.1073532104492187,1.0,3.553644180297852,1.0
YX04,25C,300,2.3546810150146484,0.0,2.065493106842041,-2.0499145098361606,-0.0293910257747858,1,26.23889124819374,-0.5499302191410074,0.0,2.8855350017547607,0.0
YX08,25C,540,3.548912286758423,1.0,3.5924293994903564,1.7115708864714263,-0.0043849650113006,1,26.39874560608521,-0.198634446997314,1.0,3.553644180297852,1.0
YX04,25C,180,3.5548136234283447,1.0,3.5925004482269287,2.2494098283492594,-0.0037912140546403,1,25.871166229248047,-0.2588461789009955,1.0,3.553644180297852,1.0
YX01,25C,30,3.583904266357422,1.0,3.5922389030456543,2.1856149715098923,-0.0038134057447797,1,25.59864997863769,-0.031625747680664,1.0,3.553644180297852,1.0
YX05,25C,480,3.5168802738189697,1.0,3.591559648513794,2.2122637211080765,-0.0040814076201696,1,25.665258968297145,-0.2571836356555437,1.0,3.553644180297852,1.0
YX07,25C,420,3.50640869140625,1.0,3.590317487716675,2.240734864265934,-0.0044733511592285,1,25.732345485280835,-0.3256399477706395,1.0,3.553644180297852,1.0
YX04,25C,330,3.284687042236328,0.669148527884292,3.260794878005981,-2.456129057035264,-0.0035580355899283,1,25.31427574157715,-0.183121856385835,0.5578838637142551,3.21728055166649,0.5477114
YX01,25C,240,3.5416419506073,1.0,3.5919907093048096,2.275893736407294,-0.0041265310849772,1,26.038970947265625,-0.4351174469817884,1.0,3.553644180297852,1.0
YX03,25C,540,3.5662457942962646,1.0,3.592318058013916,0.6733200904436227,-0.0088874043739396,1,25.07288932800293,0.0433315967559799,1.0,3.553644180297852,0.99944896
YX02,25C,60,3.189351797103882,0.511783206777125,3.1900277137756348,-0.0013198852539062,0.721278901734104,1,24.770463276424305,0.0068736770020905,0.1009090420538367,2.94043552421166,0.09654957
YX04,25C,330,2.359283924102783,0.0,2.0637922286987305,-1.868227946486658,-0.0314319349017274,1,26.04281616210937,-0.5198836610680431,0.0,2.8855350017547607,0.0
YX03,25C,120,2.246506690979004,0.0,2.059387445449829,-1.6915377769433104,-0.0333935008424079,1,26.426326751708984,-0.2380886077880859,0.0,2.8855350017547607,0.0
YX07,25C,240,3.5262038707733154,1.0,3.590317487716675,2.240734864265934,-0.0044733511592285,1,25.732345485280835,-0.174983092855296,1.0,3.553644180297852,1.0
YX04,25C,210,3.282064914703369,0.6648203076061066,3.2706003189086914,-1.503407728407118,-0.0021245691663483,1,28.15522766113281,-1.0942497253417969,0.4110413045685142,3.128320218643045,0.38698205
YX03,25C,120,3.5765037536621094,1.0,3.592318058013916,0.6733200904436227,-0.0088874043739396,1,25.07288932800293,0.0442657470703125,1.0,3.553644180297852,0.9999972
YX02,25C,240,3.263791799545288,0.6346577519795411,3.2503817081451416,-2.06603666211738,-0.0018222657185252,1,26.74127769470215,-0.7541465759277344,0.3006984135574115,3.061472157779608,0.30487975
YX04,25C,390,3.263239860534668,0.6337466927011269,3.268026828765869,0.2456035467009298,-0.0043945656408091,1,24.8984375,-0.0238494873046875,0.1964841666392957,2.998336959336071,0.19929238
YX04,25C,450,3.2798895835876465,0.6612295927653934,3.242399215698242,-2.456163638060648,-0.0043792905446071,1,25.36666679382324,-0.2246246337890625,0.4105069712677588,3.127996508210203,0.3999491
YX02,25C,150,3.2811384201049805,0.6632909873659694,3.280393123626709,-0.001678466796875,0.2971590909090909,1,24.668851852416992,0.0453624725341796,0.5004943599894499,3.1825127745785013,0.5183158
YX04,25C,120,3.3128883838653564,0.7156991312308246,3.3169620037078857,0.2455869658391812,-0.0063743463951013,1,25.05678367614746,0.0341110229492187,0.3929404250705086,3.1173543223965647,0.44570103
YX01,25C,270,3.282954931259156,0.6662894152891823,3.275322437286377,-3.227833294868469,-0.0005053730379466,1,25.874387741088867,-0.2789344787597656,0.4970837152666473,3.18044653375479,0.5485277
YX05,25C,240,3.274418354034424,0.6521984962984176,3.254793405532837,-1.229627562021663,-0.0046530910968458,1,25.303993225097656,-0.2799396514892578,0.4097723343007761,3.1275514495731542,0.3997383
YX02,25C,120,3.565071821212769,1.0,3.5922415256500244,2.2067024531828467,-0.003651310519511,1,25.26203155517578,-0.2187919616699218,1.0,3.553644180297852,1.0
YX03,25C,600,3.324633836746216,0.7350867875123783,3.319663047790528,0.0014114379882812,-0.4346283783783783,1,25.09136962890625,-0.0583114624023437,0.7971502367763121,3.36223318905404,0.7887998
YX04,25C,210,3.535663366317749,1.0,3.5917859077453613,2.0589466550748146,-0.0047433673095247,1,25.972505569458008,-0.3622856140136719,1.0,3.553644180297852,1.0
YX03,25C,330,3.2344069480896,0.5861535856705687,3.231464385986328,-0.6158341024523584,0.0013871491778696,1,25.17384147644043,-0.08532620077073,0.1892667655379095,2.9939645048564003,0.22137554
YX01,25C,120,3.321681261062622,0.7302131123055181,3.303844928741455,-2.514936119565673,-0.0036000697874367,1,25.10425066189361,-0.0319240017373587,0.8993878746022332,3.424170915837305,0.91971093
YX01,25C,600,3.298588275909424,0.692094628224343,3.271939992904663,-2.514948793300096,-0.0031208347640845,1,25.21068382263184,-0.1809310913085937,0.698191069699212,3.302281629301093,0.69327796
YX01,25C,210,3.297683954238892,0.6906019077737923,3.290866136550904,-0.8045453469314917,-0.0027817390412636,1,26.306659698486328,-0.3896827697753906,0.6982640342988805,3.3023258328012446,0.6973436
YX07,25C,270,3.189812183380127,0.5125431443436985,3.123744249343872,-2.3561229611074688,-0.0131375340833771,1,26.15258152113048,-0.4671059382447389,0.1194456643363362,2.9516654026677025,0.120545715
YX05,25C,270,3.221092700958252,0.564176395889246,3.2071728706359863,-2.0831291675567627,-0.0019437405956111,1,26.351606369018555,-0.5516834259033203,0.2128844872794599,3.0082726210020616,0.20548548
YX08,25C,480,3.297268867492676,0.6899167439708898,3.29682731628418,0.0014781951904296,0.1280645161290322,1,26.37841041510751,-0.1500254318517022,0.6651749440481801,3.282279760972548,0.6439428
YX03,25C,420,2.410836696624756,0.0,2.059387445449829,-1.6915377769433104,-0.0333935008424079,1,26.426326751708984,-0.6343546884342608,0.0,2.8855350017547607,0.0
YX01,25C,420,3.2993996143341064,0.6934338656863056,3.290866136550904,-0.8045453469314917,-0.0027817390412636,1,26.306659698486328,-0.8281135559082031,0.6982640342988805,3.3023258328012446,0.6890779
YX04,25C,60,3.260965347290039,0.6299922626725863,3.2392189502716064,-1.4476058013247748,-0.009393581903729,1,25.703623530751774,-0.0549514268699375,0.3911013429623778,3.116240167496592,0.36712256
YX08,25C,360,3.5514349937438965,1.0,3.5924293994903564,2.239788687917552,-0.0034634630267018,1,26.963499801124005,-0.4435331919804746,1.0,3.553644180297852,1.0
YX03,25C,120,3.3171699047088623,0.7227664325361214,3.337325096130371,2.5404654359367407,-0.0038288264239261,1,25.91979217529297,-0.0935916900634765,0.5081065706020652,3.1871244130236662,0.52776164
YX04,25C,270,3.552128791809082,1.0,3.591775417327881,2.149202637320992,-0.0037272547967923,1,25.70903778076172,-0.2891769409179687,1.0,3.553644180297852,1.0
YX02,25C,600,3.541682481765747,1.0,3.591733932495117,1.850944807152484,-0.0043587719455716,1,25.075359344482425,-0.2505722045898437,1.0,3.553644180297852,1.0
YX08,25C,510,3.236344575881958,0.5893519350250708,3.234894037246704,-0.0016746520996093,-0.0377277904328018,1,26.47994432852866,-0.2174501668200079,0.2182114072463463,3.011499781962755,0.21361978
YX07,25C,210,3.546314239501953,1.0,3.591578483581543,2.278454910468101,-0.0042609596952792,1,25.77191052661201,-0.3303874408313767,1.0,3.553644180297852,1.0
YX06,25C,600,3.3082737922668457,0.7080820459894827,3.271883487701416,-4.257505994699596,-0.0033184795503679,1,27.64324378967285,-2.182832717895508,0.7328392530655808,3.32327223276688,0.7144343
YX07,25C,330,3.5159912109375,1.0,3.5909481048583984,2.24647395416072,-0.0047426372447268,1,25.66500893307289,-0.2360487677948626,1.0,3.553644180297852,1.0
YX08,25C,210,3.297079563140869,0.6896042683479694,3.29682731628418,0.0014781951904296,0.1280645161290322,1,26.37841041510751,-0.1475025143958994,0.6651749440481801,3.282279760972548,0.6714682
YX04,25C,390,3.5433027744293213,1.0,3.591526985168457,2.184726499701106,-0.0036396942369139,1,25.716157913208008,-0.4257984161376953,1.0,3.553644180297852,1.0
YX04,25C,90,2.224855899810791,0.0,2.065493106842041,-2.0499145098361606,-0.0293910257747858,1,26.23889124819374,-0.1443325323734292,0.0,2.8855350017547607,0.0
YX07,25C,510,3.327558994293213,0.7399152049149113,3.30908751487732,-1.913911716997131,-0.0037879658131228,1,25.85007430648273,-0.5720838003435418,0.9164369734374984,3.434499621077517,0.8792767
YX04,25C,30,3.5835752487182617,1.0,3.591526985168457,2.184726499701106,-0.0036396942369139,1,25.716157913208008,-0.0260257720947265,1.0,3.553644180297852,1.0
YX08,25C,540,3.545569658279419,1.0,3.5918619632720947,2.2389683095974173,-0.0036338316969317,1,26.88660688137789,-0.4521383485722126,1.0,3.553644180297852,1.0
YX02,25C,210,3.550939083099365,1.0,3.591969966888428,2.2655065580787537,-0.0038426796719128,1,25.309776306152344,-0.2067241668701172,1.0,3.553644180297852,1.0
YX01,25C,360,3.2862377166748047,0.6717081518785927,3.257276773452759,-3.005420003618513,-0.0043121156738892,1,25.61100006103516,-0.2592015183030334,0.5977395700918443,3.2414259828879386,0.5602757
YX05,25C,30,3.583420515060425,1.0,3.59216833114624,2.264074087304856,-0.0038637499253519,1,25.78402137756348,-0.0877163768219873,1.0,3.553644180297852,1.0
YX06,25C,480,3.508852005004883,1.0,3.592130422592163,2.0485350922799217,-0.0045189934135092,1,25.4116342952278,-0.523221819641865,1.0,3.553644180297852,1.0
YX03,25C,450,3.302561521530152,0.6986530743905515,3.254257917404175,-8.440263493855793,-0.0027938734379306,1,28.653148651123047,-2.129554748535156,0.6955300135192696,3.300669505095829,0.69877803
YX07,25C,420,3.544612169265747,1.0,3.5913891792297363,2.15534986704588,-0.0038023526311622,1,25.596183151382267,-0.3645986024320713,1.0,3.553644180297852,1.0
YX04,25C,390,3.5344717502593994,1.0,3.591527938842773,2.2348201982676983,-0.0039975397503743,1,25.849470138549805,-0.4771477335675982,1.0,3.553644180297852,1.0
YX01,25C,570,3.1907899379730225,0.5141570770006215,3.0651230812072754,-2.5149442001243902,-0.0156323581398608,1,26.19474220275879,-0.8387489318847656,0.0946067861615416,2.9366174840859687,0.100023866
YX04,25C,480,3.3103044033050537,0.7114338783325728,3.299899339675904,-1.6456031799316406,-0.0015257542566385,1,26.15995216369629,-0.7223968505859375,0.7348025831970058,3.3244616597514174,0.7158409
YX02,25C,150,3.556150197982788,1.0,3.591605424880981,2.29926786697328,-0.0037344090399813,1,25.38696357381621,0.1188328586789069,1.0,3.553644180297852,1.0
YX03,25C,90,3.2745583057403564,0.6524295078735489,3.273888349533081,0.0055160522460937,-0.0400242047026279,1,25.005334854125977,-0.0186119079589843,0.3917786479455435,3.1166504932033314,0.38276932
YX05,25C,150,3.5531435012817383,1.0,3.591916561126709,2.1374226844656588,-0.0042040153747152,1,25.688241958618164,-0.1813983917236328,1.0,3.553644180297852,1.0
YX01,25C,510,3.293153524398804,0.6831237443144287,3.286073684692383,-0.2516051696280773,-0.0050970873884786,1,24.86830139160156,0.0316791534423828,0.6980724644870463,3.302209775751046,0.69795364
YX04,25C,510,3.535433769226074,1.0,3.592167377471924,2.206951253762207,-0.0038659880942924,1,25.90801048278809,-0.5782051086425781,1.0,3.553644180297852,1.0
YX05,25C,30,3.583735704421997,1.0,3.5917532444000244,2.192100438134636,-0.003657469264889,1,26.54467964172364,0.2066811963483275,1.0,3.553644180297852,0.9998059
YX08,25C,90,3.292664766311645,0.6823169747590295,3.281123161315918,-3.8281944866838127,-0.001779329349286,1,28.319441281995413,-0.3817464305317664,0.6749834675712102,3.288221972305238,0.70118845
YX04,25C,570,2.425473690032959,0.0,2.0663952827453613,-2.106850950365343,-0.0289090813293938,1,26.34038543701172,-0.8989543914794922,0.0,2.8855350017547607,0.00024929643
YX07,25C,510,3.327621936798096,0.7400191010918017,3.3268654346466064,0.001500129699707,-0.336141131595677,1,25.11201573477533,0.0288247933315872,0.8169597712745865,3.3742342246956003,0.8126209
YX01,25C,570,3.534332752227783,1.0,3.5908079147338867,2.2560678597063744,-0.0040235095425344,1,25.49306297302246,-0.0057106018066406,1.0,3.553644180297852,1.0
YX08,25C,390,3.542920589447021,1.0,3.5923664569854736,2.2733580873693984,-0.0037452983514477,1,26.82919186628052,-0.4040419295987654,1.0,3.553644180297852,1.0
YX03,25C,60,3.569652318954468,1.0,3.5906686782836914,2.088296230678802,-0.004610370367881,1,25.7024154663086,-0.0827655792236328,1.0,3.553644180297852,1.0
YX06,25C,450,3.5412161350250244,1.0,3.592475175857544,2.2781436096781515,-0.0035869373403028,1,25.247376024259225,-0.1893678302894983,1.0,3.553644180297852,1.0
YX05,25C,150,3.5645642280578613,1.0,3.592146635055542,1.8898582377132007,-0.0039244875677373,1,25.455004157268444,-0.0527549235590996,1.0,3.553644180297852,1.0
YX08,25C,30,3.582527637481689,1.0,3.591231107711792,2.30970633536762,-0.0037682150742844,1,26.976173758219737,-0.0575804342177868,1.0,3.553644180297852,0.99958295
YX02,25C,330,3.289261817932129,0.6766998909228283,3.292898178100586,-0.0029678344726562,1.2883997429305911,1,28.293102264404297,-1.705902099609375,0.5005020991708633,3.182517463138548,0.48198178
YX07,25C,270,3.54234266281128,1.0,3.591200113296509,2.303646274259157,-0.0040775423225356,1,25.749170668626817,-0.4693593798128397,1.0,3.553644180297852,1.0
YX03,25C,270,3.5304882526397705,1.0,3.5906686782836914,2.088296230678802,-0.004610370367881,1,25.7024154663086,-0.2750492095947265,1.0,3.553644180297852,1.0
YX02,25C,60,3.576448917388916,1.0,3.592252016067505,1.7731495526914272,-0.0046772085645339,1,25.04657593551202,0.0362373274274325,1.0,3.553644180297852,0.9996975
YX02,25C,600,3.546938896179199,1.0,3.592252731323242,2.0453113256708573,-0.0038095704481871,1,25.077816009521484,-0.2428703308105468,1.0,3.553644180297852,1.0
YX01,25C,150,3.296850204467773,0.6892256769761186,3.290866136550904,-0.8045453469314917,-0.0027817390412636,1,26.306659698486328,-0.3245849609375,0.6982640342988805,3.3023258328012446,0.6988316
YX06,25C,240,3.551414728164673,1.0,3.592475175857544,2.2781436096781515,-0.0035869373403028,1,25.247376024259225,0.1554064159263219,1.0,3.553644180297852,1.0
YX05,25C,480,3.282341957092285,0.6652776082028743,3.267987966537476,-2.185423303823002,-0.0015918039684053,1,25.98955345153809,-0.5669708251953125,0.5080552688175046,3.187093333315809,0.4830562
YX01,25C,510,3.5038154125213623,1.0,3.59116530418396,2.113528216194404,-0.0045174274682231,1,25.488407208945084,-0.2930866499349029,1.0,3.553644180297852,1.0
YX04,25C,30,3.58564829826355,1.0,3.5925281047821045,0.8178597659063644,-0.0084119635240038,1,24.99952888488769,-0.0170516967773437,1.0,3.553644180297852,0.99959874
YX02,25C,600,3.3013033866882324,0.6965763314911165,3.293207883834839,-0.7694283044926254,-0.0017897778192585,1,25.39529800415039,-0.4385242462158203,0.7003398726905831,3.303583419673218,0.7082136
YX08,25C,390,3.2860426902771,0.6713862311486821,3.285348892211914,-0.0013236999511718,0.1905619596541787,1,26.24294662475586,-0.064170506734225,0.4201054094528064,3.133811445394724,0.4155669
YX01,25C,120,3.2897891998291016,0.6775704149504103,3.2781338691711426,-1.2575098692626103,-0.0040478701505565,1,25.10214229591088,-0.0009612656374393,0.6981899033493753,3.302280922701654,0.71132755
YX03,25C,480,3.279216289520264,0.6601182185095654,3.273888349533081,0.0055160522460937,-0.0400242047026279,1,25.005334854125977,-0.0301151275634765,0.3917786479455435,3.1166504932033314,0.36996078
YX05,25C,330,3.2230794429779053,0.5674558157454125,3.206259250640869,-2.9785759108407155,-0.0016259436530268,1,27.60624122619629,-1.377573013305664,0.2129343031232483,3.008302800495521,0.17976803
YX07,25C,540,3.288788080215454,0.675917914773278,3.2885358333587646,0.0011548995971679,-0.2182080924855491,1,25.101508388710023,-0.1311840308826148,0.5128292742816881,3.189985526957899,0.4850493
YX01,25C,60,3.570163488388061,1.0,3.591370105743408,2.2974598560632367,-0.0043596857199493,1,25.718524932861328,-0.0499114990234375,1.0,3.553644180297852,1.0
YX05,25C,360,3.285520076751709,0.6705235780435919,3.2743043899536133,-2.9523343449145294,-0.0011112019389296,1,26.98360252380371,-1.0185680389404297,0.6063475558365666,3.2466408830025,0.56666744
YX03,25C,240,3.268519401550293,0.6424613780839363,3.2866463661193848,2.540800298301919,-0.0029270268674343,1,25.12850107539586,0.0179985583932023,0.2032776678541194,3.002452606284624,0.20724541
YX02,25C,450,3.2533068656921387,0.6173507740586681,3.202746152877808,-5.11036024181121,-0.0034681159597452,1,25.982566273339263,-0.6510690809564501,0.2808265951247765,3.0494333892111976,0.26682165
YX08,25C,330,3.554966688156128,1.0,3.5923664569854736,1.9760575058670449,-0.0038618824893632,1,26.49515100172572,-0.1683477041287098,1.0,3.553644180297852,1.0
YX02,25C,210,3.552072286605835,1.0,3.5920488834381104,2.3125528774367563,-0.0038672928986564,1,25.463642120361328,-0.2181198664420058,1.0,3.553644180297852,1.0
YX07,25C,600,3.53641676902771,1.0,3.590317487716675,2.3020322329454843,-0.0037517776268941,1,25.685632478820885,-0.6096212272211758,1.0,3.553644180297852,1.0
YX08,25C,570,3.5491013526916504,1.0,3.5923664569854736,1.9760575058670449,-0.0038618824893632,1,26.49515100172572,-0.2522889537567465,1.0,3.553644180297852,1.0
YX03,25C,360,3.3283584117889404,0.7412347650706447,3.314979076385498,-3.11520263671875,-0.0017588253495137,1,26.98782157897949,-1.0752465166680416,0.8984926125973196,3.423628547149619,0.8984422
YX01,25C,540,3.32718276977539,0.7392941891303162,3.303844928741455,-2.514936119565673,-0.0036000697874367,1,25.10425066189361,-0.1058986111123587,0.8993878746022332,3.424170915837305,0.89029825
YX04,25C,150,3.5640792846679688,1.0,3.592076301574707,2.105579703463621,-0.0035382672750456,1,25.580944061279297,-0.1619205474853515,1.0,3.553644180297852,1.0
YX04,25C,240,3.552741527557373,1.0,3.5926246643066406,2.22419981393318,-0.0037071615994192,1,25.74685859680176,-0.2858772277832031,1.0,3.553644180297852,1.0
YX02,25C,30,3.582557201385498,1.0,3.591418981552124,2.284430704669063,-0.0038792072565447,1,25.39805603027344,-0.0306930541992187,1.0,3.553644180297852,1.0
YX01,25C,180,3.540138959884644,1.0,3.59116530418396,2.113528216194404,-0.0045174274682231,1,25.488407208945084,-0.1246510291355136,1.0,3.553644180297852,1.0
YX03,25C,180,2.3029990196228027,0.0,2.0742573738098145,-2.3233747307366315,-0.0246001516484424,1,26.222631454467773,-0.3600056959788631,0.0,2.8855350017547607,0.0
YX05,25C,330,3.2840006351470947,0.668015508591612,3.267818689346313,-1.229637641518324,-0.0042301715274721,1,25.212207794189453,0.0263729095458984,0.5573239588423554,3.216941349434144,0.5431383
YX05,25C,270,3.3276987075805664,0.7401458229439181,3.297822952270508,-4.429871463775635,-0.0036385991310461,1,25.88080406188965,-0.2492218017578125,0.9409726457608496,3.4493638511313747,0.9452517
YX01,25C,360,3.5318408012390137,1.0,3.5920236110687256,2.0055516323920104,-0.0047186761524514,1,25.548885345458984,-0.2177726582271084,1.0,3.553644180297852,1.0
YX03,25C,120,3.294153928756714,0.6847750638531872,3.254257917404175,-8.440263493855793,-0.0027938734379306,1,28.653148651123047,-0.5142345428466797,0.6955300135192696,3.300669505095829,0.7318155
YX04,25C,180,3.5544607639312744,1.0,3.592167377471924,2.206951253762207,-0.0038659880942924,1,25.90801048278809,-0.193389892578125,1.0,3.553644180297852,1.0
YX03,25C,150,2.284470558166504,0.0,2.0742573738098145,-2.3233747307366315,-0.0246001516484424,1,26.222631454467773,-0.2958641052246094,0.0,2.8855350017547607,0.0
YX01,25C,510,3.261014223098755,0.6300729396281263,3.2159411907196045,-2.5149563680041265,-0.0050865092629206,1,25.60473823547364,-0.4221973419189453,0.2957989704826,3.058503971375746,0.29064763
YX01,25C,60,3.277754545211792,0.657705387219735,3.274939775466919,-0.2516019720877815,-0.0059244088755509,1,25.051830291748047,-0.0037288665771484,0.496794748331415,3.18027147146399,0.50290453
YX07,25C,150,3.280592679977417,0.6623901602867944,3.264517068862915,-1.079084175604361,-0.0063678645499899,1,25.633837330440773,-0.2741729678593927,0.5051836338981972,3.185353636049366,0.47876015
YX05,25C,570,3.520318984985352,1.0,3.5915744304656982,2.1669908631761623,-0.0039467408076634,1,25.713930997331524,-0.3121975988940235,1.0,3.553644180297852,1.0
YX08,25C,330,3.298088788986206,0.6912701490933375,3.290961980819702,-0.8307301125356129,-0.0018979233325083,1,27.189532432390035,-0.4345361135728964,0.6922763321965466,3.2986983560249774,0.69449455
YX07,25C,570,3.521980047225952,1.0,3.591137170791626,2.30955080850739,-0.0040125082838457,1,25.773401623150363,-0.5880409680780083,1.0,3.553644180297852,1.0
YX04,25C,570,3.292325735092163,0.6817573521698698,3.2836754322052,-4.134996615923368,-0.0003642300838614,1,29.122966766357425,-2.75344467163086,0.6070468939399887,3.247064556840237,0.5473862
YX02,25C,540,3.224900722503662,0.5704621145911171,3.1683380603790283,-5.878842939410293,-0.0040926439365715,1,27.82343101501465,-1.869209150505068,0.2008298249951063,3.000969651225861,0.19617698
YX02,25C,450,3.5338118076324463,1.0,3.592081069946289,2.0842543889278984,-0.0042429666853593,1,25.361156463623047,-0.3783168792724609,1.0,3.553644180297852,1.0
YX07,25C,240,3.278827428817749,0.6594763447803673,3.2413175106048584,-2.566908127835552,-0.0058697467048059,1,26.258332989320127,-0.4210593790143413,0.4818943091281059,3.171244469745732,0.44360366
YX07,25C,600,3.327874183654785,0.7404354728916126,3.3268654346466064,0.001500129699707,-0.336141131595677,1,25.11201573477533,-0.0730140045397682,0.8169597712745865,3.3742342246956003,0.8048492
YX07,25C,60,3.5722875595092773,1.0,3.591641426086426,2.2766856103709987,-0.0043750666988587,1,25.604047866439643,0.0460572060440895,1.0,3.553644180297852,1.0
YX02,25C,480,3.2242777347564697,0.5694337785675765,3.1683380603790283,-5.878842939410293,-0.0040926439365715,1,27.82343101501465,-1.704423904418945,0.2008298249951063,3.000969651225861,0.19471067
YX04,25C,120,3.5596909523010254,1.0,3.591527938842773,2.2348201982676983,-0.0039975397503743,1,25.849470138549805,-0.1670398712158203,1.0,3.553644180297852,1.0
YX04,25C,510,2.359635829925537,0.0,2.070430517196656,-2.204450816379637,-0.0286163836336631,1,26.36466789245605,-0.8058891296386719,0.0,2.8855350017547607,0.00030447543
YX05,25C,420,3.549825668334961,1.0,3.591968536376953,1.7294609350092869,-0.0043420870827137,1,25.454230293336902,-0.1625146713886636,1.0,3.553644180297852,1.0
YX07,25C,600,3.261616945266724,0.6310678242310771,3.213831186294556,-4.108653509616852,-0.0034523414816722,1,26.123332171624355,-0.8756989571757678,0.3088773298494162,3.066427118530363,0.29980925
YX04,25C,90,3.3123538494110107,0.7148168008195052,3.29939079284668,-4.329114774378335,-0.0011401271811439,1,29.18065452575684,-0.6011161804199219,0.8035649456488716,3.366119355577364,0.80986166
YX01,25C,210,3.251070022583008,0.613658524317812,3.2297608852386475,-1.2574959048154075,-0.0058018852476166,1,25.238340377807617,-0.0815944671630859,0.2957943321453059,3.058501161372756,0.29108775
YX03,25C,30,3.582714557647705,1.0,3.591613292694092,2.3498253529273057,-0.0037869772046254,1,25.823549270629883,-0.0483779907226562,1.0,3.553644180297852,1.0
YX08,25C,240,3.325838804244995,0.7370757696260307,3.308999538421631,-2.2232009012674547,-0.0033191130045811,1,26.76728739832603,-0.2411823902879959,0.9103016693621852,3.430782723899239,0.9133751
YX01,25C,150,3.559854030609131,1.0,3.5922389030456543,2.1856149715098923,-0.0038134057447797,1,25.59864997863769,-0.1597349434986661,1.0,3.553644180297852,1.0
YX06,25C,150,3.279966354370117,0.6613563146175098,3.234118938446045,-8.14759553096209,-0.002613487630283,1,27.11468315124512,-0.7216813704434593,0.5251161004408947,3.1974291465276137,0.5227248
YX02,25C,150,3.543980121612549,1.0,3.59145450592041,2.150916792980426,-0.0045959702288576,1,25.47012710571289,-0.1240921020507812,1.0,3.553644180297852,1.0
YX01,25C,570,3.2855138778686523,0.6705133458443527,3.275322437286377,-3.227833294868469,-0.0005053730379466,1,25.874387741088867,-0.5187339782714844,0.4970837152666473,3.18044653375479,0.5441843
YX08,25C,330,3.523810863494873,1.0,3.590726613998413,2.2908658066184904,-0.0042396449537988,1,27.06373089167077,-0.3332682238961233,1.0,3.553644180297852,1.0
YX07,25C,150,3.2943358421325684,0.6850753395462456,3.2934532165527344,0.0011548995971679,0.6005367464905037,1,24.97039420756564,0.0966616632982315,0.6102327930552104,3.248994642013895,0.62965304
YX04,25C,90,2.2251272201538086,0.0,2.070430517196656,-2.204450816379637,-0.0286163836336631,1,26.36466789245605,-0.2049427032470703,0.0,2.8855350017547607,0.0
YX08,25C,360,3.5508041381835938,1.0,3.591798782348633,2.287132537814186,-0.0034193935429573,1,26.794321931011257,-0.4268961751778164,1.0,3.553644180297852,1.0
YX07,25C,540,3.561885595321656,1.0,3.59201979637146,0.8547523137061827,-0.0076706559551317,1,25.32373252525107,-0.2293023208346127,1.0,3.553644180297852,1.0
YX05,25C,330,3.54288911819458,1.0,3.5917532444000244,2.192100438134636,-0.003657469264889,1,26.54467964172364,-0.496011734008789,1.0,3.553644180297852,1.0
YX01,25C,30,3.2702364921569824,0.6452956972731974,3.257276773452759,-3.005420003618513,-0.0043121156738892,1,25.61100006103516,0.0579910278320312,0.5977395700918443,3.2414259828879386,0.55370617
YX05,25C,540,3.255090475082397,0.6202948926166882,3.203505039215088,-3.0961968446389223,-0.0061077786090771,1,26.88907241821289,-1.2130494632515043,0.2918046988046993,3.056084156979161,0.2865593
YX03,25C,540,3.329319715499878,0.7428215430449713,3.314979076385498,-3.11520263671875,-0.0017588253495137,1,26.98782157897949,-1.3709392547607422,0.8984926125973196,3.423628547149619,0.8870154
YX03,25C,60,3.3587238788604736,0.791357586590035,3.3827929496765137,2.540252216819755,-0.006097559811554,1,25.91814041137696,0.1980286317757986,0.8129030744794479,3.371776591840588,0.82526255
YX04,25C,30,2.1321303844451904,0.0,2.0684401988983154,-2.1688511418190104,-0.0293658630225116,1,26.55244827270508,-0.0445785522460937,0.0003149172671693,2.8855350017547607,0.0
YX08,25C,510,3.544182062149048,1.0,3.591735601425171,2.2419552098726854,-0.0033756789266323,1,26.90058693608741,-0.5259257066893319,1.0,3.553644180297852,1.0
YX02,25C,150,3.563828468322754,1.0,3.591751337051392,2.1553162073847507,-0.0033744277199669,1,25.132469177246094,-0.1251239776611328,1.0,3.553644180297852,1.0
YX01,25C,540,3.5405702590942383,1.0,3.591111660003662,2.220007263240789,-0.003852810153775,1,25.62020301818848,-0.3744258880615234,1.0,3.553644180297852,1.0
YX02,25C,270,3.220951795578003,0.5639438101296163,3.1683380603790283,-5.878842939410293,-0.0040926439365715,1,27.82343101501465,-1.0510616302490234,0.2008298249951063,3.000969651225861,0.19006926
YX04,25C,60,3.2803189754486084,0.6619383693357709,3.265408992767334,-1.5667340334723978,-0.0058625622241259,1,25.723188400268555,-0.086526870727539,0.6366284686516409,3.264985701452642,0.5992379
YX05,25C,390,3.547138929367065,1.0,3.592496633529663,2.064356458534164,-0.003871669543397,1,25.603609085083008,-0.1904373168945312,1.0,3.553644180297852,1.0
YX04,25C,570,3.3244998455047607,0.7348656145903616,3.29939079284668,-4.329114774378335,-0.0011401271811439,1,29.18065452575684,-2.7830734252929688,0.8035649456488716,3.366119355577364,0.77145547
YX01,25C,180,3.1677792072296143,0.4761743663324282,3.0651230812072754,-2.5149442001243902,-0.0156323581398608,1,26.19474220275879,-0.4173240661621094,0.0946067861615416,2.9366174840859687,0.086265534
YX02,25C,390,3.299111604690552,0.692958461967807,3.254091262817383,-8.416423329135828,-0.002633520292168,1,28.324159622192383,-1.817718505859375,0.9260344585112626,3.440313980847032,0.7095827
YX03,25C,180,3.326695203781128,0.7384893873055399,3.314979076385498,-3.11520263671875,-0.0017588253495137,1,26.98782157897949,-0.6599216461181641,0.8984926125973196,3.423628547149619,0.9091639
YX02,25C,450,3.194652318954468,0.520532524218898,3.1900277137756348,-0.0013198852539062,0.721278901734104,1,24.770463276424305,-0.0633118634604379,0.1009090420538367,2.94043552421166,0.099937074
YX07,25C,240,3.327117681503296,0.7391867510383046,3.3268654346466064,0.001500129699707,-0.336141131595677,1,25.11201573477533,-0.0545382721486689,0.8169597712745865,3.3742342246956003,0.8254784
YX08,25C,60,3.573319673538208,1.0,3.5910420417785645,2.3077057313019127,-0.0035255942304441,1,27.03116563157093,-0.1192921030990739,1.0,3.553644180297852,0.9996106
YX04,25C,450,2.391530036926269,0.0,2.0637922286987305,-1.868227946486658,-0.0314319349017274,1,26.04281616210937,-0.5882186889648438,0.0,2.8855350017547607,0.00038903207
YX08,25C,240,3.555471420288086,1.0,3.5918619632720947,2.2389683095974173,-0.0036338316969317,1,26.88660688137789,-0.3327753064605758,1.0,3.553644180297852,1.0
YX08,25C,330,3.328613758087158,0.7416562529700752,3.322180986404419,-1.175623803099325,-0.0015019498517902,1,26.55839317046016,-0.2349199648937556,0.9468991008316904,3.452954223158515,0.95443314
YX08,25C,480,3.286357879638672,0.6719064991253835,3.285348892211914,-0.0013236999511718,0.1905619596541787,1,26.24294662475586,-0.1989050920486441,0.4201054094528064,3.133811445394724,0.4099859
YX05,25C,150,3.219446182250977,0.5614585663528622,3.206259250640869,-2.9785759108407155,-0.0016259436530268,1,27.60624122619629,-0.7713184356689453,0.2129343031232483,3.008302800495521,0.19133599
YX03,25C,540,2.40777850151062,0.0,2.0742573738098145,-2.3233747307366315,-0.0246001516484424,1,26.222631454467773,-0.7555866241455078,0.0,2.8855350017547607,0.0006171167
YX05,25C,120,3.3225667476654053,0.7316747426122266,3.3126380443573,-1.2296351209262208,-0.0037477725196909,1,25.21761131286621,-0.0043277740478515,0.9016227677124774,3.425524861427165,0.91629833
YX01,25C,450,3.568564414978028,1.0,3.5932435989379883,0.6343882274296548,-0.0089701769357425,1,25.04727554321289,0.011178970336914,1.0,3.553644180297852,1.0
YX01,25C,330,3.521811485290528,1.0,3.591710329055786,2.226016727443372,-0.0045545532217806,1,25.50731658935547,-0.290390168839302,1.0,3.553644180297852,1.0
YX07,25C,180,3.556716203689575,1.0,3.5913891792297363,2.15534986704588,-0.0038023526311622,1,25.596183151382267,-0.1815090473834253,1.0,3.553644180297852,1.0
YX08,25C,240,3.571869134902954,1.0,3.592555522918701,0.8578125355696237,-0.0069109248507585,1,26.33491046632459,-0.0219898801295528,1.0,3.553644180297852,1.0
YX05,25C,420,3.2818992137908936,0.66454679304952,3.267987966537476,-2.185423303823002,-0.0015918039684053,1,25.98955345153809,-0.5524044036865234,0.5080552688175046,3.187093333315809,0.48442867
YX02,25C,240,3.2944393157958984,0.6852461385643155,3.292668342590332,-0.0021324157714843,0.1310375670840787,1,24.76204872131348,-0.014003427831323,0.7003199916049453,3.3035713752903804,0.7039367
YX03,25C,60,2.187828540802002,0.0,2.070362329483032,-2.287836702634852,-0.0264252919395308,1,26.058012008666992,-0.1080856323242187,0.0,2.8855350017547607,0.0
YX03,25C,300,3.546273231506348,1.0,3.591613292694092,2.3498253529273057,-0.0037869772046254,1,25.823549270629883,-0.3776760101318359,1.0,3.553644180297852,1.0
YX06,25C,390,3.5478391647338867,1.0,3.5924646854400635,2.2291674473661933,-0.0035621060169165,1,25.098602294921875,-0.3552398681640625,1.0,3.553644180297852,1.0
YX07,25C,540,3.295029163360596,0.6862197716765387,3.293579339981079,0.0011548995971679,0.7095375722543352,1,25.06756686305828,-0.0589349322526437,0.6102338668188082,3.248995292522629,0.6052057
YX07,25C,390,3.280403614044189,0.6620780782099985,3.2804665565490723,-0.0012664794921875,-0.0496987951807228,1,24.99224687602814,-0.0067013792167358,0.3431982402501884,3.0872194531006847,0.38040534
YX01,25C,420,3.5430831909179688,1.0,3.5922389030456543,2.1856149715098923,-0.0038134057447797,1,25.59864997863769,-0.2704963684082031,1.0,3.553644180297852,1.0
YX02,25C,600,3.49104118347168,1.0,3.59145450592041,2.150916792980426,-0.0045959702288576,1,25.47012710571289,-0.4334926605224609,1.0,3.553644180297852,0.99953294
YX04,25C,480,3.2629261016845703,0.633228786001173,3.268026828765869,0.2456035467009298,-0.0043945656408091,1,24.8984375,-0.0216827392578125,0.1964841666392957,2.998336959336071,0.19879904
YX01,25C,270,3.3250949382781982,0.7358479057173256,3.311790943145752,-1.2575073705136195,-0.003867572237852,1,25.252893447875977,-0.0747642517089843,0.8993927025763286,3.4241738407262874,0.91100913
YX05,25C,570,3.2835073471069336,0.6672012616598456,3.2673115730285645,-2.8888006906141026,-0.0014722888451292,1,26.98299598693848,-1.3988895416259766,0.508147649743617,3.187149299637833,0.4530118
YX07,25C,120,3.559364080429077,1.0,3.5914523601531982,2.3152760655109823,-0.0041931952243772,1,25.820785296725607,-0.2226484127956283,1.0,3.553644180297852,1.0
YX06,25C,300,3.2844295501708984,0.6687234980697403,3.234118938446045,-8.14759553096209,-0.002613487630283,1,27.11468315124512,-1.2574501037597656,0.5251161004408947,3.1974291465276137,0.5066966
YX05,25C,60,3.5768096446990967,1.0,3.591941595077514,2.02139080038719,-0.0037278578737177,1,25.486461639404297,-0.0106315612792968,1.0,3.553644180297852,1.0
YX05,25C,240,3.545581102371216,1.0,3.59216833114624,2.264074087304856,-0.0038637499253519,1,25.78402137756348,-0.2672832328796382,1.0,3.553644180297852,1.0
YX01,25C,240,3.553028345108032,1.0,3.591635704040528,2.157507845317152,-0.003986189437975,1,25.449281692504883,-0.2311212882203115,1.0,3.553644180297852,1.0
YX02,25C,210,3.2886171340942383,0.6756357422019506,3.292898178100586,-0.0029678344726562,1.2883997429305911,1,28.293102264404297,-1.2350498105315175,0.5005020991708633,3.182517463138548,0.47992668
YX02,25C,390,3.252405166625977,0.6158623826154878,3.202746152877808,-5.11036024181121,-0.0034681159597452,1,25.982566273339263,-0.6073412062005907,0.2808265951247765,3.0494333892111976,0.26766932
YX04,25C,600,3.28511381149292,0.6698529754472992,3.2696235179901123,-1.03539362820712,-0.0046981690217974,1,25.84653282165528,-0.5743427276611328,0.449886402685369,3.151853401971552,0.41810656
YX05,25C,390,3.2822160720825195,0.6650698158490934,3.2673115730285645,-2.8888006906141026,-0.0014722888451292,1,26.98299598693848,-1.1440906524658203,0.508147649743617,3.187149299637833,0.4696845
YX07,25C,570,3.5367319583892822,1.0,3.590317487716675,2.3020322329454843,-0.0037517776268941,1,25.685632478820885,-0.6294089435929564,1.0,3.553644180297852,1.0
YX08,25C,600,3.3026297092437744,0.6987656285821827,3.290583610534668,-1.0478751254531573,-0.0016852832675473,1,26.790837958673205,-0.4096051995789658,0.7145328355223669,3.312181817218522,0.7142258
YX01,25C,600,3.525902032852173,1.0,3.591498613357544,2.2972955610475734,-0.0043691303512638,1,25.68254852294922,-0.4640254974365234,1.0,3.553644180297852,1.0
YX07,25C,390,3.548898935317993,1.0,3.591956615447998,1.981437902824552,-0.0040724348707519,1,25.397094834795915,-0.2585521848605552,1.0,3.553644180297852,1.0
YX05,25C,480,3.525442123413086,1.0,3.591916561126709,2.1374226844656588,-0.0042040153747152,1,25.688241958618164,-0.3997821807861328,1.0,3.553644180297852,1.0
YX08,25C,540,3.5481553077697754,1.0,3.592240333557129,2.270882088137276,-0.0033327839496977,1,26.873108644974764,-0.567774877238886,1.0,3.553644180297852,1.0
YX05,25C,120,3.559194326400757,1.0,3.591843605041504,2.165886784079896,-0.0042490481132096,1,25.784683227539062,-0.1304855346679687,1.0,3.553644180297852,1.0
YX04,25C,60,2.189972162246704,0.0,2.0708086490631104,-2.231055014470921,-0.0275672832790625,1,26.35064125061035,-0.1192169189453125,0.0,2.8855350017547607,0.0
YX01,25C,120,3.564149141311645,1.0,3.59165906906128,1.9777454239715984,-0.0043483840046017,1,25.408138275146484,-0.0830593109130859,1.0,3.553644180297852,1.0
YX06,25C,30,3.2755327224731445,0.6540379308847277,3.261194944381714,-5.163244569456422,-0.0027768930753826,1,27.17439079284668,-0.1777362823486328,0.6339036748730262,3.2633349636598936,0.5885732
YX01,25C,450,3.544218063354492,1.0,3.591686964035034,1.8801088169065057,-0.0042711230810206,1,25.1889877319336,-0.1517906188964843,1.0,3.553644180297852,1.0
YX02,25C,180,3.544985055923462,1.0,3.591703414916992,2.2738595926113385,-0.0039665487159891,1,25.34137725830078,-0.1530075073242187,1.0,3.553644180297852,1.0
YX04,25C,30,3.2745940685272217,0.6524885397922368,3.265408992767334,-1.5667340334723978,-0.0058625622241259,1,25.723188400268555,-0.0263824462890625,0.6366284686516409,3.264985701452642,0.5346212
YX01,25C,540,3.567345142364502,1.0,3.5932435989379883,0.6343882274296548,-0.0089701769357425,1,25.04727554321289,0.0338268280029296,1.0,3.553644180297852,0.9990027
YX01,25C,60,3.3195457458496094,0.7266881196676106,3.311790943145752,-1.2575073705136195,-0.003867572237852,1,25.252893447875977,-0.0325756072998046,0.8993927025763286,3.4241738407262874,0.90575516
YX01,25C,420,3.185487985610962,0.5054053982821011,3.127650499343872,-1.25749921018815,-0.0127646448665451,1,25.50082778930664,-0.1640872955322265,0.0945928995197242,2.936609071264183,0.09663463
YX02,25C,270,3.555943727493286,1.0,3.592252731323242,2.0453113256708573,-0.0038095704481871,1,25.077816009521484,-0.1164894104003906,1.0,3.553644180297852,1.0
YX01,25C,180,3.291812896728516,0.6809108344558875,3.271939992904663,-2.514948793300096,-0.0031208347640845,1,25.21068382263184,-0.0947036743164062,0.698191069699212,3.302281629301093,0.6868225
YX02,25C,570,3.5134081840515137,1.0,3.591703414916992,2.2738595926113385,-0.0039665487159891,1,25.34137725830078,-0.4296340942382812,1.0,3.553644180297852,0.99984115
YX01,25C,540,3.261331796646118,0.6305971430660734,3.2159411907196045,-2.5149563680041265,-0.0050865092629206,1,25.60473823547364,-0.4374027252197265,0.2957989704826,3.058503971375746,0.29089418
YX08,25C,180,3.3250820636749268,0.7358266542265981,3.306476831436157,-2.577401492221296,-0.0038661824879141,1,27.62176689695381,-0.5006288091558453,0.9037730015694758,3.4268275186479986,0.90598065
YX08,25C,570,3.2866101264953613,0.6723228709251944,3.285348892211914,-0.0013236999511718,0.1905619596541787,1,26.24294662475586,-0.1086223802225028,0.4201054094528064,3.133811445394724,0.41046175
YX05,25C,360,3.52502703666687,1.0,3.591559648513794,2.2122637211080765,-0.0040814076201696,1,25.665258968297145,-0.2472253684436296,1.0,3.553644180297852,1.0
YX04,25C,450,3.310729503631592,0.7121355710727078,3.328617811203003,1.228126640023208,-0.0044953186729761,1,25.37134552001953,-0.2050819396972656,0.4912570279142438,3.176916603124946,0.4982665
YX02,25C,390,3.193981647491455,0.5194254789704404,3.1900277137756348,-0.0013198852539062,0.721278901734104,1,24.770463276424305,-0.0422395982414016,0.1009090420538367,2.94043552421166,0.097847626
YX07,25C,60,3.242704391479492,0.5998497778983747,3.206959724426269,-6.494200495422864,-0.0035917343919797,1,26.70359083927532,-0.0013142609791678,0.3302572118812273,3.0793795039737697,0.32249132
YX03,25C,30,3.2792093753814697,0.6601068056719525,3.2866463661193848,2.540800298301919,-0.0029270268674343,1,25.12850107539586,0.0136593402535538,0.2032776678541194,3.002452606284624,0.21248853
YX04,25C,120,3.5604584217071533,1.0,3.591986656188965,2.231903898372308,-0.0039696479872876,1,25.80059051513672,-0.1794967651367187,1.0,3.553644180297852,1.0
YX07,25C,180,3.553564071655273,1.0,3.590317487716675,2.3020322329454843,-0.0037517776268941,1,25.685632478820885,-0.2726128219241737,1.0,3.553644180297852,1.0
YX07,25C,600,3.512965202331543,1.0,3.5913891792297363,2.249956615655196,-0.0042307927730584,1,25.79001704643403,-0.63640605057088,1.0,3.553644180297852,0.9997363
YX03,25C,510,3.31036639213562,0.7115362003249649,3.337325096130371,2.5404654359367407,-0.0038288264239261,1,25.91979217529297,-0.4668407440185547,0.5081065706020652,3.1871244130236662,0.49618614
YX04,25C,360,2.2845046520233154,0.0,2.0695700645446777,-2.1067121785373715,-0.0247166445539378,1,26.15926742553711,-0.623228462900066,0.0,2.8855350017547607,0.0
YX08,25C,90,3.5699141025543213,1.0,3.5918619632720947,2.2389683095974173,-0.0036338316969317,1,26.88660688137789,-0.1721862290551108,1.0,3.553644180297852,0.99990696
YX01,25C,360,3.325819492340088,0.7370438923899394,3.303844928741455,-2.514936119565673,-0.0036000697874367,1,25.10425066189361,-0.0968577785928275,0.8993878746022332,3.424170915837305,0.90214664
YX01,25C,210,3.2808098793029785,0.6627486808062913,3.274939775466919,-0.2516019720877815,-0.0059244088755509,1,25.051830291748047,-0.1036453247070312,0.496794748331415,3.18027147146399,0.49376574
YX02,25C,180,3.288002014160156,0.6746203932005214,3.267592191696167,-4.256477571883291,-0.002333674521563,1,28.15523910522461,-0.9749231267943196,0.6004401286669453,3.2430620384810034,0.58974123
YX02,25C,180,3.1909708976745605,0.5144557785091814,3.15560245513916,-1.496686424399322,-0.0104432331007567,1,25.56886100769043,-0.2009410858154297,0.1310072004002482,2.95866962613324,0.12768981
YX04,25C,330,3.310542583465576,0.7118270309110332,3.3169620037078857,0.2455869658391812,-0.0063743463951013,1,25.05678367614746,-0.0509090423583984,0.3929404250705086,3.1173543223965647,0.43336108
YX02,25C,510,3.544267416000366,1.0,3.5922415256500244,2.2067024531828467,-0.003651310519511,1,25.26203155517578,-0.3911628723144531,1.0,3.553644180297852,1.0
YX02,25C,150,3.5536210536956787,1.0,3.5920627117156982,2.2808241374568183,-0.0040321038788807,1,25.40030670166016,-0.2584342956542969,1.0,3.553644180297852,1.0
YX03,25C,60,3.2875919342041016,0.6739434938662352,3.254257917404175,-8.440263493855793,-0.0027938734379306,1,28.653148651123047,-0.0595169067382812,0.6955300135192696,3.300669505095829,0.7461278
YX02,25C,210,3.3261642456054688,0.7376129600860892,3.316753387451172,-3.009959499392889,-0.0011620091752481,1,26.682994842529297,-0.7752838134765625,0.9001055921601523,3.4246057243379244,0.90402395
YX01,25C,540,3.523550271987915,1.0,3.5919907093048096,2.275893736407294,-0.0041265310849772,1,26.038970947265625,-0.8606891632080078,1.0,3.553644180297852,0.9993488
YX07,25C,210,3.325037240982056,0.7357526675551761,3.30908751487732,-1.913911716997131,-0.0037879658131228,1,25.85007430648273,-0.4232607701116357,0.9164369734374984,3.434499621077517,0.89292574
YX08,25C,90,3.283582925796509,0.6673260157813391,3.28333067893982,0.0011281967163085,0.1677937447168216,1,26.407415873863417,-0.0760105003699607,0.4137643714672084,3.1299699102553555,0.41487765
YX01,25C,300,3.54355263710022,1.0,3.5908079147338867,2.2560678597063744,-0.0040235095425344,1,25.49306297302246,-0.2889728546142578,1.0,3.553644180297852,1.0
YX02,25C,510,3.527738094329834,1.0,3.59140419960022,2.288848341226705,-0.0038496370725611,1,25.497711181640625,-0.4592609405517578,1.0,3.553644180297852,1.0
YX03,25C,570,3.3293588161468506,0.7428860846094032,3.314979076385498,-3.11520263671875,-0.0017588253495137,1,26.98782157897949,-1.4177570343017578,0.8984926125973196,3.423628547149619,0.8839137
YX05,25C,30,3.170278310775757,0.4802995168103278,3.146433115005493,-4.34064572528728,-0.0054934673961868,1,27.820375442504883,-0.075164794921875,0.144297531998989,2.966721190556348,0.13324645
YX02,25C,180,3.3257529735565186,0.7369340930211802,3.316753387451172,-3.009959499392889,-0.0011620091752481,1,26.682994842529297,-0.6959313121699218,0.9001055921601523,3.4246057243379244,0.90666586
YX06,25C,510,3.5445311069488525,1.0,3.5924646854400635,2.2291674473661933,-0.0035621060169165,1,25.098602294921875,-0.3916187286376953,1.0,3.553644180297852,1.0
YX07,25C,180,3.553627252578736,1.0,3.5912632942199707,2.27092360817089,-0.0039975038284898,1,25.811170493891577,-0.2614920881618907,1.0,3.553644180297852,1.0
YX03,25C,240,3.545192003250122,1.0,3.591752529144287,2.3568505214436843,-0.0038630912804573,1,25.97767639160156,-0.5090300686976192,1.0,3.553644180297852,1.0
YX01,25C,450,3.299496650695801,0.6935940389590117,3.290866136550904,-0.8045453469314917,-0.0027817390412636,1,26.306659698486328,-0.8466854095458984,0.6982640342988805,3.3023258328012446,0.6877221
YX02,25C,360,3.5485780239105225,1.0,3.5922415256500244,2.2067024531828467,-0.003651310519511,1,25.26203155517578,-0.3588523864746094,1.0,3.553644180297852,1.0
YX01,25C,420,3.5434727668762207,1.0,3.591111660003662,2.220007263240789,-0.003852810153775,1,25.62020301818848,-0.3213615417480469,1.0,3.553644180297852,1.0
YX07,25C,300,3.293768405914306,0.6841386997697334,3.2934532165527344,0.0011548995971679,0.6005367464905037,1,24.97039420756564,0.1156530356692258,0.6102327930552104,3.248994642013895,0.6123584
YX01,25C,270,3.5387001037597656,1.0,3.5919907093048096,2.275893736407294,-0.0041265310849772,1,26.038970947265625,-0.4810142517089844,1.0,3.553644180297852,1.0
YX05,25C,300,3.548535346984864,1.0,3.5921883583068848,2.033205746055411,-0.0040478979397698,1,25.560120016645808,-0.1749881807083078,1.0,3.553644180297852,1.0
YX05,25C,150,3.282747507095337,0.6659470301607934,3.2743043899536133,-2.9523343449145294,-0.0011112019389296,1,26.98360252380371,-0.5803604125976562,0.6063475558365666,3.2466408830025,0.5985645
YX08,25C,330,3.5550928115844727,1.0,3.592681646347046,2.1480606783088434,-0.0034058042091674,1,26.6916473178708,-0.3636393344528414,1.0,3.553644180297852,1.0
YX02,25C,480,3.532834768295288,1.0,3.592081069946289,2.0842543889278984,-0.0042429666853593,1,25.361156463623047,-0.3891887664794922,1.0,3.553644180297852,1.0
YX08,25C,120,3.5599491596221924,1.0,3.5910420417785645,2.3077057313019127,-0.0035255942304441,1,27.03116563157093,-0.2569100603600347,1.0,3.553644180297852,0.9997992
YX01,25C,600,3.284325122833252,0.668551124867172,3.262176036834717,-1.257500935713141,-0.0048766279999573,1,24.87197494506836,0.0211124420166015,0.4969930462962191,3.1803916045717857,0.50064534
YX02,25C,60,3.5756523609161377,1.0,3.5917060375213623,2.2607207659305684,-0.0033621066415202,1,25.37017913612199,-0.0477971628553888,1.0,3.553644180297852,1.0
YX04,25C,300,2.3179702758789062,0.0,2.070081949234009,-2.167595955200881,-0.0275452287141271,1,26.262380599975582,-0.5592355941900706,0.0,2.8855350017547607,0.0
YX03,25C,360,3.309511184692383,0.7101245503760786,3.3285818099975586,2.540784916556767,-0.0029534126677719,1,25.53029060363769,0.5340003182085695,0.4065388654437421,3.125592545642196,0.44063276
YX04,25C,270,3.263873338699341,0.6347923447541491,3.268026828765869,0.2456035467009298,-0.0043945656408091,1,24.8984375,-0.0636024475097656,0.1964841666392957,2.998336959336071,0.19993126
YX02,25C,120,3.5607950687408447,1.0,3.591605424880981,2.29926786697328,-0.0037344090399813,1,25.38696357381621,0.0558483921261725,1.0,3.553644180297852,1.0
YX05,25C,330,3.276893854141236,0.6562846857099833,3.256531953811645,-2.9786644663129533,-0.0017019353152292,1,27.148340225219727,-1.1861038208007812,0.409717526945205,3.127518246116118,0.38121256
YX04,25C,270,3.5629258155822754,1.0,3.5925281047821045,0.8178597659063644,-0.0084119635240038,1,24.99952888488769,-0.0627002716064453,1.0,3.553644180297852,1.0
YX08,25C,420,3.5202791690826416,1.0,3.591294288635254,2.265136964213114,-0.0038702521269436,1,26.9972018427319,-0.3967076365119624,1.0,3.553644180297852,1.0
YX01,25C,210,3.5550458431243896,1.0,3.591635704040528,2.157507845317152,-0.003986189437975,1,25.449281692504883,-0.1790237426757812,1.0,3.553644180297852,1.0
YX07,25C,600,3.544234037399292,1.0,3.592397928237915,2.19633278783999,-0.0039897580661793,1,25.55856710844129,-0.4407834996357103,1.0,3.553644180297852,1.0
YX02,25C,390,3.526789665222168,1.0,3.591418981552124,2.284430704669063,-0.0038792072565447,1,25.39805603027344,-0.3708381652832031,1.0,3.553644180297852,1.0
YX08,25C,450,3.327794075012207,0.740303241393752,3.306476831436157,-2.577401492221296,-0.0038661824879141,1,27.62176689695381,-0.9470639174226676,0.9037730015694758,3.4268275186479986,0.89035785
YX06,25C,210,3.301533460617065,0.6969561035013411,3.271883487701416,-4.257505994699596,-0.0033184795503679,1,27.64324378967285,-0.9883804321289062,0.7328392530655808,3.32327223276688,0.7306138
YX08,25C,360,3.2973949909210205,0.6901249298707952,3.29682731628418,0.0014781951904296,0.1280645161290322,1,26.37841041510751,-0.1538362383191795,0.6651749440481801,3.282279760972548,0.6658607
YX03,25C,210,3.28702712059021,0.6730111830970935,3.2796289920806885,0.0025138854980468,0.8670333839150227,1,28.46259307861328,-1.2888406222640365,0.4925050205957963,3.177672663528739,0.46835646
YX08,25C,540,3.5466418266296387,1.0,3.591798782348633,2.287132537814186,-0.0034193935429573,1,26.794321931011257,-0.5131724409035066,1.0,3.553644180297852,1.0
YX05,25C,210,3.2822811603546143,0.6651772539411052,3.267818689346313,-1.229637641518324,-0.0042301715274721,1,25.212207794189453,0.0043315887451171,0.5573239588423554,3.216941349434144,0.56195027
YX07,25C,300,3.549907684326172,1.0,3.5917675495147705,1.7561943228601624,-0.004917857275548,1,25.3225913984143,-0.2506951547492519,1.0,3.553644180297852,1.0
YX08,25C,330,3.297268867492676,0.6899167439708898,3.29682731628418,0.0014781951904296,0.1280645161290322,1,26.37841041510751,-0.1626203031842905,0.6651749440481801,3.282279760972548,0.66720635
YX04,25C,450,3.26301646232605,0.6333779399823908,3.268026828765869,0.2456035467009298,-0.0043945656408091,1,24.8984375,-0.002420425415039,0.1964841666392957,2.998336959336071,0.19898573
YX01,25C,390,3.498431921005249,1.0,3.590876579284668,2.13105598954778,-0.005102538182477,1,25.59483528137207,-0.2508913545064359,1.0,3.553644180297852,1.0
YX01,25C,60,3.570353507995605,1.0,3.591710329055786,2.226016727443372,-0.0045545532217806,1,25.50731658935547,-0.1420612335205078,1.0,3.553644180297852,1.0
YX03,25C,270,3.3276805877685547,0.7401159134384496,3.314979076385498,-3.11520263671875,-0.0017588253495137,1,26.98782157897949,-0.9246788024902344,0.8984926125973196,3.423628547149619,0.90167874
YX04,25C,330,3.348504066467285,0.7744882319597004,3.357880115509033,0.2455908719799857,-0.0074527991085591,1,24.97136306762696,0.0307140350341796,0.7858920680799417,3.3554127519662527,0.79023814
YX05,25C,210,3.540863275527954,1.0,3.591559648513794,2.2122637211080765,-0.0040814076201696,1,25.665258968297145,-0.1665807608996843,1.0,3.553644180297852,1.0
YX05,25C,420,3.546046495437622,1.0,3.592496633529663,2.064356458534164,-0.003871669543397,1,25.603609085083008,-0.2239265441894531,1.0,3.553644180297852,1.0
YX01,25C,300,3.538104057312012,1.0,3.591498613357544,2.2972955610475734,-0.0043691303512638,1,25.68254852294922,-0.2871360778808594,1.0,3.553644180297852,1.0
YX05,25C,570,3.20111083984375,0.53119329518778,3.146433115005493,-4.34064572528728,-0.0054934673961868,1,27.820375442504883,-1.993499755859375,0.144297531998989,2.966721190556348,0.13411321
YX07,25C,540,3.5153608322143555,1.0,3.5913891792297363,2.249956615655196,-0.0042307927730584,1,25.79001704643403,-0.6334374701719625,1.0,3.553644180297852,1.0
YX04,25C,30,2.121640920639038,0.0,2.0695700645446777,-2.1067121785373715,-0.0247166445539378,1,26.15926742553711,-0.0836467742919921,0.0,2.8855350017547607,0.0
YX02,25C,570,3.3297739028930664,0.7435712484123056,3.312328338623047,-2.226234613462936,-0.0031413103182907,1,25.21537214539317,-0.325298369148058,0.94006869012333,3.448816215656892,0.9141256
YX07,25C,30,3.230285167694092,0.5793499602687439,3.206959724426269,-6.494200495422864,-0.0035917343919797,1,26.70359083927532,0.0586709219344534,0.3302572118812273,3.0793795039737697,0.28693238
YX03,25C,450,3.508144855499268,1.0,3.5908329486846924,2.129761839488566,-0.00480864567832,1,25.70607566833496,-0.3392562866210937,1.0,3.553644180297852,1.0
YX02,25C,510,3.3001155853271484,0.6946156846984343,3.254091262817383,-8.416423329135828,-0.002633520292168,1,28.324159622192383,-2.235738754272461,0.9260344585112626,3.440313980847032,0.6993936
YX07,25C,480,3.543540477752685,1.0,3.5909481048583984,2.1520018072667537,-0.0037204124447174,1,25.520960673428952,-0.3847116012627545,1.0,3.553644180297852,1.0
YX05,25C,240,3.557917833328247,1.0,3.591941595077514,2.02139080038719,-0.0037278578737177,1,25.486461639404297,-0.09716796875,1.0,3.553644180297852,1.0
YX08,25C,150,3.56581449508667,1.0,3.592303276062012,1.9520675657863835,-0.0038123667738304,1,26.413764156515,-0.0464656230217315,1.0,3.553644180297852,1.0
YX07,25C,180,3.557851076126098,1.0,3.5917675495147705,1.7561943228601624,-0.004917857275548,1,25.3225913984143,-0.1688644217890242,1.0,3.553644180297852,1.0
YX01,25C,300,3.29201078414917,0.681237477739293,3.286073684692383,-0.2516051696280773,-0.0050970873884786,1,24.86830139160156,0.0102519989013671,0.6980724644870463,3.302209775751046,0.7095669
YX05,25C,240,3.249835968017578,0.6116215295769601,3.203505039215088,-3.0961968446389223,-0.0061077786090771,1,26.88907241821289,-0.6891231536865234,0.2918046988046993,3.056084156979161,0.2863422
YX05,25C,480,3.20025634765625,0.5297828258772675,3.146433115005493,-4.34064572528728,-0.0054934673961868,1,27.820375442504883,-1.846393585205078,0.144297531998989,2.966721190556348,0.13668007
YX07,25C,450,3.533390760421753,1.0,3.591200113296509,2.303646274259157,-0.0040775423225356,1,25.749170668626817,-0.4566348089855303,1.0,3.553644180297852,1.0
YX01,25C,270,3.2809886932373047,0.6630438403997301,3.262176036834717,-1.257500935713141,-0.0048766279999573,1,24.87197494506836,0.0130386352539062,0.4969930462962191,3.1803916045717857,0.5108993
YX05,25C,360,3.5205307006835938,1.0,3.5914249420166016,2.148921464648096,-0.0042918022119975,1,25.59712791442871,-0.2593059539794922,1.0,3.553644180297852,1.0
YX05,25C,510,3.2791316509246826,0.6599785096353378,3.254793405532837,-1.229627562021663,-0.0046530910968458,1,25.303993225097656,-0.1967658996582031,0.4097723343007761,3.1275514495731542,0.40163982
YX01,25C,330,3.548905611038208,1.0,3.592268228530884,1.893253112352696,-0.0043820085348691,1,25.323108673095703,-0.1539421081542968,1.0,3.553644180297852,1.0
YX02,25C,510,3.296350717544556,0.6884011978451131,3.292668342590332,-0.0021324157714843,0.1310375670840787,1,24.76204872131348,-0.0183533910438242,0.7003199916049453,3.3035713752903804,0.69372004
YX07,25C,150,3.1831297874450684,0.5015128335638311,3.123744249343872,-2.3561229611074688,-0.0131375340833771,1,26.15258152113048,-0.2516953134515276,0.1194456643363362,2.9516654026677025,0.12294199
YX02,25C,240,3.556845188140869,1.0,3.592252016067505,1.7731495526914272,-0.0046772085645339,1,25.04657593551202,-0.1092514115862393,1.0,3.553644180297852,1.0
YX08,25C,180,3.560075283050537,1.0,3.591798782348633,2.287132537814186,-0.0034193935429573,1,26.794321931011257,-0.19210128869857,1.0,3.553644180297852,1.0
YX01,25C,120,3.5604283809661865,1.0,3.592104434967041,2.2215784823739493,-0.0040427236516797,1,25.67543601989746,-0.1509628295898437,1.0,3.553644180297852,1.0
YX04,25C,180,2.243130207061768,0.0,2.0695700645446777,-2.1067121785373715,-0.0247166445539378,1,26.15926742553711,-0.3296546936035156,0.0,2.8855350017547607,0.0
YX07,25C,480,3.537236213684082,1.0,3.591137170791626,2.268620080657949,-0.003862628445816,1,25.69371536960092,-0.4718150740263098,1.0,3.553644180297852,1.0
YX02,25C,390,3.2875723838806152,0.6739112230840193,3.240222930908203,-9.291086832682293,-0.0023793649018832,1,28.17775154113769,-1.8016834259033203,0.5504507494521609,3.212777413584424,0.5145728
YX07,25C,330,3.537299394607544,1.0,3.591578483581543,2.278454910468101,-0.0042609596952792,1,25.77191052661201,-0.3683916797016913,1.0,3.553644180297852,1.0
YX01,25C,540,3.502261161804199,1.0,3.59116530418396,2.113528216194404,-0.0045174274682231,1,25.488407208945084,-0.3492584967868808,1.0,3.553644180297852,1.0
YX03,25C,480,3.532053232192993,1.0,3.591752529144287,2.3568505214436843,-0.0038630912804573,1,25.97767639160156,-0.6187953948974609,1.0,3.553644180297852,1.0
YX02,25C,480,3.1947381496429443,0.5206742008237485,3.1900277137756348,-0.0013198852539062,0.721278901734104,1,24.770463276424305,-0.053717899837391,0.1009090420538367,2.94043552421166,0.100430146
YX01,25C,600,3.50369644165039,1.0,3.59033751487732,2.2786164713556225,-0.0043367258036818,1,25.772655487060547,-0.4906578063964844,1.0,3.553644180297852,0.9997645
YX05,25C,240,3.540934562683105,1.0,3.5915744304656982,2.1669908631761623,-0.0039467408076634,1,25.713930997331524,-0.1916150183276173,1.0,3.553644180297852,1.0
YX07,25C,360,3.330080509185791,0.7440773487285218,3.3293240070343018,0.0011548995971679,0.1092072667217175,1,25.389000796699523,-0.1967542218610916,0.9434087811978756,3.4508397135858897,0.9356982
YX03,25C,480,3.323870897293091,0.7338274399137065,3.319663047790528,0.0014114379882812,-0.4346283783783783,1,25.09136962890625,-0.0202198028564453,0.7971502367763121,3.36223318905404,0.79200464
YX05,25C,450,3.550021886825561,1.0,3.592146635055542,1.8898582377132007,-0.0039244875677373,1,25.455004157268444,-0.1368462279505458,1.0,3.553644180297852,1.0
YX03,25C,270,3.3104488849639893,0.7116723672840712,3.3285818099975586,2.540784916556767,-0.0029534126677719,1,25.53029060363769,0.0303668975830078,0.4065388654437421,3.125592545642196,0.40148532
YX02,25C,120,3.5670413970947266,1.0,3.591751337051392,2.1553162073847507,-0.0033744277199669,1,25.132469177246094,-0.0729656219482421,1.0,3.553644180297852,1.0
YX01,25C,570,3.5398690700531006,1.0,3.591111660003662,2.220007263240789,-0.003852810153775,1,25.62020301818848,-0.3967609405517578,1.0,3.553644180297852,1.0
YX04,25C,240,3.320025682449341,0.7274803280164002,3.29939079284668,-4.329114774378335,-0.0011401271811439,1,29.18065452575684,-1.5551090240478516,0.8035649456488716,3.366119355577364,0.80237705
YX04,25C,300,3.2764103412628174,0.655486574169325,3.2392189502716064,-1.4476058013247748,-0.009393581903729,1,25.703623530751774,-0.2761599992576329,0.3911013429623778,3.116240167496592,0.38051438
YX08,25C,600,3.5110080242156982,1.0,3.591294288635254,2.265136964213114,-0.0038702521269436,1,26.9972018427319,-0.4915363826540933,1.0,3.553644180297852,0.9996365
YX08,25C,60,3.573698043823242,1.0,3.591294288635254,2.3132043282930983,-0.0037079935813914,1,26.977110656801887,-0.0677984225867156,1.0,3.553644180297852,0.9996535
YX05,25C,390,3.5517385005950928,1.0,3.592146635055542,1.8898582377132007,-0.0039244875677373,1,25.455004157268444,-0.1126560585135614,1.0,3.553644180297852,1.0
YX05,25C,420,3.523913860321045,1.0,3.591415405273437,2.144524537737908,-0.0041649676055016,1,25.650325775146484,-0.2980232238769531,1.0,3.553644180297852,1.0
YX01,25C,300,3.542522668838501,1.0,3.590825319290161,2.270879187805763,-0.0040015716259469,1,25.762147903442383,-0.3016738891601562,1.0,3.553644180297852,1.0
YX02,25C,600,3.3269357681274414,0.7388864753452462,3.303248882293701,-2.1921292302195976,-0.0041730580184049,1,25.58286476135254,-0.6450843811035156,0.8701159400588063,3.406437357798186,0.86125535
YX07,25C,600,3.3276848793029785,0.7401229972686921,3.30908751487732,-1.913911716997131,-0.0037879658131228,1,25.85007430648273,-0.67582466029533,0.9164369734374984,3.434499621077517,0.86773974
YX02,25C,270,3.320663928985596,0.728533850991914,3.291053533554077,-4.815990755634923,-0.0021650785201835,1,28.22425842285156,-1.4537601470947266,0.969921049911754,3.4669014076050795,0.8508045
YX04,25C,150,3.560816526412964,1.0,3.5926246643066406,2.22419981393318,-0.0037071615994192,1,25.74685859680176,-0.1903514862060547,1.0,3.553644180297852,1.0
YX02,25C,510,3.1942906379699707,0.5199355147479026,3.136887311935425,-2.874785683371804,-0.0078698095440526,1,25.57861328125,-0.5258808135986328,0.1011700694889825,2.940593660161441,0.09523697
YX04,25C,300,3.2272746562957764,0.5743806533536095,3.1890079975128174,-2.4561634810175264,-0.005484427165922,1,26.105451583862305,-0.3247623443603515,0.2140148844303685,3.0089574395422627,0.21247071
YX02,25C,600,3.5413241386413574,1.0,3.5921876430511475,2.2899628001456565,-0.0036738921698735,1,25.62133979797364,-0.5388641357421875,1.0,3.553644180297852,1.0
YX08,25C,30,3.2879347801208496,0.6745094131933884,3.281123161315918,-3.8281944866838127,-0.001779329349286,1,28.319441281995413,-0.2288120621415181,0.6749834675712102,3.288221972305238,0.68893445
YX08,25C,180,3.555912733078003,1.0,3.591294288635254,2.2794478040770354,-0.0034032037471323,1,26.943565437201,-0.2188542280945533,1.0,3.553644180297852,1.0
YX07,25C,90,3.329639196395874,0.7433488948519151,3.3293240070343018,0.0011548995971679,0.1092072667217175,1,25.389000796699523,0.0076747783707418,0.9434087811978756,3.4508397135858897,0.92870104
YX01,25C,600,3.327435255050659,0.7397109544762517,3.311790943145752,-1.2575073705136195,-0.003867572237852,1,25.252893447875977,-0.089677934493018,0.8993927025763286,3.4241738407262874,0.89284825
YX07,25C,30,3.5821852684021,1.0,3.5912632942199707,2.27092360817089,-0.0039975038284898,1,25.811170493891577,-0.0633953158706432,1.0,3.553644180297852,1.0
YX01,25C,240,3.5426371097564697,1.0,3.591498613357544,2.2972955610475734,-0.0043691303512638,1,25.68254852294922,-0.2508735656738281,1.0,3.553644180297852,1.0
YX01,25C,600,3.191313028335572,0.5150205171979609,3.0651230812072754,-2.5149442001243902,-0.0156323581398608,1,26.19474220275879,-0.8254032135009766,0.0946067861615416,2.9366174840859687,0.100275025
YX03,25C,420,2.3840699195861816,0.0,2.064658164978028,-2.0435008759851807,-0.0293131638015536,1,25.991539001464844,-0.4900856018066406,0.0,2.8855350017547607,0.0005151704
YX07,25C,60,3.2889771461486816,0.6762299968500739,3.2885358333587646,0.0011548995971679,-0.2182080924855491,1,25.101508388710023,0.037319656660653,0.5128292742816881,3.189985526957899,0.5240541
YX01,25C,600,3.541588068008423,1.0,3.591635704040528,2.157507845317152,-0.003986189437975,1,25.449281692504883,-0.360931396484375,1.0,3.553644180297852,1.0
YX02,25C,180,3.554835796356201,1.0,3.5920488834381104,2.3125528774367563,-0.0038672928986564,1,25.463642120361328,-0.1864547729492187,1.0,3.553644180297852,1.0
YX02,25C,210,3.29426908493042,0.6849651466313618,3.292668342590332,-0.0021324157714843,0.1310375670840787,1,24.76204872131348,-0.0335617065429687,0.7003199916049453,3.3035713752903804,0.7082512
YX04,25C,480,2.301103115081787,0.0,2.0695700645446777,-2.1067121785373715,-0.0247166445539378,1,26.15926742553711,-0.7249736785888672,0.0,2.8855350017547607,8.546561e-05
YX05,25C,420,3.531100511550904,1.0,3.591843605041504,2.165886784079896,-0.0042490481132096,1,25.784683227539062,-0.261056900024414,1.0,3.553644180297852,1.0
YX01,25C,390,3.32580828666687,0.7370253957220839,3.31973934173584,-0.2515937574238818,-0.004759013564199,1,24.88661003112793,0.0205039978027343,0.8993611690722517,3.424154737061516,0.9018051
YX05,25C,600,3.327437400817871,0.739714496391373,3.3126380443573,-1.2296351209262208,-0.0037477725196909,1,25.21761131286621,-0.0775909423828125,0.9016227677124774,3.425524861427165,0.89397675
YX05,25C,90,3.564229965209961,1.0,3.591415405273437,2.144524537737908,-0.0041649676055016,1,25.650325775146484,-0.1010932922363281,1.0,3.553644180297852,1.0
YX03,25C,330,2.363731384277344,0.0,2.0742573738098145,-2.3233747307366315,-0.0246001516484424,1,26.222631454467773,-0.5543403625488281,0.0,2.8855350017547607,0.0
YX02,25C,180,3.561274766921997,1.0,3.592252731323242,2.0453113256708573,-0.0038095704481871,1,25.077816009521484,-0.1282424926757812,1.0,3.553644180297852,1.0
YX01,25C,60,3.2696516513824463,0.6443303286295904,3.2524218559265137,-2.5149396174090364,-0.0039440973040777,1,25.41216117809497,-0.0658553309270004,0.4969976291889505,3.1803943809852857,0.47327644
YX08,25C,420,3.549795150756836,1.0,3.5924293994903564,2.239788687917552,-0.0034634630267018,1,26.963499801124005,-0.4594230413645661,1.0,3.553644180297852,1.0
YX08,25C,540,3.2828261852264404,0.6660769003819064,3.230857610702514,-3.2439011000340283,-0.0060076845917273,1,28.02462796787478,-1.3138021575267371,0.4271012795346829,3.138049691689893,0.39085653
YX01,25C,600,3.54081392288208,1.0,3.591686964035034,1.8801088169065057,-0.0042711230810206,1,25.1889877319336,-0.196176528930664,1.0,3.553644180297852,1.0
YX05,25C,420,3.223137617111206,0.5675518409998113,3.2071728706359863,-2.0831291675567627,-0.0019437405956111,1,26.351606369018555,-0.7159671783447266,0.2128844872794599,3.0082726210020616,0.20435058
YX01,25C,600,3.187311887741089,0.508416026135176,3.1724154949188232,-0.2515907392236921,-0.0105785555013787,1,24.98511505126953,0.7746467590332031,0.0942725080269989,2.93641497131076,0.09759249
YX07,25C,360,3.5417122840881348,1.0,3.5912632942199707,2.27092360817089,-0.0039975038284898,1,25.811170493891577,-0.4224707153134943,1.0,3.553644180297852,1.0
YX04,25C,450,3.5316827297210693,1.0,3.591527938842773,2.2348201982676983,-0.0039975397503743,1,25.849470138549805,-0.4737453460693359,1.0,3.553644180297852,1.0
YX01,25C,180,3.2907559871673584,0.6791662444856024,3.286073684692383,-0.2516051696280773,-0.0050970873884786,1,24.86830139160156,0.0679836273193359,0.6980724644870463,3.302209775751046,0.70857733
YX03,25C,420,2.380162715911865,0.0,2.070362329483032,-2.287836702634852,-0.0264252919395308,1,26.058012008666992,-0.6115264892578125,0.0,2.8855350017547607,9.6835196e-05
YX04,25C,150,2.288495779037476,0.0,2.067060947418213,-2.146129768740649,-0.0286638235201987,1,26.40337562561035,-0.313364028930664,0.0,2.8855350017547607,0.0
YX05,25C,240,3.5445096492767334,1.0,3.591849565505981,2.120093229696092,-0.0041408787107613,1,25.63773727416992,-0.2198867797851562,1.0,3.553644180297852,1.0
YX05,25C,360,3.281867027282715,0.6644936643227011,3.2673115730285645,-2.8888006906141026,-0.0014722888451292,1,26.98299598693848,-1.0898666381835938,0.508147649743617,3.187149299637833,0.4713633
YX03,25C,180,3.547803401947021,1.0,3.591282367706299,1.9863863622001745,-0.0050726709568266,1,25.547154250606177,-0.1626003413044188,1.0,3.553644180297852,1.0
YX08,25C,570,3.5666344165802,1.0,3.592555522918701,0.8578125355696237,-0.0069109248507585,1,26.33491046632459,-0.2151781705702085,1.0,3.553644180297852,0.9999994
YX03,25C,390,2.373548746109009,0.0,2.070362329483032,-2.287836702634852,-0.0264252919395308,1,26.058012008666992,-0.6037254333496094,0.0,2.8855350017547607,0.0
YX05,25C,390,3.2766759395599365,0.6559249845521127,3.258457899093628,-2.2031487709234567,-0.0016865649766086,1,26.02865028381348,-0.5024929046630859,0.4097556613658794,3.127541348755997,0.39469424
YX01,25C,270,3.5513648986816406,1.0,3.591635704040528,2.157507845317152,-0.003986189437975,1,25.449281692504883,-0.2370491027832031,1.0,3.553644180297852,1.0
YX07,25C,90,3.3216960430145264,0.7302375121652424,3.30908751487732,-1.913911716997131,-0.0037879658131228,1,25.85007430648273,-0.2281346528005663,0.9164369734374984,3.434499621077517,0.90044826
YX02,25C,600,3.517810821533203,1.0,3.5914466381073,2.1405543642317726,-0.004176368136859,1,25.296949677563635,-0.417475037671057,1.0,3.553644180297852,1.0
YX08,25C,90,3.5656254291534424,1.0,3.5910420417785645,2.3077057313019127,-0.0035255942304441,1,27.03116563157093,-0.1619525273228816,1.0,3.553644180297852,0.99969727
YX02,25C,300,3.537506341934204,1.0,3.5920627117156982,2.2808241374568183,-0.0040321038788807,1,25.40030670166016,0.0291671752929687,1.0,3.553644180297852,1.0
YX05,25C,360,3.5370798110961914,1.0,3.59216833114624,2.264074087304856,-0.0038637499253519,1,25.78402137756348,-0.3277969360351562,1.0,3.553644180297852,1.0
YX07,25C,480,3.532382011413574,1.0,3.591200113296509,2.303646274259157,-0.0040775423225356,1,25.749170668626817,-0.5207868940845088,1.0,3.553644180297852,1.0
YX08,25C,360,3.287493228912353,0.673780565770657,3.275951623916626,-1.9193662537468803,-0.0018729491198856,1,27.334906790188,-0.6408083974627701,0.568602234278159,3.2237739676106187,0.5364009
YX08,25C,390,3.2809340953826904,0.6629537183372001,3.230857610702514,-3.2439011000340283,-0.0060076845917273,1,28.02462796787478,-1.0135291685320382,0.4271012795346829,3.138049691689893,0.40750757
YX02,25C,30,3.5828661918640137,1.0,3.5920627117156982,2.2808241374568183,-0.0040321038788807,1,25.40030670166016,0.0028084525463292,1.0,3.553644180297852,1.0
YX05,25C,150,3.192344903945923,0.5167237848251647,3.146433115005493,-4.34064572528728,-0.0054934673961868,1,27.820375442504883,-0.816651408945507,0.144297531998989,2.966721190556348,0.13950798
YX04,25C,30,2.12857723236084,0.0,2.067060947418213,-2.146129768740649,-0.0286638235201987,1,26.40337562561035,-0.0693032061304741,0.0,2.8855350017547607,0.0
YX02,25C,540,3.5477511882781982,1.0,3.591751337051392,2.1553162073847507,-0.0033744277199669,1,25.132469177246094,-0.2875938415527344,1.0,3.553644180297852,1.0
YX08,25C,240,3.5509934425354004,1.0,3.591294288635254,2.3132043282930983,-0.0037079935813914,1,26.977110656801887,-0.3744696802825089,1.0,3.553644180297852,1.0
YX08,25C,600,3.2917187213897705,0.6807553837366764,3.2914035320281982,-0.0016746520996093,-0.0,1,26.21794517041684,-0.1761643836488247,0.5606885673170919,3.218979700523551,0.48749134
YX05,25C,570,3.321995496749878,0.7307318060977211,3.301575183868408,-2.185508477883261,-0.0018149414384127,1,26.12607192993164,-0.6430123812241959,0.8032527924108732,3.365930246533172,0.8238415
YX01,25C,600,3.5666604042053223,1.0,3.5932435989379883,0.6343882274296548,-0.0089701769357425,1,25.04727554321289,0.0378341674804687,1.0,3.553644180297852,0.9981183
YX04,25C,30,3.2851815223693848,0.6699647425466813,3.2836754322052,-4.134996615923368,-0.0003642300838614,1,29.122966766357425,-0.1826362609863281,0.6070468939399887,3.247064556840237,0.63618994
YX02,25C,540,3.284253597259521,0.6684330610297966,3.280393123626709,-0.001678466796875,0.2971590909090909,1,24.668851852416992,0.0891752267862351,0.5004943599894499,3.1825127745785013,0.4878712
YX01,25C,540,3.513740539550781,1.0,3.5919108390808105,2.248466304128847,-0.0041571449732257,1,25.52806663513184,-0.43621826171875,1.0,3.553644180297852,1.0
YX08,25C,420,3.329307556152344,0.7428014721926174,3.322180986404419,-1.175623803099325,-0.0015019498517902,1,26.55839317046016,-0.255141600521501,0.9468991008316904,3.452954223158515,0.9523853
YX08,25C,450,3.329307556152344,0.7428014721926174,3.322180986404419,-1.175623803099325,-0.0015019498517902,1,26.55839317046016,-0.2878155112078886,0.9468991008316904,3.452954223158515,0.94843787
YX07,25C,270,3.282673120498657,0.6658242437699229,3.264517068862915,-1.079084175604361,-0.0063678645499899,1,25.633837330440773,-0.3495546461146013,0.5051836338981972,3.185353636049366,0.4658126
YX02,25C,60,3.204484939575196,0.5367627599429065,3.1683380603790283,-5.878842939410293,-0.0040926439365715,1,27.82343101501465,0.0262985229492187,0.2008298249951063,3.000969651225861,0.20563394
YX07,25C,240,3.553627252578736,1.0,3.5917675495147705,1.7561943228601624,-0.004917857275548,1,25.3225913984143,-0.2125974455659509,1.0,3.553644180297852,1.0
YX08,25C,450,3.51535964012146,1.0,3.590726613998413,2.2908658066184904,-0.0042396449537988,1,27.06373089167077,-0.5653079687028111,1.0,3.553644180297852,1.0
YX02,25C,60,3.572136402130127,1.0,3.591351270675659,2.288876825709324,-0.003932607877495,1,25.46746063232422,-0.0927467346191406,1.0,3.553644180297852,1.0
YX01,25C,510,3.5283472537994385,1.0,3.591498613357544,2.2972955610475734,-0.0043691303512638,1,25.68254852294922,-0.4066103262716645,1.0,3.553644180297852,1.0
YX07,25C,600,3.529860496520996,1.0,3.5914523601531982,2.3152760655109823,-0.0041931952243772,1,25.820785296725607,-0.6633966975205894,1.0,3.553644180297852,0.9999071
YX07,25C,450,3.3306479454040527,0.7450139885050341,3.3293240070343018,0.0011548995971679,0.1092072667217175,1,25.389000796699523,-0.1578924342503107,0.9434087811978756,3.4508397135858897,0.9342372
YX03,25C,390,3.2671542167663574,0.6402079329745629,3.2413253784179688,-2.3890267333984374,-0.0034988957077972,1,27.10397148132324,-1.2023358255818586,0.2895184191042089,3.054699080304364,0.28458527
YX02,25C,390,3.322729110717773,0.7319427475230691,3.291053533554077,-4.815990755634923,-0.0021650785201835,1,28.22425842285156,-1.8238372802734373,0.969921049911754,3.4669014076050795,0.85075915
YX02,25C,180,3.2884531021118164,0.6753649824682362,3.292898178100586,-0.0029678344726562,1.2883997429305911,1,28.293102264404297,-1.1054973602294922,0.5005020991708633,3.182517463138548,0.4810415
YX01,25C,270,3.5500197410583496,1.0,3.5922389030456543,2.1856149715098923,-0.0038134057447797,1,25.59864997863769,-0.2146282196044922,1.0,3.553644180297852,1.0
YX07,25C,330,3.565416097640991,1.0,3.59201979637146,0.8547523137061827,-0.0076706559551317,1,25.32373252525107,-0.1706379803888467,1.0,3.553644180297852,1.0
YX01,25C,150,3.5554518699646,1.0,3.592104434967041,2.2215784823739493,-0.0040427236516797,1,25.67543601989746,-0.1946964263916015,1.0,3.553644180297852,1.0
YX08,25C,240,3.2355878353118896,0.588102819625638,3.234894037246704,-0.0016746520996093,-0.0377277904328018,1,26.47994432852866,-0.0663106526048693,0.2182114072463463,3.011499781962755,0.21566534
YX04,25C,90,2.238804578781128,0.0,2.0684401988983154,-2.1688511418190104,-0.0293658630225116,1,26.55244827270508,-0.2250137329101562,0.0003149172671693,2.8855350017547607,0.0
YX07,25C,30,3.294146776199341,0.6847632574694497,3.2934532165527344,0.0011548995971679,0.6005367464905037,1,24.97039420756564,0.0896295073175181,0.6102327930552104,3.248994642013895,0.6379779
YX07,25C,480,3.5461251735687256,1.0,3.591956615447998,1.981437902824552,-0.0040724348707519,1,25.397094834795915,-0.3425778839661753,1.0,3.553644180297852,1.0
YX01,25C,270,3.528336763381958,1.0,3.591710329055786,2.226016727443372,-0.0045545532217806,1,25.50731658935547,-0.2689762115478515,1.0,3.553644180297852,1.0
YX01,25C,180,3.5513839721679688,1.0,3.592104434967041,2.2215784823739493,-0.0040427236516797,1,25.67543601989746,-0.1956634521484375,1.0,3.553644180297852,1.0
YX08,25C,330,3.32678484916687,0.7386373606483839,3.306476831436157,-2.577401492221296,-0.0038661824879141,1,27.62176689695381,-0.8008284127993015,0.9037730015694758,3.4268275186479986,0.89519095
YX04,25C,360,3.291371583938598,0.6801823805792807,3.2836754322052,-4.134996615923368,-0.0003642300838614,1,29.122966766357425,-2.0734901428222656,0.6070468939399887,3.247064556840237,0.56712323
YX01,25C,390,3.5372884273529053,1.0,3.591325044631958,2.259225900877944,-0.0037341122017286,1,25.59628677368164,-0.3905582427978515,1.0,3.553644180297852,1.0
YX03,25C,540,3.289381265640259,0.6768970575312454,3.2796289920806885,0.0025138854980468,0.8670333839150227,1,28.46259307861328,-2.33974838256836,0.4925050205957963,3.177672663528739,0.4744813
YX02,25C,420,3.5348598957061768,1.0,3.592081069946289,2.0842543889278984,-0.0042429666853593,1,25.361156463623047,-0.3600044250488281,1.0,3.553644180297852,1.0
YX07,25C,270,3.288851022720337,0.6760218109501684,3.287527322769165,0.0011548995971679,0.8732452518579686,1,25.03163193211989,-0.1127938334329741,0.5128248395991253,3.189982840333258,0.5239662
YX03,25C,450,3.548197031021118,1.0,3.5921547412872314,2.0352647313150145,-0.0040072540089842,1,25.46062469482422,-0.2195641613836052,1.0,3.553644180297852,1.0
YX04,25C,540,3.309285879135132,0.7097526492883458,3.3169620037078857,0.2455869658391812,-0.0063743463951013,1,25.05678367614746,-0.0428371429443359,0.3929404250705086,3.1173543223965647,0.4249765
YX04,25C,420,3.2786667346954346,0.659211094692397,3.2392189502716064,-1.4476058013247748,-0.009393581903729,1,25.703623530751774,-0.3537127946677891,0.3911013429623778,3.116240167496592,0.37609026
YX05,25C,480,3.224519968032837,0.5698336214301548,3.206259250640869,-2.9785759108407155,-0.0016259436530268,1,27.60624122619629,-1.673370361328125,0.2129343031232483,3.008302800495521,0.17514564
YX05,25C,120,3.561221122741699,1.0,3.591869592666626,2.216523146387407,-0.0036363159564762,1,25.78529930114746,-0.1131246169519357,1.0,3.553644180297852,1.0
YX04,25C,240,3.30751633644104,0.7068317499516762,3.299899339675904,-1.6456031799316406,-0.0015257542566385,1,26.15995216369629,-0.4507923126220703,0.7348025831970058,3.3244616597514174,0.72542053
YX03,25C,90,3.560612916946411,1.0,3.591469049453736,2.107061452542441,-0.0050930923969927,1,25.652097702026367,-0.1153240203857421,1.0,3.553644180297852,1.0
YX01,25C,60,3.272922992706299,0.6497301750050207,3.2652816772460938,-1.0949835428377477,-0.0040361932649252,1,25.533111572265625,-0.0669775226549553,0.3966304931468507,3.119589843807117,0.45698726
YX08,25C,450,3.23640775680542,0.5894562247480858,3.234894037246704,-0.0016746520996093,-0.0377277904328018,1,26.47994432852866,-0.1326924963235747,0.2182114072463463,3.011499781962755,0.2148177
YX08,25C,480,3.5481553077697754,1.0,3.5924293994903564,2.239788687917552,-0.0034634630267018,1,26.963499801124005,-0.5598601716154583,1.0,3.553644180297852,1.0
YX01,25C,90,3.565519332885742,1.0,3.5908079147338867,2.2560678597063744,-0.0040235095425344,1,25.49306297302246,-0.1027336120605468,1.0,3.553644180297852,1.0
YX01,25C,210,3.553335428237915,1.0,3.591111660003662,2.220007263240789,-0.003852810153775,1,25.62020301818848,-0.2444019317626953,1.0,3.553644180297852,1.0
YX02,25C,120,3.321291446685791,0.7295696643918217,3.303248882293701,-2.1921292302195976,-0.0041730580184049,1,25.58286476135254,-0.1935634613037109,0.8701159400588063,3.406437357798186,0.89607847
YX05,25C,570,3.547654628753662,1.0,3.592146635055542,1.8898582377132007,-0.0039244875677373,1,25.455004157268444,-0.1542209999198114,1.0,3.553644180297852,1.0
YX03,25C,240,3.2989933490753174,0.6927632630900129,3.254257917404175,-8.440263493855793,-0.0027938734379306,1,28.653148651123047,-1.2044639587402344,0.6955300135192696,3.300669505095829,0.7117521
YX03,25C,240,2.3279502391815186,0.0,2.070362329483032,-2.287836702634852,-0.0264252919395308,1,26.058012008666992,-0.405618667602539,0.0,2.8855350017547607,0.0
YX02,25C,90,3.564155578613281,1.0,3.591351270675659,2.288876825709324,-0.003932607877495,1,25.46746063232422,-0.1128997802734375,1.0,3.553644180297852,1.0
YX02,25C,510,3.324042797088623,0.7341111866695322,3.291053533554077,-4.815990755634923,-0.0021650785201835,1,28.22425842285156,-2.1625709533691406,0.969921049911754,3.4669014076050795,0.8488925
YX02,25C,570,3.5079686641693115,1.0,3.591475248336792,2.166780061641689,-0.0043547992120406,1,25.2454043059753,-0.3672247558044006,1.0,3.553644180297852,0.9999655
YX03,25C,360,3.5153725147247314,1.0,3.5908329486846924,2.129761839488566,-0.00480864567832,1,25.70607566833496,-0.2998676300048828,1.0,3.553644180297852,1.0
YX03,25C,540,3.5463809967041016,1.0,3.5921547412872314,2.0352647313150145,-0.0040072540089842,1,25.46062469482422,-0.2022209167480468,1.0,3.553644180297852,1.0
YX01,25C,360,3.528239488601685,1.0,3.5919759273529053,2.2406339882102384,-0.0042150905608167,1,25.85431671142578,-0.5804405212402344,1.0,3.553644180297852,1.0
YX03,25C,540,3.2832729816436768,0.6668144058193786,3.2793562412261963,0.0027694702148437,-0.1641701101928374,1,25.038009643554688,0.2983379364013672,0.4931137494757086,3.17804144437942,0.46610296
YX02,25C,510,3.195140838623047,0.5213389002281725,3.1900277137756348,-0.0013198852539062,0.721278901734104,1,24.770463276424305,-0.0167401318930551,0.1009090420538367,2.94043552421166,0.10103544
YX07,25C,570,3.261238813400269,0.6304436600774853,3.213831186294556,-4.108653509616852,-0.0034523414816722,1,26.123332171624355,-0.8812831938674357,0.3088773298494162,3.066427118530363,0.2993734
YX04,25C,540,3.531639337539673,1.0,3.591986656188965,2.231903898372308,-0.0039696479872876,1,25.80059051513672,-0.5498104095458984,1.0,3.553644180297852,1.0
YX08,25C,390,3.2946200370788574,0.6855444465267508,3.2866101264953613,0.0014781951904296,1.1946774193548386,1,28.152069091796875,-1.236762289735502,0.6514095661601107,3.273940403444048,0.63960093
YX02,25C,480,3.266709089279175,0.6394731823599628,3.2503817081451416,-2.06603666211738,-0.0018222657185252,1,26.74127769470215,-1.2172183990478516,0.3006984135574115,3.061472157779608,0.29268762
YX03,25C,120,3.5570106506347656,1.0,3.591282367706299,1.9863863622001745,-0.0050726709568266,1,25.547154250606177,-0.0822265772663328,1.0,3.553644180297852,1.0
YX04,25C,90,3.277952194213867,0.6580316369570159,3.260794878005981,-2.456129057035264,-0.0035580355899283,1,25.31427574157715,-0.0611248016357421,0.5578838637142551,3.21728055166649,0.58473134
YX04,25C,570,3.2813174724578857,0.6635865405055327,3.242399215698242,-2.456163638060648,-0.0043792905446071,1,25.36666679382324,-0.3174324035644531,0.4105069712677588,3.127996508210203,0.3995355
YX07,25C,600,3.2807188034057617,0.6625983461866999,3.2804665565490723,-0.0012664794921875,-0.0496987951807228,1,24.99224687602814,0.1166326828696071,0.3431982402501884,3.0872194531006847,0.35680822
YX03,25C,330,3.2779552936553955,0.6580367530566356,3.273888349533081,0.0055160522460937,-0.0400242047026279,1,25.005334854125977,0.0118007659912109,0.3917786479455435,3.1166504932033314,0.37752378
YX07,25C,570,3.5354080200195312,1.0,3.5912632942199707,2.27092360817089,-0.0039975038284898,1,25.811170493891577,-0.6507582506342402,1.0,3.553644180297852,1.0
YX04,25C,180,3.540804147720337,1.0,3.5917859077453613,2.0589466550748146,-0.0047433673095247,1,25.972505569458008,-0.3508271472186877,1.0,3.553644180297852,1.0
YX02,25C,270,3.536695003509521,1.0,3.5914466381073,2.1405543642317726,-0.004176368136859,1,25.296949677563635,-0.2361758280763304,1.0,3.553644180297852,1.0
YX08,25C,150,3.2960073947906494,0.6878344914257107,3.290961980819702,-0.8307301125356129,-0.0018979233325083,1,27.189532432390035,-0.2196505663972523,0.6922763321965466,3.2986983560249774,0.7044267
YX01,25C,180,3.551353454589844,1.0,3.59157943725586,2.280580869654511,-0.0040769647204886,1,25.61343002319336,-0.1711845397949218,1.0,3.553644180297852,1.0
YX04,25C,180,2.2890474796295166,0.0,2.070430517196656,-2.204450816379637,-0.0286163836336631,1,26.36466789245605,-0.358316421508789,0.0,2.8855350017547607,0.0
YX03,25C,30,3.327598094940185,0.7399797464793432,3.337325096130371,2.5404654359367407,-0.0038288264239261,1,25.91979217529297,0.0030956268310546,0.5081065706020652,3.1871244130236662,0.62161714
YX07,25C,330,3.549025058746338,1.0,3.5917675495147705,1.7561943228601624,-0.004917857275548,1,25.3225913984143,-0.2015116966422603,1.0,3.553644180297852,1.0
YX02,25C,150,3.2935776710510254,0.6838238628700654,3.292668342590332,-0.0021324157714843,0.1310375670840787,1,24.76204872131348,-0.0602989196777343,0.7003199916049453,3.3035713752903804,0.7116657
YX04,25C,120,2.2507662773132324,0.0,2.0637922286987305,-1.868227946486658,-0.0314319349017274,1,26.04281616210937,-0.1497840881347656,0.0,2.8855350017547607,0.0
YX05,25C,240,3.5570738315582275,1.0,3.591968536376953,1.7294609350092869,-0.0043420870827137,1,25.454230293336902,-0.0961236801777261,1.0,3.553644180297852,1.0
YX08,25C,330,3.2390565872192383,0.5938285221922247,3.2379212379455566,0.0011281967163085,0.1117920540997464,1,26.521034633636475,-0.2136891047339126,0.2181860550766607,3.0114844230813027,0.21562967
YX01,25C,600,3.326873779296875,0.7387841533528541,3.31973934173584,-0.2515937574238818,-0.004759013564199,1,24.88661003112793,-0.0192394256591796,0.8993611690722517,3.424154737061516,0.8961154
YX05,25C,300,3.3249998092651367,0.7356908808136162,3.307917594909668,0.0014419555664062,3.963128306878307,1,27.03653907775879,-0.9534626007080078,0.872136190240603,3.407661268155026,0.8698337
YX04,25C,330,3.2771084308624268,0.6566388772221098,3.2392189502716064,-1.4476058013247748,-0.009393581903729,1,25.703623530751774,-0.2832953904929844,0.3911013429623778,3.116240167496592,0.38030335
YX05,25C,90,3.562441825866699,1.0,3.5914249420166016,2.148921464648096,-0.0042918022119975,1,25.59712791442871,-0.0905666351318359,1.0,3.553644180297852,1.0
YX04,25C,420,3.2841498851776123,0.6682618684656021,3.2696235179901123,-1.03539362820712,-0.0046981690217974,1,25.84653282165528,-0.5079536437988281,0.449886402685369,3.151853401971552,0.43161333
YX07,25C,60,3.5730440616607666,1.0,3.591137170791626,2.268620080657949,-0.003862628445816,1,25.69371536960092,-0.0729459485637846,1.0,3.553644180297852,1.0
YX02,25C,240,3.1936962604522705,0.5189544042593123,3.178189754486084,-3.441764004259225,-0.0008264173967656,1,28.218267690328176,-1.3529646507773947,0.1009185633276136,2.940441292401011,0.100466736
YX02,25C,120,3.188810348510742,0.5108894635281925,3.178189754486084,-3.441764004259225,-0.0008264173967656,1,28.218267690328176,-0.707067739156301,0.1009185633276136,2.940441292401011,0.10994147
YX02,25C,240,3.2486560344696045,0.6096738698063892,3.202746152877808,-5.11036024181121,-0.0034681159597452,1,25.982566273339263,-0.3920854688959032,0.2808265951247765,3.0494333892111976,0.27693573
YX07,25C,90,3.181995153427124,0.4996399475569313,3.1439807415008545,-2.681657019528476,-0.0080399657263121,1,25.906491130333595,-0.1014758782826348,0.1211809330282839,2.952716665200982,0.1284662
YX08,25C,510,3.328235387802124,0.7410316952703588,3.306476831436157,-2.577401492221296,-0.0038661824879141,1,27.62176689695381,-1.0451811221521972,0.9037730015694758,3.4268275186479986,0.8845139
YX01,25C,600,3.2971858978271484,0.6897797899195343,3.2781338691711426,-1.2575098692626103,-0.0040478701505565,1,25.10214229591088,-0.0295161820192753,0.6981899033493753,3.302280922701654,0.6973186
YX07,25C,300,3.5410187244415283,1.0,3.5914523601531982,2.3152760655109823,-0.0041931952243772,1,25.820785296725607,-0.3486630006245157,1.0,3.553644180297852,1.0
YX03,25C,30,3.2306101322174072,0.5798863636365532,3.231464385986328,-0.6158341024523584,0.0013871491778696,1,25.17384147644043,-0.0117912292480468,0.1892667655379095,2.9939645048564003,0.24538851
YX02,25C,330,3.1933751106262207,0.5184242976294963,3.1900277137756348,-0.0013198852539062,0.721278901734104,1,24.770463276424305,-0.0065205579184457,0.1009090420538367,2.94043552421166,0.09645027
YX08,25C,420,3.291529655456543,0.6804433016598805,3.2914035320281982,-0.0016746520996093,-0.0,1,26.21794517041684,-0.1300744928184052,0.5606885673170919,3.218979700523551,0.53371865
YX03,25C,360,3.5510265827178955,1.0,3.5921547412872314,2.0352647313150145,-0.0040072540089842,1,25.46062469482422,-0.186716079711914,1.0,3.553644180297852,1.0
YX08,25C,270,3.5489752292633057,1.0,3.591294288635254,2.3132043282930983,-0.0037079935813914,1,26.977110656801887,-0.3706254570142278,1.0,3.553644180297852,1.0
YX07,25C,450,3.563335657119751,1.0,3.59201979637146,0.8547523137061827,-0.0076706559551317,1,25.32373252525107,-0.3612422061414513,1.0,3.553644180297852,1.0
YX07,25C,540,3.330774068832397,0.7452221744049395,3.3293240070343018,0.0011548995971679,0.1092072667217175,1,25.389000796699523,-0.2714266420605575,0.9434087811978756,3.4508397135858897,0.9342083
YX04,25C,270,3.317359209060669,0.7230789081590419,3.324551105499268,0.2455923991733127,-0.0076226409669314,1,24.922178268432617,0.0481014251708984,0.5894230025116894,3.236387630070836,0.5516026
YX01,25C,210,3.319126605987549,0.7259962655805903,3.299034118652344,-2.188799405385213,-0.0036513301175065,1,25.97100821692968,-0.319557050080995,0.7988768219919821,3.363279190953441,0.8424213
YX03,25C,270,3.554696559906006,1.0,3.5921547412872314,2.0352647313150145,-0.0040072540089842,1,25.46062469482422,-0.1055107116699218,1.0,3.553644180297852,1.0
YX08,25C,270,3.5505518913269043,1.0,3.592240333557129,2.292492960781604,-0.0035764456672217,1,26.95089604485203,-0.407895196337904,1.0,3.553644180297852,1.0
YX04,25C,150,3.312187910079956,0.7145428927167939,3.323331594467163,1.22813208307586,-0.0040662691144376,1,25.26459312438965,0.0034160614013671,0.3930087742576879,3.117395729782058,0.39859867
YX07,25C,240,3.548646926879883,1.0,3.5912632942199707,2.27092360817089,-0.0039975038284898,1,25.811170493891577,-0.4192302126747336,1.0,3.553644180297852,1.0
YX08,25C,150,3.559192419052124,1.0,3.591294288635254,2.2794478040770354,-0.0034032037471323,1,26.943565437201,-0.1555785121607122,1.0,3.553644180297852,0.9999742
YX07,25C,240,3.294524908065796,0.6853874216230414,3.293579339981079,0.0011548995971679,0.7095375722543352,1,25.06756686305828,-0.0396945512528219,0.6102338668188082,3.248995292522629,0.6102605
YX04,25C,600,3.532946348190308,1.0,3.592167377471924,2.206951253762207,-0.0038659880942924,1,25.90801048278809,-0.5471782684326172,1.0,3.553644180297852,1.0
YX04,25C,420,3.229524850845337,0.5780949416774425,3.1890079975128174,-2.4561634810175264,-0.005484427165922,1,26.105451583862305,-0.4022712707519531,0.2140148844303685,3.0089574395422627,0.20978633
YX05,25C,450,3.219434976577759,0.5614400696850067,3.197169303894043,-1.229606778065874,-0.0051962786927647,1,25.57150557195088,-0.2218179956569343,0.2130445426435614,3.008369585932225,0.17324436
YX02,25C,210,3.2632477283477783,0.6337596797232382,3.2503817081451416,-2.06603666211738,-0.0018222657185252,1,26.74127769470215,-0.6934185028076172,0.3006984135574115,3.061472157779608,0.3069826
YX01,25C,60,3.573260545730591,1.0,3.592104434967041,2.2215784823739493,-0.0040427236516797,1,25.67543601989746,-0.0939044952392578,1.0,3.553644180297852,1.0
YX07,25C,600,3.54158616065979,1.0,3.5917675495147705,1.7561943228601624,-0.004917857275548,1,25.3225913984143,-0.2584547516138471,1.0,3.553644180297852,1.0
YX04,25C,360,3.230181932449341,0.5791795547967986,3.164182424545288,-5.886836479450095,-0.0050488065352473,1,28.64347648620605,-1.615034103393555,0.2147673896135454,3.0094133231232,0.20610097
YX07,25C,210,3.554572820663452,1.0,3.5913891792297363,1.947589218946329,-0.0044992023741332,1,25.35385704040528,-0.0697177219056932,1.0,3.553644180297852,1.0
YX02,25C,570,3.5420591831207275,1.0,3.5921876430511475,2.2899628001456565,-0.0036738921698735,1,25.62133979797364,-0.5156021118164062,1.0,3.553644180297852,1.0
YX02,25C,390,3.5281076431274414,1.0,3.591351270675659,2.288876825709324,-0.003932607877495,1,25.46746063232422,-0.3915023803710937,1.0,3.553644180297852,1.0
YX07,25C,240,3.536290645599365,1.0,3.5913891792297363,2.249956615655196,-0.0042307927730584,1,25.79001704643403,-0.3645808641724919,1.0,3.553644180297852,1.0
YX02,25C,30,3.312396764755249,0.7148876391219304,3.303248882293701,-2.1921292302195976,-0.0041730580184049,1,25.58286476135254,-0.0440139770507812,0.8701159400588063,3.406437357798186,0.8635148
YX04,25C,570,3.538057804107666,1.0,3.591526985168457,2.184726499701106,-0.0036396942369139,1,25.716157913208008,-0.544952392578125,1.0,3.553644180297852,1.0
YX02,25C,510,3.543768405914306,1.0,3.5917060375213623,2.2607207659305684,-0.0033621066415202,1,25.37017913612199,-0.4387807443983575,1.0,3.553644180297852,1.0
YX04,25C,360,2.373755693435669,0.0,2.065493106842041,-2.0499145098361606,-0.0293910257747858,1,26.23889124819374,-0.6290279669437417,0.0,2.8855350017547607,0.0
YX03,25C,570,3.303855657577514,0.7007892427547986,3.254257917404175,-8.440263493855793,-0.0027938734379306,1,28.653148651123047,-2.435458547855813,0.6955300135192696,3.300669505095829,0.6957306
YX01,25C,180,3.5577661991119385,1.0,3.591686964035034,1.8801088169065057,-0.0042711230810206,1,25.1889877319336,-0.0735702514648437,1.0,3.553644180297852,1.0
YX01,25C,30,3.320936679840088,0.7289840677584393,3.31973934173584,-0.2515937574238818,-0.004759013564199,1,24.88661003112793,0.0205039978027343,0.8993611690722517,3.424154737061516,0.9066446
YX07,25C,420,3.548142433166504,1.0,3.592397928237915,2.19633278783999,-0.0039897580661793,1,25.55856710844129,-0.4456150517121351,1.0,3.553644180297852,1.0
YX01,25C,420,3.2515037059783936,0.614374384718432,3.2429115772247314,-0.2515939194495458,-0.0072323313682786,1,24.993587493896484,-0.0958900451660156,0.2955357352321709,3.058344497884696,0.28993258
YX01,25C,420,3.5244815349578857,1.0,3.5919759273529053,2.2406339882102384,-0.0042150905608167,1,25.85431671142578,-0.6214027404785156,1.0,3.553644180297852,1.0
YX05,25C,450,3.282038927078247,0.6647774110785268,3.267987966537476,-2.185423303823002,-0.0015918039684053,1,25.98955345153809,-0.5061988830566406,0.5080552688175046,3.187093333315809,0.48493746
YX02,25C,210,3.2475626468658447,0.6078690672790426,3.202746152877808,-5.11036024181121,-0.0034681159597452,1,25.982566273339263,-0.4020990492181688,0.2808265951247765,3.0494333892111976,0.27958637
YX03,25C,600,3.3098084926605225,0.7106153023934361,3.337325096130371,2.5404654359367407,-0.0038288264239261,1,25.91979217529297,-0.496307373046875,0.5081065706020652,3.1871244130236662,0.46664855
YX08,25C,300,3.297584056854248,0.6904370119475911,3.290961980819702,-0.8307301125356129,-0.0018979233325083,1,27.189532432390035,-0.5042860473383755,0.6922763321965466,3.2986983560249774,0.68512464
YX02,25C,420,3.546008825302124,1.0,3.5917060375213623,2.2607207659305684,-0.0033621066415202,1,25.37017913612199,-0.3866385763731337,1.0,3.553644180297852,1.0
YX05,25C,390,3.529954195022583,1.0,3.591379880905152,2.2621687756036946,-0.0039833589316247,1,25.70136451721192,-0.2542343139648437,1.0,3.553644180297852,1.0
YX08,25C,480,3.551624059677124,1.0,3.592303276062012,1.9520675657863835,-0.0038123667738304,1,26.413764156515,-0.2341309503251132,1.0,3.553644180297852,1.0
YX01,25C,60,3.1316611766815186,0.4165560639190518,3.0651230812072754,-2.5149442001243902,-0.0156323581398608,1,26.19474220275879,-0.15484619140625,0.0946067861615416,2.9366174840859687,0.06444336
YX08,25C,600,3.5302438735961914,1.0,3.591231107711792,2.30970633536762,-0.0037682150742844,1,26.976173758219737,-0.6117786213879768,1.0,3.553644180297852,0.9999208
YX05,25C,450,3.32662296295166,0.7383701428297907,3.3126380443573,-1.2296351209262208,-0.0037477725196909,1,25.21761131286621,-0.050577163696289,0.9016227677124774,3.425524861427165,0.90190935
YX02,25C,450,3.197502613067627,0.5252373681383112,3.15560245513916,-1.496686424399322,-0.0104432331007567,1,25.56886100769043,-0.3921585083007812,0.1310072004002482,2.95866962613324,0.122285545
YX05,25C,120,3.2769155502319336,0.6563204984073205,3.267987966537476,-2.185423303823002,-0.0015918039684053,1,25.98955345153809,-0.1964607238769531,0.5080552688175046,3.187093333315809,0.5319452
YX08,25C,360,3.5217926502227783,1.0,3.590726613998413,2.2908658066184904,-0.0042396449537988,1,27.06373089167077,-0.4133288822491501,1.0,3.553644180297852,1.0
YX03,25C,330,3.51826548576355,1.0,3.5908329486846924,2.129761839488566,-0.00480864567832,1,25.70607566833496,-0.3063805127134316,1.0,3.553644180297852,1.0
YX04,25C,240,3.553701877593994,1.0,3.591775417327881,2.149202637320992,-0.0037272547967923,1,25.70903778076172,-0.2585086822509765,1.0,3.553644180297852,1.0
YX04,25C,150,2.266538143157959,0.0,2.070081949234009,-2.167595955200881,-0.0275452287141271,1,26.262380599975582,-0.3094348907470703,0.0,2.8855350017547607,0.0
YX02,25C,150,3.578322172164917,1.0,3.59336256980896,0.6548012449945274,-0.0086199002900453,1,24.78425979614257,-0.0099811553955078,1.0,3.553644180297852,0.99902624
YX01,25C,330,3.523759365081787,1.0,3.591073513031006,2.0857548000424773,-0.0046133588827238,1,25.41177558898925,0.5406836238616144,1.0,3.553644180297852,0.999515
YX05,25C,570,3.278774738311768,0.659389371086834,3.258457899093628,-2.2031487709234567,-0.0016865649766086,1,26.02865028381348,-0.5964412689208984,0.4097556613658794,3.127541348755997,0.39635202
YX04,25C,30,3.3183376789093018,0.7246940214543386,3.323331594467163,1.22813208307586,-0.0040662691144376,1,25.26459312438965,0.0350723266601562,0.3930087742576879,3.117395729782058,0.45803198
YX02,25C,90,3.323971748352051,0.7339939099244059,3.316753387451172,-3.009959499392889,-0.0011620091752481,1,26.682994842529297,-0.3720130920410156,0.9001055921601523,3.4246057243379244,0.9221186
YX04,25C,180,3.2792558670043945,0.6601835471662465,3.2438018321990967,-4.109867465111517,-0.0041920094770184,1,25.87738558514864,-0.2473616288498128,0.5284909213742914,3.1994736845408163,0.5343413
YX08,25C,90,3.322685480117798,0.73187072858227,3.306476831436157,-2.577401492221296,-0.0038661824879141,1,27.62176689695381,-0.241633898393605,0.9037730015694758,3.4268275186479986,0.9170746
YX07,25C,480,3.3271806240081787,0.7392906472151949,3.325793743133545,0.0011548995971679,0.5458298926507019,1,25.31051697216034,-0.1826540298461907,0.8169644984221941,3.37423708850176,0.81365305
YX02,25C,390,3.5400660037994385,1.0,3.591969966888428,2.2655065580787537,-0.0038426796719128,1,25.309776306152344,-0.3671760559082031,1.0,3.553644180297852,1.0
YX08,25C,390,3.547524690628052,1.0,3.591735601425171,2.2419552098726854,-0.0033756789266323,1,26.90058693608741,-0.4886756784176604,1.0,3.553644180297852,1.0
YX05,25C,210,3.5533111095428467,1.0,3.5923306941986084,2.177293852897221,-0.0037588837877482,1,25.712885762325108,-0.1861123095663188,1.0,3.553644180297852,1.0
YX05,25C,390,3.285801410675049,0.6709879624706021,3.2743043899536133,-2.9523343449145294,-0.0011112019389296,1,26.98360252380371,-1.116804122924805,0.6063475558365666,3.2466408830025,0.55863696
YX07,25C,510,3.197251319885254,0.5248225705229986,3.1439807415008545,-2.681657019528476,-0.0080399657263121,1,25.906491130333595,-0.5017306159449895,0.1211809330282839,2.952716665200982,0.11488153
YX08,25C,570,3.543236017227173,1.0,3.591735601425171,2.2419552098726854,-0.0033756789266323,1,26.90058693608741,-0.6399013654816059,1.0,3.553644180297852,1.0
YX05,25C,270,3.3245866298675537,0.7350088653797106,3.307917594909668,0.0014419555664062,3.963128306878307,1,27.03653907775879,-0.907878875732422,0.872136190240603,3.407661268155026,0.86927336
YX03,25C,150,3.544563770294189,1.0,3.5908329486846924,2.129761839488566,-0.00480864567832,1,25.70607566833496,-0.1665096282958984,1.0,3.553644180297852,1.0
YX03,25C,30,3.320458173751831,0.7281942206863973,3.314979076385498,-3.11520263671875,-0.0017588253495137,1,26.98782157897949,-0.1066741943359375,0.8984926125973196,3.423628547149619,0.92405015
YX04,25C,240,3.2752110958099365,0.6535070371626626,3.242399215698242,-2.456163638060648,-0.0043792905446071,1,25.36666679382324,-0.1498614064287302,0.4105069712677588,3.127996508210203,0.41295618
YX02,25C,180,3.298181533813477,0.691423238535801,3.293207883834839,-0.7694283044926254,-0.0017897778192585,1,25.39529800415039,-0.2090988159179687,0.7003398726905831,3.303583419673218,0.7116939
YX05,25C,540,3.530367612838745,1.0,3.591869592666626,2.216523146387407,-0.0036363159564762,1,25.78529930114746,-0.3488121032714844,1.0,3.553644180297852,1.0
YX01,25C,480,3.568085193634033,1.0,3.5932435989379883,0.6343882274296548,-0.0089701769357425,1,25.04727554321289,0.0121135711669921,1.0,3.553644180297852,0.9998787
YX08,25C,300,3.5355417728424072,1.0,3.591294288635254,2.257771090639962,-0.0042180501659862,1,27.0851289995825,-0.4791862650599441,1.0,3.553644180297852,1.0
YX05,25C,540,3.5282373428344727,1.0,3.591849565505981,2.120093229696092,-0.0041408787107613,1,25.63773727416992,-0.3597927093505859,1.0,3.553644180297852,1.0
YX05,25C,300,3.532855272293091,1.0,3.591415405273437,2.144524537737908,-0.0041649676055016,1,25.650325775146484,-0.2449474334716797,1.0,3.553644180297852,1.0
YX02,25C,480,3.549060344696045,1.0,3.591751337051392,2.1553162073847507,-0.0033744277199669,1,25.132469177246094,-0.2850608825683594,1.0,3.553644180297852,1.0
YX02,25C,90,3.562223196029663,1.0,3.591475248336792,2.166780061641689,-0.0043547992120406,1,25.2454043059753,-0.086611687260671,1.0,3.553644180297852,1.0
YX08,25C,390,3.2360293865203857,0.5888316670483694,3.234894037246704,-0.0016746520996093,-0.0377277904328018,1,26.47994432852866,-0.0923599377863269,0.2182114072463463,3.011499781962755,0.21465135
YX05,25C,480,3.3268425464630127,0.7387325988105334,3.3126380443573,-1.2296351209262208,-0.0037477725196909,1,25.21761131286621,0.0030727386474609,0.9016227677124774,3.425524861427165,0.90026337
YX05,25C,570,3.287126541137696,0.6731752918310454,3.2713868618011475,-1.229652351490618,-0.0037229019501159,1,25.237943649291992,0.0330715179443359,0.606504900285607,3.246736205602892,0.57712334
YX08,25C,60,3.5754640102386475,1.0,3.5918619632720947,2.2389683095974173,-0.0036338316969317,1,26.88660688137789,-0.1223884579531962,1.0,3.553644180297852,0.99981123
YX04,25C,480,3.2844629287719727,0.6687785945271821,3.2696235179901123,-1.03539362820712,-0.0046981690217974,1,25.84653282165528,-0.5265846252441406,0.449886402685369,3.151853401971552,0.42736346
YX05,25C,150,3.551586627960205,1.0,3.591415405273437,2.144524537737908,-0.0041649676055016,1,25.650325775146484,-0.116250991821289,1.0,3.553644180297852,1.0
YX03,25C,600,3.2656047344207764,0.6376502767108851,3.2866463661193848,2.540800298301919,-0.0029270268674343,1,25.12850107539586,-0.0490504680960555,0.2032776678541194,3.002452606284624,0.20730695
YX03,25C,480,3.2828245162963867,0.6660741455590343,3.2793562412261963,0.0027694702148437,-0.1641701101928374,1,25.038009643554688,0.3113937377929687,0.4931137494757086,3.17804144437942,0.46654192
YX05,25C,510,3.524343729019165,1.0,3.591379880905152,2.2621687756036946,-0.0039833589316247,1,25.70136451721192,-0.3072834014892578,1.0,3.553644180297852,1.0
YX02,25C,420,3.5464634895324707,1.0,3.592261552810669,2.2017491670417004,-0.0038207627239948,1,25.256345256812,-0.320605739600083,1.0,3.553644180297852,1.0
YX08,25C,450,3.541722297668457,1.0,3.591294288635254,2.3132043282930983,-0.0037079935813914,1,26.977110656801887,-0.5556024286906194,1.0,3.553644180297852,1.0
YX07,25C,570,3.288788080215454,0.675917914773278,3.2885358333587646,0.0011548995971679,-0.2182080924855491,1,25.101508388710023,-0.2098769472122192,0.5128292742816881,3.189985526957899,0.46646753
YX07,25C,300,3.5500338077545166,1.0,3.5913891792297363,1.947589218946329,-0.0044992023741332,1,25.35385704040528,-0.079165622948004,1.0,3.553644180297852,1.0
YX01,25C,330,3.2987704277038574,0.6923952974635259,3.290866136550904,-0.8045453469314917,-0.0027817390412636,1,26.306659698486328,-0.7744216918945312,0.6982640342988805,3.3023258328012446,0.6897902
YX05,25C,270,3.537781476974488,1.0,3.5915744304656982,2.1669908631761623,-0.0039467408076634,1,25.713930997331524,-0.2082928747729298,1.0,3.553644180297852,1.0
YX07,25C,360,3.5415232181549072,1.0,3.591137170791626,2.268620080657949,-0.003862628445816,1,25.69371536960092,-0.3552438037020842,1.0,3.553644180297852,1.0
YX05,25C,120,3.217369079589844,0.558029992515478,3.2071728706359863,-2.0831291675567627,-0.0019437405956111,1,26.351606369018555,-0.2985172271728515,0.2128844872794599,3.0082726210020616,0.21497446
YX08,25C,180,3.562913417816162,1.0,3.592303276062012,1.9520675657863835,-0.0038123667738304,1,26.413764156515,-0.0988088635388635,1.0,3.553644180297852,1.0
YX04,25C,480,3.54887056350708,1.0,3.592076301574707,2.105579703463621,-0.0035382672750456,1,25.580944061279297,-0.3694953918457031,1.0,3.553644180297852,1.0
YX03,25C,450,2.392321348190308,0.0,2.0742573738098145,-2.3233747307366315,-0.0246001516484424,1,26.222631454467773,-0.6876945495605469,0.0,2.8855350017547607,0.00028238446
YX05,25C,330,3.51303768157959,1.0,3.591100215911865,2.078046750412801,-0.0044214292970125,1,25.52866172790528,-0.1705532073974609,1.0,3.553644180297852,1.0
YX01,25C,210,3.1822173595428467,0.5000067325450446,3.1724154949188232,-0.2515907392236921,-0.0105785555013787,1,24.98511505126953,-0.050286532235539,0.0942725080269989,2.93641497131076,0.09166711
YX01,25C,300,3.283266544342041,0.6668037800740149,3.275322437286377,-3.227833294868469,-0.0005053730379466,1,25.874387741088867,-0.2888393402099609,0.4970837152666473,3.18044653375479,0.54717886
YX01,25C,450,3.2253363132476807,0.5711811233607338,3.212759256362915,-0.7689015865325928,-0.0039342550264231,1,26.2335262298584,-0.5307674407958984,0.1949368976850389,2.9973995910264457,0.19269273
YX02,25C,90,3.2928590774536133,0.6826377148505663,3.292668342590332,-0.0021324157714843,0.1310375670840787,1,24.76204872131348,-0.027964666587156,0.7003199916049453,3.3035713752903804,0.70443994
YX04,25C,300,3.5444891452789307,1.0,3.592167377471924,2.206951253762207,-0.0038659880942924,1,25.90801048278809,-0.3633022308349609,1.0,3.553644180297852,1.0
YX02,25C,330,3.5312721729278564,1.0,3.591418981552124,2.284430704669063,-0.0038792072565447,1,25.39805603027344,-0.3484954833984375,1.0,3.553644180297852,1.0
YX01,25C,270,3.571800947189331,1.0,3.5932435989379883,0.6343882274296548,-0.0089701769357425,1,25.04727554321289,0.0142775782705228,1.0,3.553644180297852,1.0
YX01,25C,60,3.312195301055908,0.7145550926466562,3.299034118652344,-2.188799405385213,-0.0036513301175065,1,25.97100821692968,-0.0700485824585861,0.7988768219919821,3.363279190953441,0.8414989
YX05,25C,60,3.278977155685425,0.6597234917466067,3.2713868618011475,-1.229652351490618,-0.0037229019501159,1,25.237943649291992,-0.0133476257324218,0.606504900285607,3.246736205602892,0.59892917
YX05,25C,180,3.558905124664306,1.0,3.592496633529663,2.064356458534164,-0.003871669543397,1,25.603609085083008,-0.1088600158691406,1.0,3.553644180297852,1.0
YX01,25C,90,3.555807590484619,1.0,3.590876579284668,2.13105598954778,-0.005102538182477,1,25.59483528137207,-0.0970420837402343,1.0,3.553644180297852,1.0
YX02,25C,90,3.2591800689697266,0.6270453892916942,3.2503817081451416,-2.06603666211738,-0.0018222657185252,1,26.74127769470215,-0.3360538482666015,0.3006984135574115,3.061472157779608,0.32306665
YX05,25C,210,3.220024585723877,0.5624133092511053,3.2071728706359863,-2.0831291675567627,-0.0019437405956111,1,26.351606369018555,-0.4407405853271484,0.2128844872794599,3.0082726210020616,0.20903346
YX01,25C,300,3.2504053115844727,0.6125613177224691,3.2429115772247314,-0.2515939194495458,-0.0072323313682786,1,24.993587493896484,-0.0195395002454716,0.2955357352321709,3.058344497884696,0.29756203
YX04,25C,30,3.252817153930664,0.6165424303187705,3.2392189502716064,-1.4476058013247748,-0.009393581903729,1,25.703623530751774,-0.031040904409,0.3911013429623778,3.116240167496592,0.3433895
YX08,25C,330,3.56985092163086,1.0,3.592555522918701,0.8578125355696237,-0.0069109248507585,1,26.33491046632459,-0.0995749372595433,1.0,3.553644180297852,1.0
YX08,25C,30,3.2914035320281982,0.6802351157599751,3.2914035320281982,-0.0016746520996093,-0.0,1,26.21794517041684,-0.0974713962522955,0.5606885673170919,3.218979700523551,0.5928578
YX01,25C,210,3.3245110511779785,0.7348841112582171,3.31973934173584,-0.2515937574238818,-0.004759013564199,1,24.88661003112793,0.0105628967285156,0.8993611690722517,3.424154737061516,0.9093818
YX03,25C,360,3.2671890258789062,0.6402653907087523,3.2866463661193848,2.540800298301919,-0.0029270268674343,1,25.12850107539586,-0.0263740002005476,0.2032776678541194,3.002452606284624,0.20857167
YX01,25C,420,3.326278686523437,0.7378018622258901,3.303844928741455,-2.514936119565673,-0.0036000697874367,1,25.10425066189361,-0.1471051403143306,0.8993878746022332,3.424170915837305,0.8969673
YX02,25C,390,3.54703950881958,1.0,3.591733932495117,1.850944807152484,-0.0043587719455716,1,25.075359344482425,-0.1691951751708984,1.0,3.553644180297852,1.0
YX01,25C,150,3.56107234954834,1.0,3.592268228530884,1.893253112352696,-0.0043820085348691,1,25.323108673095703,-0.0847259014919465,1.0,3.553644180297852,1.0
YX04,25C,570,3.3153669834136963,0.7197904367420099,3.324551105499268,0.2455923991733127,-0.0076226409669314,1,24.922178268432617,-0.0018882751464843,0.5894230025116894,3.236387630070836,0.5339768
YX02,25C,270,3.536426067352295,1.0,3.591418981552124,2.284430704669063,-0.0038792072565447,1,25.39805603027344,-0.2494716644287109,1.0,3.553644180297852,1.0
YX02,25C,600,3.286237955093384,0.6717085454247173,3.2684268951416016,-1.5943590232304163,-0.0029349985692338,1,27.39348793029785,-1.7447872161865234,0.4006290410156848,3.122012248810756,0.35183072
YX04,25C,30,3.583635330200196,1.0,3.592167377471924,2.206951253762207,-0.0038659880942924,1,25.90801048278809,-0.0402717590332031,1.0,3.553644180297852,1.0
YX04,25C,540,3.2922892570495605,0.6816971396128082,3.2836754322052,-4.134996615923368,-0.0003642300838614,1,29.122966766357425,-2.6850854594533047,0.6070468939399887,3.247064556840237,0.55026424
YX04,25C,210,3.319037437438965,0.7258490793299954,3.29939079284668,-4.329114774378335,-0.0011401271811439,1,29.18065452575684,-1.324563980102539,0.8035649456488716,3.366119355577364,0.80761015
YX07,25C,240,3.325226306915283,0.736064749631972,3.30908751487732,-1.913911716997131,-0.0037879658131228,1,25.85007430648273,-0.4723054896601901,0.9164369734374984,3.434499621077517,0.88778853
YX04,25C,510,3.232289552688598,0.5826585025381297,3.164182424545288,-5.886836479450095,-0.0050488065352473,1,28.64347648620605,-2.1160831451416016,0.2147673896135454,3.0094133231232,0.20802501
YX06,25C,420,3.5469820499420166,1.0,3.5924646854400635,2.2291674473661933,-0.0035621060169165,1,25.098602294921875,-0.3384952545166015,1.0,3.553644180297852,1.0
YX03,25C,120,3.285475015640259,0.6704491978260454,3.2796289920806885,0.0025138854980468,0.8670333839150227,1,28.46259307861328,-0.7742385864257812,0.4925050205957963,3.177672663528739,0.46452847
YX01,25C,120,3.289368391036988,0.6768758060405178,3.271939992904663,-2.514948793300096,-0.0031208347640845,1,25.21068382263184,-0.0332660675048828,0.698191069699212,3.302281629301093,0.6812548
YX04,25C,570,3.307664155960083,0.7070757485489189,3.323331594467163,1.22813208307586,-0.0040662691144376,1,25.26459312438965,-0.148345947265625,0.3930087742576879,3.117395729782058,0.38764992
YX03,25C,120,3.2751457691192627,0.6533992055245263,3.273888349533081,0.0055160522460937,-0.0400242047026279,1,25.005334854125977,-0.0093212127685546,0.3917786479455435,3.1166504932033314,0.38240585
YX07,25C,510,3.5323190689086914,1.0,3.5914523601531982,2.3152760655109823,-0.0041931952243772,1,25.820785296725607,-0.5539125757534933,1.0,3.553644180297852,1.0
YX01,25C,120,3.276295185089112,0.6552964913911504,3.2652816772460938,-1.0949835428377477,-0.0040361932649252,1,25.533111572265625,-0.1262111663818359,0.3966304931468507,3.119589843807117,0.4624592
YX05,25C,510,3.220067024230957,0.5624833604612814,3.197169303894043,-1.229606778065874,-0.0051962786927647,1,25.57150557195088,-0.2022142664088875,0.2130445426435614,3.008369585932225,0.17295203
YX01,25C,240,3.324812889099121,0.7353823406519416,3.311790943145752,-1.2575073705136195,-0.003867572237852,1,25.252893447875977,-0.0850086212158203,0.8993927025763286,3.4241738407262874,0.9127913
YX03,25C,480,3.3135921955108643,0.7168608793905994,3.350933074951172,2.5405163180215773,-0.0051234561317862,1,25.988265991210938,-0.5744400024414062,0.6097420043568907,3.248697311823652,0.5935533
YX02,25C,60,3.572329044342041,1.0,3.5914466381073,2.1405543642317726,-0.004176368136859,1,25.296949677563635,-0.0629714060792601,1.0,3.553644180297852,1.0
YX08,25C,390,3.2850334644317627,0.669720350403314,3.28333067893982,0.0011281967163085,0.1677937447168216,1,26.407415873863417,-0.1189920046311137,0.4137643714672084,3.1299699102553555,0.40835205
YX04,25C,300,3.3084280490875244,0.7083366703320891,3.299899339675904,-1.6456031799316406,-0.0015257542566385,1,26.15995216369629,-0.5282987110804136,0.7348025831970058,3.3244616597514174,0.7219297
YX02,25C,90,3.56945276260376,1.0,3.591733932495117,1.850944807152484,-0.0043587719455716,1,25.075359344482425,-0.0425376892089843,1.0,3.553644180297852,0.9999047
YX01,25C,360,3.5455708503723145,1.0,3.591111660003662,2.220007263240789,-0.003852810153775,1,25.62020301818848,-0.3145313262939453,1.0,3.553644180297852,1.0
YX07,25C,540,3.5448012351989746,1.0,3.591956615447998,1.981437902824552,-0.0040724348707519,1,25.397094834795915,-0.3742983675543279,1.0,3.553644180297852,1.0
YX03,25C,240,3.5561468601226807,1.0,3.5921547412872314,2.0352647313150145,-0.0040072540089842,1,25.46062469482422,-0.1274909973144531,1.0,3.553644180297852,1.0
YX01,25C,90,3.31486439704895,0.7189608415113848,3.299034118652344,-2.188799405385213,-0.0036513301175065,1,25.97100821692968,-0.1190146561386633,0.7988768219919821,3.363279190953441,0.8495385
YX02,25C,390,3.289496898651123,0.6770879274016691,3.292898178100586,-0.0029678344726562,1.2883997429305911,1,28.293102264404297,-1.8947620391845703,0.5005020991708633,3.182517463138548,0.4822157
YX03,25C,390,3.5683400630950928,1.0,3.592318058013916,0.6733200904436227,-0.0088874043739396,1,25.07288932800293,0.0656795501708984,1.0,3.553644180297852,1.0
YX04,25C,360,3.3458192348480225,0.7700565090507492,3.3691179752349854,1.2281249919878776,-0.0062007758858132,1,25.40793800354004,-0.2153167724609375,0.7860065690809177,3.355482119098218,0.7911076
YX08,25C,600,3.298151731491089,0.6913740452702279,3.281123161315918,-3.8281944866838127,-0.001779329349286,1,28.319441281995413,-1.6041136588781804,0.6749834675712102,3.288221972305238,0.6401151
YX08,25C,240,3.297079563140869,0.6896042683479694,3.290961980819702,-0.8307301125356129,-0.0018979233325083,1,27.189532432390035,-0.3340413402803541,0.6922763321965466,3.2986983560249774,0.69790316
YX04,25C,30,3.2599709033966064,0.6283507817869425,3.236911535263061,-9.218919020432692,-0.0025013093273122,1,29.02932929992676,-0.0504837036132812,0.5579506386919861,3.217321005362552,0.49044773
YX04,25C,60,3.3193492889404297,0.7263638376609526,3.328617811203003,1.228126640023208,-0.0044953186729761,1,25.37134552001953,-0.0449638366699218,0.4912570279142438,3.176916603124946,0.5389218
YX07,25C,540,3.542531728744507,1.0,3.5913891792297363,1.947589218946329,-0.0044992023741332,1,25.35385704040528,-0.2523207625892958,1.0,3.553644180297852,1.0
YX04,25C,390,3.3112049102783203,0.7129203020451301,3.328617811203003,1.228126640023208,-0.0044953186729761,1,25.37134552001953,-0.1662845611572265,0.4912570279142438,3.176916603124946,0.49697948
YX07,25C,60,3.294461965560913,0.685283525446151,3.293579339981079,0.0011548995971679,0.7095375722543352,1,25.06756686305828,0.0077479836156193,0.6102338668188082,3.248995292522629,0.61476076
YX07,25C,60,3.5679376125335693,1.0,3.590317487716675,2.240734864265934,-0.0044733511592285,1,25.732345485280835,-0.0016622974146223,1.0,3.553644180297852,1.0
YX08,25C,90,3.5724997520446777,1.0,3.592303276062012,1.9520675657863835,-0.0038123667738304,1,26.413764156515,0.0230151008778847,1.0,3.553644180297852,1.0
YX02,25C,600,3.291256666183472,0.6799926913472307,3.267592191696167,-4.256477571883291,-0.002333674521563,1,28.15523910522461,-2.302474975585937,0.6004401286669453,3.2430620384810034,0.54063493
YX03,25C,60,2.177434206008911,0.0,2.064658164978028,-2.0435008759851807,-0.0293131638015536,1,25.991539001464844,-0.0440170557623318,0.0,2.8855350017547607,0.0
YX07,25C,90,3.565857410430908,1.0,3.5912632942199707,2.27092360817089,-0.0039975038284898,1,25.811170493891577,-0.2393338489906362,1.0,3.553644180297852,1.0
YX07,25C,420,3.540325403213501,1.0,3.590317487716675,2.3020322329454843,-0.0037517776268941,1,25.685632478820885,-0.1948924175618422,1.0,3.553644180297852,1.0
YX06,25C,570,3.286350727081299,0.6718946927416459,3.256531238555908,-2.398606891873517,-0.0048340604693208,1,26.7370662689209,-1.5879764556884766,0.4459157924121815,3.1494479221551828,0.3655869
YX05,25C,450,3.53347110748291,1.0,3.591869592666626,2.216523146387407,-0.0036363159564762,1,25.78529930114746,-0.3531608581542969,1.0,3.553644180297852,1.0
YX02,25C,60,3.317425012588501,0.7231875268894273,3.303248882293701,-2.1921292302195976,-0.0041730580184049,1,25.58286476135254,-0.093684179978549,0.8701159400588063,3.406437357798186,0.8884908
YX01,25C,420,3.2926814556121826,0.6823445229877505,3.286073684692383,-0.2516051696280773,-0.0050970873884786,1,24.86830139160156,0.073577880859375,0.6980724644870463,3.302209775751046,0.69819266
YX01,25C,180,3.221911191940308,0.5655274397349461,3.212759256362915,-0.7689015865325928,-0.0039342550264231,1,26.2335262298584,-0.2911720275878906,0.1949368976850389,2.9973995910264457,0.19358839
YX08,25C,570,3.53938889503479,1.0,3.591294288635254,2.3132043282930983,-0.0037079935813914,1,26.977110656801887,-0.6544203520457224,1.0,3.553644180297852,1.0
YX05,25C,30,3.584146499633789,1.0,3.5923306941986084,2.177293852897221,-0.0037588837877482,1,25.712885762325108,0.006648157962978,1.0,3.553644180297852,1.0
YX03,25C,120,3.5532705783843994,1.0,3.5906686782836914,2.088296230678802,-0.004610370367881,1,25.7024154663086,-0.1479072570800781,1.0,3.553644180297852,1.0
YX01,25C,540,3.536848545074463,1.0,3.591616630554199,2.145762691963773,-0.0039048971143574,1,25.405054092407227,-0.2926063537597656,1.0,3.553644180297852,1.0
YX01,25C,120,3.276801109313965,0.6561315962675197,3.262176036834717,-1.257500935713141,-0.0048766279999573,1,24.87197494506836,0.0142860412597656,0.4969930462962191,3.1803916045717857,0.5217685
YX04,25C,420,3.5386130809783936,1.0,3.592167377471924,2.206951253762207,-0.0038659880942924,1,25.90801048278809,-0.4718017578125,1.0,3.553644180297852,1.0
YX06,25C,180,3.277695417404175,0.657607787780838,3.254664659500122,-2.04216165745512,-0.0046896561146218,1,26.340633392333984,-0.5853934895393955,0.3865614937993565,3.1134898307020817,0.39167425
YX08,25C,510,3.2876193523406982,0.6739887516705625,3.285348892211914,0.0011281967163085,-0.2235841081994928,1,26.51200232302625,-0.2912677019733181,0.5651536786902238,3.2216847595817115,0.5437662
YX07,25C,90,3.2807188034057617,0.6625983461866999,3.2804665565490723,-0.0012664794921875,-0.0496987951807228,1,24.99224687602814,-0.0477946526380783,0.3431982402501884,3.0872194531006847,0.44088367
YX01,25C,540,3.3277623653411865,0.7402508997591822,3.310654878616333,-2.39438427734375,-0.0026557399258702,1,25.82171058654785,-0.6179828643798828,0.8994180634751242,3.4241892048960194,0.8889453
YX02,25C,480,3.5487749576568604,1.0,3.592475652694702,1.9448091428978511,-0.004182603270605,1,24.990985870361328,-0.1554222106933593,1.0,3.553644180297852,1.0
YX04,25C,360,3.2840890884399414,0.668161514203833,3.2706003189086914,-1.503407728407118,-0.0021245691663483,1,28.15522766113281,-1.6637020111083984,0.4110413045685142,3.128320218643045,0.37865436
YX08,25C,390,3.5518133640289307,1.0,3.5924293994903564,1.7115708864714263,-0.0043849650113006,1,26.39874560608521,-0.1819551007371842,1.0,3.553644180297852,1.0
YX01,25C,210,3.282257318496704,0.6651378993286466,3.2677876949310303,-1.822089707707784,-0.0029779919280695,1,25.54357147216797,-0.2357444763183593,0.5474342623615767,3.2109499618040926,0.55682135
YX01,25C,30,3.5836567878723145,1.0,3.591686964035034,1.8801088169065057,-0.0042711230810206,1,25.1889877319336,-0.0248279571533203,1.0,3.553644180297852,0.99982476
YX05,25C,420,3.326023578643799,0.7373807678725841,3.307917594909668,0.0014419555664062,3.963128306878307,1,27.03653907775879,-1.2161731719970703,0.872136190240603,3.407661268155026,0.86835486
YX03,25C,210,3.3476638793945312,0.773101375416663,3.3827929496765137,2.540252216819755,-0.006097559811554,1,25.91814041137696,0.2955913543701172,0.8129030744794479,3.371776591840588,0.81404775
YX02,25C,390,3.28490686416626,0.6695113774111594,3.2684268951416016,-1.5943590232304163,-0.0029349985692338,1,27.39348793029785,-1.3660850524902344,0.4006290410156848,3.122012248810756,0.37314034
YX01,25C,540,3.542114734649658,1.0,3.591686964035034,1.8801088169065057,-0.0042711230810206,1,25.1889877319336,-0.1530265808105468,1.0,3.553644180297852,1.0
YX02,25C,120,3.325617551803589,0.7367105588224159,3.312328338623047,-2.226234613462936,-0.0031413103182907,1,25.21537214539317,-0.0902901294019642,0.94006869012333,3.448816215656892,0.94676995
YX08,25C,210,3.559381484985352,1.0,3.5924293994903564,1.7115708864714263,-0.0043849650113006,1,26.39874560608521,-0.0713377691711478,1.0,3.553644180297852,1.0
YX05,25C,360,3.2857494354248047,0.6709021694154427,3.2713868618011475,-1.229652351490618,-0.0037229019501159,1,25.237943649291992,0.0041484832763671,0.606504900285607,3.246736205602892,0.583025
YX05,25C,600,3.279942750930786,0.6613173535511758,3.254793405532837,-1.229627562021663,-0.0046530910968458,1,25.303993225097656,-0.1343917846679687,0.4097723343007761,3.1275514495731542,0.40691522
YX04,25C,450,3.54477596282959,1.0,3.591775417327881,2.149202637320992,-0.0037272547967923,1,25.70903778076172,-0.4095134735107422,1.0,3.553644180297852,1.0
YX07,25C,570,3.3233351707458496,0.732943141771764,3.312680959701538,-0.4682979583740234,-0.0012116991076192,1,26.685605480420648,-1.3015599573182437,0.7904317625992708,3.358162995074338,0.7605235
YX04,25C,420,3.5391170978546143,1.0,3.5925004482269287,2.2494098283492594,-0.0037912140546403,1,25.871166229248047,-0.4706554412841797,1.0,3.553644180297852,1.0
YX08,25C,300,3.328487634658813,0.7414480670701697,3.322180986404419,-1.175623803099325,-0.0015019498517902,1,26.55839317046016,-0.315786945840216,0.9468991008316904,3.452954223158515,0.9471694
YX08,25C,210,3.5401456356048584,1.0,3.591294288635254,2.265136964213114,-0.0038702521269436,1,26.9972018427319,-0.2338465792134521,1.0,3.553644180297852,1.0
YX03,25C,300,3.345346212387085,0.7692757135395726,3.3827929496765137,2.540252216819755,-0.006097559811554,1,25.91814041137696,0.0464687347412109,0.8129030744794479,3.371776591840588,0.8145743
YX07,25C,30,3.2763688564300537,0.6554180971436472,3.267038583755493,-1.98160701553996,-0.0047084374456648,1,26.56116765024311,-0.0695735466417701,0.6163143301310362,3.252678966004891,0.5603784
YX03,25C,390,3.323350429534912,0.7329683287237375,3.319663047790528,0.0014114379882812,-0.4346283783783783,1,25.09136962890625,-0.08380126953125,0.7971502367763121,3.36223318905404,0.7911535
YX04,25C,510,3.2847671508789062,0.6692807593821526,3.2438018321990967,-4.109867465111517,-0.0041920094770184,1,25.87738558514864,-0.5526117966964925,0.5284909213742914,3.1994736845408163,0.5136743
YX04,25C,270,2.3706979751586914,0.0,2.0684401988983154,-2.1688511418190104,-0.0293658630225116,1,26.55244827270508,-0.5635547637939453,0.0003149172671693,2.8855350017547607,0.0
YX04,25C,90,3.5655558109283447,1.0,3.591527938842773,2.2348201982676983,-0.0039975397503743,1,25.849470138549805,-0.1087760925292968,1.0,3.553644180297852,1.0
YX01,25C,420,3.533493757247925,1.0,3.592104434967041,2.2215784823739493,-0.0040427236516797,1,25.67543601989746,-0.3690605163574219,1.0,3.553644180297852,1.0
YX05,25C,30,3.275964736938477,0.6547510364624757,3.2713868618011475,-1.229652351490618,-0.0037229019501159,1,25.237943649291992,-0.0471439361572265,0.606504900285607,3.246736205602892,0.5612235
YX03,25C,210,3.572461128234864,1.0,3.592318058013916,0.6733200904436227,-0.0088874043739396,1,25.07288932800293,0.0988292694091796,1.0,3.553644180297852,0.9999727
YX05,25C,540,3.2008702754974365,0.5307962071480739,3.146433115005493,-4.34064572528728,-0.0054934673961868,1,27.820375442504883,-1.9293460845947263,0.144297531998989,2.966721190556348,0.13509305
YX06,25C,390,3.2818353176116943,0.6644413226881313,3.254664659500122,-2.04216165745512,-0.0046896561146218,1,26.340633392333984,-1.0192203521728516,0.3865614937993565,3.1134898307020817,0.3718926
YX02,25C,210,3.284574508666992,0.6689627741134879,3.240222930908203,-9.291086832682293,-0.0023793649018832,1,28.17775154113769,-1.122663497924805,0.5504507494521609,3.212777413584424,0.53849965
YX02,25C,330,3.282855749130249,0.666125700101355,3.280393123626709,-0.001678466796875,0.2971590909090909,1,24.668851852416992,-0.0207855442047133,0.5004943599894499,3.1825127745785013,0.5077948
YX05,25C,240,3.557936906814575,1.0,3.592146635055542,1.8898582377132007,-0.0039244875677373,1,25.455004157268444,-0.0936798469657098,1.0,3.553644180297852,1.0
YX04,25C,390,2.381943702697754,0.0,2.065493106842041,-2.0499145098361606,-0.0293910257747858,1,26.23889124819374,-0.6094814581546792,0.0,2.8855350017547607,2.9243529e-05
YX01,25C,180,3.181368827819824,0.4986061018876466,3.1724154949188232,-0.2515907392236921,-0.0105785555013787,1,24.98511505126953,-0.0561714172363281,0.0942725080269989,2.93641497131076,0.09124149
YX07,25C,330,3.5432252883911133,1.0,3.591137170791626,2.268620080657949,-0.003862628445816,1,25.69371536960092,-0.2911190426628671,1.0,3.553644180297852,1.0
YX05,25C,30,3.582368850708008,1.0,3.591379880905152,2.2621687756036946,-0.0039833589316247,1,25.70136451721192,-0.0046138763427734,1.0,3.553644180297852,1.0
YX07,25C,240,3.5531227588653564,1.0,3.5913891792297363,1.947589218946329,-0.0044992023741332,1,25.35385704040528,-0.0951639864609035,1.0,3.553644180297852,1.0
YX01,25C,240,3.553243398666382,1.0,3.591686964035034,1.8801088169065057,-0.0042711230810206,1,25.1889877319336,-0.0648880004882812,1.0,3.553644180297852,1.0
YX07,25C,120,3.5657942295074463,1.0,3.592397928237915,2.19633278783999,-0.0039897580661793,1,25.55856710844129,-0.2132088140651298,1.0,3.553644180297852,1.0
YX08,25C,210,3.559381484985352,1.0,3.592240333557129,2.270882088137276,-0.0033327839496977,1,26.873108644974764,-0.3241189396712762,1.0,3.553644180297852,1.0
YX01,25C,60,3.276728868484497,0.6560123517917705,3.257276773452759,-3.005420003618513,-0.0043121156738892,1,25.61100006103516,-0.0061912536621093,0.5977395700918443,3.2414259828879386,0.5752274
YX05,25C,450,3.548979043960572,1.0,3.591968536376953,1.7294609350092869,-0.0043420870827137,1,25.454230293336902,-0.1584501114521401,1.0,3.553644180297852,1.0
YX04,25C,120,3.316112756729126,0.7210214490197117,3.328617811203003,1.228126640023208,-0.0044953186729761,1,25.37134552001953,-0.0626430051665636,0.4912570279142438,3.176916603124946,0.509132
YX07,25C,480,3.297424793243408,0.6901741231363684,3.2794578075408936,-1.3081593183601428,-0.0043854198566068,1,25.44441888037742,-0.31247129367107,0.7075139231669264,3.307929611425904,0.70942396
YX07,25C,450,3.519395351409912,1.0,3.5913891792297363,2.249956615655196,-0.0042307927730584,1,25.79001704643403,-0.521556051383417,1.0,3.553644180297852,1.0
YX05,25C,450,3.532874345779419,1.0,3.59216833114624,2.264074087304856,-0.0038637499253519,1,25.78402137756348,-0.4075241088867187,1.0,3.553644180297852,1.0
YX05,25C,210,3.324359893798828,0.7346346030152302,3.3126380443573,-1.2296351209262208,-0.0037477725196909,1,25.21761131286621,-0.0245189666748046,0.9016227677124774,3.425524861427165,0.91490275
YX03,25C,60,3.570868968963623,1.0,3.591282367706299,1.9863863622001745,-0.0050726709568266,1,25.547154250606177,-0.0939338831745359,1.0,3.553644180297852,1.0
YX01,25C,60,3.218100309371948,0.5592369984795801,3.212759256362915,-0.7689015865325928,-0.0039342550264231,1,26.2335262298584,-0.1172199249267578,0.1949368976850389,2.9973995910264457,0.19700284
YX08,25C,390,3.2913403511047363,0.6801308260369601,3.2914035320281982,-0.0016746520996093,-0.0,1,26.21794517041684,-0.156288691437286,0.5606885673170919,3.218979700523551,0.5382549
YX04,25C,480,3.3122799396514893,0.7146948015208838,3.320322036743164,0.2455972767935859,-0.0068371362847951,1,24.958852767944336,-0.0266914367675781,0.4911958961199243,3.176879568188939,0.48741665
YX07,25C,570,3.3285675048828125,0.7415799050219056,3.2977399826049805,-2.642827914311336,-0.0055579593965715,1,25.93189604641156,-0.6959352351988173,0.9196792468454804,3.436463858991955,0.87907255
YX04,25C,450,3.5412473678588867,1.0,3.591526985168457,2.184726499701106,-0.0036396942369139,1,25.716157913208008,-0.4627132415771484,1.0,3.553644180297852,1.0
YX04,25C,450,3.323554277420044,0.7333048106602577,3.29939079284668,-4.329114774378335,-0.0011401271811439,1,29.18065452575684,-2.433137893676758,0.8035649456488716,3.366119355577364,0.7835515
YX04,25C,180,3.5561327934265137,1.0,3.591526985168457,2.184726499701106,-0.0036396942369139,1,25.716157913208008,-0.2433986663818359,1.0,3.553644180297852,1.0
YX01,25C,570,3.187065601348877,0.5080094929884797,3.1724154949188232,-0.2515907392236921,-0.0105785555013787,1,24.98511505126953,0.9522171020507812,0.0942725080269989,2.93641497131076,0.09801373
YX07,25C,450,3.2594106197357178,0.6274259483941678,3.213831186294556,-4.108653509616852,-0.0034523414816722,1,26.123332171624355,-0.7796696848525038,0.3088773298494162,3.066427118530363,0.29615423
YX01,25C,480,3.2834243774414062,0.66706430760849,3.262176036834717,-1.257500935713141,-0.0048766279999573,1,24.87197494506836,0.0204696655273437,0.4969930462962191,3.1803916045717857,0.49456847
YX08,25C,600,3.2866101264953613,0.6723228709251944,3.285348892211914,-0.0013236999511718,0.1905619596541787,1,26.24294662475586,-0.2036457193374623,0.4201054094528064,3.133811445394724,0.40640497
YX04,25C,240,3.261068820953369,0.6301630616906563,3.272504568099976,1.2281145814555456,-0.0034852845290195,1,24.94178771972656,0.0195446014404296,0.1968197460341919,2.998540260442368,0.19338068
YX04,25C,120,3.562471389770508,1.0,3.592167377471924,2.206951253762207,-0.0038659880942924,1,25.90801048278809,-0.1292228698730468,1.0,3.553644180297852,1.0
YX02,25C,450,3.193456649780273,0.5185588904041043,3.136887311935425,-2.874785683371804,-0.0078698095440526,1,25.57861328125,-0.4355792999267578,0.1011700694889825,2.940593660161441,0.09420903
YX08,25C,150,3.562976360321045,1.0,3.591798782348633,2.287132537814186,-0.0034193935429573,1,26.794321931011257,-0.1755124731354733,1.0,3.553644180297852,1.0
YX01,25C,300,3.256819486618042,0.6231488891121784,3.2159411907196045,-2.5149563680041265,-0.0050865092629206,1,25.60473823547364,-0.2794628143310547,0.2957989704826,3.058503971375746,0.29307806
YX04,25C,150,3.2707090377807617,0.6460757056921247,3.242399215698242,-2.456163638060648,-0.0043792905446071,1,25.36666679382324,-0.1008221384313223,0.4105069712677588,3.127996508210203,0.4126926
YX05,25C,390,3.57165002822876,1.0,3.593113899230957,0.612003021669097,-0.0087571646705394,1,25.22565650939941,0.0309467315673828,1.0,3.553644180297852,1.0
YX01,25C,330,3.5442936420440674,1.0,3.591616630554199,2.145762691963773,-0.0039048971143574,1,25.405054092407227,-0.2103900909423828,1.0,3.553644180297852,1.0
YX01,25C,420,3.5403168201446533,1.0,3.591998338699341,1.7535317019335006,-0.0047624388888904,1,25.35965347290039,-0.1275367736816406,1.0,3.553644180297852,1.0
YX07,25C,390,3.2838077545166016,0.6676971297768227,3.264517068862915,-1.079084175604361,-0.0063678645499899,1,25.633837330440773,-0.3130467904088441,0.5051836338981972,3.185353636049366,0.46219972
YX02,25C,240,3.5538291931152344,1.0,3.591733932495117,1.850944807152484,-0.0043587719455716,1,25.075359344482425,-0.1235742326736435,1.0,3.553644180297852,1.0
YX04,25C,510,3.5325047969818115,1.0,3.591986656188965,2.231903898372308,-0.0039696479872876,1,25.80059051513672,-0.5256500244140625,1.0,3.553644180297852,1.0
YX05,25C,120,3.5586395263671875,1.0,3.591916561126709,2.1374226844656588,-0.0042040153747152,1,25.688241958618164,-0.1460175272537256,1.0,3.553644180297852,1.0
YX05,25C,330,3.532857894897461,1.0,3.5915744304656982,2.1669908631761623,-0.0039467408076634,1,25.713930997331524,-0.2613267035082813,1.0,3.553644180297852,1.0
YX03,25C,420,3.302165269851685,0.6979990007314912,3.254257917404175,-8.440263493855793,-0.0027938734379306,1,28.653148651123047,-1.9859943389892576,0.6955300135192696,3.300669505095829,0.6977675
YX01,25C,390,3.539335489273072,1.0,3.5908079147338867,2.2560678597063744,-0.0040235095425344,1,25.49306297302246,-0.200958251953125,1.0,3.553644180297852,1.0
YX07,25C,60,3.1766364574432373,0.4907946048607596,3.1439807415008545,-2.681657019528476,-0.0080399657263121,1,25.906491130333595,0.0172959089385678,0.1211809330282839,2.952716665200982,0.12610097
YX06,25C,150,3.561096668243408,1.0,3.5923779010772705,2.269384146183808,-0.0035380622984897,1,25.18127822875977,-0.0849952697753906,1.0,3.553644180297852,1.0
YX03,25C,390,3.5201547145843506,1.0,3.5906686782836914,2.088296230678802,-0.004610370367881,1,25.7024154663086,-0.3358840942382812,1.0,3.553644180297852,1.0
YX07,25C,540,3.3228938579559326,0.7322146878951573,3.312680959701538,-0.4682979583740234,-0.0012116991076192,1,26.685605480420648,-1.2746394992417969,0.7904317625992708,3.358162995074338,0.7615023
YX07,25C,180,3.2886619567871094,0.6757097288733726,3.287527322769165,0.0011548995971679,0.8732452518579686,1,25.03163193211989,0.0483460580301802,0.5128248395991253,3.189982840333258,0.53539926
YX02,25C,360,3.528844356536865,1.0,3.591418981552124,2.284430704669063,-0.0038792072565447,1,25.39805603027344,-0.3658828735351562,1.0,3.553644180297852,1.0
YX02,25C,120,3.564880847930908,1.0,3.5917060375213623,2.2607207659305684,-0.0033621066415202,1,25.37017913612199,-0.1362847879774591,1.0,3.553644180297852,1.0
YX08,25C,600,3.3264694213867188,0.738116699125558,3.287493228912353,-3.814603721972593,-0.0034885230452384,1,27.713306041643285,-1.1350629523488536,0.8395382142333242,3.387912723738692,0.84101415
YX08,25C,360,3.284907341003418,0.6695121645034086,3.28333067893982,0.0011281967163085,0.1677937447168216,1,26.407415873863417,-0.1475640377354921,0.4137643714672084,3.1299699102553555,0.4082862
YX02,25C,540,3.525453329086304,1.0,3.5920627117156982,2.2808241374568183,-0.0040321038788807,1,25.40030670166016,-0.1724433898925781,1.0,3.553644180297852,1.0
YX04,25C,420,3.310927629470825,0.7124626079022379,3.328617811203003,1.228126640023208,-0.0044953186729761,1,25.37134552001953,-0.1908035278320312,0.4912570279142438,3.176916603124946,0.49808404
YX01,25C,450,3.530516624450684,1.0,3.591498613357544,2.2972955610475734,-0.0043691303512638,1,25.68254852294922,-0.4044151306152344,1.0,3.553644180297852,1.0
YX03,25C,30,3.581206083297729,1.0,3.591282367706299,1.9863863622001745,-0.0050726709568266,1,25.547154250606177,-0.0130614137294564,1.0,3.553644180297852,1.0
YX03,25C,180,2.290982246398926,0.0,2.064658164978028,-2.0435008759851807,-0.0293131638015536,1,25.991539001464844,-0.2349071502685547,0.0,2.8855350017547607,0.0
YX07,25C,60,3.2886619567871094,0.6757097288733726,3.2794578075408936,-1.3081593183601428,-0.0043854198566068,1,25.44441888037742,-0.0230396817636524,0.7075139231669264,3.307929611425904,0.69426024
YX03,25C,30,2.1245596408843994,0.0,2.064658164978028,-2.0435008759851807,-0.0293131638015536,1,25.991539001464844,-0.0418300226693908,0.0,2.8855350017547607,0.0
YX01,25C,390,3.533001661300659,1.0,3.591498613357544,2.2972955610475734,-0.0043691303512638,1,25.68254852294922,-0.3268385642264348,1.0,3.553644180297852,1.0
YX05,25C,510,3.3270857334136963,0.7391340158576101,3.3126380443573,-1.2296351209262208,-0.0037477725196909,1,25.21761131286621,-0.0840911865234375,0.9016227677124774,3.425524861427165,0.8993812
YX08,25C,540,3.549731969833374,1.0,3.5923664569854736,1.9760575058670449,-0.0038618824893632,1,26.49515100172572,-0.1777688123565184,1.0,3.553644180297852,0.99993956
YX05,25C,150,3.3143296241760254,0.7180781175539407,3.301575183868408,-2.185508477883261,-0.0018149414384127,1,26.12607192993164,-0.2570266723632812,0.8032527924108732,3.365930246533172,0.82387966
YX03,25C,60,3.274038553237915,0.6515715773219537,3.273888349533081,0.0055160522460937,-0.0400242047026279,1,25.005334854125977,0.0133220727473215,0.3917786479455435,3.1166504932033314,0.3816906
YX04,25C,180,3.3506221771240234,0.7779844957305133,3.357880115509033,0.2455908719799857,-0.0074527991085591,1,24.97136306762696,-0.0388104490841954,0.7858920680799417,3.3554127519662527,0.79539376
YX01,25C,300,3.253440618515014,0.6175715534345603,3.2297608852386475,-1.2574959048154075,-0.0058018852476166,1,25.238340377807617,-0.1172877561680323,0.2957943321453059,3.058501161372756,0.2866611
YX06,25C,600,3.283726930618286,0.6675637176405884,3.254664659500122,-2.04216165745512,-0.0046896561146218,1,26.340633392333984,-1.300004959106445,0.3865614937993565,3.1134898307020817,0.3596379
YX08,25C,540,3.540839433670044,1.0,3.592240333557129,2.292492960781604,-0.0035764456672217,1,26.95089604485203,-0.5019140466455596,1.0,3.553644180297852,1.0
YX07,25C,90,3.3216960430145264,0.7302375121652424,3.2977399826049805,-2.642827914311336,-0.0055579593965715,1,25.93189604641156,-0.0619467923929697,0.9196792468454804,3.436463858991955,0.9107696
YX01,25C,60,3.1554372310638428,0.4558020576471628,3.127650499343872,-1.25749921018815,-0.0127646448665451,1,25.50082778930664,-0.0675716400146484,0.0945928995197242,2.936609071264183,0.08505195
YX03,25C,450,3.308713436126709,0.7088077450432173,3.3285818099975586,2.540784916556767,-0.0029534126677719,1,25.53029060363769,0.2387237548828125,0.4065388654437421,3.125592545642196,0.4184314
YX02,25C,270,3.522083282470703,1.0,3.59145450592041,2.150916792980426,-0.0045959702288576,1,25.47012710571289,-0.280466079711914,1.0,3.553644180297852,1.0
YX01,25C,90,3.279759168624878,0.6610143230352454,3.257276773452759,-3.005420003618513,-0.0043121156738892,1,25.61100006103516,-0.0501632690429687,0.5977395700918443,3.2414259828879386,0.5800893
YX01,25C,90,3.3228354454040527,0.732118269094634,3.31973934173584,-0.2515937574238818,-0.004759013564199,1,24.88661003112793,-0.0139751434326171,0.8993611690722517,3.424154737061516,0.9122271
YX04,25C,150,3.281593084335327,0.664041479825553,3.236911535263061,-9.218919020432692,-0.0025013093273122,1,29.02932929992676,-0.9062347412109376,0.5579506386919861,3.217321005362552,0.540569
YX07,25C,270,3.5422165393829346,1.0,3.591641426086426,2.2766856103709987,-0.0043750666988587,1,25.604047866439643,-0.3375849072141932,1.0,3.553644180297852,1.0
YX06,25C,600,3.542726516723633,1.0,3.5924646854400635,2.2291674473661933,-0.0035621060169165,1,25.098602294921875,-0.3664684295654297,1.0,3.553644180297852,1.0
YX04,25C,540,3.310025453567505,0.7109734293668084,3.328617811203003,1.228126640023208,-0.0044953186729761,1,25.37134552001953,-0.2531719207763672,0.4912570279142438,3.176916603124946,0.4908634
YX04,25C,240,2.340627431869507,0.0,2.067060947418213,-2.146129768740649,-0.0286638235201987,1,26.40337562561035,-0.4587020874023437,0.0,2.8855350017547607,0.0
YX07,25C,330,3.296290159225464,0.6883012371294686,3.2794578075408936,-1.3081593183601428,-0.0043854198566068,1,25.44441888037742,-0.1609096287817308,0.7075139231669264,3.307929611425904,0.6972561
YX05,25C,150,3.271034240722656,0.6466125026060586,3.258457899093628,-2.2031487709234567,-0.0016865649766086,1,26.02865028381348,-0.2367687225341797,0.4097556613658794,3.127541348755997,0.4115164
YX01,25C,150,3.5562684535980225,1.0,3.591325044631958,2.259225900877944,-0.0037341122017286,1,25.59628677368164,-0.1622123718261718,1.0,3.553644180297852,1.0
YX01,25C,90,3.2733283042907715,0.6503992034168151,3.2524218559265137,-2.5149396174090364,-0.0039440973040777,1,25.41216117809497,-0.0422470445786835,0.4969976291889505,3.1803943809852857,0.5052151
YX07,25C,300,3.3254153728485107,0.7363768317087679,3.30908751487732,-1.913911716997131,-0.0037879658131228,1,25.85007430648273,-0.3938359682848862,0.9164369734374984,3.434499621077517,0.89005256
YX04,25C,210,3.555784225463867,1.0,3.591775417327881,2.149202637320992,-0.0037272547967923,1,25.70903778076172,-0.220672607421875,1.0,3.553644180297852,1.0
YX01,25C,210,3.5251364707946777,1.0,3.590876579284668,2.13105598954778,-0.005102538182477,1,25.59483528137207,-0.1519374847412109,1.0,3.553644180297852,1.0
YX04,25C,360,3.54114842414856,1.0,3.5916078090667725,2.183369083228604,-0.0037104239322251,1,25.627220276271963,-0.3987847599145411,1.0,3.553644180297852,1.0
YX06,25C,540,3.5386948585510254,1.0,3.592475175857544,2.2781436096781515,-0.0035869373403028,1,25.247376024259225,-0.2887197132240686,1.0,3.553644180297852,1.0
YX01,25C,210,3.5448663234710693,1.0,3.5920236110687256,2.0055516323920104,-0.0047186761524514,1,25.548885345458984,-0.0983619689941406,1.0,3.553644180297852,1.0
YX03,25C,150,3.284167051315308,0.6682902037865722,3.2835352420806885,-0.6085036527193509,0.0007894996763663,1,24.928047692283315,0.1117357854998886,0.59433043517313,3.239360656735528,0.6468073
YX05,25C,540,3.225248575210572,0.5710362983868865,3.206259250640869,-2.9785759108407155,-0.0016259436530268,1,27.60624122619629,-1.8174724578857424,0.2129343031232483,3.008302800495521,0.17258576
YX04,25C,360,3.5444447994232178,1.0,3.5920891761779785,2.0699525317591583,-0.0042364612827531,1,25.47435569763184,-0.2603778839111328,1.0,3.553644180297852,1.0
YX01,25C,30,3.2931041717529297,0.6830422802666396,3.290866136550904,-0.8045453469314917,-0.0027817390412636,1,26.306659698486328,-0.0925776795831581,0.6982640342988805,3.3023258328012446,0.7030663
YX08,25C,420,3.5481553077697754,1.0,3.5918619632720947,2.2389683095974173,-0.0036338316969317,1,26.88660688137789,-0.4671587684229941,1.0,3.553644180297852,1.0
YX01,25C,480,3.5336854457855225,1.0,3.591325044631958,2.259225900877944,-0.0037341122017286,1,25.59628677368164,-0.4184532165527344,1.0,3.553644180297852,1.0
YX03,25C,540,3.502462387084961,1.0,3.5908329486846924,2.129761839488566,-0.00480864567832,1,25.70607566833496,-0.4112319946289062,1.0,3.553644180297852,1.0
YX08,25C,300,3.3072335720062256,0.7063650042479184,3.3055307865142822,-0.0013236999511718,-0.1430115273775216,1,26.77758660736084,-0.1128034207555082,0.7202529904740442,3.3156472082632384,0.74884206
YX03,25C,420,3.567792654037476,1.0,3.592318058013916,0.6733200904436227,-0.0088874043739396,1,25.07288932800293,0.087647465618776,1.0,3.553644180297852,0.9997834
YX07,25C,390,3.533958196640014,1.0,3.591578483581543,2.278454910468101,-0.0042609596952792,1,25.77191052661201,-0.4278064723287293,1.0,3.553644180297852,1.0
YX08,25C,90,3.23829984664917,0.5925794067927921,3.2379212379455566,0.0011281967163085,0.1117920540997464,1,26.521034633636475,-0.0204702978373561,0.2181860550766607,3.0114844230813027,0.22034806
YX04,25C,90,3.2653934955596924,0.6373015948445029,3.242399215698242,-2.456163638060648,-0.0043792905446071,1,25.36666679382324,-0.0446560403094409,0.4105069712677588,3.127996508210203,0.40218356
YX04,25C,330,2.3237619400024414,0.0,2.070081949234009,-2.167595955200881,-0.0275452287141271,1,26.262380599975582,-0.6193523406982422,0.0,2.8855350017547607,0.0
YX05,25C,270,3.275574922561645,0.6541075885487793,3.256531953811645,-2.9786644663129533,-0.0017019353152292,1,27.148340225219727,-1.0689964294433594,0.409717526945205,3.127518246116118,0.3809128
YX05,25C,330,3.276464939117432,0.6555766962318549,3.254793405532837,-1.229627562021663,-0.0046530910968458,1,25.303993225097656,-0.2349452972412109,0.4097723343007761,3.1275514495731542,0.4009241
YX06,25C,570,3.545225143432617,1.0,3.5925211906433105,2.17756688103013,-0.0035915519832707,1,25.192035675048828,-0.4047317504882812,1.0,3.553644180297852,1.0
YX03,25C,30,3.249684333801269,0.6113712342417241,3.2413253784179688,-2.3890267333984374,-0.0034988957077972,1,27.10397148132324,-0.1567401885986328,0.2895184191042089,3.054699080304364,0.30787495
YX07,25C,420,3.53383207321167,1.0,3.591641426086426,2.2766856103709987,-0.0043750666988587,1,25.604047866439643,-0.3368479443406293,1.0,3.553644180297852,1.0
YX02,25C,240,3.539644479751587,1.0,3.591418981552124,2.284430704669063,-0.0038792072565447,1,25.39805603027344,-0.2609481811523437,1.0,3.553644180297852,1.0
YX07,25C,60,3.2886619567871094,0.6757097288733726,3.287527322769165,0.0011548995971679,0.8732452518579686,1,25.03163193211989,0.0436287935863468,0.5128248395991253,3.189982840333258,0.5400097
YX08,25C,330,3.32678484916687,0.7386373606483839,3.308999538421631,-2.2232009012674547,-0.0033191130045811,1,26.76728739832603,-0.3582602195616857,0.9103016693621852,3.430782723899239,0.90685195
YX06,25C,540,3.543837308883667,1.0,3.5924646854400635,2.2291674473661933,-0.0035621060169165,1,25.098602294921875,-0.3829402923583984,1.0,3.553644180297852,1.0
YX03,25C,120,3.565156936645508,1.0,3.5919713973999023,2.262087193028893,-0.0035204909004799,1,25.723626612883063,-0.1045279495529882,1.0,3.553644180297852,1.0
YX05,25C,570,3.282956838607788,0.6662925636581789,3.267987966537476,-2.185423303823002,-0.0015918039684053,1,25.98955345153809,-0.6315116882324219,0.5080552688175046,3.187093333315809,0.47969127
YX08,25C,120,3.297079563140869,0.6896042683479694,3.29682731628418,0.0014781951904296,0.1280645161290322,1,26.37841041510751,-0.0714614324890234,0.6651749440481801,3.282279760972548,0.67289764
YX02,25C,180,3.547506332397461,1.0,3.591351270675659,2.288876825709324,-0.003932607877495,1,25.46746063232422,-0.1994495391845703,1.0,3.553644180297852,1.0
YX01,25C,60,3.2771315574646,0.6566770511961945,3.2677876949310303,-1.822089707707784,-0.0029779919280695,1,25.54357147216797,-0.0961532592773437,0.5474342623615767,3.2109499618040926,0.57166415
YX02,25C,60,3.5750067234039307,1.0,3.5921876430511475,2.2899628001456565,-0.0036738921698735,1,25.62133979797364,-0.0685272216796875,1.0,3.553644180297852,1.0
YX01,25C,450,3.2557530403137207,0.6213885572969099,3.2297608852386475,-1.2574959048154075,-0.0058018852476166,1,25.238340377807617,-0.1756591796875,0.2957943321453059,3.058501161372756,0.28233245
YX04,25C,360,3.5521349906921387,1.0,3.592076301574707,2.105579703463621,-0.0035382672750456,1,25.580944061279297,-0.3219738006591797,1.0,3.553644180297852,1.0
YX05,25C,300,3.547252655029297,1.0,3.5923306941986084,2.177293852897221,-0.0037588837877482,1,25.712885762325108,-0.1994351397665141,1.0,3.553644180297852,1.0
YX04,25C,120,2.2627174854278564,0.0,2.067060947418213,-2.146129768740649,-0.0286638235201987,1,26.40337562561035,-0.2786769866943359,0.0,2.8855350017547607,0.0
YX01,25C,150,3.554871320724488,1.0,3.59157943725586,2.280580869654511,-0.0040769647204886,1,25.61343002319336,-0.179239273071289,1.0,3.553644180297852,1.0
YX01,25C,150,3.249884605407715,0.6117018129863755,3.2159411907196045,-2.5149563680041265,-0.0050865092629206,1,25.60473823547364,-0.2114830017089843,0.2957989704826,3.058503971375746,0.2949744
YX01,25C,30,3.1437020301818848,0.4364313238489663,3.127650499343872,-1.25749921018815,-0.0127646448665451,1,25.50082778930664,-0.0071296691894531,0.0945928995197242,2.936609071264183,0.075906634
YX04,25C,300,3.2636821269989014,0.634476720762232,3.268026828765869,0.2456035467009298,-0.0043945656408091,1,24.8984375,-0.0412349700927734,0.1964841666392957,2.998336959336071,0.19964945
YX04,25C,390,2.33345890045166,0.0,2.070081949234009,-2.167595955200881,-0.0275452287141271,1,26.262380599975582,-0.6866741180419922,0.0,2.8855350017547607,0.0
YX08,25C,510,3.545948028564453,1.0,3.5918619632720947,2.2389683095974173,-0.0036338316969317,1,26.88660688137789,-0.4854451280260505,1.0,3.553644180297852,1.0
YX07,25C,420,3.259032249450684,0.6268013906944515,3.213831186294556,-4.108653509616852,-0.0034523414816722,1,26.123332171624355,-0.6924973345139271,0.3088773298494162,3.066427118530363,0.2955301
YX01,25C,60,3.573421001434326,1.0,3.591325044631958,2.259225900877944,-0.0037341122017286,1,25.59628677368164,-0.0691642761230468,1.0,3.553644180297852,1.0
YX06,25C,570,3.503110408782959,1.0,3.592130422592163,2.0485350922799217,-0.0045189934135092,1,25.4116342952278,-0.5903147151496775,1.0,3.553644180297852,0.99965173
YX02,25C,360,3.5734310150146484,1.0,3.59336256980896,0.6548012449945274,-0.0086199002900453,1,24.78425979614257,-0.0382976531982421,1.0,3.553644180297852,0.9993437
YX05,25C,540,3.2795302867889404,0.6606365187556438,3.256531953811645,-2.9786644663129533,-0.0017019353152292,1,27.148340225219727,-1.49078369140625,0.409717526945205,3.127518246116118,0.37177292
YX03,25C,60,3.581511974334717,1.0,3.592318058013916,0.6733200904436227,-0.0088874043739396,1,25.07288932800293,0.0464299412387987,1.0,3.553644180297852,0.9996559
YX01,25C,570,3.5049712657928467,1.0,3.591710329055786,2.226016727443372,-0.0045545532217806,1,25.50731658935547,-0.3847274780273437,1.0,3.553644180297852,0.9999398
YX05,25C,360,3.5307295322418213,1.0,3.5915744304656982,2.1669908631761623,-0.0039467408076634,1,25.713930997331524,-0.2684601873950001,1.0,3.553644180297852,1.0
YX05,25C,90,3.571739435195923,1.0,3.592146635055542,1.8898582377132007,-0.0039244875677373,1,25.455004157268444,-0.0325396228633358,1.0,3.553644180297852,1.0
YX03,25C,300,2.349461078643799,0.0,2.070362329483032,-2.287836702634852,-0.0264252919395308,1,26.058012008666992,-0.4850025177001953,0.0,2.8855350017547607,0.0
YX08,25C,390,3.536740064620972,1.0,3.5910420417785645,2.3077057313019127,-0.0035255942304441,1,27.03116563157093,-0.5019924936209073,1.0,3.553644180297852,1.0
YX08,25C,390,3.287430047988892,0.673676276047642,3.285348892211914,0.0011281967163085,-0.2235841081994928,1,26.51200232302625,-0.2071943342220699,0.5651536786902238,3.2216847595817115,0.55760515
YX05,25C,480,3.2108426094055176,0.5472570609010892,3.144033908843994,-5.286853701569314,-0.0065538287303024,1,28.584880828857425,-2.2485485076904297,0.1836010875237884,2.9905321170944874,0.16672659
YX01,25C,480,3.251970767974853,0.6151453415764939,3.2429115772247314,-0.2515939194495458,-0.0072323313682786,1,24.993587493896484,-0.1033210754394531,0.2955357352321709,3.058344497884696,0.28992286
YX04,25C,360,3.263340711593628,0.6339131627118264,3.268026828765869,0.2456035467009298,-0.0043945656408091,1,24.8984375,-0.0409793853759765,0.1964841666392957,2.998336959336071,0.1993508
YX02,25C,120,3.1902732849121094,0.5133042625486459,3.1900277137756348,-0.0013198852539062,0.721278901734104,1,24.770463276424305,-0.032909393996988,0.1009090420538367,2.94043552421166,0.09509058
YX02,25C,450,3.502046823501587,1.0,3.59145450592041,2.150916792980426,-0.0045959702288576,1,25.47012710571289,-0.3971290588378906,1.0,3.553644180297852,1.0
YX02,25C,480,3.544428825378418,1.0,3.5917060375213623,2.2607207659305684,-0.0033621066415202,1,25.37017913612199,-0.3866376474745294,1.0,3.553644180297852,1.0
YX01,25C,270,3.5513362884521484,1.0,3.591686964035034,1.8801088169065057,-0.0042711230810206,1,25.1889877319336,-0.1247749328613281,1.0,3.553644180297852,1.0
YX07,25C,330,3.282925128936768,0.6662402220236091,3.264517068862915,-1.079084175604361,-0.0063678645499899,1,25.633837330440773,-0.336830312078483,0.5051836338981972,3.185353636049366,0.45737123
YX03,25C,270,3.5708298683166504,1.0,3.592318058013916,0.6733200904436227,-0.0088874043739396,1,25.07288932800293,0.0799520870208745,1.0,3.553644180297852,1.0
YX04,25C,390,3.536043167114258,1.0,3.591829299926758,2.2292482797231084,-0.0038389779077965,1,25.84111213684082,-0.4332218170166015,1.0,3.553644180297852,1.0
YX07,25C,90,3.558166265487671,1.0,3.590317487716675,2.240734864265934,-0.0044733511592285,1,25.732345485280835,-0.0751333057309722,1.0,3.553644180297852,1.0
YX01,25C,240,3.5496978759765625,1.0,3.591998338699341,1.7535317019335006,-0.0047624388888904,1,25.35965347290039,-0.0114803314208984,1.0,3.553644180297852,1.0
YX02,25C,90,3.562860012054444,1.0,3.591703414916992,2.2738595926113385,-0.0039665487159891,1,25.34137725830078,-0.0757198333740234,1.0,3.553644180297852,1.0
YX07,25C,60,3.575565814971924,1.0,3.591956615447998,1.981437902824552,-0.0040724348707519,1,25.397094834795915,-0.0833114053296704,1.0,3.553644180297852,1.0
YX07,25C,540,3.3281893730163574,0.740955740868314,3.2977399826049805,-2.642827914311336,-0.0055579593965715,1,25.93189604641156,-0.6221657518024877,0.9196792468454804,3.436463858991955,0.8799844
YX01,25C,510,3.282720804214477,0.6659029529948398,3.2652816772460938,-1.0949835428377477,-0.0040361932649252,1,25.533111572265625,-0.2757339477539062,0.3966304931468507,3.119589843807117,0.43573138
YX07,25C,240,3.294840097427368,0.6859076895997428,3.2794578075408936,-1.3081593183601428,-0.0043854198566068,1,25.44441888037742,-0.1371005748088443,0.7075139231669264,3.307929611425904,0.6965416
YX07,25C,60,3.5730440616607666,1.0,3.5912632942199707,2.27092360817089,-0.0039975038284898,1,25.811170493891577,-0.2076061894654195,1.0,3.553644180297852,1.0
YX04,25C,300,3.5617516040802,1.0,3.5925281047821045,0.8178597659063644,-0.0084119635240038,1,24.99952888488769,-0.0707683563232421,1.0,3.553644180297852,1.0
YX08,25C,330,3.3073596954345703,0.7065731901478238,3.3055307865142822,-0.0013236999511718,-0.1430115273775216,1,26.77758660736084,-0.1802855936989402,0.7202529904740442,3.3156472082632384,0.7378437
YX07,25C,120,3.316967725753784,0.7224327054224734,3.312680959701538,-0.4682979583740234,-0.0012116991076192,1,26.685605480420648,-0.4856117199302296,0.7904317625992708,3.358162995074338,0.8084024
YX03,25C,60,3.323582410812378,0.7333512491029587,3.314979076385498,-3.11520263671875,-0.0017588253495137,1,26.98782157897949,-0.2532596588134765,0.8984926125973196,3.423628547149619,0.92398435
YX07,25C,90,3.3262979984283447,0.7378337394619814,3.325793743133545,0.0011548995971679,0.5458298926507019,1,25.31051697216034,-0.1953825889299345,0.8169644984221941,3.37423708850176,0.83177716
YX03,25C,210,3.527026891708374,1.0,3.590453147888184,2.158551946477275,-0.0048137634729439,1,25.663066864013672,-0.1578254699707031,1.0,3.553644180297852,1.0
YX07,25C,30,3.5816807746887207,1.0,3.591641426086426,2.2766856103709987,-0.0043750666988587,1,25.604047866439643,0.0492025880815347,1.0,3.553644180297852,1.0
YX01,25C,300,3.2238264083862305,0.5686887957537372,3.212759256362915,-0.7689015865325928,-0.0039342550264231,1,26.2335262298584,-0.3911647796630859,0.1949368976850389,2.9973995910264457,0.19286153
YX04,25C,240,3.29034686088562,0.6784909193358145,3.2836754322052,-4.134996615923368,-0.0003642300838614,1,29.122966766357425,-1.55047607421875,0.6070468939399887,3.247064556840237,0.5809791
YX05,25C,330,3.5528500080108643,1.0,3.591968536376953,1.7294609350092869,-0.0043420870827137,1,25.454230293336902,-0.1246652451191323,1.0,3.553644180297852,1.0
YX01,25C,450,3.511878490447998,1.0,3.591710329055786,2.226016727443372,-0.0045545532217806,1,25.50731658935547,-0.3471889495849609,1.0,3.553644180297852,1.0
YX02,25C,390,3.265817880630493,0.6380021069462641,3.2503817081451416,-2.06603666211738,-0.0018222657185252,1,26.74127769470215,-1.087297439575195,0.3006984135574115,3.061472157779608,0.2946225
YX04,25C,570,3.541801929473877,1.0,3.591775417327881,2.149202637320992,-0.0037272547967923,1,25.70903778076172,-0.446420669555664,1.0,3.553644180297852,1.0
YX02,25C,450,3.1977691650390625,0.5256773527055972,3.178189754486084,-3.441764004259225,-0.0008264173967656,1,28.218267690328176,-2.114629995015676,0.1009185633276136,2.940441292401011,0.09494174
YX05,25C,450,3.5267646312713623,1.0,3.591916561126709,2.1374226844656588,-0.0042040153747152,1,25.688241958618164,-0.3858165740966797,1.0,3.553644180297852,1.0
YX08,25C,300,3.289069890975952,0.6763830862925374,3.288565397262573,0.0011281967163085,0.6149619611158073,1,26.335971425369262,-0.068035594928105,0.4348488742244673,3.142743348676964,0.4327092
YX02,25C,450,3.5495879650115967,1.0,3.592475652694702,1.9448091428978511,-0.004182603270605,1,24.990985870361328,-0.1785548646597128,1.0,3.553644180297852,1.0
YX02,25C,570,3.5421128273010254,1.0,3.591733932495117,1.850944807152484,-0.0043587719455716,1,25.075359344482425,-0.2322515912268272,1.0,3.553644180297852,1.0
YX02,25C,540,3.32450008392334,0.7348660081364862,3.291053533554077,-4.815990755634923,-0.0021650785201835,1,28.22425842285156,-2.191740036010742,0.969921049911754,3.4669014076050795,0.8495203
YX03,25C,510,3.3134634494781494,0.7166483644833236,3.350933074951172,2.5405163180215773,-0.0051234561317862,1,25.988265991210938,-0.6339454650878906,0.6097420043568907,3.248697311823652,0.58722526
YX05,25C,360,3.1985180377960205,0.5269134810829186,3.146433115005493,-4.34064572528728,-0.0054934673961868,1,27.820375442504883,-1.5048446655273438,0.144297531998989,2.966721190556348,0.13884379
YX07,25C,90,3.561948776245117,1.0,3.5913891792297363,2.249956615655196,-0.0042307927730584,1,25.79001704643403,-0.2878348900470051,1.0,3.553644180297852,1.0
YX08,25C,330,3.296196699142456,0.6881469670486312,3.281123161315918,-3.8281944866838127,-0.001779329349286,1,28.319441281995413,-1.155293432434771,0.6749834675712102,3.288221972305238,0.6580724
YX04,25C,210,3.5513839721679688,1.0,3.592024087905884,2.215304496284704,-0.0038628187030111,1,25.934385299682617,-0.4026813507080078,1.0,3.553644180297852,1.0
YX07,25C,60,3.169827938079834,0.4795561081809868,3.123744249343872,-2.3561229611074688,-0.0131375340833771,1,26.15258152113048,-0.0483504607209361,0.1194456643363362,2.9516654026677025,0.117346436
YX01,25C,300,3.1838037967681885,0.5026253884580328,3.1724154949188232,-0.2515907392236921,-0.0105785555013787,1,24.98511505126953,0.0018520355224609,0.0942725080269989,2.93641497131076,0.09237571
YX01,25C,540,3.5338339805603027,1.0,3.590825319290161,2.270879187805763,-0.0040015716259469,1,25.762147903442383,-0.442840576171875,1.0,3.553644180297852,1.0
YX01,25C,390,3.5383002758026123,1.0,3.590825319290161,2.270879187805763,-0.0040015716259469,1,25.762147903442383,-0.3541126251220703,1.0,3.553644180297852,1.0
YX07,25C,210,3.2873380184173584,0.6735243672435522,3.267038583755493,-1.98160701553996,-0.0047084374456648,1,26.56116765024311,-0.5807811586098559,0.6163143301310362,3.252678966004891,0.5961792
YX08,25C,240,3.2888176441192627,0.6759667144927266,3.288565397262573,0.0011281967163085,0.6149619611158073,1,26.335971425369262,-0.0733888849763531,0.4348488742244673,3.142743348676964,0.43309465
YX04,25C,120,3.553326368331909,1.0,3.5917859077453613,2.0589466550748146,-0.0047433673095247,1,25.972505569458008,-0.1508936180928195,1.0,3.553644180297852,1.0
YX08,25C,510,3.289133071899414,0.6764873760155524,3.288565397262573,0.0011281967163085,0.6149619611158073,1,26.335971425369262,-0.1686266950244785,0.4348488742244673,3.142743348676964,0.43015817
YX04,25C,510,3.5050597190856934,1.0,3.5917859077453613,2.0589466550748146,-0.0047433673095247,1,25.972505569458008,-0.6116199493408203,1.0,3.553644180297852,1.0
YX07,25C,390,3.5091826915740967,1.0,3.590317487716675,2.240734864265934,-0.0044733511592285,1,25.732345485280835,-0.3446342233934487,1.0,3.553644180297852,1.0
YX07,25C,270,3.325856685638428,0.7371052855853746,3.30908751487732,-1.913911716997131,-0.0037879658131228,1,25.85007430648273,-0.4366400583948362,0.9164369734374984,3.434499621077517,0.89294237
YX02,25C,60,3.287850141525269,0.6743697043191608,3.292898178100586,-0.0029678344726562,1.2883997429305911,1,28.293102264404297,-0.3392543792724609,0.5005020991708633,3.182517463138548,0.5809224
YX05,25C,60,3.320064067840576,0.7275436889424584,3.3126380443573,-1.2296351209262208,-0.0037477725196909,1,25.21761131286621,0.0205104764245405,0.9016227677124774,3.425524861427165,0.9106583
YX04,25C,540,3.2801945209503174,0.6617329382587376,3.2392189502716064,-1.4476058013247748,-0.009393581903729,1,25.703623530751774,-0.4510996287644069,0.3911013429623778,3.116240167496592,0.37223518
YX04,25C,210,3.549179077148437,1.0,3.591986656188965,2.231903898372308,-0.0039696479872876,1,25.80059051513672,-0.2753181457519531,1.0,3.553644180297852,1.0
YX04,25C,120,3.219041585922241,0.5607907185794415,3.1890079975128174,-2.4561634810175264,-0.005484427165922,1,26.105451583862305,-0.2106647491455078,0.2140148844303685,3.0089574395422627,0.21623889
YX05,25C,390,3.534353256225586,1.0,3.591849565505981,2.120093229696092,-0.0041408787107613,1,25.63773727416992,-0.2564868927001953,1.0,3.553644180297852,1.0
YX01,25C,270,3.533073663711548,1.0,3.5919108390808105,2.248466304128847,-0.0041571449732257,1,25.52806663513184,-0.2587242126464844,1.0,3.553644180297852,1.0
YX01,25C,420,3.525909662246704,1.0,3.591370105743408,2.2974598560632367,-0.0043596857199493,1,25.718524932861328,-0.435708999633789,1.0,3.553644180297852,1.0
YX01,25C,150,3.280880212783813,0.6628647769130439,3.275322437286377,-3.227833294868469,-0.0005053730379466,1,25.874387741088867,-0.1685543060302734,0.4970837152666473,3.18044653375479,0.55125225
YX01,25C,180,3.324049472808838,0.7341222059610206,3.31973934173584,-0.2515937574238818,-0.004759013564199,1,24.88661003112793,0.0441150665283203,0.8993611690722517,3.424154737061516,0.9078656
YX02,25C,210,3.542084217071533,1.0,3.5912272930145264,2.2840444567004257,-0.0039326817572664,1,25.464975357055664,-0.229288101196289,1.0,3.553644180297852,1.0
YX02,25C,240,3.540055751800537,1.0,3.591351270675659,2.288876825709324,-0.003932607877495,1,25.46746063232422,-0.2549552917480469,1.0,3.553644180297852,1.0
YX07,25C,510,3.328378438949585,0.7412678229451098,3.2977399826049805,-2.642827914311336,-0.0055579593965715,1,25.93189604641156,-0.6594917640677949,0.9196792468454804,3.436463858991955,0.8823132
YX01,25C,120,3.2804462909698486,0.6621485229662992,3.275322437286377,-3.227833294868469,-0.0005053730379466,1,25.874387741088867,-0.1884307861328125,0.4970837152666473,3.18044653375479,0.55428696
YX04,25C,600,2.314000129699707,0.0,2.0695700645446777,-2.1067121785373715,-0.0247166445539378,1,26.15926742553711,-0.8391304016113281,0.0,2.8855350017547607,0.00026752055
YX07,25C,360,3.5497186183929443,1.0,3.591956615447998,1.981437902824552,-0.0040724348707519,1,25.397094834795915,-0.274352092865282,1.0,3.553644180297852,1.0
YX01,25C,330,3.282017946243286,0.6647427790195634,3.2524218559265137,-2.5149396174090364,-0.0039440973040777,1,25.41216117809497,-0.0611041254826645,0.4969976291889505,3.1803943809852857,0.49128807
YX04,25C,540,3.290193796157837,0.6782382627238309,3.265408992767334,-1.5667340334723978,-0.0058625622241259,1,25.723188400268555,-0.4582252502441406,0.6366284686516409,3.264985701452642,0.6129715
YX04,25C,270,3.542238235473633,1.0,3.591527938842773,2.2348201982676983,-0.0039975397503743,1,25.849470138549805,-0.3199062347412109,1.0,3.553644180297852,1.0
YX06,25C,210,3.558232307434082,1.0,3.5925211906433105,2.17756688103013,-0.0035915519832707,1,25.192035675048828,-0.2237625122070312,1.0,3.553644180297852,1.0
YX08,25C,120,3.2955658435821533,0.6871056440029794,3.290961980819702,-0.8307301125356129,-0.0018979233325083,1,27.189532432390035,-0.1981697802709412,0.6922763321965466,3.2986983560249774,0.7043113
YX02,25C,390,3.283342361450196,0.6669289277416328,3.280393123626709,-0.001678466796875,0.2971590909090909,1,24.668851852416992,-0.0086421966552734,0.5004943599894499,3.1825127745785013,0.5042957
YX04,25C,180,3.3065185546875,0.7051847594202881,3.299899339675904,-1.6456031799316406,-0.0015257542566385,1,26.15995216369629,-0.3726615905761719,0.7348025831970058,3.3244616597514174,0.7310275
YX04,25C,240,2.3030829429626465,0.0,2.070081949234009,-2.167595955200881,-0.0275452287141271,1,26.262380599975582,-0.4587959663578118,0.0,2.8855350017547607,0.0
YX03,25C,330,3.522261142730713,1.0,3.591469049453736,2.107061452542441,-0.0050930923969927,1,25.652097702026367,-0.3231716156005859,1.0,3.553644180297852,1.0
YX02,25C,270,3.535307645797729,1.0,3.5912272930145264,2.2840444567004257,-0.0039326817572664,1,25.464975357055664,-0.3089885711669922,1.0,3.553644180297852,1.0
YX03,25C,210,3.269033193588257,0.643309469982417,3.2866463661193848,2.540800298301919,-0.0029270268674343,1,25.12850107539586,0.039414268842421,0.2032776678541194,3.002452606284624,0.2069444
YX04,25C,30,3.3560497760772705,0.78694357325669,3.357880115509033,0.2455908719799857,-0.0074527991085591,1,24.97136306762696,0.0167350769042968,0.7858920680799417,3.3554127519662527,0.81545687
YX04,25C,300,2.3838016986846924,0.0,2.0684401988983154,-2.1688511418190104,-0.0293658630225116,1,26.55244827270508,-0.6029052734375,0.0003149172671693,2.8855350017547607,0.0
YX01,25C,60,3.2945480346679688,0.6854255955971262,3.290866136550904,-0.8045453469314917,-0.0027817390412636,1,26.306659698486328,-0.1647701263427734,0.6982640342988805,3.3023258328012446,0.7017049
YX06,25C,30,3.2860119342803955,0.6713354636986106,3.271883487701416,-4.257505994699596,-0.0033184795503679,1,27.64324378967285,0.054636001586914,0.7328392530655808,3.32327223276688,0.7501304
YX08,25C,330,3.2800509929656982,0.6614960234917374,3.230857610702514,-3.2439011000340283,-0.0060076845917273,1,28.02462796787478,-0.9376189362289544,0.4271012795346829,3.138049691689893,0.4086964
YX02,25C,270,3.255363941192627,0.6207462900215872,3.2531497478485107,0.0012130737304687,-0.4170597484276729,1,24.84007453918457,-0.0844282321445746,0.3007835172702857,3.0615237154116923,0.29640627
YX08,25C,480,3.55124568939209,1.0,3.592681646347046,2.1480606783088434,-0.0034058042091674,1,26.6916473178708,-0.3541336359835547,1.0,3.553644180297852,1.0
YX01,25C,180,3.531472682952881,1.0,3.590876579284668,2.13105598954778,-0.005102538182477,1,25.59483528137207,-0.1128978269990348,1.0,3.553644180297852,1.0
YX04,25C,450,3.3137452602386475,0.717113536002583,3.335712432861328,1.228128406080596,-0.0055255688113466,1,25.53044509887696,-0.274200439453125,0.5895080350069248,3.236439144557766,0.5923064
YX06,25C,60,3.268385171890259,0.642239811615795,3.234118938446045,-8.14759553096209,-0.002613487630283,1,27.11468315124512,-0.2213793406668252,0.5251161004408947,3.1974291465276137,0.5176873
YX01,25C,540,3.326489448547364,0.7381497570000232,3.31973934173584,-0.2515937574238818,-0.004759013564199,1,24.88661003112793,-0.0183127613132434,0.8993611690722517,3.424154737061516,0.8975692
YX03,25C,270,3.313070774078369,0.7160001940161321,3.337325096130371,2.5404654359367407,-0.0038288264239261,1,25.91979217529297,-0.2944564819335937,0.5081065706020652,3.1871244130236662,0.5223537
YX08,25C,210,3.5376229286193848,1.0,3.590726613998413,2.2908658066184904,-0.0042396449537988,1,27.06373089167077,-0.2568022570272141,1.0,3.553644180297852,0.9999364
YX04,25C,60,3.573213577270508,1.0,3.591986656188965,2.231903898372308,-0.0039696479872876,1,25.80059051513672,-0.0672721862792968,1.0,3.553644180297852,1.0
YX06,25C,600,3.5373592376708984,1.0,3.592475175857544,2.2781436096781515,-0.0035869373403028,1,25.247376024259225,-0.3297334308754358,1.0,3.553644180297852,1.0
YX04,25C,210,2.341177463531494,0.0,2.068316698074341,-2.109122227001825,-0.0287095176443317,1,26.457632064819336,-0.433511734008789,0.0,2.8855350017547607,0.0
YX01,25C,240,3.2228424549102783,0.5670646308975751,3.212759256362915,-0.7689015865325928,-0.0039342550264231,1,26.2335262298584,-0.3238124847412109,0.1949368976850389,2.9973995910264457,0.19319245
YX08,25C,60,3.3251450061798096,0.7359305504034885,3.322180986404419,-1.175623803099325,-0.0015019498517902,1,26.55839317046016,0.014238911998909,0.9468991008316904,3.452954223158515,0.9656999
YX01,25C,120,3.3162622451782227,0.7212682024398265,3.299034118652344,-2.188799405385213,-0.0036513301175065,1,25.97100821692968,-0.1760367508652258,0.7988768219919821,3.363279190953441,0.84799844
YX08,25C,240,3.3276679515838623,0.7400950554938466,3.322180986404419,-1.175623803099325,-0.0015019498517902,1,26.55839317046016,-0.1874840243148448,0.9468991008316904,3.452954223158515,0.95599914
YX08,25C,90,3.5607059001922607,1.0,3.590726613998413,2.2908658066184904,-0.0042396449537988,1,27.06373089167077,-0.1635451813032951,1.0,3.553644180297852,0.9996589
YX01,25C,240,3.280314445495605,0.6619308919594038,3.2524218559265137,-2.5149396174090364,-0.0039440973040777,1,25.41216117809497,-0.008873290521727,0.4969976291889505,3.1803943809852857,0.51372606
YX04,25C,510,2.348202705383301,0.0,2.070081949234009,-2.167595955200881,-0.0275452287141271,1,26.262380599975582,-0.7768955230712891,0.0,2.8855350017547607,0.00028403848
YX02,25C,150,3.5510830879211426,1.0,3.5912272930145264,2.2840444567004257,-0.0039326817572664,1,25.464975357055664,-0.16070556640625,1.0,3.553644180297852,1.0
YX01,25C,300,3.3252944946289062,0.7361773038236032,3.303844928741455,-2.514936119565673,-0.0036000697874367,1,25.10425066189361,-0.0518748684365775,0.8993878746022332,3.424170915837305,0.90839475
YX08,25C,510,3.2970166206359863,0.689500372171079,3.281123161315918,-3.8281944866838127,-0.001779329349286,1,28.319441281995413,-1.4972486121269457,0.6749834675712102,3.288221972305238,0.6391078
YX05,25C,390,3.550682783126831,1.0,3.591968536376953,1.7294609350092869,-0.0043420870827137,1,25.454230293336902,-0.1241210424887953,1.0,3.553644180297852,1.0
YX01,25C,390,3.256248712539673,0.622206739689922,3.2325785160064697,-1.7351463758028471,-0.0042922716364655,1,25.73259735107422,-0.1085357666015625,0.2959040118631933,3.058567607669292,0.29818156
YX01,25C,330,3.1852614879608154,0.5050315294637453,3.119250774383545,-2.800686922940341,-0.0098136259264469,1,25.7810115814209,-0.4206485748291015,0.0949936709891232,2.9368518671102337,0.09223153
YX05,25C,600,3.283072233200073,0.666483039982478,3.267987966537476,-2.185423303823002,-0.0015918039684053,1,25.98955345153809,-0.59771728515625,0.5080552688175046,3.187093333315809,0.4791358
YX02,25C,360,3.265519380569458,0.6375093871982838,3.2503817081451416,-2.06603666211738,-0.0018222657185252,1,26.74127769470215,-0.9828548431396484,0.3006984135574115,3.061472157779608,0.29852226
YX07,25C,480,3.5332016944885254,1.0,3.5914523601531982,2.3152760655109823,-0.0041931952243772,1,25.820785296725607,-0.4991554664947273,1.0,3.553644180297852,1.0
YX01,25C,150,3.1807796955108643,0.4976336494137972,3.1724154949188232,-0.2515907392236921,-0.0105785555013787,1,24.98511505126953,-0.0369300842285156,0.0942725080269989,2.93641497131076,0.09142725
YX01,25C,510,3.189166307449341,0.5114770278921978,3.0651230812072754,-2.5149442001243902,-0.0156323581398608,1,26.19474220275879,-0.8201465606689453,0.0946067861615416,2.9366174840859687,0.09855373
YX08,25C,120,3.291592597961426,0.680547197836771,3.2914035320281982,-0.0016746520996093,-0.0,1,26.21794517041684,-0.0397293211388891,0.5606885673170919,3.218979700523551,0.58827597
YX01,25C,600,3.519387006759644,1.0,3.591370105743408,2.2974598560632367,-0.0043596857199493,1,25.718524932861328,-0.5160808563232422,1.0,3.553644180297852,0.99998367
YX06,25C,420,3.5133445262908936,1.0,3.592130422592163,2.0485350922799217,-0.0045189934135092,1,25.4116342952278,-0.4583147456672556,1.0,3.553644180297852,1.0
YX07,25C,210,3.551231622695923,1.0,3.590317487716675,2.3020322329454843,-0.0037517776268941,1,25.685632478820885,-0.301149536851458,1.0,3.553644180297852,1.0
YX01,25C,180,3.557246446609497,1.0,3.591635704040528,2.157507845317152,-0.003986189437975,1,25.449281692504883,-0.1833419799804687,1.0,3.553644180297852,1.0
YX07,25C,120,3.563713788986206,1.0,3.5913891792297363,2.15534986704588,-0.0038023526311622,1,25.596183151382267,-0.0553958604276765,1.0,3.553644180297852,1.0
YX02,25C,330,3.549281597137451,1.0,3.5917060375213623,2.2607207659305684,-0.0033621066415202,1,25.37017913612199,-0.2812070444471857,1.0,3.553644180297852,1.0
YX05,25C,150,3.278545618057251,0.6590111732611079,3.2673115730285645,-2.8888006906141026,-0.0014722888451292,1,26.98299598693848,-0.4998683929443359,0.508147649743617,3.187149299637833,0.52184016
YX04,25C,180,3.5614936351776123,1.0,3.592076301574707,2.105579703463621,-0.0035382672750456,1,25.580944061279297,-0.2081146240234375,1.0,3.553644180297852,1.0
YX06,25C,300,3.303973913192749,0.7009844416325928,3.271883487701416,-4.257505994699596,-0.0033184795503679,1,27.64324378967285,-1.328838348388672,0.7328392530655808,3.32327223276688,0.72591925
YX07,25C,450,3.539884090423584,1.0,3.590317487716675,2.3020322329454843,-0.0037517776268941,1,25.685632478820885,-0.2559117782593496,1.0,3.553644180297852,1.0
YX05,25C,180,3.5618367195129395,1.0,3.592146635055542,1.8898582377132007,-0.0039244875677373,1,25.455004157268444,-0.0484375373953973,1.0,3.553644180297852,1.0
YX04,25C,30,2.122514247894287,0.0,2.0637922286987305,-1.868227946486658,-0.0314319349017274,1,26.04281616210937,-0.0493583679199218,0.0,2.8855350017547607,0.0
YX04,25C,60,3.356668710708618,0.7879652189961126,3.3691179752349854,1.2281249919878776,-0.0062007758858132,1,25.40793800354004,-0.035675048828125,0.7860065690809177,3.355482119098218,0.8037839
YX08,25C,240,3.295250654220581,0.6865853760262781,3.281123161315918,-3.8281944866838127,-0.001779329349286,1,28.319441281995413,-0.904115245525766,0.6749834675712102,3.288221972305238,0.66848034
YX08,25C,90,3.5628502368927,1.0,3.591294288635254,2.265136964213114,-0.0038702521269436,1,26.9972018427319,-0.0195855070640185,1.0,3.553644180297852,0.99968606
YX04,25C,600,3.2815616130828857,0.6639895317371077,3.242399215698242,-2.456163638060648,-0.0043792905446071,1,25.36666679382324,-0.2879543304443359,0.4105069712677588,3.127996508210203,0.4022902
YX01,25C,600,3.52152943611145,1.0,3.5919907093048096,2.275893736407294,-0.0041265310849772,1,26.038970947265625,-0.8082847595214844,1.0,3.553644180297852,0.9994666
YX05,25C,600,3.520998001098633,1.0,3.591916561126709,2.1374226844656588,-0.0042040153747152,1,25.688241958618164,-0.4087867736816406,1.0,3.553644180297852,1.0
YX07,25C,240,3.2872121334075928,0.6733165748897714,3.267038583755493,-1.98160701553996,-0.0047084374456648,1,26.56116765024311,-0.7217414510771718,0.6163143301310362,3.252678966004891,0.551985
YX06,25C,120,3.555020809173584,1.0,3.592130422592163,2.0485350922799217,-0.0045189934135092,1,25.4116342952278,-0.3310450007942087,1.0,3.553644180297852,1.0
YX04,25C,210,3.2865800857543945,0.6722732841134966,3.265408992767334,-1.5667340334723978,-0.0058625622241259,1,25.723188400268555,-0.2152748107910156,0.6366284686516409,3.264985701452642,0.62835264
YX04,25C,240,3.2872493267059326,0.6733779680852067,3.265408992767334,-1.5667340334723978,-0.0058625622241259,1,25.723188400268555,-0.2180957794189453,0.6366284686516409,3.264985701452642,0.6307353
YX08,25C,570,3.3081166744232178,0.7078226990933811,3.3055307865142822,-0.0013236999511718,-0.1430115273775216,1,26.77758660736084,-0.4493898545764452,0.7202529904740442,3.3156472082632384,0.6911014
YX07,25C,420,3.193720817565918,0.5189949395101445,3.123744249343872,-2.3561229611074688,-0.0131375340833771,1,26.15258152113048,-0.7946462471970719,0.1194456643363362,2.9516654026677025,0.119592965
YX08,25C,480,3.533144950866699,1.0,3.5910420417785645,2.3077057313019127,-0.0035255942304441,1,27.03116563157093,-0.5683515568126367,1.0,3.553644180297852,1.0
YX01,25C,330,3.5466911792755127,1.0,3.5922389030456543,2.1856149715098923,-0.0038134057447797,1,25.59864997863769,-0.2583999633789062,1.0,3.553644180297852,1.0
YX02,25C,360,3.287220001220703,0.6733295619118826,3.240222930908203,-9.291086832682293,-0.0023793649018832,1,28.17775154113769,-1.7957839965820312,0.5504507494521609,3.212777413584424,0.52111214
YX04,25C,60,3.3241443634033203,0.7342788373186054,3.335712432861328,1.228128406080596,-0.0055255688113466,1,25.53044509887696,-0.0192222595214843,0.5895080350069248,3.236439144557766,0.62020844
YX02,25C,150,3.325417995452881,0.7363811607161382,3.316753387451172,-3.009959499392889,-0.0011620091752481,1,26.682994842529297,-0.6413497924804688,0.9001055921601523,3.4246057243379244,0.90876514
YX01,25C,300,3.2949106693267822,0.6860241792526199,3.271939992904663,-2.514948793300096,-0.0031208347640845,1,25.21068382263184,-0.1205692291259765,0.698191069699212,3.302281629301093,0.6890657
YX02,25C,300,3.551142930984497,1.0,3.592261552810669,2.2017491670417004,-0.0038207627239948,1,25.256345256812,-0.224668010718247,1.0,3.553644180297852,1.0
YX04,25C,330,3.553289890289306,1.0,3.592076301574707,2.105579703463621,-0.0035382672750456,1,25.580944061279297,-0.237009048461914,1.0,3.553644180297852,1.0
YX07,25C,300,3.2946510314941406,0.6855956075229469,3.293579339981079,0.0011548995971679,0.7095375722543352,1,25.06756686305828,-0.0946485861060644,0.6102338668188082,3.248995292522629,0.61363274
YX01,25C,480,3.544062852859497,1.0,3.591635704040528,2.157507845317152,-0.003986189437975,1,25.449281692504883,-0.3841400146484375,1.0,3.553644180297852,1.0
YX08,25C,390,3.329307556152344,0.7428014721926174,3.322180986404419,-1.175623803099325,-0.0015019498517902,1,26.55839317046016,-0.3306763647393964,0.9468991008316904,3.452954223158515,0.94802296
YX07,25C,180,3.188803672790528,0.5108784442367041,3.1439807415008545,-2.681657019528476,-0.0080399657263121,1,25.906491130333595,-0.2249639901942544,0.1211809330282839,2.952716665200982,0.12445846
YX02,25C,540,3.300978183746338,0.6960395345771827,3.293207883834839,-0.7694283044926254,-0.0017897778192585,1,25.39529800415039,-0.4158401489257812,0.7003398726905831,3.303583419673218,0.705151
YX04,25C,600,3.529948711395264,1.0,3.591986656188965,2.231903898372308,-0.0039696479872876,1,25.80059051513672,-0.5827445983886719,1.0,3.553644180297852,1.0
YX01,25C,420,3.5404253005981445,1.0,3.591616630554199,2.145762691963773,-0.0039048971143574,1,25.405054092407227,-0.2621707916259765,1.0,3.553644180297852,1.0
YX07,25C,540,3.2943358421325684,0.6850753395462456,3.2934532165527344,0.0011548995971679,0.6005367464905037,1,24.97039420756564,0.063903742419491,0.6102327930552104,3.248994642013895,0.6050318
YX01,25C,180,3.555005073547364,1.0,3.591998338699341,1.7535317019335006,-0.0047624388888904,1,25.35965347290039,0.0136489868164062,1.0,3.553644180297852,1.0
YX02,25C,420,3.516639471054077,1.0,3.591475248336792,2.166780061641689,-0.0043547992120406,1,25.2454043059753,-0.2831564574645568,1.0,3.553644180297852,1.0
YX02,25C,540,3.296441078186035,0.6885503518263308,3.292668342590332,-0.0021324157714843,0.1310375670840787,1,24.76204872131348,-0.0397872924804687,0.7003199916049453,3.3035713752903804,0.69419926
YX07,25C,270,3.3198046684265137,0.7271155107589099,3.312680959701538,-0.4682979583740234,-0.0012116991076192,1,26.685605480420648,-0.8213465725869931,0.7904317625992708,3.358162995074338,0.78738016
YX01,25C,420,3.5316367149353027,1.0,3.591498613357544,2.2972955610475734,-0.0043691303512638,1,25.68254852294922,-0.3631649017333984,1.0,3.553644180297852,1.0
YX07,25C,300,3.279836177825928,0.6611414384334864,3.2413175106048584,-2.566908127835552,-0.0058697467048059,1,26.258332989320127,-0.6334972424223189,0.4818943091281059,3.171244469745732,0.41865787
YX08,25C,600,3.537118434906006,1.0,3.5923664569854736,2.2733580873693984,-0.0037452983514477,1,26.82919186628052,-0.5947628337013526,1.0,3.553644180297852,1.0
YX01,25C,240,3.5387122631073,1.0,3.5919759273529053,2.2406339882102384,-0.0042150905608167,1,25.85431671142578,-0.5385818481445312,1.0,3.553644180297852,1.0
YX04,25C,540,3.232685804367065,0.5833125761971899,3.164182424545288,-5.886836479450095,-0.0050488065352473,1,28.64347648620605,-2.176126480102539,0.2147673896135454,3.0094133231232,0.20831555
YX08,25C,180,3.556038856506348,1.0,3.591294288635254,2.3132043282930983,-0.0037079935813914,1,26.977110656801887,-0.2788775603422451,1.0,3.553644180297852,1.0
YX03,25C,600,3.269056558609009,0.6433480375026263,3.2413253784179688,-2.3890267333984374,-0.0034988957077972,1,27.10397148132324,-1.466115951538086,0.2895184191042089,3.054699080304364,0.28485012
YX08,25C,210,3.557048082351685,1.0,3.5918619632720947,2.2389683095974173,-0.0036338316969317,1,26.88660688137789,-0.3082460322622466,1.0,3.553644180297852,1.0
YX04,25C,30,3.2669475078582764,0.6398667284845477,3.268026828765869,0.2456035467009298,-0.0043945656408091,1,24.8984375,-0.0062058445266082,0.1964841666392957,2.998336959336071,0.20182079
YX03,25C,540,2.39843225479126,0.0,2.068639039993286,-2.225788347611132,-0.0266493981513383,1,26.082256317138672,-0.6776123046875,0.0,2.8855350017547607,0.00071790814
YX04,25C,420,3.5384185314178467,1.0,3.5916078090667725,2.183369083228604,-0.0037104239322251,1,25.627220276271963,-0.4124949994939157,1.0,3.553644180297852,1.0
YX04,25C,330,3.2296230792999268,0.5782570826807715,3.164182424545288,-5.886836479450095,-0.0050488065352473,1,28.64347648620605,-1.4756145477294922,0.2147673896135454,3.0094133231232,0.20571274
YX07,25C,510,3.54234266281128,1.0,3.5913891792297363,2.15534986704588,-0.0038023526311622,1,25.596183151382267,-0.4898894875973241,1.0,3.553644180297852,1.0
YX01,25C,570,3.282904624938965,0.6662063770568948,3.2652816772460938,-1.0949835428377477,-0.0040361932649252,1,25.533111572265625,-0.2766494750976562,0.3966304931468507,3.119589843807117,0.4324915
YX05,25C,540,3.522957801818848,1.0,3.591916561126709,2.1374226844656588,-0.0042040153747152,1,25.688241958618164,-0.3792915344238281,1.0,3.553644180297852,1.0
YX08,25C,270,3.2960073947906494,0.6878344914257107,3.281123161315918,-3.8281944866838127,-0.001779329349286,1,28.319441281995413,-0.966450943669912,0.6749834675712102,3.288221972305238,0.66988903
YX01,25C,360,3.258296489715576,0.6255869073539823,3.2159411907196045,-2.5149563680041265,-0.0050865092629206,1,25.60473823547364,-0.3108158111572265,0.2957989704826,3.058503971375746,0.29121792
YX02,25C,420,3.54581356048584,1.0,3.591733932495117,1.850944807152484,-0.0043587719455716,1,25.075359344482425,-0.1763381958007812,1.0,3.553644180297852,1.0
YX02,25C,480,3.285940170288086,0.6712170063151106,3.285491704940796,0.0011444091796875,-2.388333333333333,1,25.52326202392578,-0.4722137451171875,0.5005735086173843,3.182560724493978,0.5004362
YX04,25C,390,3.3162970542907715,0.7213256601740159,3.324551105499268,0.2455923991733127,-0.0076226409669314,1,24.922178268432617,0.0369527863665091,0.5894230025116894,3.236387630070836,0.545085
YX04,25C,60,3.5707149505615234,1.0,3.5917859077453613,2.0589466550748146,-0.0047433673095247,1,25.972505569458008,-0.0384292602539062,1.0,3.553644180297852,1.0
YX05,25C,510,3.5487635135650635,1.0,3.592146635055542,1.8898582377132007,-0.0039244875677373,1,25.455004157268444,-0.1607193367118036,1.0,3.553644180297852,1.0
YX04,25C,30,3.322679042816162,0.7318601028369062,3.324551105499268,0.2455923991733127,-0.0076226409669314,1,24.922178268432617,0.0173873901367187,0.5894230025116894,3.236387630070836,0.5853589
YX04,25C,120,3.351891040802002,0.7800789482055545,3.3691179752349854,1.2281249919878776,-0.0062007758858132,1,25.40793800354004,-0.0589237213134765,0.7860065690809177,3.355482119098218,0.7917588
YX06,25C,30,3.2681262493133545,0.6418124205244958,3.256531238555908,-2.398606891873517,-0.0048340604693208,1,26.7370662689209,-0.1150836944580078,0.4459157924121815,3.1494479221551828,0.42176798
YX02,25C,270,3.2644503116607666,0.6357447263756448,3.2503817081451416,-2.06603666211738,-0.0018222657185252,1,26.74127769470215,-0.8346824645996094,0.3006984135574115,3.061472157779608,0.30215457
YX01,25C,330,3.2241551876068115,0.5692314958595398,3.212759256362915,-0.7689015865325928,-0.0039342550264231,1,26.2335262298584,-0.4550418853759765,0.1949368976850389,2.9973995910264457,0.19211572
YX04,25C,540,3.262640953063965,0.6327581048361695,3.268026828765869,0.2456035467009298,-0.0043945656408091,1,24.8984375,-0.0443401336669921,0.1964841666392957,2.998336959336071,0.19789469
YX02,25C,120,3.557595014572144,1.0,3.5914466381073,2.1405543642317726,-0.004176368136859,1,25.296949677563635,-0.0645506907472288,1.0,3.553644180297852,1.0
YX03,25C,480,3.5269486904144287,1.0,3.591282367706299,1.9863863622001745,-0.0050726709568266,1,25.547154250606177,-0.3264549403034422,1.0,3.553644180297852,1.0
YX02,25C,480,3.3262970447540283,0.7378321652774831,3.303248882293701,-2.1921292302195976,-0.0041730580184049,1,25.58286476135254,-0.5534534454345703,0.8701159400588063,3.406437357798186,0.86872804
YX04,25C,60,2.188440561294556,0.0,2.067060947418213,-2.146129768740649,-0.0286638235201987,1,26.40337562561035,-0.1321964263916015,0.0,2.8855350017547607,0.0
YX05,25C,90,3.5674731731414795,1.0,3.5917532444000244,2.192100438134636,-0.003657469264889,1,26.54467964172364,-0.0467226619470615,1.0,3.553644180297852,1.0
YX05,25C,330,3.5455915927886963,1.0,3.5923306941986084,2.177293852897221,-0.0037588837877482,1,25.712885762325108,-0.2617577563436626,1.0,3.553644180297852,1.0
YX01,25C,330,3.2837846279144287,0.6676589558027379,3.2677876949310303,-1.822089707707784,-0.0029779919280695,1,25.54357147216797,-0.296548843383789,0.5474342623615767,3.2109499618040926,0.5303542
YX01,25C,360,3.292390823364258,0.6818647902618814,3.286073684692383,-0.2516051696280773,-0.0050970873884786,1,24.86830139160156,0.0183162689208984,0.6980724644870463,3.302209775751046,0.7057781
YX07,25C,390,3.2889771461486816,0.6762299968500739,3.287527322769165,0.0011548995971679,0.8732452518579686,1,25.03163193211989,-0.1239462760290628,0.5128248395991253,3.189982840333258,0.52470654
YX03,25C,180,3.5511221885681152,1.0,3.591752529144287,2.3568505214436843,-0.0038630912804573,1,25.97767639160156,-0.4488525390625,1.0,3.553644180297852,1.0
YX05,25C,450,3.2864484786987305,0.6720560466527258,3.2713868618011475,-1.229652351490618,-0.0037229019501159,1,25.237943649291992,0.0181446075439453,0.606504900285607,3.246736205602892,0.5754597
YX04,25C,210,3.2738778591156006,0.6513063272339835,3.242399215698242,-2.456163638060648,-0.0043792905446071,1,25.36666679382324,-0.1327857971191406,0.4105069712677588,3.127996508210203,0.41323194
YX07,25C,570,3.54234266281128,1.0,3.5913891792297363,1.947589218946329,-0.0044992023741332,1,25.35385704040528,-0.3047160997317277,1.0,3.553644180297852,1.0
YX02,25C,450,3.549811840057373,1.0,3.592252731323242,2.0453113256708573,-0.0038095704481871,1,25.077816009521484,-0.1950492858886718,1.0,3.553644180297852,1.0
YX02,25C,510,3.5441572666168213,1.0,3.592261552810669,2.2017491670417004,-0.0038207627239948,1,25.256345256812,-0.3771128501957861,1.0,3.553644180297852,1.0
YX04,25C,570,2.365858793258667,0.0,2.070430517196656,-2.204450816379637,-0.0286163836336631,1,26.36466789245605,-0.8858985900878906,0.0,2.8855350017547607,0.00029153377
YX01,25C,360,3.5472891330718994,1.0,3.591686964035034,1.8801088169065057,-0.0042711230810206,1,25.1889877319336,-0.1412086486816406,1.0,3.553644180297852,1.0
YX05,25C,150,3.5601937770843506,1.0,3.5921883583068848,2.033205746055411,-0.0040478979397698,1,25.560120016645808,-0.1222023072952218,1.0,3.553644180297852,1.0
YX05,25C,210,3.556511163711548,1.0,3.592496633529663,2.064356458534164,-0.003871669543397,1,25.603609085083008,-0.1305675506591797,1.0,3.553644180297852,1.0
YX03,25C,360,3.537130117416382,1.0,3.591752529144287,2.3568505214436843,-0.0038630912804573,1,25.97767639160156,-0.5567716604990558,1.0,3.553644180297852,1.0
YX02,25C,150,3.548667430877685,1.0,3.591475248336792,2.166780061641689,-0.0043547992120406,1,25.2454043059753,-0.1006231933044006,1.0,3.553644180297852,1.0
YX01,25C,540,3.542621612548828,1.0,3.592268228530884,1.893253112352696,-0.0043820085348691,1,25.323108673095703,-0.1679668426513672,1.0,3.553644180297852,1.0
YX04,25C,390,3.27829909324646,0.6586042465682871,3.2392189502716064,-1.4476058013247748,-0.009393581903729,1,25.703623530751774,-0.3040626024070469,0.3911013429623778,3.116240167496592,0.37947145
YX01,25C,390,3.5416150093078613,1.0,3.591616630554199,2.145762691963773,-0.0039048971143574,1,25.405054092407227,-0.3192806243896484,1.0,3.553644180297852,1.0
YX02,25C,120,3.280947685241699,0.6629761504663014,3.240222930908203,-9.291086832682293,-0.0023793649018832,1,28.17775154113769,-0.7419776916503906,0.5504507494521609,3.212777413584424,0.55778193
YX07,25C,540,3.3273696899414062,0.7396027292919908,3.30908751487732,-1.913911716997131,-0.0037879658131228,1,25.85007430648273,-0.5426381415565551,0.9164369734374984,3.434499621077517,0.8771068
YX07,25C,240,3.326108932495117,0.7375216573851855,3.2977399826049805,-2.642827914311336,-0.0055579593965715,1,25.93189604641156,-0.2653959430391737,0.9196792468454804,3.436463858991955,0.90317917
YX07,25C,510,3.5623269081115723,1.0,3.59201979637146,0.8547523137061827,-0.0076706559551317,1,25.32373252525107,-0.232451516382941,1.0,3.553644180297852,1.0
YX04,25C,360,3.3115768432617188,0.7135342339994827,3.328617811203003,1.228126640023208,-0.0044953186729761,1,25.37134552001953,-0.1684684753417968,0.4912570279142438,3.176916603124946,0.49990043
YX04,25C,510,3.5415403842926025,1.0,3.5926246643066406,2.22419981393318,-0.0037071615994192,1,25.74685859680176,-0.50396728515625,1.0,3.553644180297852,1.0
YX07,25C,330,3.327117681503296,0.7391867510383046,3.2977399826049805,-2.642827914311336,-0.0055579593965715,1,25.93189604641156,-0.4033192055290229,0.9196792468454804,3.436463858991955,0.89412886
YX02,25C,210,3.28181529045105,0.6644082648136661,3.280393123626709,-0.001678466796875,0.2971590909090909,1,24.668851852416992,-0.0245132446289062,0.5004943599894499,3.1825127745785013,0.5163389
YX04,25C,270,3.543983459472656,1.0,3.591986656188965,2.231903898372308,-0.0039696479872876,1,25.80059051513672,-0.328948974609375,1.0,3.553644180297852,1.0
YX08,25C,480,3.567391157150269,1.0,3.592555522918701,0.8578125355696237,-0.0069109248507585,1,26.33491046632459,-0.1121450008365094,1.0,3.553644180297852,0.9998685
YX02,25C,300,3.2556278705596924,0.6211819455815027,3.2531497478485107,0.0012130737304687,-0.4170597484276729,1,24.84007453918457,-0.0555591583251953,0.3007835172702857,3.0615237154116923,0.29816574
YX03,25C,180,3.538936853408813,1.0,3.5908329486846924,2.129761839488566,-0.00480864567832,1,25.70607566833496,-0.2068119049072265,1.0,3.553644180297852,1.0
YX04,25C,600,2.357045888900757,0.0,2.070081949234009,-2.167595955200881,-0.0275452287141271,1,26.262380599975582,-0.9046783447265624,0.0,2.8855350017547607,0.00020643324
YX04,25C,90,2.229069471359253,0.0,2.0708086490631104,-2.231055014470921,-0.0275672832790625,1,26.35064125061035,-0.1966152191162109,0.0,2.8855350017547607,0.0
YX03,25C,180,3.558866024017334,1.0,3.5919713973999023,2.262087193028893,-0.0035204909004799,1,25.723626612883063,-0.1789469711594336,1.0,3.553644180297852,1.0
YX08,25C,510,3.3294336795806885,0.7430096580925228,3.322180986404419,-1.175623803099325,-0.0015019498517902,1,26.55839317046016,-0.3028067253788755,0.9468991008316904,3.452954223158515,0.94384235
YX02,25C,420,3.5724868774414062,1.0,3.59336256980896,0.6548012449945274,-0.0086199002900453,1,24.78425979614257,-0.0426006317138671,1.0,3.553644180297852,0.9990209
YX04,25C,330,3.316852331161499,0.7222422290981743,3.324551105499268,0.2455923991733127,-0.0076226409669314,1,24.922178268432617,0.0257472991943359,0.5894230025116894,3.236387630070836,0.5485411
YX08,25C,180,3.235461711883545,0.5878946337257327,3.234894037246704,-0.0016746520996093,-0.0377277904328018,1,26.47994432852866,-0.1574135839766199,0.2182114072463463,3.011499781962755,0.21311122
YX04,25C,240,3.564223527908325,1.0,3.5925281047821045,0.8178597659063644,-0.0084119635240038,1,24.99952888488769,-0.0276107788085937,1.0,3.553644180297852,1.0
YX03,25C,570,3.537240505218506,1.0,3.591613292694092,2.3498253529273057,-0.0037869772046254,1,25.823549270629883,-0.5412039557159787,1.0,3.553644180297852,1.0
YX07,25C,360,3.1927123069763184,0.51733023940315,3.123744249343872,-2.3561229611074688,-0.0131375340833771,1,26.15258152113048,-0.6168680829299298,0.1194456643363362,2.9516654026677025,0.12009083
YX01,25C,180,3.280275344848633,0.6618663503949719,3.274939775466919,-0.2516019720877815,-0.0059244088755509,1,25.051830291748047,-0.0747795104980468,0.496794748331415,3.18027147146399,0.49479738
YX07,25C,480,3.5457470417022705,1.0,3.5913891792297363,1.8954644111704224,-0.0043902294431597,1,25.25900461975211,-0.2150418950664381,1.0,3.553644180297852,1.0
YX01,25C,390,3.2953038215637207,0.6866731368120605,3.2781338691711426,-1.2575098692626103,-0.0040478701505565,1,25.10214229591088,-0.0360354996462284,0.6981899033493753,3.302280922701654,0.70545036
YX07,25C,330,3.548079490661621,1.0,3.5913891792297363,2.15534986704588,-0.0038023526311622,1,25.596183151382267,-0.4274569464144235,1.0,3.553644180297852,1.0
YX05,25C,600,3.2870640754699707,0.6730721827464041,3.2743043899536133,-2.9523343449145294,-0.0011112019389296,1,26.98360252380371,-1.3951663970947266,0.6063475558365666,3.2466408830025,0.5386841
YX04,25C,180,2.300287961959839,0.0,2.065493106842041,-2.0499145098361606,-0.0293910257747858,1,26.23889124819374,-0.348151807275773,0.0,2.8855350017547607,0.0
YX05,25C,390,3.5355610847473145,1.0,3.59216833114624,2.264074087304856,-0.0038637499253519,1,25.78402137756348,-0.364715576171875,1.0,3.553644180297852,1.0
YX08,25C,570,3.3264694213867188,0.738116699125558,3.287493228912353,-3.814603721972593,-0.0034885230452384,1,27.713306041643285,-1.0575506884786137,0.8395382142333242,3.387912723738692,0.8445969
YX01,25C,210,3.27954649925232,0.6606632798921156,3.2524218559265137,-2.5149396174090364,-0.0039440973040777,1,25.41216117809497,-0.0293658442326645,0.4969976291889505,3.1803943809852857,0.51771975
YX03,25C,300,3.2659053802490234,0.6381465383739868,3.2413253784179688,-2.3890267333984374,-0.0034988957077972,1,27.10397148132324,-0.9402694702148438,0.2895184191042089,3.054699080304364,0.2909054
YX07,25C,540,3.260545253753662,0.6292988344010676,3.213831186294556,-4.108653509616852,-0.0034523414816722,1,26.123332171624355,-0.7346216638985759,0.3088773298494162,3.066427118530363,0.2952657
YX02,25C,390,3.2598214149475098,0.6281040283668277,3.248995304107666,-1.6306112912984996,-0.000926413379601,1,25.42939758300781,-0.3987274169921875,0.300845791529455,3.0615614424771067,0.30274823
YX03,25C,480,3.289182186126709,0.6765684465172169,3.2796289920806885,0.0025138854980468,0.8670333839150227,1,28.46259307861328,-2.178091049194336,0.4925050205957963,3.177672663528739,0.47684202
YX02,25C,90,3.569299936294556,1.0,3.5921876430511475,2.2899628001456565,-0.0036738921698735,1,25.62133979797364,-0.0958175659179687,1.0,3.553644180297852,1.0
YX08,25C,480,3.539830446243286,1.0,3.5923664569854736,2.2733580873693984,-0.0037452983514477,1,26.82919186628052,-0.4562792052811453,1.0,3.553644180297852,1.0
YX01,25C,420,3.322550773620605,0.7316483750218795,3.299034118652344,-2.188799405385213,-0.0036513301175065,1,25.97100821692968,-0.5025710221054602,0.7988768219919821,3.363279190953441,0.8384914
YX08,25C,150,3.574833393096924,1.0,3.592555522918701,0.8578125355696237,-0.0069109248507585,1,26.33491046632459,-0.1084309376115264,1.0,3.553644180297852,1.0
YX02,25C,180,3.557898759841919,1.0,3.5921876430511475,2.2899628001456565,-0.0036738921698735,1,25.62133979797364,-0.1659221649169922,1.0,3.553644180297852,1.0
YX02,25C,150,3.5613467693328857,1.0,3.591733932495117,1.850944807152484,-0.0043587719455716,1,25.075359344482425,-0.0828800201416015,1.0,3.553644180297852,1.0
YX05,25C,540,3.224263906478882,0.5694109528923506,3.2071728706359863,-2.0831291675567627,-0.0019437405956111,1,26.351606369018555,-0.7888698577880859,0.2128844872794599,3.0082726210020616,0.20592418
YX03,25C,480,3.567015647888184,1.0,3.592318058013916,0.6733200904436227,-0.0088874043739396,1,25.07288932800293,0.0030727386474609,1.0,3.553644180297852,1.0
YX01,25C,510,3.5080342292785645,1.0,3.591710329055786,2.226016727443372,-0.0045545532217806,1,25.50731658935547,-0.3881397247314453,1.0,3.553644180297852,1.0
YX03,25C,90,3.231013536453247,0.580552243679351,3.231464385986328,-0.6158341024523584,0.0013871491778696,1,25.17384147644043,-0.0180034637451171,0.1892667655379095,2.9939645048564003,0.23708704
YX03,25C,600,3.312662363052368,0.7153260495047181,3.350933074951172,2.5405163180215773,-0.0051234561317862,1,25.988265991210938,-0.6755638122558594,0.6097420043568907,3.248697311823652,0.55219966
YX01,25C,360,3.5176496505737305,1.0,3.59033751487732,2.2786164713556225,-0.0043367258036818,1,25.772655487060547,-0.3556556701660156,1.0,3.553644180297852,1.0
YX01,25C,150,3.5460550785064697,1.0,3.59116530418396,2.113528216194404,-0.0045174274682231,1,25.488407208945084,-0.0675717139499667,1.0,3.553644180297852,1.0
YX01,25C,570,3.29337215423584,0.6834846261106732,3.286073684692383,-0.2516051696280773,-0.0050970873884786,1,24.86830139160156,0.066781997680664,0.6980724644870463,3.302209775751046,0.6929264
YX04,25C,30,2.129788875579834,0.0,2.070081949234009,-2.167595955200881,-0.0275452287141271,1,26.262380599975582,-0.0516891479492187,0.0,2.8855350017547607,0.0
YX01,25C,90,3.2437071800231934,0.6015050328983791,3.2159411907196045,-2.5149563680041265,-0.0050865092629206,1,25.60473823547364,-0.0685462951660156,0.2957989704826,3.058503971375746,0.29376528
YX03,25C,450,3.1968653202056885,0.5241854193472956,3.140578031539917,-3.65197732003682,-0.0062628353649144,1,28.68039321899414,-2.0868587493896484,0.0865451142406286,2.9317335524589097,0.07865374
YX03,25C,210,2.307658672332764,0.0,2.064658164978028,-2.0435008759851807,-0.0293131638015536,1,25.991539001464844,-0.2904014587402344,0.0,2.8855350017547607,0.0
YX04,25C,210,3.313614845275879,0.716898266272435,3.328617811203003,1.228126640023208,-0.0044953186729761,1,25.37134552001953,-0.0480690002441406,0.4912570279142438,3.176916603124946,0.48932093
YX05,25C,120,3.561630964279175,1.0,3.5917410850524902,2.1414230080639443,-0.0039045716505359,1,25.714597702026367,-0.146951675415039,1.0,3.553644180297852,1.0
YX02,25C,180,3.577213287353516,1.0,3.59336256980896,0.6548012449945274,-0.0086199002900453,1,24.78425979614257,0.0157546997070312,1.0,3.553644180297852,0.998755
YX05,25C,480,3.329274892807007,0.7427475563735493,3.297822952270508,-4.429871463775635,-0.0036385991310461,1,25.88080406188965,-0.4700145721435547,0.9409726457608496,3.4493638511313747,0.9358743
YX03,25C,480,3.2357497215271,0.5883700374442313,3.231464385986328,-0.6158341024523584,0.0013871491778696,1,25.17384147644043,-0.088134765625,0.1892667655379095,2.9939645048564003,0.22132665
YX01,25C,240,3.284745216369629,0.6692445531386908,3.257276773452759,-3.005420003618513,-0.0043121156738892,1,25.61100006103516,-0.16217041015625,0.5977395700918443,3.2414259828879386,0.57557315
YX01,25C,540,3.5231242179870605,1.0,3.5920236110687256,2.0055516323920104,-0.0047186761524514,1,25.548885345458984,-0.2351226806640625,1.0,3.553644180297852,1.0
YX03,25C,300,3.322624683380127,0.7317703743205008,3.319663047790528,0.0014114379882812,-0.4346283783783783,1,25.09136962890625,-0.0738182067871093,0.7971502367763121,3.36223318905404,0.79393953
YX03,25C,450,3.2355167865753174,0.5879855428805117,3.231464385986328,-0.6158341024523584,0.0013871491778696,1,25.17384147644043,-0.0893936157226562,0.1892667655379095,2.9939645048564003,0.22085252
YX05,25C,150,3.271260023117065,0.6469851907860406,3.254793405532837,-1.229627562021663,-0.0046530910968458,1,25.303993225097656,-0.2684516906738281,0.4097723343007761,3.1275514495731542,0.3994161
YX01,25C,420,3.537311792373657,1.0,3.590825319290161,2.270879187805763,-0.0040015716259469,1,25.762147903442383,-0.3528785705566406,1.0,3.553644180297852,1.0
YX02,25C,60,3.5747621059417725,1.0,3.59208607673645,2.292127305119925,-0.0036926823208197,1,25.393085479736328,-0.1330945537333256,1.0,3.553644180297852,1.0
YX04,25C,330,3.227944850921631,0.5754869115098179,3.1890079975128174,-2.4561634810175264,-0.005484427165922,1,26.105451583862305,-0.3377819061279297,0.2140148844303685,3.0089574395422627,0.21151087
YX02,25C,180,3.5584425926208496,1.0,3.591733932495117,1.850944807152484,-0.0043587719455716,1,25.075359344482425,-0.033243179321289,1.0,3.553644180297852,1.0
YX07,25C,30,3.581870079040528,1.0,3.591137170791626,2.30955080850739,-0.0040125082838457,1,25.773401623150363,-0.1029946547801863,1.0,3.553644180297852,1.0
YX02,25C,240,3.324185848236084,0.7343473143442832,3.303248882293701,-2.1921292302195976,-0.0041730580184049,1,25.58286476135254,-0.3267288208007812,0.8701159400588063,3.406437357798186,0.8890025
YX03,25C,360,2.361981153488159,0.0,2.068639039993286,-2.225788347611132,-0.0266493981513383,1,26.082256317138672,-0.4874700403652028,0.0,2.8855350017547607,1.8663704e-05
YX03,25C,600,3.565518379211426,1.0,3.592318058013916,0.6733200904436227,-0.0088874043739396,1,25.07288932800293,0.0064362468675653,1.0,3.553644180297852,0.99930006
YX05,25C,150,3.322368860244751,0.7313480993288212,3.307917594909668,0.0014419555664062,3.963128306878307,1,27.03653907775879,-0.5639133453369141,0.872136190240603,3.407661268155026,0.87224895
YX05,25C,510,3.5334813594818115,1.0,3.5917410850524902,2.1414230080639443,-0.0039045716505359,1,25.714597702026367,-0.3926105499267578,1.0,3.553644180297852,1.0
YX07,25C,30,3.580293893814087,1.0,3.5909481048583984,2.24647395416072,-0.0047426372447268,1,25.66500893307289,-0.1096232874028366,1.0,3.553644180297852,1.0
YX01,25C,240,3.2827961444854736,0.6660273135702087,3.2677876949310303,-1.822089707707784,-0.0029779919280695,1,25.54357147216797,-0.2155818939208984,0.5474342623615767,3.2109499618040926,0.55514
YX07,25C,240,3.254367113113404,0.6191008736746975,3.213831186294556,-4.108653509616852,-0.0034523414816722,1,26.123332171624355,-0.5164844257272527,0.3088773298494162,3.066427118530363,0.29927623
YX02,25C,30,3.581568956375122,1.0,3.59145450592041,2.150916792980426,-0.0045959702288576,1,25.47012710571289,-0.0459060668945312,1.0,3.553644180297852,1.0
YX08,25C,30,3.2850966453552246,0.669824640126329,3.285348892211914,0.0011281967163085,-0.2235841081994928,1,26.51200232302625,0.0611370353035205,0.5651536786902238,3.2216847595817115,0.5775844
YX08,25C,240,3.555786609649658,1.0,3.592114210128784,2.2309558547319885,-0.0035902423384703,1,26.951084480476485,-0.4177291731977917,1.0,3.553644180297852,1.0
YX01,25C,510,3.53000807762146,1.0,3.592104434967041,2.2215784823739493,-0.0040427236516797,1,25.67543601989746,-0.414682388305664,1.0,3.553644180297852,1.0
YX07,25C,480,3.326802492141724,0.7386664830616032,3.304422378540039,-2.430855107918764,-0.0037345970176818,1,25.577756178057587,-0.4019921796359575,0.9004589141249697,3.4248197742689355,0.88316333
YX05,25C,570,3.521986961364746,1.0,3.591916561126709,2.1374226844656588,-0.0042040153747152,1,25.688241958618164,-0.424264907836914,1.0,3.553644180297852,1.0
YX03,25C,480,3.5110092163085938,1.0,3.591469049453736,2.107061452542441,-0.0050930923969927,1,25.652097702026367,-0.382120132446289,1.0,3.553644180297852,1.0
YX06,25C,330,3.5217654705047607,1.0,3.592130422592163,2.0485350922799217,-0.0045189934135092,1,25.4116342952278,-0.452430575135029,1.0,3.553644180297852,1.0
YX05,25C,540,3.50767469406128,1.0,3.5914249420166016,2.148921464648096,-0.0042918022119975,1,25.59712791442871,-0.3226051330566406,1.0,3.553644180297852,1.0
YX05,25C,420,3.2771787643432617,0.6567549733288623,3.258457899093628,-2.2031487709234567,-0.0016865649766086,1,26.02865028381348,-0.4962902069091797,0.4097556613658794,3.127541348755997,0.3969916
YX08,25C,60,3.5777976512908936,1.0,3.592303276062012,1.9520675657863835,-0.0038123667738304,1,26.413764156515,0.1442996975290498,1.0,3.553644180297852,1.0
YX08,25C,240,3.286294937133789,0.671802602948493,3.283961296081543,-0.0016746520996093,-0.30125284738041,1,26.52589915539725,-0.2095989518066439,0.549426231604287,3.2121567389689343,0.5483356
YX08,25C,90,3.569220304489136,1.0,3.592240333557129,2.292492960781604,-0.0035764456672217,1,26.95089604485203,-0.1191221069357411,1.0,3.553644180297852,0.9997969
YX02,25C,150,3.559206247329712,1.0,3.59208607673645,2.292127305119925,-0.0036926823208197,1,25.393085479736328,-0.1681575775146484,1.0,3.553644180297852,1.0
YX02,25C,180,3.552173614501953,1.0,3.591605424880981,2.29926786697328,-0.0037344090399813,1,25.38696357381621,0.1454804264279303,1.0,3.553644180297852,1.0
YX01,25C,210,3.5522594451904297,1.0,3.591616630554199,2.145762691963773,-0.0039048971143574,1,25.405054092407227,-0.139312744140625,1.0,3.553644180297852,1.0
YX07,25C,90,3.5761961936950684,1.0,3.59201979637146,0.8547523137061827,-0.0076706559551317,1,25.32373252525107,-0.1333968520541688,1.0,3.553644180297852,0.99963945
YX01,25C,240,3.280454158782959,0.6621615099884106,3.262176036834717,-1.257500935713141,-0.0048766279999573,1,24.87197494506836,0.0121078491210937,0.4969930462962191,3.1803916045717857,0.51505935
YX05,25C,90,3.5654993057250977,1.0,3.591843605041504,2.165886784079896,-0.0042490481132096,1,25.784683227539062,-0.0833778381347656,1.0,3.553644180297852,1.0
YX08,25C,360,3.328613758087158,0.7416562529700752,3.322180986404419,-1.175623803099325,-0.0015019498517902,1,26.55839317046016,-0.232374607307932,0.9468991008316904,3.452954223158515,0.9535661
YX05,25C,570,3.211612701416016,0.5485282148834986,3.144033908843994,-5.286853701569314,-0.0065538287303024,1,28.584880828857425,-2.4597129821777344,0.1836010875237884,2.9905321170944874,0.16248061
YX08,25C,30,3.316378593444824,0.7214602529486239,3.308999538421631,-2.2232009012674547,-0.0033191130045811,1,26.76728739832603,-0.0782559673016507,0.9103016693621852,3.430782723899239,0.89510477
YX04,25C,510,3.539100646972656,1.0,3.5920891761779785,2.0699525317591583,-0.0042364612827531,1,25.47435569763184,-0.3622112274169922,1.0,3.553644180297852,1.0
YX01,25C,450,3.49227261543274,1.0,3.590876579284668,2.13105598954778,-0.005102538182477,1,25.59483528137207,-0.2403564453125,1.0,3.553644180297852,1.0
YX08,25C,30,3.305720090866089,0.703866773449053,3.3055307865142822,-0.0013236999511718,-0.1430115273775216,1,26.77758660736084,0.0806701454162599,0.7202529904740442,3.3156472082632384,0.76353526
YX05,25C,420,3.210192918777466,0.5461846477115951,3.144033908843994,-5.286853701569314,-0.0065538287303024,1,28.584880828857425,-2.125333786010742,0.1836010875237884,2.9905321170944874,0.16912317
YX01,25C,360,3.296129941940308,0.6880367741337474,3.271939992904663,-2.514948793300096,-0.0031208347640845,1,25.21068382263184,-0.1627311706542968,0.698191069699212,3.302281629301093,0.69280046
YX05,25C,60,3.321099281311035,0.7292524662154062,3.297822952270508,-4.429871463775635,-0.0036385991310461,1,25.88080406188965,0.0130062103271484,0.9409726457608496,3.4493638511313747,0.951814
YX02,25C,360,3.289541244506836,0.677161126980842,3.292898178100586,-0.0029678344726562,1.2883997429305911,1,28.293102264404297,-1.774885177612305,0.5005020991708633,3.182517463138548,0.48498288
YX01,25C,300,3.280501127243042,0.6622390385749538,3.2652816772460938,-1.0949835428377477,-0.0040361932649252,1,25.533111572265625,-0.1932086944580078,0.3966304931468507,3.119589843807117,0.44991022
YX02,25C,30,3.5836660861968994,1.0,3.591733932495117,1.850944807152484,-0.0043587719455716,1,25.075359344482425,-0.0170833460693238,1.0,3.553644180297852,0.9995664
YX04,25C,540,3.315502643585205,0.7200143644868988,3.324551105499268,0.2455923991733127,-0.0076226409669314,1,24.922178268432617,-0.0090293884277343,0.5894230025116894,3.236387630070836,0.535885
YX03,25C,540,2.4514589309692383,0.0,2.059387445449829,-1.6915377769433104,-0.0333935008424079,1,26.426326751708984,-0.794342041015625,0.0,2.8855350017547607,5.415827e-05
YX01,25C,120,3.3232336044311523,0.7327754911226908,3.310654878616333,-2.39438427734375,-0.0026557399258702,1,25.82171058654785,-0.2185211181640625,0.8994180634751242,3.4241892048960194,0.9175943
YX02,25C,540,3.5385961532592773,1.0,3.59208607673645,2.292127305119925,-0.0036926823208197,1,25.393085479736328,-0.4661407470703125,1.0,3.553644180297852,1.0
YX04,25C,210,3.318021297454834,0.7241717857470144,3.324551105499268,0.2455923991733127,-0.0076226409669314,1,24.922178268432617,0.0555305480957031,0.5894230025116894,3.236387630070836,0.55463535
YX08,25C,60,3.2898898124694824,0.6777364914149852,3.2866101264953613,0.0014781951904296,1.1946774193548386,1,28.152069091796875,-0.1576531643507301,0.6514095661601107,3.273940403444048,0.5989139
YX04,25C,300,3.5412917137146,1.0,3.591829299926758,2.2292482797231084,-0.0038389779077965,1,25.84111213684082,-0.3312110900878906,1.0,3.553644180297852,1.0
YX08,25C,510,3.2855379581451416,0.6705530940029357,3.28333067893982,0.0011281967163085,0.1677937447168216,1,26.407415873863417,-0.1508690617591774,0.4137643714672084,3.1299699102553555,0.4053051
YX05,25C,600,3.547137975692749,1.0,3.592146635055542,1.8898582377132007,-0.0039244875677373,1,25.455004157268444,-0.2087864296073114,1.0,3.553644180297852,1.0
YX07,25C,600,3.4961960315704346,1.0,3.5909481048583984,2.24647395416072,-0.0047426372447268,1,25.66500893307289,-0.5383059279315425,1.0,3.553644180297852,0.99946976
YX07,25C,150,3.556779384613037,1.0,3.591137170791626,2.268620080657949,-0.003862628445816,1,25.69371536960092,-0.1213517394968484,1.0,3.553644180297852,1.0
YX08,25C,60,3.571995258331299,1.0,3.591294288635254,2.257771090639962,-0.0042180501659862,1,27.0851289995825,-0.1882539980953659,1.0,3.553644180297852,0.9996139
YX02,25C,480,3.283818006515503,0.6677140522601799,3.280393123626709,-0.001678466796875,0.2971590909090909,1,24.668851852416992,-0.0136374055862411,0.5004943599894499,3.1825127745785013,0.4994168
YX08,25C,120,3.560138463973999,1.0,3.591231107711792,2.30970633536762,-0.0037682150742844,1,26.976173758219737,-0.1373738009916536,1.0,3.553644180297852,0.9998236
YX08,25C,120,3.2383627891540527,0.5926833029696825,3.2379212379455566,0.0011281967163085,0.1117920540997464,1,26.521034633636475,-0.1368981427855473,0.2181860550766607,3.0114844230813027,0.21710376
YX03,25C,510,3.5386404991149902,1.0,3.591613292694092,2.3498253529273057,-0.0037869772046254,1,25.823549270629883,-0.5176010131835938,1.0,3.553644180297852,1.0
YX07,25C,420,3.284060001373291,0.6681135015766336,3.264517068862915,-1.079084175604361,-0.0063678645499899,1,25.633837330440773,-0.4423726610496992,0.5051836338981972,3.185353636049366,0.44800082
YX05,25C,120,3.5635082721710205,1.0,3.5923306941986084,2.177293852897221,-0.0037588837877482,1,25.712885762325108,-0.0831974993856548,1.0,3.553644180297852,1.0
YX02,25C,570,3.5245440006256104,1.0,3.5920627117156982,2.2808241374568183,-0.0040321038788807,1,25.40030670166016,-0.2866482148104232,1.0,3.553644180297852,1.0
YX03,25C,420,3.286208391189575,0.6716597457052687,3.2835352420806885,-0.6085036527193509,0.0007894996763663,1,24.928047692283315,0.4174322729266464,0.59433043517313,3.239360656735528,0.5954033
YX08,25C,120,3.5655622482299805,1.0,3.592114210128784,2.2309558547319885,-0.0035902423384703,1,26.951084480476485,-0.1709442236615146,1.0,3.553644180297852,0.9999418
YX06,25C,210,3.282845497131348,0.6661087776179978,3.256531238555908,-2.398606891873517,-0.0048340604693208,1,26.7370662689209,-0.8665924072265625,0.4459157924121815,3.1494479221551828,0.43689346
YX05,25C,150,3.553061962127685,1.0,3.5915744304656982,2.1669908631761623,-0.0039467408076634,1,25.713930997331524,-0.1852711767748829,1.0,3.553644180297852,1.0
YX07,25C,90,3.2908685207366943,0.6793519982564065,3.2794578075408936,-1.3081593183601428,-0.0043854198566068,1,25.44441888037742,-0.1094422637087184,0.7075139231669264,3.307929611425904,0.6993821
YX01,25C,150,3.248737573623657,0.6098084625809973,3.2297608852386475,-1.2574959048154075,-0.0058018852476166,1,25.238340377807617,-0.0406455993652343,0.2957943321453059,3.058501161372756,0.29484
YX05,25C,510,3.527315139770508,1.0,3.591843605041504,2.165886784079896,-0.0042490481132096,1,25.784683227539062,-0.4015331268310547,1.0,3.553644180297852,1.0
YX02,25C,360,3.285196781158448,0.6699899294986547,3.285491704940796,0.0011444091796875,-2.388333333333333,1,25.52326202392578,-0.3993129730224609,0.5005735086173843,3.182560724493978,0.49935225
YX06,25C,180,3.300511360168457,0.6952689712652453,3.271883487701416,-4.257505994699596,-0.0033184795503679,1,27.64324378967285,-0.8417648024662512,0.7328392530655808,3.32327223276688,0.7334675
YX01,25C,240,3.553657293319702,1.0,3.592268228530884,1.893253112352696,-0.0043820085348691,1,25.323108673095703,-0.0946807861328125,1.0,3.553644180297852,1.0
YX02,25C,420,3.53144907951355,1.0,3.59140419960022,2.288848341226705,-0.0038496370725611,1,25.497711181640625,-0.4822444915771484,1.0,3.553644180297852,1.0
YX08,25C,420,3.542163848876953,1.0,3.5923664569854736,2.2733580873693984,-0.0037452983514477,1,26.82919186628052,-0.4206779260250464,1.0,3.553644180297852,1.0
YX01,25C,120,3.562530040740967,1.0,3.591998338699341,1.7535317019335006,-0.0047624388888904,1,25.35965347290039,-0.0415573120117187,1.0,3.553644180297852,1.0
YX05,25C,570,3.2254908084869385,0.5714361412494648,3.206259250640869,-2.9785759108407155,-0.0016259436530268,1,27.60624122619629,-1.7914657592773438,0.2129343031232483,3.008302800495521,0.17462212
YX07,25C,300,3.5183868408203125,1.0,3.590317487716675,2.240734864265934,-0.0044733511592285,1,25.732345485280835,-0.1940813614946179,1.0,3.553644180297852,1.0
YX04,25C,510,3.536156177520752,1.0,3.592024087905884,2.215304496284704,-0.0038628187030111,1,25.934385299682617,-0.6536483764648438,1.0,3.553644180297852,1.0
YX07,25C,30,3.165541172027588,0.4724801488609491,3.1439807415008545,-2.681657019528476,-0.0080399657263121,1,25.906491130333595,0.0236707372678921,0.1211809330282839,2.952716665200982,0.11469692
YX03,25C,60,3.572730541229248,1.0,3.591752529144287,2.3568505214436843,-0.0038630912804573,1,25.97767639160156,-0.2730236053466797,1.0,3.553644180297852,1.0
YX06,25C,360,3.2853596210479736,0.6702587215017463,3.234118938446045,-8.14759553096209,-0.002613487630283,1,27.11468315124512,-1.44189453125,0.5251161004408947,3.1974291465276137,0.50428843
YX07,25C,60,3.27548623085022,0.6539611893904337,3.264517068862915,-1.079084175604361,-0.0063678645499899,1,25.633837330440773,-0.0958601965330103,0.5051836338981972,3.185353636049366,0.47262725
YX07,25C,510,3.2677950859069824,0.6412657849574472,3.206959724426269,-6.494200495422864,-0.0035917343919797,1,26.70359083927532,-1.162813406520037,0.3302572118812273,3.0793795039737697,0.31252232
YX03,25C,420,3.267446279525757,0.6406900269771795,3.2413253784179688,-2.3890267333984374,-0.0034988957077972,1,27.10397148132324,-1.2144107818603516,0.2895184191042089,3.054699080304364,0.28536266
YX04,25C,390,2.376880168914795,0.0,2.0637922286987305,-1.868227946486658,-0.0314319349017274,1,26.04281616210937,-0.5264377593994141,0.0,2.8855350017547607,0.00013207644
YX04,25C,600,3.553882598876953,1.0,3.5925281047821045,0.8178597659063644,-0.0084119635240038,1,24.99952888488769,-0.0124053955078125,1.0,3.553644180297852,1.0
YX02,25C,480,3.2961885929107666,0.6881335864803954,3.292668342590332,-0.0021324157714843,0.1310375670840787,1,24.76204872131348,-0.0307655334472656,0.7003199916049453,3.3035713752903804,0.6969657
YX02,25C,270,3.554598093032837,1.0,3.592320442199707,1.9371106754750649,-0.0040214990047762,1,24.99773406982422,-0.1099185943603515,1.0,3.553644180297852,1.0
YX02,25C,30,3.583958625793457,1.0,3.592252016067505,1.7731495526914272,-0.0046772085645339,1,25.04657593551202,0.0186191481061435,1.0,3.553644180297852,0.9995042
YX08,25C,210,3.5574893951416016,1.0,3.592114210128784,2.2309558547319885,-0.0035902423384703,1,26.951084480476485,-0.3268545508342448,1.0,3.553644180297852,1.0
YX08,25C,600,3.2880609035491943,0.6747175990932939,3.275951623916626,-1.9193662537468803,-0.0018729491198856,1,27.334906790188,-0.8288981581002943,0.568602234278159,3.2237739676106187,0.5210017
YX02,25C,330,3.25127387046814,0.6139950062543321,3.202746152877808,-5.11036024181121,-0.0034681159597452,1,25.982566273339263,-0.5400537611322314,0.2808265951247765,3.0494333892111976,0.27009737
YX08,25C,420,3.236722946166992,0.5899764927247871,3.234894037246704,-0.0016746520996093,-0.0377277904328018,1,26.47994432852866,-0.1588572811261031,0.2182114072463463,3.011499781962755,0.2161333
YX05,25C,390,3.3263094425201416,0.7378526296759614,3.3126380443573,-1.2296351209262208,-0.0037477725196909,1,25.21761131286621,-0.0164527893066406,0.9016227677124774,3.425524861427165,0.9059911
YX03,25C,240,3.313610315322876,0.7168907888960679,3.337325096130371,2.5404654359367407,-0.0038288264239261,1,25.91979217529297,-0.2457408905029297,0.5081065706020652,3.1871244130236662,0.51977366
YX02,25C,390,3.5276269912719727,1.0,3.5914466381073,2.1405543642317726,-0.004176368136859,1,25.296949677563635,-0.3063204813966429,1.0,3.553644180297852,1.0
YX06,25C,150,3.287323474884033,0.6735003609299526,3.261194944381714,-5.163244569456422,-0.0027768930753826,1,27.17439079284668,-0.7481651306152344,0.6339036748730262,3.2633349636598936,0.6134691
YX02,25C,510,3.5312340259552,1.0,3.591605424880981,2.29926786697328,-0.0037344090399813,1,25.38696357381621,-0.3049723781374993,1.0,3.553644180297852,1.0
YX07,25C,150,3.31766128540039,0.723577531098891,3.312680959701538,-0.4682979583740234,-0.0012116991076192,1,26.685605480420648,-0.569567075035426,0.7904317625992708,3.358162995074338,0.80054605
YX01,25C,120,3.155951976776123,0.4566517237301418,3.0651230812072754,-2.5149442001243902,-0.0156323581398608,1,26.19474220275879,-0.3199691772460937,0.0946067861615416,2.9366174840859687,0.079615474
YX05,25C,300,3.5508720874786377,1.0,3.592496633529663,2.064356458534164,-0.003871669543397,1,25.603609085083008,-0.1618995666503906,1.0,3.553644180297852,1.0
YX04,25C,240,3.5572896003723145,1.0,3.592076301574707,2.105579703463621,-0.0035382672750456,1,25.580944061279297,-0.2208843231201172,1.0,3.553644180297852,1.0
YX04,25C,390,2.289080619812012,0.0,2.0695700645446777,-2.1067121785373715,-0.0247166445539378,1,26.15926742553711,-0.6468124389648438,0.0,2.8855350017547607,0.0
YX03,25C,570,3.342215061187744,0.7641072722853982,3.3827929496765137,2.540252216819755,-0.006097559811554,1,25.91814041137696,-0.4717426300048828,0.8129030744794479,3.371776591840588,0.80375916
YX02,25C,450,3.540870428085327,1.0,3.59208607673645,2.292127305119925,-0.0036926823208197,1,25.393085479736328,-0.4534358978271484,1.0,3.553644180297852,1.0
YX08,25C,330,3.552191734313965,1.0,3.5924293994903564,2.239788687917552,-0.0034634630267018,1,26.963499801124005,-0.4380584040747415,1.0,3.553644180297852,1.0
YX08,25C,60,3.2851595878601074,0.6699285363032195,3.285348892211914,-0.0013236999511718,0.1905619596541787,1,26.24294662475586,-0.0673478453957869,0.4201054094528064,3.133811445394724,0.42699555
YX02,25C,270,3.1925976276397705,0.5171409437172247,3.1900277137756348,-0.0013198852539062,0.721278901734104,1,24.770463276424305,-0.0453198438071176,0.1009090420538367,2.94043552421166,0.09575775
YX05,25C,30,3.277585029602051,0.657425575925155,3.2743043899536133,-2.9523343449145294,-0.0011112019389296,1,26.98360252380371,-0.1403675079345703,0.6063475558365666,3.2466408830025,0.63958573
YX02,25C,450,3.323650598526001,0.7334638032945899,3.291053533554077,-4.815990755634923,-0.0021650785201835,1,28.22425842285156,-2.003711700439453,0.969921049911754,3.4669014076050795,0.85108894
YX07,25C,420,3.547764301300049,1.0,3.591956615447998,1.981437902824552,-0.0040724348707519,1,25.397094834795915,-0.2729370786224621,1.0,3.553644180297852,1.0
YX01,25C,180,3.54847264289856,1.0,3.5920236110687256,2.0055516323920104,-0.0047186761524514,1,25.548885345458984,-0.1237621307373046,1.0,3.553644180297852,1.0
YX07,25C,150,3.256132364273072,0.6220146891811246,3.206959724426269,-6.494200495422864,-0.0035917343919797,1,26.70359083927532,-0.4269847636539374,0.3302572118812273,3.0793795039737697,0.32499608
YX01,25C,390,3.5413625240325928,1.0,3.591998338699341,1.7535317019335006,-0.0047624388888904,1,25.35965347290039,-0.078500747680664,1.0,3.553644180297852,1.0
YX02,25C,390,3.196605443954468,0.523756454071498,3.15560245513916,-1.496686424399322,-0.0104432331007567,1,25.56886100769043,-0.3852863311767578,0.1310072004002482,2.95866962613324,0.12296334
YX07,25C,600,3.327495813369751,0.7398109151918962,3.325793743133545,0.0011548995971679,0.5458298926507019,1,25.31051697216034,-0.2938291797327537,0.8169644984221941,3.37423708850176,0.81046253
YX07,25C,540,3.288725137710572,0.6758140185963876,3.287527322769165,0.0011548995971679,0.8732452518579686,1,25.03163193211989,0.0085962834745565,0.5128248395991253,3.189982840333258,0.5197927
YX01,25C,330,3.325443744659424,0.7364236636975935,3.303844928741455,-2.514936119565673,-0.0036000697874367,1,25.10425066189361,-0.0897191453603127,0.8993878746022332,3.424170915837305,0.90422994
YX02,25C,300,3.1950020790100098,0.521109856383664,3.178189754486084,-3.441764004259225,-0.0008264173967656,1,28.218267690328176,-1.6202280632529806,0.1009185633276136,2.940441292401011,0.09854429
YX05,25C,60,3.5771188735961914,1.0,3.592146635055542,1.8898582377132007,-0.0039244875677373,1,25.455004157268444,-0.0242180244559442,1.0,3.553644180297852,1.0
YX03,25C,210,3.55806040763855,1.0,3.5921547412872314,2.0352647313150145,-0.0040072540089842,1,25.46062469482422,-0.0772724151611328,1.0,3.553644180297852,1.0
YX03,25C,270,3.5427005290985107,1.0,3.591752529144287,2.3568505214436843,-0.0038630912804573,1,25.97767639160156,-0.5242137908935547,1.0,3.553644180297852,1.0
YX02,25C,300,3.533973217010498,1.0,3.5914466381073,2.1405543642317726,-0.004176368136859,1,25.296949677563635,-0.2256231167802482,1.0,3.553644180297852,1.0
YX01,25C,30,3.262341022491455,0.6322630238114416,3.2524218559265137,-2.5149396174090364,-0.0039440973040777,1,25.41216117809497,-0.0071299738713364,0.4969976291889505,3.1803943809852857,0.42291805
YX04,25C,450,3.3235507011413574,0.7332989074683889,3.2922475337982178,-2.45614252077227,-0.0040382230368641,1,25.38207626342773,-0.2265167236328125,0.803495404371626,3.366077225998456,0.8456289
YX02,25C,600,3.329965591430664,0.743887659496472,3.312328338623047,-2.226234613462936,-0.0031413103182907,1,25.21537214539317,-0.3417606951978627,0.94006869012333,3.448816215656892,0.91300803
YX04,25C,420,3.5357346534729004,1.0,3.591986656188965,2.231903898372308,-0.0039696479872876,1,25.80059051513672,-0.4477443695068359,1.0,3.553644180297852,1.0
YX07,25C,330,3.5483317375183105,1.0,3.5909481048583984,2.1520018072667537,-0.0037204124447174,1,25.520960673428952,-0.2118706915246804,1.0,3.553644180297852,1.0
YX04,25C,570,3.3438291549682617,0.7667715795488385,3.3691179752349854,1.2281249919878776,-0.0062007758858132,1,25.40793800354004,-0.3130989074707031,0.7860065690809177,3.355482119098218,0.7876943
YX07,25C,540,3.4993481636047363,1.0,3.5909481048583984,2.24647395416072,-0.0047426372447268,1,25.66500893307289,-0.3908521125098758,1.0,3.553644180297852,0.99996233
YX01,25C,480,3.2255003452301025,0.5714518830944482,3.212759256362915,-0.7689015865325928,-0.0039342550264231,1,26.2335262298584,-0.5211876004400899,0.1949368976850389,2.9973995910264457,0.19285583
YX04,25C,390,2.3441011905670166,0.0,2.070430517196656,-2.204450816379637,-0.0286163836336631,1,26.36466789245605,-0.6778221130371094,0.0,2.8855350017547607,0.0
YX02,25C,60,3.2959542274475098,0.6877467306399283,3.293207883834839,-0.7694283044926254,-0.0017897778192585,1,25.39529800415039,-0.0918329744899537,0.7003398726905831,3.303583419673218,0.7237462
YX03,25C,180,3.2628543376922607,0.633110328617673,3.2413253784179688,-2.3890267333984374,-0.0034988957077972,1,27.10397148132324,-0.6879100799560547,0.2895184191042089,3.054699080304364,0.29634032
YX02,25C,120,3.282532930374145,0.6655928386486669,3.285491704940796,0.0011444091796875,-2.388333333333333,1,25.52326202392578,-0.2205276489257812,0.5005735086173843,3.182560724493978,0.5018925
YX05,25C,540,3.517896175384521,1.0,3.591415405273437,2.144524537737908,-0.0041649676055016,1,25.650325775146484,-0.3272075653076172,1.0,3.553644180297852,1.0
YX01,25C,300,3.281458139419556,0.6638187327190378,3.2524218559265137,-2.5149396174090364,-0.0039440973040777,1,25.41216117809497,-0.0632989878217138,0.4969976291889505,3.1803943809852857,0.4955461
YX02,25C,270,3.5552096366882324,1.0,3.592252016067505,1.7731495526914272,-0.0046772085645339,1,25.04657593551202,-0.0806853343463487,1.0,3.553644180297852,1.0
YX03,25C,570,3.309997081756592,0.7109265973779827,3.337325096130371,2.5404654359367407,-0.0038288264239261,1,25.91979217529297,-0.5179805755615234,0.5081065706020652,3.1871244130236662,0.47766322
YX08,25C,300,3.5269644260406494,1.0,3.590726613998413,2.2908658066184904,-0.0042396449537988,1,27.06373089167077,-0.3610915645709802,1.0,3.553644180297852,1.0
YX02,25C,540,3.526825189590454,1.0,3.59140419960022,2.288848341226705,-0.0038496370725611,1,25.497711181640625,-0.4971218109130859,1.0,3.553644180297852,1.0
YX01,25C,570,3.5313894748687744,1.0,3.59157943725586,2.280580869654511,-0.0040769647204886,1,25.61343002319336,-0.4550895690917969,1.0,3.553644180297852,1.0
YX05,25C,240,3.3248393535614014,0.7354260242717706,3.3126380443573,-1.2296351209262208,-0.0037477725196909,1,25.21761131286621,-0.0331611633300781,0.9016227677124774,3.425524861427165,0.914021
YX08,25C,480,3.2890069484710693,0.676279190115647,3.288565397262573,0.0011281967163085,0.6149619611158073,1,26.335971425369262,-0.1813298053572936,0.4348488742244673,3.142743348676964,0.43002626
YX08,25C,540,3.549858331680298,1.0,3.592681646347046,2.1480606783088434,-0.0034058042091674,1,26.6916473178708,-0.4395899344010558,1.0,3.553644180297852,1.0
YX04,25C,540,3.534385681152344,1.0,3.5916078090667725,2.183369083228604,-0.0037104239322251,1,25.627220276271963,-0.5338476239966639,1.0,3.553644180297852,1.0
YX04,25C,570,3.5336408615112305,1.0,3.592167377471924,2.206951253762207,-0.0038659880942924,1,25.90801048278809,-0.5534187999070994,1.0,3.553644180297852,1.0
YX07,25C,30,3.294398784637451,0.685179235723136,3.293579339981079,0.0011548995971679,0.7095375722543352,1,25.06756686305828,0.0331169862768163,0.6102338668188082,3.248995292522629,0.6154509
YX05,25C,240,3.54166316986084,1.0,3.591916561126709,2.1374226844656588,-0.0042040153747152,1,25.688241958618164,-0.26544189453125,1.0,3.553644180297852,1.0
YX03,25C,270,3.277358293533325,0.6570513135606748,3.273888349533081,0.0055160522460937,-0.0400242047026279,1,25.005334854125977,-0.0158348083496093,0.3917786479455435,3.1166504932033314,0.38006708
YX05,25C,330,3.2220277786254883,0.5657198837898681,3.2071728706359863,-2.0831291675567627,-0.0019437405956111,1,26.351606369018555,-0.6418514251708984,0.2128844872794599,3.0082726210020616,0.20397952
YX07,25C,210,3.325730562210083,0.7368970996854691,3.2977399826049805,-2.642827914311336,-0.0055579593965715,1,25.93189604641156,-0.3074951266707693,0.9196792468454804,3.436463858991955,0.902099
YX02,25C,390,3.546433925628662,1.0,3.5921876430511475,2.2899628001456565,-0.0036738921698735,1,25.62133979797364,-0.4128698635911547,1.0,3.553644180297852,1.0
YX02,25C,450,3.283652305603028,0.6674405377035932,3.280393123626709,-0.001678466796875,0.2971590909090909,1,24.668851852416992,-0.0093002319335937,0.5004943599894499,3.1825127745785013,0.5005737
YX02,25C,60,3.252889394760132,0.6166616747945198,3.2531497478485107,0.0012130737304687,-0.4170597484276729,1,24.84007453918457,-0.0297934052133257,0.3007835172702857,3.0615237154116923,0.31273088
YX02,25C,150,3.5609130859375,1.0,3.5921876430511475,2.2899628001456565,-0.0036738921698735,1,25.62133979797364,-0.1618614196777343,1.0,3.553644180297852,1.0
YX02,25C,150,3.316211938858032,0.7211851642075391,3.291053533554077,-4.815990755634923,-0.0021650785201835,1,28.22425842285156,-0.84539794921875,0.969921049911754,3.4669014076050795,0.8469101
YX02,25C,300,3.5336833000183105,1.0,3.591418981552124,2.284430704669063,-0.0038792072565447,1,25.39805603027344,-0.2997512817382812,1.0,3.553644180297852,1.0
YX01,25C,330,3.5311717987060547,1.0,3.591370105743408,2.2974598560632367,-0.0043596857199493,1,25.718524932861328,-0.3237342834472656,1.0,3.553644180297852,1.0
YX03,25C,360,3.2346320152282715,0.5865250932121769,3.231464385986328,-0.6158341024523584,0.0013871491778696,1,25.17384147644043,-0.0791492462158203,0.1892667655379095,2.9939645048564003,0.22094
YX07,25C,570,3.2681734561920166,0.6418903426571636,3.206959724426269,-6.494200495422864,-0.0035917343919797,1,26.70359083927532,-1.2634459810427678,0.3302572118812273,3.0793795039737697,0.31289387
YX08,25C,240,3.293484687805176,0.6836703798814773,3.2866101264953613,0.0014781951904296,1.1946774193548386,1,28.152069091796875,-0.8915185088409636,0.6514095661601107,3.273940403444048,0.6369713
YX04,25C,510,3.2807116508483887,0.6625865398029623,3.242399215698242,-2.456163638060648,-0.0043792905446071,1,25.36666679382324,-0.2501049041748047,0.4105069712677588,3.127996508210203,0.3999155
YX05,25C,450,3.522291898727417,1.0,3.591415405273437,2.144524537737908,-0.0041649676055016,1,25.650325775146484,-0.3581829071044922,1.0,3.553644180297852,1.0
YX07,25C,480,3.289040327072144,0.6763342865730889,3.287527322769165,0.0011548995971679,0.8732452518579686,1,25.03163193211989,-0.0200613176866006,0.5128248395991253,3.189982840333258,0.526338
YX07,25C,60,3.5740528106689453,1.0,3.5913891792297363,1.947589218946329,-0.0044992023741332,1,25.35385704040528,-0.0031926484808515,1.0,3.553644180297852,1.0
YX03,25C,30,3.337916851043701,0.7570124227513805,3.350933074951172,2.5405163180215773,-0.0051234561317862,1,25.988265991210938,-0.0389862060546875,0.6097420043568907,3.248697311823652,0.70072776
YX08,25C,300,3.5472092628479004,1.0,3.591294288635254,2.2794478040770354,-0.0034032037471323,1,26.943565437201,-0.4760286915212646,1.0,3.553644180297852,1.0
YX05,25C,510,3.515209436416626,1.0,3.591559648513794,2.2122637211080765,-0.0040814076201696,1,25.665258968297145,-0.2711721305285905,1.0,3.553644180297852,1.0
YX06,25C,330,3.2810399532318115,0.6631284528165158,3.254664659500122,-2.04216165745512,-0.0046896561146218,1,26.340633392333984,-0.9639568328857422,0.3865614937993565,3.1134898307020817,0.36922523
YX06,25C,360,3.281482696533203,0.66385926796987,3.254664659500122,-2.04216165745512,-0.0046896561146218,1,26.340633392333984,-0.9826011657714844,0.3865614937993565,3.1134898307020817,0.3722359
YX07,25C,180,3.2809078693389893,0.6629104282634958,3.264517068862915,-1.079084175604361,-0.0063678645499899,1,25.633837330440773,-0.2519932218592302,0.5051836338981972,3.185353636049366,0.47731793
YX04,25C,420,3.545761585235596,1.0,3.591775417327881,2.149202637320992,-0.0037272547967923,1,25.70903778076172,-0.404541015625,1.0,3.553644180297852,1.0
YX08,25C,450,3.325460433959961,0.7364512119263145,3.287493228912353,-3.814603721972593,-0.0034885230452384,1,27.713306041643285,-0.9492683047156838,0.8395382142333242,3.387912723738692,0.8542353
YX07,25C,420,3.2664082050323486,0.6389765271507365,3.206959724426269,-6.494200495422864,-0.0035917343919797,1,26.70359083927532,-0.9797257906366106,0.3302572118812273,3.0793795039737697,0.3101034
YX03,25C,600,3.1986215114593506,0.5270842801009884,3.140578031539917,-3.65197732003682,-0.0062628353649144,1,28.68039321899414,-2.5065574645996094,0.0865451142406286,2.9317335524589097,0.073395774
YX04,25C,150,3.3153765201568604,0.7198061785869934,3.320322036743164,0.2455972767935859,-0.0068371362847951,1,24.958852767944336,0.0164699554443359,0.4911958961199243,3.176879568188939,0.5016751
YX04,25C,510,3.2628495693206787,0.6331024576951814,3.268026828765869,0.2456035467009298,-0.0043945656408091,1,24.8984375,-0.0104999542236328,0.1964841666392957,2.998336959336071,0.19860211
YX04,25C,510,3.5352678298950195,1.0,3.5916078090667725,2.183369083228604,-0.0037104239322251,1,25.627220276271963,-0.4866982730981348,1.0,3.553644180297852,1.0
YX04,25C,420,3.2856996059417725,0.6708199182754043,3.260794878005981,-2.456129057035264,-0.0035580355899283,1,25.31427574157715,-0.172607421875,0.5578838637142551,3.21728055166649,0.53646934
YX03,25C,150,3.320760726928711,0.7286936307184956,3.319663047790528,0.0014114379882812,-0.4346283783783783,1,25.09136962890625,-0.0316543579101562,0.7971502367763121,3.36223318905404,0.7976025
YX07,25C,510,3.5001046657562256,1.0,3.590317487716675,2.240734864265934,-0.0044733511592285,1,25.732345485280835,-0.3780181089849534,1.0,3.553644180297852,1.0
YX04,25C,150,3.350522994995117,0.7778207805426859,3.3691179752349854,1.2281249919878776,-0.0062007758858132,1,25.40793800354004,-0.1091842651367187,0.7860065690809177,3.355482119098218,0.7899452
YX08,25C,300,3.27954649925232,0.6606632798921156,3.230857610702514,-3.2439011000340283,-0.0060076845917273,1,28.02462796787478,-0.8982572426245348,0.4271012795346829,3.138049691689893,0.409196
YX07,25C,150,3.2886619567871094,0.6757097288733726,3.287527322769165,0.0011548995971679,0.8732452518579686,1,25.03163193211989,0.0254020710449935,0.5128248395991253,3.189982840333258,0.5346269
YX03,25C,600,2.4161593914031982,0.0,2.0742573738098145,-2.3233747307366315,-0.0246001516484424,1,26.222631454467773,-0.7934311224147486,0.0,2.8855350017547607,0.00071088225
YX05,25C,210,3.5463833808898926,1.0,3.591843605041504,2.165886784079896,-0.0042490481132096,1,25.784683227539062,-0.2005767822265625,1.0,3.553644180297852,1.0
YX08,25C,210,3.553263902664185,1.0,3.591294288635254,2.3132043282930983,-0.0037079935813914,1,26.977110656801887,-0.2384304501233423,1.0,3.553644180297852,1.0
YX01,25C,570,3.2835781574249268,0.6673181448588473,3.274939775466919,-0.2516019720877815,-0.0059244088755509,1,25.051830291748047,-0.120737075805664,0.496794748331415,3.18027147146399,0.47906336
YX02,25C,300,3.326621532440185,0.7383677815530432,3.3175525665283203,-2.142922113812159,-0.0012592251770976,1,25.61887550354004,-0.4712104797363281,0.9001109956911718,3.424608997911484,0.91263705
YX08,25C,180,3.284087419509888,0.6681587593809608,3.28333067893982,0.0011281967163085,0.1677937447168216,1,26.407415873863417,-0.1491170875181069,0.4137643714672084,3.1299699102553555,0.4103163
YX04,25C,180,2.30841326713562,0.0,2.067060947418213,-2.146129768740649,-0.0286638235201987,1,26.40337562561035,-0.370096206665039,0.0,2.8855350017547607,0.0
YX01,25C,570,3.326693296432495,0.7384862389365433,3.31973934173584,-0.2515937574238818,-0.004759013564199,1,24.88661003112793,0.0394420623779296,0.8993611690722517,3.424154737061516,0.89364356
YX02,25C,240,3.326523542404175,0.7382060340958387,3.316753387451172,-3.009959499392889,-0.0011620091752481,1,26.682994842529297,-0.8512516021728516,0.9001055921601523,3.4246057243379244,0.90176755
YX03,25C,450,2.3862833976745605,0.0,2.070362329483032,-2.287836702634852,-0.0264252919395308,1,26.058012008666992,-0.6731643676757812,0.0,2.8855350017547607,0.00016034395
YX01,25C,510,3.532945394515991,1.0,3.59157943725586,2.280580869654511,-0.0040769647204886,1,25.61343002319336,-0.442087173461914,1.0,3.553644180297852,1.0
YX02,25C,180,3.553806781768799,1.0,3.591969966888428,2.2655065580787537,-0.0038426796719128,1,25.309776306152344,-0.1874427795410156,1.0,3.553644180297852,1.0
YX04,25C,90,3.3046300411224365,0.7020674805674506,3.299899339675904,-1.6456031799316406,-0.0015257542566385,1,26.15995216369629,-0.2226829528808593,0.7348025831970058,3.3244616597514174,0.7487475
YX02,25C,300,3.553882122039795,1.0,3.592252016067505,1.7731495526914272,-0.0046772085645339,1,25.04657593551202,-0.1033091442250473,1.0,3.553644180297852,1.0
YX02,25C,390,3.2956478595733643,0.6872410238698367,3.292668342590332,-0.0021324157714843,0.1310375670840787,1,24.76204872131348,-0.0441341400146484,0.7003199916049453,3.3035713752903804,0.70345277
YX03,25C,570,3.545861959457397,1.0,3.5921547412872314,2.0352647313150145,-0.0040072540089842,1,25.46062469482422,-0.222665786743164,1.0,3.553644180297852,1.0
YX04,25C,390,3.2306997776031494,0.5800343369793971,3.164182424545288,-5.886836479450095,-0.0050488065352473,1,28.64347648620605,-1.6796532052655913,0.2147673896135454,3.0094133231232,0.20588025
YX02,25C,420,3.19427227973938,0.5199052116963095,3.1900277137756348,-0.0013198852539062,0.721278901734104,1,24.770463276424305,-0.0133584027670785,0.1009090420538367,2.94043552421166,0.09817982
YX08,25C,540,3.239939451217652,0.5952858234915629,3.2379212379455566,0.0011281967163085,0.1117920540997464,1,26.521034633636475,-0.2770293411165632,0.2181860550766607,3.0114844230813027,0.21450724
YX06,25C,180,3.560570240020752,1.0,3.5925211906433105,2.17756688103013,-0.0035915519832707,1,25.192035675048828,-0.2227973937988281,1.0,3.553644180297852,1.0
YX02,25C,150,3.255683422088623,0.6212736418285311,3.248995304107666,-1.6306112912984996,-0.000926413379601,1,25.42939758300781,-0.2190303802490234,0.300845791529455,3.0615614424771067,0.3225325
YX07,25C,450,3.5052740573883057,1.0,3.5909481048583984,2.24647395416072,-0.0047426372447268,1,25.66500893307289,-0.2988369241332762,1.0,3.553644180297852,1.0
YX08,25C,180,3.2861688137054443,0.6715944170485876,3.285348892211914,0.0011281967163085,-0.2235841081994928,1,26.51200232302625,-0.0528511457925198,0.5651536786902238,3.2216847595817115,0.5690427
YX01,25C,390,3.569504976272583,1.0,3.5932435989379883,0.6343882274296548,-0.0089701769357425,1,25.04727554321289,0.014017105102539,1.0,3.553644180297852,1.0
YX02,25C,540,3.5201094150543213,1.0,3.5914466381073,2.1405543642317726,-0.004176368136859,1,25.296949677563635,-0.3814909983644163,1.0,3.553644180297852,1.0
YX05,25C,570,3.2858128547668457,0.6710068526845823,3.267818689346313,-1.229637641518324,-0.0042301715274721,1,25.212207794189453,0.0077342987060546,0.5573239588423554,3.216941349434144,0.5311483
YX01,25C,600,3.2856388092041016,0.6707195640136352,3.275322437286377,-3.227833294868469,-0.0005053730379466,1,25.874387741088867,-0.5370330810546875,0.4970837152666473,3.18044653375479,0.54471904
YX02,25C,570,3.28890347480774,0.6761083910975771,3.240222930908203,-9.291086832682293,-0.0023793649018832,1,28.17775154113769,-2.2358970642089844,0.5504507494521609,3.212777413584424,0.49384123
YX02,25C,90,3.571366786956787,1.0,3.592475652694702,1.9448091428978511,-0.004182603270605,1,24.990985870361328,-0.058349609375,1.0,3.553644180297852,0.9997245
YX08,25C,150,3.5496058464050293,1.0,3.591294288635254,2.265136964213114,-0.0038702521269436,1,26.9972018427319,-0.0994452661938147,1.0,3.553644180297852,0.9998407
YX03,25C,420,3.314265489578247,0.7179722536464274,3.350933074951172,2.5405163180215773,-0.0051234561317862,1,25.988265991210938,-0.55853271484375,0.6097420043568907,3.248697311823652,0.6058553
YX04,25C,390,3.5430943965911865,1.0,3.5920891761779785,2.0699525317591583,-0.0042364612827531,1,25.47435569763184,-0.2734488477995782,1.0,3.553644180297852,1.0
YX08,25C,570,3.5099990367889404,1.0,3.590726613998413,2.2908658066184904,-0.0042396449537988,1,27.06373089167077,-0.6251875574756696,1.0,3.553644180297852,0.99970573
YX03,25C,600,3.504958152770996,1.0,3.591469049453736,2.107061452542441,-0.0050930923969927,1,25.652097702026367,-0.4413871765136719,1.0,3.553644180297852,1.0
YX04,25C,210,2.3399999141693115,0.0,2.0684401988983154,-2.1688511418190104,-0.0293658630225116,1,26.55244827270508,-0.4699745178222656,0.0003149172671693,2.8855350017547607,0.0
YX04,25C,600,2.508562564849853,0.0,2.068316698074341,-2.109122227001825,-0.0287095176443317,1,26.457632064819336,-0.8947162628173828,0.0,2.8855350017547607,0.0004325807
YX08,25C,390,3.301305294036865,0.6965794798601133,3.290583610534668,-1.0478751254531573,-0.0016852832675473,1,26.790837958673205,-0.3566968980150982,0.7145328355223669,3.312181817218522,0.7076414
YX03,25C,90,3.354488134384156,0.7843658461406585,3.3827929496765137,2.540252216819755,-0.006097559811554,1,25.91814041137696,0.5540924072265625,0.8129030744794479,3.371776591840588,0.8253985
YX04,25C,270,3.282738447189331,0.6659320754080591,3.2696235179901123,-1.03539362820712,-0.0046981690217974,1,25.84653282165528,-0.3565292358398437,0.449886402685369,3.151853401971552,0.45235053
YX07,25C,360,3.547385931015014,1.0,3.5913891792297363,1.947589218946329,-0.0044992023741332,1,25.35385704040528,-0.1237158693765962,1.0,3.553644180297852,1.0
YX03,25C,480,3.328886747360229,0.7421068632827249,3.314979076385498,-3.11520263671875,-0.0017588253495137,1,26.98782157897949,-1.328155517578125,0.8984926125973196,3.423628547149619,0.8893395
YX02,25C,420,3.55039930343628,1.0,3.592475652694702,1.9448091428978511,-0.004182603270605,1,24.990985870361328,-0.1661758422851562,1.0,3.553644180297852,1.0
YX01,25C,300,3.325170516967773,0.7359726598388191,3.31973934173584,-0.2515937574238818,-0.004759013564199,1,24.88661003112793,0.0257682800292968,0.8993611690722517,3.424154737061516,0.9048249
YX01,25C,480,3.299679756164551,0.693896282382693,3.290866136550904,-0.8045453469314917,-0.0027817390412636,1,26.306659698486328,-0.9077911376953124,0.6982640342988805,3.3023258328012446,0.68297815
YX08,25C,60,3.2968904972076416,0.6892921862711735,3.29682731628418,0.0014781951904296,0.1280645161290322,1,26.37841041510751,-0.0792159927498339,0.6651749440481801,3.282279760972548,0.6735455
YX01,25C,510,3.2998619079589844,0.6941969516218759,3.290866136550904,-0.8045453469314917,-0.0027817390412636,1,26.306659698486328,-0.9317550659179688,0.6982640342988805,3.3023258328012446,0.6811153
YX07,25C,450,3.294209718704224,0.6848671536463401,3.2934532165527344,0.0011548995971679,0.6005367464905037,1,24.97039420756564,0.0727148180607137,0.6102327930552104,3.248994642013895,0.6105338
YX05,25C,270,3.548896551132202,1.0,3.5923306941986084,2.177293852897221,-0.0037588837877482,1,25.712885762325108,-0.2372597705038188,1.0,3.553644180297852,1.0
YX08,25C,120,3.3265326023101807,0.738220988848573,3.322180986404419,-1.175623803099325,-0.0015019498517902,1,26.55839317046016,-0.1044792370437832,0.9468991008316904,3.452954223158515,0.959917
YX05,25C,420,3.278212070465088,0.6584606022328136,3.256531953811645,-2.9786644663129533,-0.0017019353152292,1,27.148340225219727,-1.342905044555664,0.409717526945205,3.127518246116118,0.3757052
YX02,25C,570,3.328216314315796,0.741000211580392,3.3175525665283203,-2.142922113812159,-0.0012592251770976,1,25.61887550354004,-0.6490840911865234,0.9001109956911718,3.424608997911484,0.89436334
YX02,25C,240,3.2820661067962646,0.6648222753367296,3.280393123626709,-0.001678466796875,0.2971590909090909,1,24.668851852416992,-0.021738052368164,0.5004943599894499,3.1825127745785013,0.513379
YX04,25C,540,3.288964033126831,0.6762083518132217,3.265091896057129,-2.4561506932514727,-0.003368329442308,1,25.2929770541996,-0.1410719943851397,0.6070029448492396,3.2470379315500493,0.5898954
YX05,25C,60,3.5744166374206543,1.0,3.5917532444000244,2.192100438134636,-0.003657469264889,1,26.54467964172364,0.0974540710449218,1.0,3.553644180297852,1.0
YX04,25C,270,3.2852537631988525,0.6700839870224305,3.236911535263061,-9.218919020432692,-0.0025013093273122,1,29.02932929992676,-1.6047382354736328,0.5579506386919861,3.217321005362552,0.52267313
YX05,25C,180,3.214666843414306,0.553569540739432,3.197169303894043,-1.229606778065874,-0.0051962786927647,1,25.57150557195088,-0.0934019342555672,0.2130445426435614,3.008369585932225,0.18212762
YX04,25C,150,3.280946493148804,0.6629741827356785,3.260794878005981,-2.456129057035264,-0.0035580355899283,1,25.31427574157715,-0.0927753448486328,0.5578838637142551,3.21728055166649,0.58604735
YX02,25C,510,3.5470733642578125,1.0,3.592320442199707,1.9371106754750649,-0.0040214990047762,1,24.99773406982422,-0.1856937408447265,1.0,3.553644180297852,1.0
YX07,25C,540,3.535786390304565,1.0,3.5912632942199707,2.27092360817089,-0.0039975038284898,1,25.811170493891577,-0.6436930527880911,1.0,3.553644180297852,1.0
YX02,25C,180,3.549988031387329,1.0,3.59140419960022,2.288848341226705,-0.0038496370725611,1,25.497711181640625,-0.2202606201171875,1.0,3.553644180297852,1.0
YX02,25C,570,3.326801061630249,0.7386641217848556,3.303248882293701,-2.1921292302195976,-0.0041730580184049,1,25.58286476135254,-0.6298607110428307,0.8701159400588063,3.406437357798186,0.8629332
YX05,25C,480,3.3208212852478027,0.7287935914341401,3.299943447113037,-2.9786503996167863,-0.0014398842576523,1,27.048480987548828,-1.3149795532226562,0.8032603653886067,3.3659348344035083,0.81653076
YX02,25C,480,3.2909789085388184,0.6795342101120893,3.267592191696167,-4.256477571883291,-0.002333674521563,1,28.15523910522461,-2.041881561279297,0.6004401286669453,3.2430620384810034,0.5534594
YX04,25C,120,3.262977361679077,0.6333133984179589,3.272504568099976,1.2281145814555456,-0.0034852845290195,1,24.94178771972656,-0.0040340423583984,0.1968197460341919,2.998540260442368,0.1933862
YX07,25C,420,3.5396950244903564,1.0,3.591137170791626,2.268620080657949,-0.003862628445816,1,25.69371536960092,-0.467202288223806,1.0,3.553644180297852,1.0
YX02,25C,420,3.546466112136841,1.0,3.5922415256500244,2.2067024531828467,-0.003651310519511,1,25.26203155517578,-0.3833865825799876,1.0,3.553644180297852,1.0
YX02,25C,300,3.5178802013397217,1.0,3.59145450592041,2.150916792980426,-0.0045959702288576,1,25.47012710571289,-0.2649707794189453,1.0,3.553644180297852,1.0
YX02,25C,390,3.329121351242065,0.7424941126693165,3.312328338623047,-2.226234613462936,-0.0031413103182907,1,25.21537214539317,-0.2951412799146595,0.94006869012333,3.448816215656892,0.92754143
YX01,25C,270,3.177628755569458,0.4924325438312822,3.0651230812072754,-2.5149442001243902,-0.0156323581398608,1,26.19474220275879,-0.5908893866942151,0.0946067861615416,2.9366174840859687,0.090712555
YX01,25C,240,3.549856662750244,1.0,3.591616630554199,2.145762691963773,-0.0039048971143574,1,25.405054092407227,-0.1492581849997947,1.0,3.553644180297852,1.0
YX06,25C,390,3.305746555328369,0.703910457068882,3.271883487701416,-4.257505994699596,-0.0033184795503679,1,27.64324378967285,-1.6716899871826172,0.7328392530655808,3.32327223276688,0.72003984
YX05,25C,120,3.5787036418914795,1.0,3.593113899230957,0.612003021669097,-0.0087571646705394,1,25.22565650939941,-0.0080718994140625,1.0,3.553644180297852,1.0
YX08,25C,420,3.287745475769043,0.674196937570468,3.275951623916626,-1.9193662537468803,-0.0018729491198856,1,27.334906790188,-0.6945342785620916,0.568602234278159,3.2237739676106187,0.53514636
YX03,25C,540,3.4872405529022217,1.0,3.590453147888184,2.158551946477275,-0.0048137634729439,1,25.663066864013672,-0.3426895141601562,1.0,3.553644180297852,0.9998324
YX02,25C,570,3.2861485481262207,0.6715609656279978,3.2684268951416016,-1.5943590232304163,-0.0029349985692338,1,27.39348793029785,-1.7398433685302734,0.4006290410156848,3.122012248810756,0.3522478
YX01,25C,330,3.546791076660156,1.0,3.591111660003662,2.220007263240789,-0.003852810153775,1,25.62020301818848,-0.2921695709228515,1.0,3.553644180297852,1.0
YX08,25C,360,3.2869255542755127,0.6728435324480203,3.285348892211914,0.0011281967163085,-0.2235841081994928,1,26.51200232302625,-0.16676664288536,0.5651536786902238,3.2216847595817115,0.5585286
YX04,25C,180,3.554269552230835,1.0,3.5916078090667725,2.183369083228604,-0.0037104239322251,1,25.627220276271963,-0.1914788517114161,1.0,3.553644180297852,1.0
YX05,25C,600,3.2208268642425537,0.5637375919603337,3.197169303894043,-1.229606778065874,-0.0051962786927647,1,25.57150557195088,-0.2477541223659187,0.2130445426435614,3.008369585932225,0.17420258
YX08,25C,240,3.3228745460510254,0.7321828106590659,3.287493228912353,-3.814603721972593,-0.0034885230452384,1,27.713306041643285,-0.5201111677396497,0.8395382142333242,3.387912723738692,0.8692213
YX04,25C,90,3.278391122817993,0.6587561553723769,3.2706003189086914,-1.503407728407118,-0.0021245691663483,1,28.15522766113281,-0.5409584045410156,0.4110413045685142,3.128320218643045,0.39298156
YX08,25C,240,3.5406501293182373,1.0,3.591294288635254,2.257771090639962,-0.0042180501659862,1,27.0851289995825,-0.479180099550458,1.0,3.553644180297852,1.0
YX01,25C,330,3.527117729187012,1.0,3.5919108390808105,2.248466304128847,-0.0041571449732257,1,25.52806663513184,-0.2512798309326172,1.0,3.553644180297852,1.0
YX04,25C,210,3.264204502105713,0.6353389803211977,3.268026828765869,0.2456035467009298,-0.0043945656408091,1,24.8984375,-0.0300502777099609,0.1964841666392957,2.998336959336071,0.19956195
YX03,25C,180,3.315035581588745,0.7192434076288368,3.337325096130371,2.5404654359367407,-0.0038288264239261,1,25.91979217529297,-0.1794071197509765,0.5081065706020652,3.1871244130236662,0.5201057
YX07,25C,60,3.319552659988404,0.7266995325052236,3.2977399826049805,-2.642827914311336,-0.0055579593965715,1,25.93189604641156,0.0499884600443643,0.9196792468454804,3.436463858991955,0.9117864
YX08,25C,390,3.28686261177063,0.6727396362711299,3.283961296081543,-0.0016746520996093,-0.30125284738041,1,26.52589915539725,-0.2175659103907605,0.549426231604287,3.2121567389689343,0.54886216
YX01,25C,420,3.2968015670776367,0.6891453935667032,3.271939992904663,-2.514948793300096,-0.0031208347640845,1,25.21068382263184,-0.1519622802734375,0.698191069699212,3.302281629301093,0.69158024
YX07,25C,270,3.2795839309692383,0.6607250666336755,3.2413175106048584,-2.566908127835552,-0.0058697467048059,1,26.258332989320127,-0.5526254909449442,0.4818943091281059,3.171244469745732,0.4296402
YX04,25C,240,3.320075035095215,0.7275617920641892,3.2922475337982178,-2.45614252077227,-0.0040382230368641,1,25.38207626342773,-0.1123180389404296,0.803495404371626,3.366077225998456,0.8565821
YX01,25C,90,3.562037229537964,1.0,3.591370105743408,2.2974598560632367,-0.0043596857199493,1,25.718524932861328,-0.102935791015625,1.0,3.553644180297852,1.0
YX04,25C,600,3.28541898727417,0.6703567144867679,3.2438018321990967,-4.109867465111517,-0.0041920094770184,1,25.87738558514864,-0.6022257493332113,0.5284909213742914,3.1994736845408163,0.51338
YX02,25C,600,3.515547037124634,1.0,3.5912272930145264,2.2840444567004257,-0.0039326817572664,1,25.464975357055664,-0.4924736022949219,1.0,3.553644180297852,0.99974096
YX04,25C,330,2.36466121673584,0.0,2.065493106842041,-2.0499145098361606,-0.0293910257747858,1,26.23889124819374,-0.5440860666940708,0.0,2.8855350017547607,0.0
YX05,25C,90,3.5662686824798584,1.0,3.59216833114624,2.264074087304856,-0.0038637499253519,1,25.78402137756348,-0.157196044921875,1.0,3.553644180297852,1.0
YX08,25C,60,3.234957218170166,0.5870618901261109,3.234894037246704,-0.0016746520996093,-0.0377277904328018,1,26.47994432852866,-0.0179888569728987,0.2182114072463463,3.011499781962755,0.21698177
YX08,25C,240,3.545884847640991,1.0,3.591231107711792,2.30970633536762,-0.0037682150742844,1,26.976173758219737,-0.236112391050181,1.0,3.553644180297852,1.0
YX03,25C,360,3.5323636531829834,1.0,3.591282367706299,1.9863863622001745,-0.0050726709568266,1,25.547154250606177,-0.2417533667656357,1.0,3.553644180297852,1.0
YX05,25C,360,3.326009750366211,0.7373579421973582,3.3126380443573,-1.2296351209262208,-0.0037477725196909,1,25.21761131286621,-0.0226612091064453,0.9016227677124774,3.425524861427165,0.9073173
YX08,25C,90,3.266491413116455,0.6391138747482167,3.230857610702514,-3.2439011000340283,-0.0060076845917273,1,28.02462796787478,-0.1774219276604753,0.4271012795346829,3.138049691689893,0.43468288
YX03,25C,330,3.28810977935791,0.6747982760488338,3.2796289920806885,0.0025138854980468,0.8670333839150227,1,28.46259307861328,-1.772441864013672,0.4925050205957963,3.177672663528739,0.47371575
YX08,25C,120,3.2936108112335205,0.6838785657813827,3.281123161315918,-3.8281944866838127,-0.001779329349286,1,28.319441281995413,-0.5236428558316923,0.6749834675712102,3.288221972305238,0.6905555
YX03,25C,600,3.2366480827331543,0.5898529192416674,3.231464385986328,-0.6158341024523584,0.0013871491778696,1,25.17384147644043,-0.1207237243652343,0.1892667655379095,2.9939645048564003,0.22410883
YX06,25C,480,3.282782077789306,0.6660040943488582,3.254664659500122,-2.04216165745512,-0.0046896561146218,1,26.340633392333984,-1.160661697387695,0.3865614937993565,3.1134898307020817,0.36513636
YX01,25C,420,3.2832162380218506,0.6667207418417274,3.2524218559265137,-2.5149396174090364,-0.0039440973040777,1,25.41216117809497,-0.0503918037689921,0.4969976291889505,3.1803943809852857,0.4806963
YX08,25C,60,3.305656909942627,0.703762483726038,3.3055307865142822,-0.0013236999511718,-0.1430115273775216,1,26.77758660736084,-0.0325242754059615,0.7202529904740442,3.3156472082632384,0.7387431
YX05,25C,450,3.286233901977539,0.6717018551405993,3.2743043899536133,-2.9523343449145294,-0.0011112019389296,1,26.98360252380371,-1.190263748168945,0.6063475558365666,3.2466408830025,0.5549748
YX03,25C,570,2.4191999435424805,0.0,2.064658164978028,-2.0435008759851807,-0.0293131638015536,1,25.991539001464844,-0.5697822570800781,0.0,2.8855350017547607,0.001215443
YX05,25C,120,3.269641399383545,0.6443134061462332,3.254793405532837,-1.229627562021663,-0.0046530910968458,1,25.303993225097656,-0.2684518781287082,0.4097723343007761,3.1275514495731542,0.3962127
YX08,25C,150,3.2861688137054443,0.6715944170485876,3.285348892211914,0.0011281967163085,-0.2235841081994928,1,26.51200232302625,-0.0288517887778994,0.5651536786902238,3.2216847595817115,0.57226413
YX08,25C,330,3.547524690628052,1.0,3.592240333557129,2.292492960781604,-0.0035764456672217,1,26.95089604485203,-0.4158194865481981,1.0,3.553644180297852,1.0
YX08,25C,300,3.554840564727783,1.0,3.592240333557129,2.270882088137276,-0.0033327839496977,1,26.873108644974764,-0.401689064161534,1.0,3.553644180297852,1.0
YX04,25C,600,3.5265984535217285,1.0,3.591527938842773,2.2348201982676983,-0.0039975397503743,1,25.849470138549805,-0.6375522613525391,1.0,3.553644180297852,1.0
YX01,25C,240,3.281064987182617,0.6631697751595973,3.274939775466919,-0.2516019720877815,-0.0059244088755509,1,25.051830291748047,-0.0524330139160156,0.496794748331415,3.18027147146399,0.49014637
YX05,25C,120,3.558111429214477,1.0,3.591379880905152,2.2621687756036946,-0.0039833589316247,1,25.70136451721192,-0.089263916015625,1.0,3.553644180297852,1.0
YX08,25C,60,3.577482223510742,1.0,3.592681646347046,2.1480606783088434,-0.0034058042091674,1,26.6916473178708,-0.0608641269967584,1.0,3.553644180297852,1.0
YX05,25C,90,3.2802822589874268,0.6618777632325848,3.2741196155548096,-2.2032719761872093,-0.0013296985264024,1,25.965621948242188,-0.1794204711914062,0.6064195692527626,3.246684510255554,0.59509134
YX08,25C,120,3.285411834716797,0.6703449081030304,3.283961296081543,-0.0016746520996093,-0.30125284738041,1,26.52589915539725,-0.0971868927296419,0.549426231604287,3.2121567389689343,0.55701756
YX04,25C,300,3.228978157043457,0.5771925404137691,3.164182424545288,-5.886836479450095,-0.0050488065352473,1,28.64347648620605,-1.360979080200195,0.2147673896135454,3.0094133231232,0.20563388
YX08,25C,420,3.528099536895752,1.0,3.591294288635254,2.257771090639962,-0.0042180501659862,1,27.0851289995825,-0.6604901253882218,1.0,3.553644180297852,1.0
YX06,25C,90,3.5690085887908936,1.0,3.592475175857544,2.2781436096781515,-0.0035869373403028,1,25.247376024259225,0.6109384899009314,1.0,3.553644180297852,0.9994207
YX01,25C,390,3.546199083328247,1.0,3.591686964035034,1.8801088169065057,-0.0042711230810206,1,25.1889877319336,-0.1561355590820312,1.0,3.553644180297852,1.0
YX04,25C,30,2.128868579864502,0.0,2.068316698074341,-2.109122227001825,-0.0287095176443317,1,26.457632064819336,-0.0959205627441406,0.0,2.8855350017547607,0.0
YX01,25C,330,3.253903150558472,0.6183350329162551,3.2297608852386475,-1.2574959048154075,-0.0058018852476166,1,25.238340377807617,-0.1411876678466797,0.2957943321453059,3.058501161372756,0.2843112
YX01,25C,30,3.581738233566284,1.0,3.590825319290161,2.270879187805763,-0.0040015716259469,1,25.762147903442383,-0.082763671875,1.0,3.553644180297852,1.0
YX01,25C,270,3.549400329589844,1.0,3.591111660003662,2.220007263240789,-0.003852810153775,1,25.62020301818848,-0.2400684356689453,1.0,3.553644180297852,1.0
YX04,25C,210,2.321052074432373,0.0,2.0663952827453613,-2.106850950365343,-0.0289090813293938,1,26.34038543701172,-0.378152847290039,0.0,2.8855350017547607,0.0
YX01,25C,540,3.536604642868042,1.0,3.591998338699341,1.7535317019335006,-0.0047624388888904,1,25.35965347290039,-0.1734657287597656,1.0,3.553644180297852,1.0
YX04,25C,570,3.280618667602539,0.6624330568143741,3.2392189502716064,-1.4476058013247748,-0.009393581903729,1,25.703623530751774,-0.3949649308982579,0.3911013429623778,3.116240167496592,0.37631276
YX01,25C,600,3.293566465377808,0.6838053662022099,3.286073684692383,-0.2516051696280773,-0.0050970873884786,1,24.86830139160156,0.0164451780174381,0.6980724644870463,3.302209775751046,0.6956703
YX02,25C,450,3.524178028106689,1.0,3.5914466381073,2.1405543642317726,-0.004176368136859,1,25.296949677563635,-0.3119566966066038,1.0,3.553644180297852,1.0
YX02,25C,570,3.19913649559021,0.527934339730092,3.178189754486084,-3.441764004259225,-0.0008264173967656,1,28.218267690328176,-2.3941045415127604,0.1009185633276136,2.940441292401011,0.09180397
YX04,25C,390,3.540348768234253,1.0,3.5925004482269287,2.2494098283492594,-0.0037912140546403,1,25.871166229248047,-0.4443025366894204,1.0,3.553644180297852,1.0
YX04,25C,180,3.3493540287017822,0.7758912238938459,3.3691179752349854,1.2281249919878776,-0.0062007758858132,1,25.40793800354004,-0.1594369010132155,0.7860065690809177,3.355482119098218,0.7889045
YX08,25C,450,3.287430047988892,0.673676276047642,3.285348892211914,0.0011281967163085,-0.2235841081994928,1,26.51200232302625,-0.2641628818202548,0.5651536786902238,3.2216847595817115,0.5491681
YX01,25C,210,3.3239564895629883,0.7339687229724324,3.303844928741455,-2.514936119565673,-0.0036000697874367,1,25.10425066189361,-0.0428378506143118,0.8993878746022332,3.424170915837305,0.9159756
YX04,25C,570,3.2903311252593994,0.678464945291592,3.265408992767334,-1.5667340334723978,-0.0058625622241259,1,25.723188400268555,-0.4622859954833984,0.6366284686516409,3.264985701452642,0.6107773
YX05,25C,360,3.276366949081421,0.6554149487746506,3.258457899093628,-2.2031487709234567,-0.0016865649766086,1,26.02865028381348,-0.4476051330566406,0.4097556613658794,3.127541348755997,0.39884043
YX05,25C,120,3.567547082901001,1.0,3.591941595077514,2.02139080038719,-0.0037278578737177,1,25.486461639404297,-0.0484428405761718,1.0,3.553644180297852,1.0
YX04,25C,450,2.365212202072144,0.0,2.0708086490631104,-2.231055014470921,-0.0275672832790625,1,26.35064125061035,-0.7587661743164062,0.0,2.8855350017547607,0.0001353249
YX03,25C,240,3.2810161113739014,0.6630890982040574,3.2793562412261963,0.0027694702148437,-0.1641701101928374,1,25.038009643554688,0.4856204986572265,0.4931137494757086,3.17804144437942,0.47191146
YX03,25C,60,3.279055595397949,0.6598529684215951,3.2793562412261963,0.0027694702148437,-0.1641701101928374,1,25.038009643554688,0.0083885192871093,0.4931137494757086,3.17804144437942,0.44643444
YX01,25C,300,3.325405597686768,0.7363606963176599,3.311790943145752,-1.2575073705136195,-0.003867572237852,1,25.252893447875977,-0.049957275390625,0.8993927025763286,3.4241738407262874,0.90960336
YX01,25C,150,3.1756980419158936,0.4892456073143932,3.119250774383545,-2.800686922940341,-0.0098136259264469,1,25.7810115814209,-0.2054042816162109,0.0949936709891232,2.9368518671102337,0.0980837
YX04,25C,300,3.550444364547729,1.0,3.591775417327881,2.149202637320992,-0.0037272547967923,1,25.70903778076172,-0.3096160888671875,1.0,3.553644180297852,1.0
YX06,25C,330,3.304634094238281,0.7020741708515685,3.271883487701416,-4.257505994699596,-0.0033184795503679,1,27.64324378967285,-1.471578166249035,0.7328392530655808,3.32327223276688,0.7232905
YX07,25C,180,3.2581496238708496,0.6253444829412379,3.206959724426269,-6.494200495422864,-0.0035917343919797,1,26.70359083927532,-0.5030118572743341,0.3302572118812273,3.0793795039737697,0.32150316
YX08,25C,300,3.551308870315552,1.0,3.591735601425171,2.2419552098726854,-0.0033756789266323,1,26.90058693608741,-0.3738617270980136,1.0,3.553644180297852,1.0
YX08,25C,30,3.584671974182129,1.0,3.5924293994903564,2.239788687917552,-0.0034634630267018,1,26.963499801124005,0.0119499883956848,1.0,3.553644180297852,0.9996368
YX01,25C,510,3.534507274627685,1.0,3.590825319290161,2.270879187805763,-0.0040015716259469,1,25.762147903442383,-0.404693603515625,1.0,3.553644180297852,1.0
YX05,25C,600,3.27999210357666,0.6613988175989649,3.256531953811645,-2.9786644663129533,-0.0017019353152292,1,27.148340225219727,-1.6144771575927734,0.409717526945205,3.127518246116118,0.3599228
YX08,25C,390,3.550299644470215,1.0,3.591798782348633,2.287132537814186,-0.0034193935429573,1,26.794321931011257,-0.4815072184868434,1.0,3.553644180297852,1.0
YX07,25C,330,3.294461965560913,0.685283525446151,3.2934532165527344,0.0011548995971679,0.6005367464905037,1,24.97039420756564,0.0418592283994883,0.6102327930552104,3.248994642013895,0.62510526
YX02,25C,240,3.5756990909576416,1.0,3.59336256980896,0.6548012449945274,-0.0086199002900453,1,24.78425979614257,-0.0314159393310546,1.0,3.553644180297852,0.9994834
YX05,25C,60,3.2080671787261963,0.5426757904647955,3.197169303894043,-1.229606778065874,-0.0051962786927647,1,25.57150557195088,-0.0272455469264656,0.2130445426435614,3.008369585932225,0.1837267
YX07,25C,300,3.544612169265747,1.0,3.591137170791626,2.268620080657949,-0.003862628445816,1,25.69371536960092,-0.3696049343462206,1.0,3.553644180297852,1.0
YX06,25C,120,3.2978546619415283,0.690883686798995,3.271883487701416,-4.257505994699596,-0.0033184795503679,1,27.64324378967285,-0.5338039398193359,0.7328392530655808,3.32327223276688,0.7426174
YX07,25C,270,3.549277305603028,1.0,3.5908849239349365,2.235147875619634,-0.0037511908105589,1,25.584124417250223,-0.2583801743890497,1.0,3.553644180297852,1.0
YX07,25C,510,3.326991558074951,0.7389785651383991,3.304422378540039,-2.430855107918764,-0.0037345970176818,1,25.577756178057587,-0.3089869830316338,0.9004589141249697,3.4248197742689355,0.8835475
YX07,25C,120,3.329576253890991,0.7432449986750247,3.3293240070343018,0.0011548995971679,0.1092072667217175,1,25.389000796699523,0.0356610730658069,0.9434087811978756,3.4508397135858897,0.92673796
YX08,25C,420,3.5509934425354004,1.0,3.592240333557129,2.270882088137276,-0.0033327839496977,1,26.873108644974764,-0.5020860131388254,1.0,3.553644180297852,1.0
YX04,25C,120,3.5608904361724854,1.0,3.591829299926758,2.2292482797231084,-0.0038389779077965,1,25.84111213684082,-0.1584663391113281,1.0,3.553644180297852,1.0
YX01,25C,120,3.556281566619873,1.0,3.5919108390808105,2.248466304128847,-0.0041571449732257,1,25.52806663513184,-0.1200428009033203,1.0,3.553644180297852,1.0
YX01,25C,600,3.5273032188415527,1.0,3.592104434967041,2.2215784823739493,-0.0040427236516797,1,25.67543601989746,-0.486053466796875,1.0,3.553644180297852,1.0
YX05,25C,150,3.218503952026367,0.5599032720685024,3.2071728706359863,-2.0831291675567627,-0.0019437405956111,1,26.351606369018555,-0.3474388122558594,0.2128844872794599,3.0082726210020616,0.21298432
YX02,25C,540,3.328111410140991,0.7408270512855747,3.3175525665283203,-2.142922113812159,-0.0012592251770976,1,25.61887550354004,-0.6267375946044922,0.9001109956911718,3.424608997911484,0.8967565
YX05,25C,390,3.2845468521118164,0.668917122763036,3.267818689346313,-1.229637641518324,-0.0042301715274721,1,25.212207794189453,-0.0210819244384765,0.5573239588423554,3.216941349434144,0.5305245
YX04,25C,600,3.3118062019348145,0.7139128253713335,3.320322036743164,0.2455972767935859,-0.0068371362847951,1,24.958852767944336,-0.0592918395996093,0.4911958961199243,3.176879568188939,0.4790444
YX01,25C,240,3.1778640747070312,0.4928209738562476,3.127650499343872,-1.25749921018815,-0.0127646448665451,1,25.50082778930664,-0.1439056396484375,0.0945928995197242,2.936609071264183,0.09651718
YX01,25C,210,3.222497940063477,0.5664959567475497,3.212759256362915,-0.7689015865325928,-0.0039342550264231,1,26.2335262298584,-0.283477783203125,0.1949368976850389,2.9973995910264457,0.19418249
YX07,25C,270,3.2946510314941406,0.6855956075229469,3.293579339981079,0.0011548995971679,0.7095375722543352,1,25.06756686305828,-0.000144487908237,0.6102338668188082,3.248995292522629,0.60820264
YX08,25C,390,3.553579330444336,1.0,3.592681646347046,2.1480606783088434,-0.0034058042091674,1,26.6916473178708,-0.3359566007936685,1.0,3.553644180297852,1.0
YX07,25C,300,3.3255414962768555,0.7365850176086733,3.304422378540039,-2.430855107918764,-0.0037345970176818,1,25.577756178057587,-0.268566144573807,0.9004589141249697,3.4248197742689355,0.898426
YX01,25C,300,3.547994613647461,1.0,3.591111660003662,2.220007263240789,-0.003852810153775,1,25.62020301818848,-0.2469005584716797,1.0,3.553644180297852,1.0
YX04,25C,510,3.310422658920288,0.711629077210367,3.299899339675904,-1.6456031799316406,-0.0015257542566385,1,26.15995216369629,-0.7109355926513672,0.7348025831970058,3.3244616597514174,0.71698016
YX06,25C,270,3.554619550704956,1.0,3.5925211906433105,2.17756688103013,-0.0035915519832707,1,25.192035675048828,-0.2389774322509765,1.0,3.553644180297852,1.0
YX05,25C,120,3.281821012496948,0.6644177099206562,3.2713868618011475,-1.229652351490618,-0.0037229019501159,1,25.237943649291992,-0.0536254497528077,0.606504900285607,3.246736205602892,0.6110507
YX03,25C,300,3.1936655044555664,0.5189036368092408,3.140578031539917,-3.65197732003682,-0.0062628353649144,1,28.68039321899414,-1.7238502502441406,0.0865451142406286,2.9317335524589097,0.08125416
YX08,25C,120,3.5670127868652344,1.0,3.592240333557129,2.270882088137276,-0.0033327839496977,1,26.873108644974764,-0.1936467596302051,1.0,3.553644180297852,0.9999947
YX04,25C,510,3.3241539001464844,0.7342945791635888,3.2922475337982178,-2.45614252077227,-0.0040382230368641,1,25.38207626342773,-0.2336559295654297,0.803495404371626,3.366077225998456,0.8441113
YX08,25C,120,3.556038856506348,1.0,3.591294288635254,2.265136964213114,-0.0038702521269436,1,26.9972018427319,-0.1445438104339196,1.0,3.553644180297852,0.99981517
YX04,25C,540,2.307926654815674,0.0,2.0695700645446777,-2.1067121785373715,-0.0247166445539378,1,26.15926742553711,-0.749481201171875,0.0,2.8855350017547607,0.0003292635
YX06,25C,270,3.551286220550537,1.0,3.5923779010772705,2.269384146183808,-0.0035380622984897,1,25.18127822875977,-0.2284698486328125,1.0,3.553644180297852,1.0
YX02,25C,540,3.30045747756958,0.6951800298410892,3.254091262817383,-8.416423329135828,-0.002633520292168,1,28.324159622192383,-2.312215805053711,0.9260344585112626,3.440313980847032,0.69848204
YX02,25C,270,3.5476114749908447,1.0,3.5920488834381104,2.3125528774367563,-0.0038672928986564,1,25.463642120361328,-0.3022289276123047,1.0,3.553644180297852,1.0
YX04,25C,150,3.561335325241089,1.0,3.5920510292053223,2.210534982988611,-0.0034823337891919,1,25.76362037658692,-0.2008419036865234,1.0,3.553644180297852,1.0
YX07,25C,90,3.32100248336792,0.7290926864888247,3.304422378540039,-2.430855107918764,-0.0037345970176818,1,25.577756178057587,-0.0294153665160692,0.9004589141249697,3.4248197742689355,0.9166925
YX01,25C,60,3.284780740737915,0.669303191511254,3.271939992904663,-2.514948793300096,-0.0031208347640845,1,25.21068382263184,0.0154705047607421,0.698191069699212,3.302281629301093,0.66576606
YX06,25C,570,3.2835073471069336,0.6672012616598456,3.254664659500122,-2.04216165745512,-0.0046896561146218,1,26.340633392333984,-1.3124275341087357,0.3865614937993565,3.1134898307020817,0.35546964
YX04,25C,600,2.368642568588257,0.0,2.070430517196656,-2.204450816379637,-0.0286163836336631,1,26.36466789245605,-0.9181690216064452,0.0,2.8855350017547607,0.00024393946
YX04,25C,240,3.553682804107666,1.0,3.5920510292053223,2.210534982988611,-0.0034823337891919,1,25.76362037658692,-0.2436370849609375,1.0,3.553644180297852,1.0
YX07,25C,60,3.575502634048462,1.0,3.5913891792297363,1.8954644111704224,-0.0043902294431597,1,25.25900461975211,0.0205066202215427,1.0,3.553644180297852,1.0
YX04,25C,30,3.302165985107422,0.698000181369865,3.2922475337982178,-2.45614252077227,-0.0040382230368641,1,25.38207626342773,-0.0297565460205078,0.803495404371626,3.366077225998456,0.7798098
YX02,25C,330,3.195697069168091,0.5222570433368292,3.178189754486084,-3.441764004259225,-0.0008264173967656,1,28.218267690328176,-1.680261861470754,0.1009185633276136,2.940441292401011,0.09879421
YX07,25C,180,3.326424121856689,0.7380419253618868,3.325793743133545,0.0011548995971679,0.5458298926507019,1,25.31051697216034,-0.1710617207661293,0.8169644984221941,3.37423708850176,0.82619876
YX05,25C,540,3.492548942565918,1.0,3.591100215911865,2.078046750412801,-0.0044214292970125,1,25.52866172790528,-0.2242698669433593,1.0,3.553644180297852,0.99995786
YX08,25C,600,3.520846605300904,1.0,3.591294288635254,2.257771090639962,-0.0042180501659862,1,27.0851289995825,-0.6562688781694632,1.0,3.553644180297852,0.99973595
YX07,25C,390,3.5356602668762207,1.0,3.591200113296509,2.303646274259157,-0.0040775423225356,1,25.749170668626817,-0.5081128949611831,1.0,3.553644180297852,1.0
YX08,25C,480,3.5335235595703125,1.0,3.591231107711792,2.30970633536762,-0.0037682150742844,1,26.976173758219737,-0.5303251687538513,1.0,3.553644180297852,1.0
YX05,25C,30,3.5819122791290283,1.0,3.591100215911865,2.078046750412801,-0.0044214292970125,1,25.52866172790528,0.0096092224121093,1.0,3.553644180297852,1.0
YX03,25C,600,3.499368667602539,1.0,3.5908329486846924,2.129761839488566,-0.00480864567832,1,25.70607566833496,-0.427692259407042,1.0,3.553644180297852,0.9998959
YX01,25C,150,3.538505792617798,1.0,3.590876579284668,2.13105598954778,-0.005102538182477,1,25.59483528137207,-0.0834083557128906,1.0,3.553644180297852,1.0
YX05,25C,420,3.2779688835144043,0.6580591851857369,3.254793405532837,-1.229627562021663,-0.0046530910968458,1,25.303993225097656,-0.1986408233642578,0.4097723343007761,3.1275514495731542,0.40152875
YX08,25C,600,3.547398567199707,1.0,3.592240333557129,2.270882088137276,-0.0033327839496977,1,26.873108644974764,-0.6865102706373634,1.0,3.553644180297852,1.0
YX07,25C,480,3.544234037399292,1.0,3.5917675495147705,1.7561943228601624,-0.004917857275548,1,25.3225913984143,-0.2665215411513699,1.0,3.553644180297852,1.0
YX06,25C,60,3.576338529586792,1.0,3.5924646854400635,2.2291674473661933,-0.0035621060169165,1,25.098602294921875,-0.0897121429443359,1.0,3.553644180297852,0.9996775
YX02,25C,420,3.5419273376464844,1.0,3.59208607673645,2.292127305119925,-0.0036926823208197,1,25.393085479736328,-0.373025894165039,1.0,3.553644180297852,1.0
YX01,25C,210,3.5489282608032227,1.0,3.590825319290161,2.270879187805763,-0.0040015716259469,1,25.762147903442383,-0.2132854461669922,1.0,3.553644180297852,1.0
YX07,25C,570,3.5292298793792725,1.0,3.591641426086426,2.2766856103709987,-0.0043750666988587,1,25.604047866439643,-0.3653940352170046,1.0,3.553644180297852,1.0
YX07,25C,90,3.5695767402648926,1.0,3.591956615447998,1.981437902824552,-0.0040724348707519,1,25.397094834795915,-0.0960265869891792,1.0,3.553644180297852,1.0
YX08,25C,150,3.306413650512696,0.7050115991254707,3.3055307865142822,-0.0013236999511718,-0.1430115273775216,1,26.77758660736084,-0.0520922923902134,0.7202529904740442,3.3156472082632384,0.7481119
YX05,25C,420,3.285132884979248,0.6698844591372659,3.2741196155548096,-2.2032719761872093,-0.0013296985264024,1,25.965621948242188,-0.4674549102783203,0.6064195692527626,3.246684510255554,0.56833243
YX04,25C,330,3.3219072818756104,0.7305861940316247,3.29939079284668,-4.329114774378335,-0.0011401271811439,1,29.18065452575684,-1.959794998168945,0.8035649456488716,3.366119355577364,0.7955368
YX03,25C,120,2.2600460052490234,0.0,2.0742573738098145,-2.3233747307366315,-0.0246001516484424,1,26.222631454467773,-0.2490482330322265,0.0,2.8855350017547607,0.0
YX01,25C,240,3.533754110336304,1.0,3.591073513031006,2.0857548000424773,-0.0046133588827238,1,25.41177558898925,0.9160537719726562,1.0,3.553644180297852,0.9984623
YX03,25C,210,3.327139377593994,0.7392225637356418,3.314979076385498,-3.11520263671875,-0.0017588253495137,1,26.98782157897949,-0.8038711547851562,0.8984926125973196,3.423628547149619,0.904383
YX01,25C,240,3.5456862449646,1.0,3.59157943725586,2.280580869654511,-0.0040769647204886,1,25.61343002319336,-0.233530044555664,1.0,3.553644180297852,1.0
YX05,25C,570,3.490492582321167,1.0,3.591100215911865,2.078046750412801,-0.0044214292970125,1,25.52866172790528,-0.1616020202636718,1.0,3.553644180297852,0.9997521
YX03,25C,270,2.334911108016968,0.0,2.068639039993286,-2.225788347611132,-0.0266493981513383,1,26.082256317138672,-0.439432144165039,0.0,2.8855350017547607,0.0
YX05,25C,420,3.320079803466797,0.7275696629866809,3.299943447113037,-2.9786503996167863,-0.0014398842576523,1,27.048480987548828,-1.172098159790039,0.8032603653886067,3.3659348344035083,0.82038015
YX08,25C,300,3.296638011932373,0.688875420925238,3.281123161315918,-3.8281944866838127,-0.001779329349286,1,28.319441281995413,-1.046176995191214,0.6749834675712102,3.288221972305238,0.66923916
YX08,25C,420,3.548407554626465,1.0,3.592114210128784,2.2309558547319885,-0.0035902423384703,1,26.951084480476485,-0.5269030126572716,1.0,3.553644180297852,1.0
YX01,25C,180,3.2781684398651123,0.6583885832920146,3.2652816772460938,-1.0949835428377477,-0.0040361932649252,1,25.533111572265625,-0.1137771606445312,0.3966304931468507,3.119589843807117,0.46455836
YX08,25C,510,3.532829761505127,1.0,3.5910420417785645,2.3077057313019127,-0.0035255942304441,1,27.03116563157093,-0.6007348162852182,1.0,3.553644180297852,1.0
YX02,25C,120,3.557748556137085,1.0,3.591418981552124,2.284430704669063,-0.0038792072565447,1,25.39805603027344,-0.1572990417480468,1.0,3.553644180297852,1.0
YX02,25C,540,3.5463898181915283,1.0,3.592320442199707,1.9371106754750649,-0.0040214990047762,1,24.99773406982422,-0.1807403564453125,1.0,3.553644180297852,1.0
YX04,25C,210,2.316882848739624,0.0,2.065493106842041,-2.0499145098361606,-0.0293910257747858,1,26.23889124819374,-0.3732868475589761,0.0,2.8855350017547607,0.0
YX07,25C,210,3.288788080215454,0.675917914773278,3.287527322769165,0.0011548995971679,0.8732452518579686,1,25.03163193211989,0.0205502692671331,0.5128248395991253,3.189982840333258,0.53366524
YX01,25C,60,3.5722713470458984,1.0,3.5908079147338867,2.2560678597063744,-0.0040235095425344,1,25.49306297302246,-0.0711002349853515,1.0,3.553644180297852,1.0
YX03,25C,120,2.247483491897583,0.0,2.064658164978028,-2.0435008759851807,-0.0293131638015536,1,25.991539001464844,-0.1657981872558593,0.0,2.8855350017547607,0.0
YX08,25C,330,3.5396411418914795,1.0,3.591231107711792,2.30970633536762,-0.0037682150742844,1,26.976173758219737,-0.450578593121623,1.0,3.553644180297852,1.0
YX03,25C,180,2.294209718704224,0.0,2.068639039993286,-2.225788347611132,-0.0266493981513383,1,26.082256317138672,-0.30767822265625,0.0,2.8855350017547607,0.0
YX06,25C,60,3.575531005859375,1.0,3.592475175857544,2.2781436096781515,-0.0035869373403028,1,25.247376024259225,0.6115183238853064,1.0,3.553644180297852,0.9993331
YX01,25C,600,3.510924816131592,1.0,3.5919108390808105,2.248466304128847,-0.0041571449732257,1,25.52806663513184,-0.3915328979492187,1.0,3.553644180297852,0.99993813
YX08,25C,360,3.29682731628418,0.6891878965481585,3.281123161315918,-3.8281944866838127,-0.001779329349286,1,28.319441281995413,-1.225531883970259,0.6749834675712102,3.288221972305238,0.6581717
YX03,25C,270,3.281365394592285,0.6636656432765743,3.2793562412261963,0.0027694702148437,-0.1641701101928374,1,25.038009643554688,0.7606449127197266,0.4931137494757086,3.17804144437942,0.49643883
YX02,25C,480,3.522852897644043,1.0,3.5914466381073,2.1405543642317726,-0.004176368136859,1,25.296949677563635,-0.3252870163418002,1.0,3.553644180297852,1.0
YX01,25C,90,3.1786813735961914,0.4941700499713249,3.1724154949188232,-0.2515907392236921,-0.0105785555013787,1,24.98511505126953,-0.0779266357421875,0.0942725080269989,2.93641497131076,0.0907106
YX07,25C,570,3.530806064605713,1.0,3.5914523601531982,2.3152760655109823,-0.0041931952243772,1,25.820785296725607,-0.6109181345933443,1.0,3.553644180297852,1.0
YX03,25C,150,3.349997043609619,0.7769526177918515,3.3827929496765137,2.540252216819755,-0.006097559811554,1,25.91814041137696,0.5515823364257812,0.8129030744794479,3.371776591840588,0.82056165
YX01,25C,120,3.56480360031128,1.0,3.592268228530884,1.893253112352696,-0.0043820085348691,1,25.323108673095703,-0.0849456787109375,1.0,3.553644180297852,1.0
YX08,25C,480,3.2822585105896,0.6651398670592695,3.230857610702514,-3.2439011000340283,-0.0060076845917273,1,28.02462796787478,-1.1802718442906652,0.4271012795346829,3.138049691689893,0.40018928
YX07,25C,90,3.568126916885376,1.0,3.5913891792297363,1.947589218946329,-0.0044992023741332,1,25.35385704040528,-0.0301856950764261,1.0,3.553644180297852,1.0
YX08,25C,510,3.539325714111328,1.0,3.591294288635254,2.2794478040770354,-0.0034032037471323,1,26.943565437201,-0.5844586587461542,1.0,3.553644180297852,1.0
YX07,25C,240,3.552870750427246,1.0,3.5909481048583984,2.1520018072667537,-0.0037204124447174,1,25.520960673428952,-0.2499794432327355,1.0,3.553644180297852,1.0
YX07,25C,180,3.31841778755188,0.7248262529521992,3.312680959701538,-0.4682979583740234,-0.0012116991076192,1,26.685605480420648,-0.6678326348051407,0.7904317625992708,3.358162995074338,0.7918851
YX04,25C,420,3.34509015083313,0.7688530450017683,3.3691179752349854,1.2281249919878776,-0.0062007758858132,1,25.40793800354004,-0.2478981018066406,0.7860065690809177,3.355482119098218,0.7913991
YX08,25C,150,3.285727262496948,0.6708655696258562,3.275951623916626,-1.9193662537468803,-0.0018729491198856,1,27.334906790188,-0.3096215403860398,0.568602234278159,3.2237739676106187,0.5692129
YX04,25C,600,3.2870571613311768,0.6730607699087912,3.260794878005981,-2.456129057035264,-0.0035580355899283,1,25.31427574157715,-0.2322673797607422,0.5578838637142551,3.21728055166649,0.537754
YX01,25C,240,3.1816420555114746,0.499057105746421,3.119250774383545,-2.800686922940341,-0.0098136259264469,1,25.7810115814209,-0.2538833618164062,0.0949936709891232,2.9368518671102337,0.09475518
YX05,25C,180,3.546743869781494,1.0,3.591415405273437,2.144524537737908,-0.0041649676055016,1,25.650325775146484,-0.161224365234375,1.0,3.553644180297852,1.0
YX08,25C,510,3.3021881580352783,0.6980367811594513,3.290583610534668,-1.0478751254531573,-0.0016852832675473,1,26.790837958673205,-0.3667948461091193,0.7145328355223669,3.312181817218522,0.7141921
YX03,25C,150,3.551994800567627,1.0,3.591282367706299,1.9863863622001745,-0.0050726709568266,1,25.547154250606177,-0.1076653792718396,1.0,3.553644180297852,1.0
YX02,25C,360,3.1960787773132324,0.5228871106822898,3.15560245513916,-1.496686424399322,-0.0104432331007567,1,25.56886100769043,-0.4112720489501953,0.1310072004002482,2.95866962613324,0.123490214
YX07,25C,240,3.55476188659668,1.0,3.591956615447998,1.981437902824552,-0.0040724348707519,1,25.397094834795915,-0.2077977910577644,1.0,3.553644180297852,1.0
YX02,25C,360,3.5379862785339355,1.0,3.592081069946289,2.0842543889278984,-0.0042429666853593,1,25.361156463623047,-0.359048843383789,1.0,3.553644180297852,1.0
YX02,25C,570,3.290081739425659,0.6780532960452761,3.292898178100586,-0.0029678344726562,1.2883997429305911,1,28.293102264404297,-2.2894248962402344,0.5005020991708633,3.182517463138548,0.48293447
YX07,25C,90,3.570270299911499,1.0,3.592397928237915,2.19633278783999,-0.0039897580661793,1,25.55856710844129,-0.150564979939439,1.0,3.553644180297852,1.0
YX07,25C,180,3.293516159057617,0.6837223279699225,3.2794578075408936,-1.3081593183601428,-0.0043854198566068,1,25.44441888037742,-0.0855145097330343,0.7075139231669264,3.307929611425904,0.6953055
YX03,25C,180,2.2993483543396,0.0,2.070362329483032,-2.287836702634852,-0.0264252919395308,1,26.058012008666992,-0.3250236511230469,0.0,2.8855350017547607,0.0
YX04,25C,150,3.3166298866271973,0.7218750505639365,3.29939079284668,-4.329114774378335,-0.0011401271811439,1,29.18065452575684,-0.9756965637207032,0.8035649456488716,3.366119355577364,0.8106148
YX02,25C,330,3.298252582550049,0.6915405152809274,3.254091262817383,-8.416423329135828,-0.002633520292168,1,28.324159622192383,-1.661672592163086,0.9260344585112626,3.440313980847032,0.71675503
YX01,25C,240,3.252053022384644,0.6152811149894758,3.2297608852386475,-1.2574959048154075,-0.0058018852476166,1,25.238340377807617,-0.0825481414794921,0.2957943321453059,3.058501161372756,0.29051837
YX08,25C,150,3.559129238128662,1.0,3.5923664569854736,2.2733580873693984,-0.0037452983514477,1,26.82919186628052,-0.1114641862592833,1.0,3.553644180297852,1.0
YX02,25C,540,3.32668137550354,0.738466561630314,3.303248882293701,-2.1921292302195976,-0.0041730580184049,1,25.58286476135254,-0.6013011932373047,0.8701159400588063,3.406437357798186,0.8652662
YX07,25C,180,3.2516562938690186,0.6146262542381664,3.213831186294556,-4.108653509616852,-0.0034523414816722,1,26.123332171624355,-0.3888188303940865,0.3088773298494162,3.066427118530363,0.3028764
YX01,25C,600,3.533734083175659,1.0,3.5908079147338867,2.2560678597063744,-0.0040235095425344,1,25.49306297302246,0.0359115600585937,1.0,3.553644180297852,0.99999917
YX02,25C,540,3.543599367141724,1.0,3.592261552810669,2.2017491670417004,-0.0038207627239948,1,25.256345256812,-0.3954329338139501,1.0,3.553644180297852,1.0
YX03,25C,570,3.287017583847046,0.6729954412521101,3.2835352420806885,-0.6085036527193509,0.0007894996763663,1,24.928047692283315,0.3166384344256698,0.59433043517313,3.239360656735528,0.606703
YX06,25C,30,3.584348678588867,1.0,3.5923779010772705,2.269384146183808,-0.0035380622984897,1,25.18127822875977,0.0149478912353515,1.0,3.553644180297852,0.99977076
YX01,25C,480,3.5414421558380127,1.0,3.5922389030456543,2.1856149715098923,-0.0038134057447797,1,25.59864997863769,-0.3477745056152344,1.0,3.553644180297852,1.0
YX07,25C,180,3.5569684505462646,1.0,3.5913891792297363,1.947589218946329,-0.0044992023741332,1,25.35385704040528,-0.1197668636299518,1.0,3.553644180297852,1.0
YX07,25C,510,3.538118839263916,1.0,3.590317487716675,2.3020322329454843,-0.0037517776268941,1,25.685632478820885,-0.5445459137991797,1.0,3.553644180297852,1.0
YX01,25C,240,3.2979722023010254,0.6910777050384155,3.290866136550904,-0.8045453469314917,-0.0027817390412636,1,26.306659698486328,-0.5883121490478516,0.6982640342988805,3.3023258328012446,0.69730246
YX02,25C,90,3.570787191390991,1.0,3.592320442199707,1.9371106754750649,-0.0040214990047762,1,24.99773406982422,-0.0323191877365118,1.0,3.553644180297852,0.9997582
YX04,25C,480,2.4691503047943115,0.0,2.068316698074341,-2.109122227001825,-0.0287095176443317,1,26.457632064819336,-0.8020057678222656,0.0,2.8855350017547607,0.0003921464
YX04,25C,120,3.2764034271240234,0.655475161331712,3.2438018321990967,-4.109867465111517,-0.0041920094770184,1,25.87738558514864,-0.1221270249679769,0.5284909213742914,3.1994736845408163,0.533684
YX02,25C,540,3.5479629039764404,1.0,3.592252731323242,2.0453113256708573,-0.0038095704481871,1,25.077816009521484,-0.2419700622558593,1.0,3.553644180297852,1.0
YX04,25C,90,3.5669422149658203,1.0,3.591829299926758,2.2292482797231084,-0.0038389779077965,1,25.84111213684082,-0.1147212982177734,1.0,3.553644180297852,1.0
YX07,25C,330,3.288851022720337,0.6760218109501684,3.2885358333587646,0.0011548995971679,-0.2182080924855491,1,25.101508388710023,-0.1780105518974828,0.5128292742816881,3.189985526957899,0.48682228
YX01,25C,120,3.172747850418091,0.4843758675687789,3.119250774383545,-2.800686922940341,-0.0098136259264469,1,25.7810115814209,-0.1493136440171447,0.0949936709891232,2.9368518671102337,0.09886731
YX01,25C,300,3.285477638244629,0.6704535268334157,3.257276773452759,-3.005420003618513,-0.0043121156738892,1,25.61100006103516,-0.1711864471435547,0.5977395700918443,3.2414259828879386,0.5675037
YX04,25C,480,2.4167442321777344,0.0,2.067060947418213,-2.146129768740649,-0.0286638235201987,1,26.40337562561035,-0.8086986541748047,0.0,2.8855350017547607,0.00026777387
YX07,25C,390,3.540199279785156,1.0,3.591137170791626,2.268620080657949,-0.003862628445816,1,25.69371536960092,-0.4759648908775844,1.0,3.553644180297852,1.0
YX01,25C,90,3.566178798675537,1.0,3.592104434967041,2.2215784823739493,-0.0040427236516797,1,25.67543601989746,-0.1119358850873197,1.0,3.553644180297852,1.0
YX07,25C,540,3.539884090423584,1.0,3.5908849239349365,2.235147875619634,-0.0037511908105589,1,25.584124417250223,-0.3679145244549211,1.0,3.553644180297852,1.0
YX07,25C,450,3.288851022720337,0.6760218109501684,3.287527322769165,0.0011548995971679,0.8732452518579686,1,25.03163193211989,-0.0129267914338555,0.5128248395991253,3.189982840333258,0.52542585
YX04,25C,540,3.28486967086792,0.6694499842157241,3.2696235179901123,-1.03539362820712,-0.0046981690217974,1,25.84653282165528,-0.5902183002027392,0.449886402685369,3.151853401971552,0.41907808
YX01,25C,450,3.5321261882781982,1.0,3.592104434967041,2.2215784823739493,-0.0040427236516797,1,25.67543601989746,-0.3830334021703727,1.0,3.553644180297852,1.0
YX06,25C,30,3.2642416954040527,0.6354003735166329,3.254664659500122,-2.04216165745512,-0.0046896561146218,1,26.340633392333984,-0.1183052062988281,0.3865614937993565,3.1134898307020817,0.3841597
YX01,25C,390,3.5348222255706787,1.0,3.592104434967041,2.2215784823739493,-0.0040427236516797,1,25.67543601989746,-0.3637943267822265,1.0,3.553644180297852,1.0
YX02,25C,420,3.327606439590454,0.7399935205937037,3.3175525665283203,-2.142922113812159,-0.0012592251770976,1,25.61887550354004,-0.5956878662109375,0.9001109956911718,3.424608997911484,0.90374446
YX08,25C,120,3.564237833023072,1.0,3.592240333557129,2.292492960781604,-0.0035764456672217,1,26.95089604485203,-0.1817634858496895,1.0,3.553644180297852,0.9998937
YX05,25C,270,3.280678987503052,0.6625326239838942,3.2673115730285645,-2.8888006906141026,-0.0014722888451292,1,26.98299598693848,-0.9057865142822266,0.508147649743617,3.187149299637833,0.47672072
YX03,25C,480,3.5455257892608643,1.0,3.5919713973999023,2.262087193028893,-0.0035204909004799,1,25.723626612883063,-0.4357810013108008,1.0,3.553644180297852,1.0
YX02,25C,360,3.2226550579071045,0.5667553036436512,3.1683380603790283,-5.878842939410293,-0.0040926439365715,1,27.82343101501465,-1.3923301696777344,0.2008298249951063,3.000969651225861,0.19208075
YX05,25C,240,3.2803664207458496,0.6620166850145633,3.2673115730285645,-2.8888006906141026,-0.0014722888451292,1,26.98299598693848,-0.8887424468994141,0.508147649743617,3.187149299637833,0.47371215
YX02,25C,360,3.5442795753479004,1.0,3.59208607673645,2.292127305119925,-0.0036926823208197,1,25.393085479736328,-0.3928565979003906,1.0,3.553644180297852,1.0
YX03,25C,330,3.552010297775269,1.0,3.5921547412872314,2.0352647313150145,-0.0040072540089842,1,25.46062469482422,-0.1600666046142578,1.0,3.553644180297852,1.0
YX01,25C,360,3.542851448059082,1.0,3.591616630554199,2.145762691963773,-0.0039048971143574,1,25.405054092407227,-0.2044734954833984,1.0,3.553644180297852,1.0
YX01,25C,150,3.1623756885528564,0.4672550369648345,3.0651230812072754,-2.5149442001243902,-0.0156323581398608,1,26.19474220275879,-0.3156490325927734,0.0946067861615416,2.9366174840859687,0.083792984
YX07,25C,330,3.256762742996216,0.6230552251345272,3.213831186294556,-4.108653509616852,-0.0034523414816722,1,26.123332171624355,-0.582961089438669,0.3088773298494162,3.066427118530363,0.29523274
YX05,25C,60,3.276597738265991,0.6557959014232487,3.267818689346313,-1.229637641518324,-0.0042301715274721,1,25.212207794189453,-0.0524120330810546,0.5573239588423554,3.216941349434144,0.54258007
YX05,25C,240,3.279813289642334,0.6611036580055262,3.267987966537476,-2.185423303823002,-0.0015918039684053,1,25.98955345153809,-0.3706874847412109,0.5080552688175046,3.187093333315809,0.50490934
YX01,25C,420,3.516375780105591,1.0,3.591073513031006,2.0857548000424773,-0.0046133588827238,1,25.41177558898925,0.387603759765625,1.0,3.553644180297852,0.99967414
YX01,25C,600,3.324221134185791,0.7344055591707218,3.299034118652344,-2.188799405385213,-0.0036513301175065,1,25.97100821692968,-0.6067694779160071,0.7988768219919821,3.363279190953441,0.83535933
YX04,25C,270,3.3126466274261475,0.7153000754604955,3.328617811203003,1.228126640023208,-0.0044953186729761,1,25.37134552001953,-0.0986442565917968,0.4912570279142438,3.176916603124946,0.49309948
YX08,25C,30,3.2883760929107666,0.6752378670699952,3.2866101264953613,0.0014781951904296,1.1946774193548386,1,28.152069091796875,-0.0741022959072985,0.6514095661601107,3.273940403444048,0.559171
YX04,25C,450,3.5345637798309326,1.0,3.591986656188965,2.231903898372308,-0.0039696479872876,1,25.80059051513672,-0.5340003967285156,1.0,3.553644180297852,1.0
YX02,25C,540,3.5476982593536377,1.0,3.592475652694702,1.9448091428978511,-0.004182603270605,1,24.990985870361328,-0.1761398315429687,1.0,3.553644180297852,1.0
YX03,25C,480,3.2866358757019043,0.6723653739066495,3.2835352420806885,-0.6085036527193509,0.0007894996763663,1,24.928047692283315,0.3290247564471542,0.59433043517313,3.239360656735528,0.60400635
YX04,25C,450,3.2300515174865723,0.5789642850666507,3.1890079975128174,-2.4561634810175264,-0.005484427165922,1,26.105451583862305,-0.4394817352294922,0.2140148844303685,3.0089574395422627,0.21008605
YX08,25C,120,3.55313777923584,1.0,3.590726613998413,2.2908658066184904,-0.0042396449537988,1,27.06373089167077,-0.1445083644224567,1.0,3.553644180297852,0.99971384
YX01,25C,600,3.3280696868896484,0.7407581807137723,3.310654878616333,-2.39438427734375,-0.0026557399258702,1,25.82171058654785,-0.6496391296386719,0.8994180634751242,3.4241892048960194,0.8861707
YX08,25C,570,3.302314281463623,0.6982449670593568,3.290583610534668,-1.0478751254531573,-0.0016852832675473,1,26.790837958673205,-0.4000822416118836,0.7145328355223669,3.312181817218522,0.7129157
YX02,25C,570,3.5429961681365967,1.0,3.592261552810669,2.2017491670417004,-0.0038207627239948,1,25.256345256812,-0.3746352043217626,1.0,3.553644180297852,1.0
YX01,25C,270,3.3251991271972656,0.7360198853737693,3.31973934173584,-0.2515937574238818,-0.004759013564199,1,24.88661003112793,0.0291900634765625,0.8993611690722517,3.424154737061516,0.907278
YX08,25C,60,3.238236665725708,0.5924751170697771,3.2379212379455566,0.0011281967163085,0.1117920540997464,1,26.521034633636475,-0.0530131474795254,0.2181860550766607,3.0114844230813027,0.2203846
YX01,25C,300,3.3261215686798096,0.7375425153297885,3.310654878616333,-2.39438427734375,-0.0026557399258702,1,25.82171058654785,-0.4411678314208984,0.8994180634751242,3.4241892048960194,0.90186125
YX08,25C,480,3.5500473976135254,1.0,3.5924293994903564,1.7115708864714263,-0.0043849650113006,1,26.39874560608521,-0.1948034743702216,1.0,3.553644180297852,1.0
YX03,25C,510,2.4062185287475586,0.0,2.064658164978028,-2.0435008759851807,-0.0293131638015536,1,25.991539001464844,-0.5573921203613281,0.0,2.8855350017547607,0.0009323284
YX08,25C,450,3.5264596939086914,1.0,3.591294288635254,2.257771090639962,-0.0042180501659862,1,27.0851289995825,-0.6651247905409541,1.0,3.553644180297852,1.0
YX03,25C,90,3.5631773471832275,1.0,3.591282367706299,1.9863863622001745,-0.0050726709568266,1,25.547154250606177,-0.1131675867878172,1.0,3.553644180297852,1.0
YX04,25C,330,3.537805795669556,1.0,3.591527938842773,2.2348201982676983,-0.0039975397503743,1,25.849470138549805,-0.4138965606689453,1.0,3.553644180297852,1.0
YX03,25C,210,3.298118352890014,0.691318948812786,3.254257917404175,-8.440263493855793,-0.0027938734379306,1,28.653148651123047,-1.0780563354492188,0.6955300135192696,3.300669505095829,0.7154072
YX08,25C,30,3.586627244949341,1.0,3.592555522918701,0.8578125355696237,-0.0069109248507585,1,26.33491046632459,0.0452789459831493,1.0,3.553644180297852,0.9999575
YX01,25C,240,3.553522825241089,1.0,3.59165906906128,1.9777454239715984,-0.0043483840046017,1,25.408138275146484,-0.1144351959228515,1.0,3.553644180297852,1.0
YX05,25C,180,3.193847894668579,0.5192046995945483,3.146433115005493,-4.34064572528728,-0.0054934673961868,1,27.820375442504883,-0.9437618255615234,0.144297531998989,2.966721190556348,0.13899879
YX05,25C,330,3.1980648040771484,0.5261653499000826,3.146433115005493,-4.34064572528728,-0.0054934673961868,1,27.820375442504883,-1.3865089416503906,0.144297531998989,2.966721190556348,0.13901737
YX03,25C,240,3.554551362991333,1.0,3.5919713973999023,2.262087193028893,-0.0035204909004799,1,25.723626612883063,-0.2434325210861914,1.0,3.553644180297852,1.0
YX04,25C,240,3.5309813022613525,1.0,3.5917859077453613,2.0589466550748146,-0.0047433673095247,1,25.972505569458008,-0.382455825805664,1.0,3.553644180297852,1.0
YX05,25C,540,3.521387815475464,1.0,3.5915744304656982,2.1669908631761623,-0.0039467408076634,1,25.713930997331524,-0.3305005163744923,1.0,3.553644180297852,1.0
YX01,25C,300,3.5098955631256104,1.0,3.590876579284668,2.13105598954778,-0.005102538182477,1,25.59483528137207,-0.2099666595458984,1.0,3.553644180297852,1.0
YX04,25C,480,3.5369999408721924,1.0,3.5925004482269287,2.2494098283492594,-0.0037912140546403,1,25.871166229248047,-0.5342617034912109,1.0,3.553644180297852,1.0
YX08,25C,390,3.2394349575042725,0.5944530798919411,3.2379212379455566,0.0011281967163085,0.1117920540997464,1,26.521034633636475,-0.276276585904565,0.2181860550766607,3.0114844230813027,0.21598455
YX07,25C,600,3.2891032695770264,0.6764381827499794,3.2885358333587646,0.0011548995971679,-0.2182080924855491,1,25.101508388710023,-0.1590467378616331,0.5128292742816881,3.189985526957899,0.47876343
YX08,25C,90,3.5637333393096924,1.0,3.591294288635254,2.257771090639962,-0.0042180501659862,1,27.0851289995825,-0.2562313617077194,1.0,3.553644180297852,0.9997069
YX04,25C,510,3.539469242095948,1.0,3.591526985168457,2.184726499701106,-0.0036396942369139,1,25.716157913208008,-0.4698505401611328,1.0,3.553644180297852,1.0
YX07,25C,330,3.543288230895996,1.0,3.5912632942199707,2.27092360817089,-0.0039975038284898,1,25.811170493891577,-0.4605611708211974,1.0,3.553644180297852,1.0
YX04,25C,300,3.3488457202911377,0.7750521835562307,3.357880115509033,0.2455908719799857,-0.0074527991085591,1,24.97136306762696,-0.0447311401367187,0.7858920680799417,3.3554127519662527,0.7905791
YX04,25C,390,3.3101515769958496,0.7111816152667138,3.3169620037078857,0.2455869658391812,-0.0063743463951013,1,25.05678367614746,-0.0900135040283203,0.3929404250705086,3.1173543223965647,0.43117797
YX07,25C,240,3.282420873641968,0.665407871970112,3.264517068862915,-1.079084175604361,-0.0063678645499899,1,25.633837330440773,-0.299606734366435,0.5051836338981972,3.185353636049366,0.47662774
YX06,25C,480,3.547205209732056,1.0,3.5925211906433105,2.17756688103013,-0.0035915519832707,1,25.192035675048828,-0.385467529296875,1.0,3.553644180297852,1.0
YX03,25C,330,3.2675132751464844,0.6408006134381878,3.2866463661193848,2.540800298301919,-0.0029270268674343,1,25.12850107539586,0.0068310321480851,0.2032776678541194,3.002452606284624,0.20828052
YX07,25C,180,3.2889771461486816,0.6762299968500739,3.2885358333587646,0.0011548995971679,-0.2182080924855491,1,25.101508388710023,-0.0405732074737557,0.5128292742816881,3.189985526957899,0.51691324
YX04,25C,330,3.5490643978118896,1.0,3.591775417327881,2.149202637320992,-0.0037272547967923,1,25.70903778076172,-0.3512611389160156,1.0,3.553644180297852,1.0
YX04,25C,60,3.28666615486145,0.6724153542644719,3.2836754322052,-4.134996615923368,-0.0003642300838614,1,29.122966766357425,-0.4421672821044922,0.6070468939399887,3.247064556840237,0.609278
YX02,25C,240,3.220150947570801,0.5626218886971354,3.1683380603790283,-5.878842939410293,-0.0040926439365715,1,27.82343101501465,-0.9097137451171876,0.2008298249951063,3.000969651225861,0.19031206
YX05,25C,360,3.2812538146972656,0.6634814636902685,3.267987966537476,-2.185423303823002,-0.0015918039684053,1,25.98955345153809,-0.4646244049072265,0.5080552688175046,3.187093333315809,0.48971516
YX01,25C,390,3.184798002243042,0.5042664757975521,3.0651230812072754,-2.5149442001243902,-0.0156323581398608,1,26.19474220275879,-0.6858253479003906,0.0946067861615416,2.9366174840859687,0.09501332
YX01,25C,180,3.318384885787964,0.7247719435870064,3.299034118652344,-2.188799405385213,-0.0036513301175065,1,25.97100821692968,-0.2265853043320227,0.7988768219919821,3.363279190953441,0.8496642
YX02,25C,210,3.254833936691284,0.6198714369866348,3.2531497478485107,0.0012130737304687,-0.4170597484276729,1,24.84007453918457,-0.0350875854492187,0.3007835172702857,3.0615237154116923,0.30423275
YX08,25C,570,3.547903060913086,1.0,3.592240333557129,2.270882088137276,-0.0033327839496977,1,26.873108644974764,-0.5866944166226062,1.0,3.553644180297852,1.0
YX05,25C,150,3.2455854415893555,0.6046053892678594,3.203505039215088,-3.0961968446389223,-0.0061077786090771,1,26.88907241821289,-0.4305915832519531,0.2918046988046993,3.056084156979161,0.28766963
YX05,25C,450,3.5424697399139404,1.0,3.5921883583068848,2.033205746055411,-0.0040478979397698,1,25.560120016645808,-0.2503761354202218,1.0,3.553644180297852,1.0
YX02,25C,420,3.54986572265625,1.0,3.592252016067505,1.7731495526914272,-0.0046772085645339,1,25.04657593551202,-0.1194957810930752,1.0,3.553644180297852,1.0
YX01,25C,150,3.278078317642212,0.6582398228569214,3.262176036834717,-1.257500935713141,-0.0048766279999573,1,24.87197494506836,-0.0021724700927734,0.4969930462962191,3.1803916045717857,0.5226436
YX05,25C,210,3.2791569232940674,0.6600202255245438,3.267987966537476,-2.185423303823002,-0.0015918039684053,1,25.98955345153809,-0.349588394165039,0.5080552688175046,3.187093333315809,0.50635725
YX03,25C,390,3.2822768688201904,0.6651701701108627,3.2793562412261963,0.0027694702148437,-0.1641701101928374,1,25.038009643554688,0.4282632099741263,0.4931137494757086,3.17804144437942,0.47675666
YX01,25C,330,3.2955641746521,0.6871028891801073,3.271939992904663,-2.514948793300096,-0.0031208347640845,1,25.21068382263184,-0.1155986785888671,0.698191069699212,3.302281629301093,0.6889609
YX04,25C,450,3.28586483001709,0.6710926457397418,3.260794878005981,-2.456129057035264,-0.0035580355899283,1,25.31427574157715,-0.2054748737315002,0.5578838637142551,3.21728055166649,0.5308427
YX03,25C,180,3.5410258769989014,1.0,3.591469049453736,2.107061452542441,-0.0050930923969927,1,25.652097702026367,-0.195678443169232,1.0,3.553644180297852,1.0
YX07,25C,210,3.548142433166504,1.0,3.5914523601531982,2.3152760655109823,-0.0041931952243772,1,25.820785296725607,-0.2113887616151331,1.0,3.553644180297852,1.0
YX03,25C,600,3.5286242961883545,1.0,3.591752529144287,2.3568505214436843,-0.0038630912804573,1,25.97767639160156,-0.6535873413085938,1.0,3.553644180297852,1.0
YX06,25C,240,3.5329272747039795,1.0,3.592130422592163,2.0485350922799217,-0.0045189934135092,1,25.4116342952278,-0.4577196528938181,1.0,3.553644180297852,1.0
YX04,25C,90,2.2210867404937744,0.0,2.070081949234009,-2.167595955200881,-0.0275452287141271,1,26.262380599975582,-0.1926328035611391,0.0,2.8855350017547607,0.0
YX03,25C,30,3.5805916786193848,1.0,3.5908329486846924,2.129761839488566,-0.00480864567832,1,25.70607566833496,0.0117664337158203,1.0,3.553644180297852,1.0
YX02,25C,360,3.327162027359009,0.7392599506174773,3.3175525665283203,-2.142922113812159,-0.0012592251770976,1,25.61887550354004,-0.4858169555664062,0.9001109956911718,3.424608997911484,0.9102871
YX06,25C,270,3.5529944896698,1.0,3.5924646854400635,2.2291674473661933,-0.0035621060169165,1,25.098602294921875,-0.2058886707847591,1.0,3.553644180297852,1.0
YX03,25C,510,3.308354616165161,0.708215458125717,3.3285818099975586,2.540784916556767,-0.0029534126677719,1,25.53029060363769,0.1147147540782995,0.4065388654437421,3.125592545642196,0.41373155
YX05,25C,360,3.276968717575073,0.656408259193103,3.254793405532837,-1.229627562021663,-0.0046530910968458,1,25.303993225097656,-0.1880474090576172,0.4097723343007761,3.1275514495731542,0.40299824
YX04,25C,60,3.5767388343811035,1.0,3.592076301574707,2.105579703463621,-0.0035382672750456,1,25.580944061279297,-0.0868358612060546,1.0,3.553644180297852,1.0
YX01,25C,570,3.3273918628692627,0.7396393290815773,3.311790943145752,-1.2575073705136195,-0.003867572237852,1,25.252893447875977,-0.0766410827636718,0.8993927025763286,3.4241738407262874,0.89511913
YX01,25C,390,3.544311761856079,1.0,3.5922389030456543,2.1856149715098923,-0.0038134057447797,1,25.59864997863769,-0.2826194763183594,1.0,3.553644180297852,1.0
YX05,25C,210,3.221057891845703,0.5641189381550565,3.206259250640869,-2.9785759108407155,-0.0016259436530268,1,27.60624122619629,-0.9999504089355468,0.2129343031232483,3.008302800495521,0.18614434
YX05,25C,570,3.548109769821167,1.0,3.591941595077514,2.02139080038719,-0.0037278578737177,1,25.486461639404297,-0.2305746013628393,1.0,3.553644180297852,1.0
YX01,25C,60,3.5743374824523926,1.0,3.591635704040528,2.157507845317152,-0.003986189437975,1,25.449281692504883,-0.0617485046386718,1.0,3.553644180297852,1.0
YX08,25C,210,3.291529655456543,0.6804433016598805,3.2914035320281982,-0.0016746520996093,-0.0,1,26.21794517041684,-0.0975140965161358,0.5606885673170919,3.218979700523551,0.5768378
YX01,25C,210,3.541973352432251,1.0,3.591370105743408,2.2974598560632367,-0.0043596857199493,1,25.718524932861328,-0.2527198791503906,1.0,3.553644180297852,1.0
YX07,25C,120,3.2730276584625244,0.6499029417537134,3.2413175106048584,-2.566908127835552,-0.0058697467048059,1,26.258332989320127,-0.3348474672910591,0.4818943091281059,3.171244469745732,0.41769105
YX06,25C,90,3.284484386444092,0.6688140136783948,3.261194944381714,-5.163244569456422,-0.0027768930753826,1,27.17439079284668,-0.4746150970458984,0.6339036748730262,3.2633349636598936,0.62454575
YX02,25C,60,3.571589708328247,1.0,3.591703414916992,2.2738595926113385,-0.0039665487159891,1,25.34137725830078,-0.0130786895751953,1.0,3.553644180297852,1.0
YX04,25C,180,3.289477586746216,0.6770560501655777,3.2836754322052,-4.134996615923368,-0.0003642300838614,1,29.122966766357425,-1.2667236328125,0.6070468939399887,3.247064556840237,0.58371556
YX08,25C,90,3.2949352264404297,0.6860647145034522,3.290961980819702,-0.8307301125356129,-0.0018979233325083,1,27.189532432390035,-0.1456158853932336,0.6922763321965466,3.2986983560249774,0.70797235
YX04,25C,300,3.321467399597168,0.7298601014317654,3.29939079284668,-4.329114774378335,-0.0011401271811439,1,29.18065452575684,-1.8472881317138672,0.8035649456488716,3.366119355577364,0.79763824
YX08,25C,540,3.286421060562134,0.6720107888483985,3.285348892211914,-0.0013236999511718,0.1905619596541787,1,26.24294662475586,-0.1901239963685554,0.4201054094528064,3.133811445394724,0.40857047
YX03,25C,150,2.280679225921631,0.0,2.070362329483032,-2.287836702634852,-0.0264252919395308,1,26.058012008666992,-0.2444705963134765,0.0,2.8855350017547607,0.0
YX02,25C,540,3.2614455223083496,0.6307848645675005,3.248995304107666,-1.6306112912984996,-0.000926413379601,1,25.42939758300781,-0.4583511352539062,0.300845791529455,3.0615614424771067,0.301986
YX02,25C,90,3.5709590911865234,1.0,3.591751337051392,2.1553162073847507,-0.0033744277199669,1,25.132469177246094,-0.0403767261064835,1.0,3.553644180297852,0.99999464
YX04,25C,480,3.542221784591675,1.0,3.5926246643066406,2.22419981393318,-0.0037071615994192,1,25.74685859680176,-0.4959068298339844,1.0,3.553644180297852,1.0
YX04,25C,540,3.258754253387451,0.6263425159131853,3.272504568099976,1.2281145814555456,-0.0034852845290195,1,24.94178771972656,-0.0304450988769531,0.1968197460341919,2.998540260442368,0.19788313
YX03,25C,390,3.3145880699157715,0.7185047215529908,3.350933074951172,2.5405163180215773,-0.0051234561317862,1,25.988265991210938,-0.4888362884521484,0.6097420043568907,3.248697311823652,0.6084212
YX08,25C,390,3.297521114349365,0.6903331157707007,3.29682731628418,0.0014781951904296,0.1280645161290322,1,26.37841041510751,-0.1856359489131023,0.6651749440481801,3.282279760972548,0.66676533
YX05,25C,600,3.528630018234253,1.0,3.591869592666626,2.216523146387407,-0.0036363159564762,1,25.78529930114746,-0.4093151092529297,1.0,3.553644180297852,1.0
YX08,25C,30,3.2380473613739014,0.5921626414468566,3.2379212379455566,0.0011281967163085,0.1117920540997464,1,26.521034633636475,-0.0831261712738218,0.2181860550766607,3.0114844230813027,0.21959922
YX01,25C,360,3.5189096927642822,1.0,3.591710329055786,2.226016727443372,-0.0045545532217806,1,25.50731658935547,-0.3266983032226562,1.0,3.553644180297852,1.0
YX03,25C,180,3.269498825073242,0.6440780655637314,3.2866463661193848,2.540800298301919,-0.0029270268674343,1,25.12850107539586,0.0176895679146866,0.2032776678541194,3.002452606284624,0.20700333
YX04,25C,510,3.292019844055176,0.6812524324920273,3.2836754322052,-4.134996615923368,-0.0003642300838614,1,29.122966766357425,-2.6122817993164062,0.6070468939399887,3.247064556840237,0.5502461
YX07,25C,330,3.2804665565490723,0.662181974386889,3.2413175106048584,-2.566908127835552,-0.0058697467048059,1,26.258332989320127,-0.661189723995836,0.4818943091281059,3.171244469745732,0.42069426
YX05,25C,60,3.570055723190308,1.0,3.591100215911865,2.078046750412801,-0.0044214292970125,1,25.52866172790528,0.0077266693115234,1.0,3.553644180297852,1.0
YX08,25C,540,3.3021249771118164,0.6979324914364363,3.290583610534668,-1.0478751254531573,-0.0016852832675473,1,26.790837958673205,-0.4082978073483048,0.7145328355223669,3.312181817218522,0.7102421
YX01,25C,510,3.287404775619507,0.673634560158436,3.257276773452759,-3.005420003618513,-0.0043121156738892,1,25.61100006103516,-0.3550662994384765,0.5977395700918443,3.2414259828879386,0.5479354
YX04,25C,360,3.547741413116455,1.0,3.591775417327881,2.149202637320992,-0.0037272547967923,1,25.70903778076172,-0.3605251312255859,1.0,3.553644180297852,1.0
YX04,25C,90,2.227839708328247,0.0,2.0663952827453613,-2.106850950365343,-0.0289090813293938,1,26.34038543701172,-0.1817283630371093,0.0,2.8855350017547607,0.0
YX04,25C,60,3.303728580474853,0.7005794826703948,3.299899339675904,-1.6456031799316406,-0.0015257542566385,1,26.15995216369629,-0.1675586700439453,0.7348025831970058,3.3244616597514174,0.75597405
YX02,25C,450,3.5449883937835693,1.0,3.591733932495117,1.850944807152484,-0.0043587719455716,1,25.075359344482425,-0.2552127838134765,1.0,3.553644180297852,1.0
YX07,25C,360,3.296226978302002,0.6881969474064535,3.2794578075408936,-1.3081593183601428,-0.0043854198566068,1,25.44441888037742,-0.1553218930500897,0.7075139231669264,3.307929611425904,0.6983244
YX02,25C,450,3.2880001068115234,0.6746172448315247,3.240222930908203,-9.291086832682293,-0.0023793649018832,1,28.17775154113769,-1.960493087768555,0.5504507494521609,3.212777413584424,0.5057761
YX02,25C,540,3.28845477104187,0.6753677372911082,3.240222930908203,-9.291086832682293,-0.0023793649018832,1,28.17775154113769,-2.213592529296875,0.5504507494521609,3.212777413584424,0.49545154
YX08,25C,480,3.239308834075928,0.5942448939920356,3.2379212379455566,0.0011281967163085,0.1117920540997464,1,26.521034633636475,-0.1755875625110476,0.2181860550766607,3.0114844230813027,0.21301445
YX02,25C,360,3.5412139892578125,1.0,3.591969966888428,2.2655065580787537,-0.0038426796719128,1,25.309776306152344,-0.3026457017676804,1.0,3.553644180297852,1.0
YX08,25C,30,3.582527637481689,1.0,3.591294288635254,2.265136964213114,-0.0038702521269436,1,26.9972018427319,0.0223348693683753,1.0,3.553644180297852,0.99957246
YX07,25C,480,3.537740707397461,1.0,3.5912632942199707,2.27092360817089,-0.0039975038284898,1,25.811170493891577,-0.5319148740513491,1.0,3.553644180297852,1.0
YX04,25C,60,3.27650785446167,0.6556475345342803,3.2706003189086914,-1.503407728407118,-0.0021245691663483,1,28.15522766113281,-0.3736400604248047,0.4110413045685142,3.128320218643045,0.39871758
YX02,25C,420,3.327996730804444,0.7406377555996493,3.316753387451172,-3.009959499392889,-0.0011620091752481,1,26.682994842529297,-1.243997573852539,0.9001055921601523,3.4246057243379244,0.8906881
YX04,25C,360,2.328866481781006,0.0,2.070081949234009,-2.167595955200881,-0.0275452287141271,1,26.262380599975582,-0.6550102233886719,0.0,2.8855350017547607,0.0
YX01,25C,570,3.522212266921997,1.0,3.5920236110687256,2.0055516323920104,-0.0047186761524514,1,25.548885345458984,-0.2062740325927734,1.0,3.553644180297852,1.0
YX02,25C,540,3.535036087036133,1.0,3.591969966888428,2.2655065580787537,-0.0038426796719128,1,25.309776306152344,-0.4283504486083984,1.0,3.553644180297852,1.0
YX01,25C,480,3.510006666183472,1.0,3.591710329055786,2.226016727443372,-0.0045545532217806,1,25.50731658935547,-0.3869132995605469,1.0,3.553644180297852,1.0
YX05,25C,510,3.286855697631836,0.6727282234335169,3.2713868618011475,-1.229652351490618,-0.0037229019501159,1,25.237943649291992,0.0407619476318359,0.606504900285607,3.246736205602892,0.57660633
YX05,25C,450,3.550492525100708,1.0,3.591941595077514,2.02139080038719,-0.0037278578737177,1,25.486461639404297,-0.1660633087158203,1.0,3.553644180297852,1.0
YX04,25C,210,3.317092180252075,0.7226381364995067,3.335712432861328,1.228128406080596,-0.0055255688113466,1,25.53044509887696,-0.1655826568603515,0.5895080350069248,3.236439144557766,0.5972236
YX05,25C,120,3.5598976612091064,1.0,3.591849565505981,2.120093229696092,-0.0041408787107613,1,25.63773727416992,-0.1389198303222656,1.0,3.553644180297852,1.0
YX03,25C,570,3.198300838470459,0.5265549605634217,3.140578031539917,-3.65197732003682,-0.0062628353649144,1,28.68039321899414,-2.472217559814453,0.0865451142406286,2.9317335524589097,0.073585086
YX02,25C,540,3.2669918537139893,0.6399399280637205,3.2503817081451416,-2.06603666211738,-0.0018222657185252,1,26.74127769470215,-1.358346939086914,0.3006984135574115,3.061472157779608,0.2882456
YX07,25C,420,3.563776969909668,1.0,3.59201979637146,0.8547523137061827,-0.0076706559551317,1,25.32373252525107,-0.2714784585930516,1.0,3.553644180297852,1.0
YX04,25C,360,2.3506569862365723,0.0,2.0708086490631104,-2.231055014470921,-0.0275672832790625,1,26.35064125061035,-0.6762638092041016,0.0,2.8855350017547607,0.0
YX02,25C,60,3.2926275730133057,0.6822555815635943,3.292668342590332,-0.0021324157714843,0.1310375670840787,1,24.76204872131348,-0.0180397033691406,0.7003199916049453,3.3035713752903804,0.70285887
YX07,25C,330,3.330206632614136,0.7442855346284273,3.3293240070343018,0.0011548995971679,0.1092072667217175,1,25.389000796699523,-0.2618811868942146,0.9434087811978756,3.4508397135858897,0.9391965
YX08,25C,540,3.287367105484009,0.6735723798707516,3.283961296081543,-0.0016746520996093,-0.30125284738041,1,26.52589915539725,-0.2135199411143595,0.549426231604287,3.2121567389689343,0.5475734
YX04,25C,300,3.282200574874878,0.6650442353509954,3.2438018321990967,-4.109867465111517,-0.0041920094770184,1,25.87738558514864,-0.366408793766805,0.5284909213742914,3.1994736845408163,0.5263947
YX01,25C,30,3.317013740539551,0.7225086598245183,3.310654878616333,-2.39438427734375,-0.0026557399258702,1,25.82171058654785,-0.0768356323242187,0.8994180634751242,3.4241892048960194,0.9040886
YX01,25C,510,3.186480760574341,0.5070441243448729,3.1724154949188232,-0.2515907392236921,-0.0105785555013787,1,24.98511505126953,1.0222549438476562,0.0942725080269989,2.93641497131076,0.09556378
YX08,25C,540,3.299034833908081,0.6928317401156906,3.290961980819702,-0.8307301125356129,-0.0018979233325083,1,27.189532432390035,-0.7128213266451411,0.6922763321965466,3.2986983560249774,0.6787922
YX05,25C,120,3.270277976989746,0.645364174298875,3.256531953811645,-2.9786644663129533,-0.0017019353152292,1,27.148340225219727,-0.5844802856445312,0.409717526945205,3.127518246116118,0.39180377
YX04,25C,450,3.543162107467652,1.0,3.5926246643066406,2.22419981393318,-0.0037071615994192,1,25.74685859680176,-0.4623756408691406,1.0,3.553644180297852,1.0
YX02,25C,270,3.5433189868927,1.0,3.592081069946289,2.0842543889278984,-0.0042429666853593,1,25.361156463623047,-0.2290054867771225,1.0,3.553644180297852,1.0
YX04,25C,240,3.311224937438965,0.7129533599195953,3.3169620037078857,0.2455869658391812,-0.0063743463951013,1,25.05678367614746,-0.0356998443603515,0.3929404250705086,3.1173543223965647,0.43459725
YX08,25C,300,3.287303924560547,0.6734680901477366,3.275951623916626,-1.9193662537468803,-0.0018729491198856,1,27.334906790188,-0.6384324009862148,0.568602234278159,3.2237739676106187,0.52598596
YX06,25C,90,3.273162603378296,0.6501256888602286,3.254664659500122,-2.04216165745512,-0.0046896561146218,1,26.340633392333984,-0.3580116347839599,0.3865614937993565,3.1134898307020817,0.39840773
YX05,25C,180,3.283442974090576,0.6670950042062077,3.2743043899536133,-2.9523343449145294,-0.0011112019389296,1,26.98360252380371,-0.6970348358154297,0.6063475558365666,3.2466408830025,0.58640116
YX07,25C,570,3.282925128936768,0.6662402220236091,3.2413175106048584,-2.566908127835552,-0.0058697467048059,1,26.258332989320127,-0.8965297719719452,0.4818943091281059,3.171244469745732,0.41681463
YX02,25C,390,3.551254749298096,1.0,3.592475652694702,1.9448091428978511,-0.004182603270605,1,24.990985870361328,-0.1178035736083984,1.0,3.553644180297852,1.0
YX08,25C,330,3.2939891815185547,0.684503123481099,3.2866101264953613,0.0014781951904296,1.1946774193548386,1,28.152069091796875,-1.1435468093623342,0.6514095661601107,3.273940403444048,0.63110644
YX04,25C,30,2.127302408218384,0.0,2.0663952827453613,-2.106850950365343,-0.0289090813293938,1,26.34038543701172,-0.03216552734375,0.0,2.8855350017547607,0.0
YX07,25C,240,3.191577434539795,0.5154569598501256,3.1439807415008545,-2.681657019528476,-0.0080399657263121,1,25.906491130333595,-0.3121778487701157,0.1211809330282839,2.952716665200982,0.12121192
YX08,25C,540,3.5316314697265625,1.0,3.591231107711792,2.30970633536762,-0.0037682150742844,1,26.976173758219737,-0.697437263125174,1.0,3.553644180297852,1.0
YX04,25C,540,3.324293851852417,0.7345255907387201,3.29939079284668,-4.329114774378335,-0.0011401271811439,1,29.18065452575684,-2.6883983612060547,0.8035649456488716,3.366119355577364,0.7757296
YX08,25C,240,3.2866733074188232,0.6724271606482094,3.285348892211914,0.0011281967163085,-0.2235841081994928,1,26.51200232302625,-0.1201280870791521,0.5651536786902238,3.2216847595817115,0.56455773
YX07,25C,570,3.2847533226013184,0.6692579337069267,3.264517068862915,-1.079084175604361,-0.0063678645499899,1,25.633837330440773,-0.5335504673424154,0.5051836338981972,3.185353636049366,0.42857826
YX05,25C,240,3.5543975830078125,1.0,3.592496633529663,2.064356458534164,-0.003871669543397,1,25.603609085083008,-0.1156806945800781,1.0,3.553644180297852,1.0
YX02,25C,480,3.5288989543914795,1.0,3.59140419960022,2.288848341226705,-0.0038496370725611,1,25.497711181640625,-0.4521198272705078,1.0,3.553644180297852,1.0
YX04,25C,120,3.2796618938446045,0.6608537562164147,3.2706003189086914,-1.503407728407118,-0.0021245691663483,1,28.15522766113281,-0.6505813598632812,0.4110413045685142,3.128320218643045,0.39487216
YX01,25C,480,3.2975425720214844,0.6903685349219133,3.271939992904663,-2.514948793300096,-0.0031208347640845,1,25.21068382263184,-0.1783580780029297,0.698191069699212,3.302281629301093,0.693856
YX05,25C,300,3.275871753692627,0.6545975534738875,3.254793405532837,-1.229627562021663,-0.0046530910968458,1,25.303993225097656,-0.2513771057128906,0.4097723343007761,3.1275514495731542,0.40065515
YX07,25C,390,3.548583745956421,1.0,3.592397928237915,2.19633278783999,-0.0039897580661793,1,25.55856710844129,-0.3337631680497495,1.0,3.553644180297852,1.0
YX06,25C,360,3.51865291595459,1.0,3.592130422592163,2.0485350922799217,-0.0045189934135092,1,25.4116342952278,-0.4834713530020167,1.0,3.553644180297852,1.0
YX08,25C,570,3.287493228912353,0.673780565770657,3.283961296081543,-0.0016746520996093,-0.30125284738041,1,26.52589915539725,-0.2166314498106558,0.549426231604287,3.2121567389689343,0.54667884
YX07,25C,60,3.318732976913452,0.7253465209289005,3.304422378540039,-2.430855107918764,-0.0037345970176818,1,25.577756178057587,0.032570603787505,0.9004589141249697,3.4248197742689355,0.91253716
YX05,25C,30,3.2714667320251465,0.6473263952760557,3.267987966537476,-2.185423303823002,-0.0015918039684053,1,25.98955345153809,-0.0858154296875,0.5080552688175046,3.187093333315809,0.5203608
YX05,25C,180,3.282341957092285,0.6652776082028743,3.2741196155548096,-2.2032719761872093,-0.0013296985264024,1,25.965621948242188,-0.2727489471435547,0.6064195692527626,3.246684510255554,0.5875364
YX05,25C,540,3.526343584060669,1.0,3.591843605041504,2.165886784079896,-0.0042490481132096,1,25.784683227539062,-0.4257450103759765,1.0,3.553644180297852,1.0
YX01,25C,90,3.568612098693848,1.0,3.59165906906128,1.9777454239715984,-0.0043483840046017,1,25.408138275146484,-0.0306758880615234,1.0,3.553644180297852,1.0
YX01,25C,270,3.2809653282165527,0.6630052728795207,3.2524218559265137,-2.5149396174090364,-0.0039440973040777,1,25.41216117809497,-0.0421279139348129,0.4969976291889505,3.1803943809852857,0.50446236
YX02,25C,330,3.527748346328736,1.0,3.591703414916992,2.2738595926113385,-0.0039665487159891,1,25.34137725830078,-0.2734088897705078,1.0,3.553644180297852,1.0
YX02,25C,300,3.550408840179444,1.0,3.591733932495117,1.850944807152484,-0.0043587719455716,1,25.075359344482425,-0.1254215240478515,1.0,3.553644180297852,1.0
YX05,25C,390,3.53261137008667,1.0,3.591843605041504,2.165886784079896,-0.0042490481132096,1,25.784683227539062,-0.2867851257324219,1.0,3.553644180297852,1.0
YX02,25C,270,3.326439380645752,0.7380671123138602,3.3175525665283203,-2.142922113812159,-0.0012592251770976,1,25.61887550354004,-0.4225063323974609,0.9001109956911718,3.424608997911484,0.91688406
YX07,25C,90,3.288725137710572,0.6758140185963876,3.2885358333587646,0.0011548995971679,-0.2182080924855491,1,25.101508388710023,-0.1388843242610953,0.5128292742816881,3.189985526957899,0.4960313
YX05,25C,360,3.5456550121307373,1.0,3.5921883583068848,2.033205746055411,-0.0040478979397698,1,25.560120016645808,-0.209724814009089,1.0,3.553644180297852,1.0
YX01,25C,510,3.54067611694336,1.0,3.5922389030456543,2.1856149715098923,-0.0038134057447797,1,25.59864997863769,-0.3489913940429687,1.0,3.553644180297852,1.0
YX07,25C,390,3.5362277030944824,1.0,3.5914523601531982,2.3152760655109823,-0.0041931952243772,1,25.820785296725607,-0.4437255194657794,1.0,3.553644180297852,1.0
YX08,25C,450,3.546010971069336,1.0,3.591735601425171,2.2419552098726854,-0.0033756789266323,1,26.90058693608741,-0.5947922355648352,1.0,3.553644180297852,1.0
YX02,25C,90,3.285244464874268,0.6700686387235717,3.267592191696167,-4.256477571883291,-0.002333674521563,1,28.15523910522461,-0.5801239013671875,0.6004401286669453,3.2430620384810034,0.59928685
YX03,25C,180,2.2954447269439697,0.0,2.059387445449829,-1.6915377769433104,-0.0333935008424079,1,26.426326751708984,-0.3948192596435547,0.0,2.8855350017547607,0.0
YX03,25C,30,3.319049596786499,0.7258691501823493,3.319663047790528,0.0014114379882812,-0.4346283783783783,1,25.09136962890625,-0.0183162689208984,0.7971502367763121,3.36223318905404,0.7975459
YX02,25C,60,3.322627544403076,0.7317750968739959,3.316753387451172,-3.009959499392889,-0.0011620091752481,1,26.682994842529297,-0.2713985443115234,0.9001055921601523,3.4246057243379244,0.9252811
YX08,25C,570,3.32810926437378,0.7408235093704534,3.308999538421631,-2.2232009012674547,-0.0033191130045811,1,26.76728739832603,-0.4975567748113612,0.9103016693621852,3.430782723899239,0.89053017
YX03,25C,390,3.266895294189453,0.6397805418832636,3.2866463661193848,2.540800298301919,-0.0029270268674343,1,25.12850107539586,-0.0201886080394118,0.2032776678541194,3.002452606284624,0.20868975
YX01,25C,210,3.535102605819702,1.0,3.59116530418396,2.113528216194404,-0.0045174274682231,1,25.488407208945084,-0.1222496772068026,1.0,3.553644180297852,1.0
YX01,25C,120,3.2479183673858643,0.6084562380969233,3.2429115772247314,-0.2515939194495458,-0.0072323313682786,1,24.993587493896484,-0.0431423187255859,0.2955357352321709,3.058344497884696,0.30278018
YX03,25C,450,3.2790207862854004,0.6597955106874057,3.273888349533081,0.0055160522460937,-0.0400242047026279,1,25.005334854125977,-0.0226726531982421,0.3917786479455435,3.1166504932033314,0.37192303
YX08,25C,510,3.239813327789306,0.5950776375916574,3.2379212379455566,0.0011281967163085,0.1117920540997464,1,26.521034633636475,-0.2691588330345631,0.2181860550766607,3.0114844230813027,0.21484381
YX01,25C,270,3.254090547561645,0.6186443601701789,3.2325785160064697,-1.7351463758028471,-0.0042922716364655,1,25.73259735107422,0.2383289337158203,0.2959040118631933,3.058567607669292,0.31357265
YX01,25C,360,3.5477237701416016,1.0,3.592268228530884,1.893253112352696,-0.0043820085348691,1,25.323108673095703,-0.1517848968505859,1.0,3.553644180297852,1.0
YX08,25C,60,3.320793390274048,0.7287475465375637,3.306476831436157,-2.577401492221296,-0.0038661824879141,1,27.62176689695381,-0.2045683103922044,0.9037730015694758,3.4268275186479986,0.91270393
YX05,25C,270,3.544858694076538,1.0,3.5917410850524902,2.1414230080639443,-0.0039045716505359,1,25.714597702026367,-0.2418270111083984,1.0,3.553644180297852,1.0
YX07,25C,210,3.3271806240081787,0.7392906472151949,3.3268654346466064,0.001500129699707,-0.336141131595677,1,25.11201573477533,-0.0202443160206016,0.8169597712745865,3.3742342246956003,0.8295748
YX06,25C,240,3.283552408218384,0.6672756418773922,3.256531238555908,-2.398606891873517,-0.0048340604693208,1,26.7370662689209,-0.9490585327148438,0.4459157924121815,3.1494479221551828,0.43398854
YX03,25C,570,2.4119873046875,0.0,2.0742573738098145,-2.3233747307366315,-0.0246001516484424,1,26.222631454467773,-0.7537403106689453,0.0,2.8855350017547607,0.0007363185
YX02,25C,180,3.2626802921295166,0.632823039946726,3.2503817081451416,-2.06603666211738,-0.0018222657185252,1,26.74127769470215,-0.6088504791259766,0.3006984135574115,3.061472157779608,0.31071252
YX05,25C,150,3.282672882080078,0.6658238502237982,3.2713868618011475,-1.229652351490618,-0.0037229019501159,1,25.237943649291992,-0.0176634056712181,0.606504900285607,3.246736205602892,0.6136103
YX05,25C,180,3.5483920574188232,1.0,3.591379880905152,2.2621687756036946,-0.0039833589316247,1,25.70136451721192,-0.1472377777099609,1.0,3.553644180297852,1.0
YX03,25C,240,2.3230812549591064,0.0,2.068639039993286,-2.225788347611132,-0.0266493981513383,1,26.082256317138672,-0.356353759765625,0.0,2.8855350017547607,0.0
YX04,25C,480,3.53706955909729,1.0,3.592024087905884,2.215304496284704,-0.0038628187030111,1,25.934385299682617,-0.6219959259033203,1.0,3.553644180297852,1.0
YX01,25C,480,3.1882359981536865,0.5099414109140674,3.0651230812072754,-2.5149442001243902,-0.0156323581398608,1,26.19474220275879,-0.8347148895263672,0.0946067861615416,2.9366174840859687,0.09774254
YX04,25C,450,2.3413357734680176,0.0,2.070081949234009,-2.167595955200881,-0.0275452287141271,1,26.262380599975582,-0.7145423889160156,0.0,2.8855350017547607,0.00010086596
