Cell_ID,Temp_Group,t,V_mea,SOC_mea,V_10,I_m,R,I_flag,T_env,dT,SOC_true,OCV_GITT_true,Source_File,SOC_pred,SOC_pred_teacher
A123_094,25C,120,4.045166969299316,1.0,4.069166660308838,2.339980810556723,0.0,1,24.0,0.0,0.0,2.8855350017547607,2_4_14_1C_Cycle.xlsx,0.00027528405,-0.00014958014533665652
A123_094,25C,30,4.066085815429688,1.0,4.066085815429688,2.3115235610195426,0.0,1,24.0,0.0,0.0,2.8855350017547607,10_16_13_1C_Cycle.xlsx,0.000785023,3.4224225511526475e-05
A123_094,25C,120,2.555711507797241,0.0,2.391117572784424,-2.499906479794046,-0.0,1,24.0,0.0,0.0,2.8855350017547607,8_29_13_1C_Cycle.xlsx,0.00021471083,8.141638658039517e-05
A123_094,25C,90,4.049221038818359,1.0,4.067869663238525,2.3248177781322243,0.0,1,24.0,0.0,0.0,2.8855350017547607,12_4_13_1C_Cycle.xlsx,0.00038412213,5.603396802165961e-05
A123_094,25C,30,2.383171558380127,0.0,2.383171558380127,-2.4997479957816875,-0.0,1,24.0,0.0,0.0,2.8855350017547607,10_07_13_1C_Cycle.xlsx,0.0002644956,0.00031597758152679054
A123_094,25C,120,2.5607385635375977,0.0,2.3929011821746826,-2.4996489426037214,-0.0,1,24.0,0.0,0.0,2.8855350017547607,11_18_13_1C_Cycle.xlsx,0.00034436584,-3.08571549557865e-05
A123_094,25C,120,4.041275024414063,1.0,4.067058563232422,2.323787797793098,0.0,1,24.0,0.0,0.0,2.8855350017547607,2_4_14_1C_Cycle.xlsx,0.00040613115,3.9455674444815135e-05
A123_094,25C,60,2.5317115783691406,0.0,2.4760901927948,-2.477007442233365,-0.0,1,24.0,0.0,0.0,2.8855350017547607,1_23_14_1C_Cycle.xlsx,0.00042539835,0.0002814760463804901
A123_094,25C,120,4.038842678070068,1.0,4.066247940063477,2.313584728380208,0.0,1,24.0,0.0,0.0,2.8855350017547607,9_25_13_1C_Cycle.xlsx,0.00029860437,-3.299084074791079e-05
A123_094,25C,90,2.5317115783691406,0.0,2.381387710571289,-2.499761758594338,-0.0,1,24.0,0.0,0.0,2.8855350017547607,1_23_14_1C_Cycle.xlsx,0.00035825372,0.0001889047827147582
A123_094,25C,120,2.559603452682495,0.0,2.389333724975586,-2.499710045690122,-0.0,1,24.0,0.0,0.0,2.8855350017547607,8_29_13_1C_Cycle.xlsx,0.00022758543,-3.08571549557865e-05
A123_094,25C,120,2.561549425125122,0.0,2.3760364055633545,-2.4999183480228697,-0.0,1,24.0,0.0,0.0,2.8855350017547607,10_16_13_1C_Cycle.xlsx,0.0,-3.908992505288762e-05
A123_094,25C,120,4.041923522949219,1.0,4.067707061767578,2.3241751388224783,0.0,1,24.0,0.0,0.0,2.8855350017547607,1_23_14_1C_Cycle.xlsx,0.00042834878,0.00021119144445374999
A123_094,25C,30,4.067220687866211,1.0,4.067220687866211,2.324389714906868,0.0,1,24.0,0.0,0.0,2.8855350017547607,12_13_13_1C_Cycle.xlsx,0.0002926439,0.00043709434368958305
A123_094,25C,150,4.038193702697754,1.0,4.06884241104126,2.3390865164498487,0.0,1,24.0,0.0,0.0,2.8855350017547607,3_4_14_1C_Cycle.xlsx,0.00022557378,0.00010708729212188599
A123_094,25C,30,4.06884241104126,1.0,4.06884241104126,2.344580047653388,0.0,1,24.0,0.0,0.0,2.8855350017547607,11_18_13_1C_Cycle.xlsx,7.8737736e-05,0.0006904199289377498
A123_094,25C,120,4.040463924407959,1.0,4.066896438598633,2.3196181743814237,0.0,1,24.0,0.0,0.0,2.8855350017547607,3_4_14_1C_Cycle.xlsx,0.00038063526,9.463823943796443e-05
A123_094,25C,30,4.067707061767578,1.0,4.067707061767578,2.3212482533820973,0.0,1,24.0,0.0,0.0,2.8855350017547607,7_19_13_1C_Cycle.xlsx,0.00041788816,0.0010774430167754452
A123_094,25C,30,2.4801442623138428,0.0,2.4801442623138428,-2.4773810091376487,-0.0,1,24.0,0.0,0.0,2.8855350017547607,11_18_13_1C_Cycle.xlsx,0.0003001094,0.00029601475214002197
A123_094,25C,60,4.056355953216553,1.0,4.066896438598633,2.331306527838234,0.0,1,24.0,0.0,0.0,2.8855350017547607,10_07_13_1C_Cycle.xlsx,0.0,0.000645779766063065
A123_094,25C,60,4.059274673461914,1.0,4.06884241104126,2.3444942650779828,0.0,1,24.0,0.0,0.0,2.8855350017547607,11_18_13_1C_Cycle.xlsx,0.0,0.0006785179792141904
A123_094,25C,120,4.039329051971436,1.0,4.066572189331055,2.3114787983623417,0.0,1,24.0,0.0,0.0,2.8855350017547607,10_16_13_1C_Cycle.xlsx,0.0005481094,-7.377479999630638e-05
A123_094,25C,90,4.0477614402771,1.0,4.067058563232422,2.3333711301287017,0.0,1,24.0,0.0,0.0,2.8855350017547607,8_29_13_1C_Cycle.xlsx,0.0,0.0004554320857639876
A123_094,25C,150,4.036572456359863,1.0,4.0680317878723145,2.3249509797384174,0.0,1,24.0,0.0,0.0,2.8855350017547607,12_4_13_1C_Cycle.xlsx,0.000788182,-0.00023834840374870481
A123_094,25C,30,4.067544937133789,1.0,4.067544937133789,2.3242275735251923,0.0,1,24.0,0.0,0.0,2.8855350017547607,12_13_13_1C_Cycle.xlsx,0.00030878186,0.0010222604517822957
A123_094,25C,120,4.038031578063965,1.0,4.065761566162109,2.3138483091578133,0.0,1,24.0,0.0,0.0,2.8855350017547607,9_25_13_1C_Cycle.xlsx,0.000110283494,-0.000547093671389918
A123_094,25C,150,4.033166885375977,1.0,4.066896438598633,2.317289422214031,0.0,1,24.0,0.0,0.0,2.8855350017547607,8_12_13_1C_Cycle.xlsx,0.00016471744,-8.901365631115468e-05
A123_094,25C,120,2.578252077102661,0.0,2.422576904296875,-2.4997065334676583,-0.0,1,24.0,0.0,0.0,2.8855350017547607,2_20_14_1C_Cycle.xlsx,0.0014122427,-0.03638019112214333
A123_094,25C,60,2.5249009132385254,0.0,2.4772253036499023,-2.4781829750402187,-0.0,1,24.0,0.0,0.0,2.8855350017547607,8_29_13_1C_Cycle.xlsx,0.000115573406,0.0002814760463804901
A123_094,25C,120,4.042734146118164,1.0,4.068193912506104,2.326930031242992,0.0,1,24.0,0.0,0.0,2.8855350017547607,12_4_13_1C_Cycle.xlsx,0.0004246831,0.0018506775776515904
A123_094,25C,60,2.5043063163757324,0.0,2.4220902919769287,-2.499740313146716,-0.0,1,24.0,0.0,0.0,2.8855350017547607,2_20_14_1C_Cycle.xlsx,0.00077682734,0.0020995722240718722
A123_094,25C,120,4.038842678070068,1.0,4.066085815429688,2.311548940406358,0.0,1,24.0,0.0,0.0,2.8855350017547607,10_16_13_1C_Cycle.xlsx,0.0005041659,-8.895877563420149e-05
A123_094,25C,30,2.48663067817688,0.0,2.48663067817688,-2.476772313932156,-0.0,1,24.0,0.0,0.0,2.8855350017547607,2_4_14_1C_Cycle.xlsx,0.00037935376,-0.0007793930577775415
A123_094,25C,120,4.039977550506592,1.0,4.067058563232422,2.3176638137698173,0.0,1,24.0,0.0,0.0,2.8855350017547607,8_12_13_1C_Cycle.xlsx,0.00023198128,9.463823943796443e-05
A123_094,25C,60,4.056031703948975,1.0,4.066410064697266,2.3131552474787003,0.0,1,24.0,0.0,0.0,2.8855350017547607,10_07_13_1C_Cycle.xlsx,0.0010771453,-6.35974118832797e-05
A123_094,25C,150,4.032842636108398,1.0,4.066734313964844,2.315602326525315,0.0,1,24.0,0.0,0.0,2.8855350017547607,8_29_13_1C_Cycle.xlsx,0.00019079447,-2.9311470128476755e-05
A123_094,25C,150,4.03251838684082,1.0,4.066410064697266,2.313109342924884,0.0,1,24.0,0.0,0.0,2.8855350017547607,9_25_13_1C_Cycle.xlsx,0.00032874942,-5.634955075275213e-05
A123_094,25C,60,4.056193828582764,1.0,4.066572189331055,2.312971632500164,0.0,1,24.0,0.0,0.0,2.8855350017547607,10_07_13_1C_Cycle.xlsx,0.0011073649,-6.35974118832797e-05
A123_094,25C,90,2.526522397994995,0.0,2.391928195953369,-2.499719472553419,-0.0,1,24.0,0.0,0.0,2.8855350017547607,8_29_13_1C_Cycle.xlsx,0.00036142766,0.0001971375528118593
A123_094,25C,30,2.375063419342041,0.0,2.375063419342041,-2.4996948222483484,-0.0,1,24.0,0.0,0.0,2.8855350017547607,7_8_13_1C_Cycle.xlsx,0.0002680719,0.0002782400671567091
A123_094,25C,30,2.3927390575408936,0.0,2.3927390575408936,-2.4997454986237644,-0.0,1,24.0,0.0,0.0,2.8855350017547607,9_16_13_1C_Cycle.xlsx,0.00026915967,0.0003242103516238914
A123_094,25C,30,2.3859283924102783,0.0,2.3859283924102783,-2.4997639888155776,-0.0,1,24.0,0.0,0.0,2.8855350017547607,10_07_13_1C_Cycle.xlsx,0.00026518106,0.00031597758152679054
A123_094,25C,30,2.476738929748535,0.0,2.476738929748535,-2.4783325370607883,-0.0,1,24.0,0.0,0.0,2.8855350017547607,8_29_13_1C_Cycle.xlsx,0.0002757609,0.00029601475214002197
A123_094,25C,120,2.557819604873657,0.0,2.3799283504486084,-2.4998727414460307,-0.0,1,24.0,0.0,0.0,2.8855350017547607,9_25_13_1C_Cycle.xlsx,0.0,-3.908992505288762e-05
A123_094,25C,30,4.067707061767578,1.0,4.067707061767578,2.316939670324325,0.0,1,24.0,0.0,0.0,2.8855350017547607,8_12_13_1C_Cycle.xlsx,0.00060014427,0.0027172206516124942
A123_094,25C,30,4.067058563232422,1.0,4.067058563232422,2.315647563566604,0.0,1,24.0,0.0,0.0,2.8855350017547607,8_29_13_1C_Cycle.xlsx,0.0006277561,0.0004978347607391142
A123_094,25C,60,2.476901054382324,0.0,2.38884711265564,-2.4997367589370065,-0.0,1,24.0,0.0,0.0,2.8855350017547607,8_29_13_1C_Cycle.xlsx,0.00022950768,0.00027461042349351164
A123_094,25C,90,4.046788215637207,1.0,4.066410064697266,2.31308269054919,0.0,1,24.0,0.0,0.0,2.8855350017547607,9_25_13_1C_Cycle.xlsx,0.0006458163,-0.0001251186842285192
A123_094,25C,30,4.066896438598633,1.0,4.066896438598633,2.3323598875984795,0.0,1,24.0,0.0,0.0,2.8855350017547607,9_16_13_1C_Cycle.xlsx,0.00011074543,0.001256402888150904
A123_094,25C,60,2.536738634109497,0.0,2.484846830368042,-2.477579652604778,-0.0,1,24.0,0.0,0.0,2.8855350017547607,10_16_13_1C_Cycle.xlsx,0.0005084276,0.0002814760463804901
A123_094,25C,30,2.474144220352173,0.0,2.474144220352173,-2.499765045746513,-0.0,1,24.0,0.0,0.0,2.8855350017547607,8_29_13_1C_Cycle.xlsx,0.0007727444,0.00024077066310884823
A123_094,25C,90,4.051004409790039,1.0,4.0680317878723145,2.3397299632299364,0.0,1,24.0,0.0,0.0,2.8855350017547607,2_20_14_1C_Cycle.xlsx,0.00013692677,-0.0001181346138127866
A123_094,25C,90,2.542414426803589,0.0,2.4138200283050537,-2.4997026081438416,-0.0,1,24.0,0.0,0.0,2.8855350017547607,2_4_14_1C_Cycle.xlsx,0.0009061098,0.0017734630266409417
A123_094,25C,30,2.476252317428589,0.0,2.476252317428589,-2.4773568139093447,-0.0,1,24.0,0.0,0.0,2.8855350017547607,12_4_13_1C_Cycle.xlsx,0.0002462566,0.00029601475214002197
A123_094,25C,60,2.4752793312072754,0.0,2.387712001800537,-2.499728169934503,-0.0,1,24.0,0.0,0.0,2.8855350017547607,8_12_13_1C_Cycle.xlsx,0.00018182397,0.00027461042349351164
A123_094,25C,120,2.553441286087036,0.0,2.399712085723877,-2.499665482569549,-0.0,1,24.0,0.0,0.0,2.8855350017547607,7_24_13_1C_Cycle.xlsx,0.00037282705,0.00035326458961228727
A123_094,25C,90,4.064626216888428,1.0,4.075004577636719,0.9037446329991022,0.0,1,24.0,0.0,1.0,3.553644180297852,10_16_13_1C_Cycle.xlsx,0.9960232,0.9761177861721292
A123_094,25C,120,4.039653301239014,1.0,4.067220687866211,2.3158442814263607,0.0,1,24.0,0.0,0.0,2.8855350017547607,8_29_13_1C_Cycle.xlsx,0.00015176833,0.0009299984625145008
A123_094,25C,60,4.058950424194336,1.0,4.06884241104126,2.344707118820841,0.0,1,24.0,0.0,0.0,2.8855350017547607,11_18_13_1C_Cycle.xlsx,0.0,0.0006785179792141904
A123_094,25C,90,4.049221038818359,1.0,4.067869663238525,2.3400881350563285,0.0,1,24.0,0.0,0.0,2.8855350017547607,3_4_14_1C_Cycle.xlsx,0.0,-0.0001181346138127866
A123_094,25C,90,4.038517951965332,1.0,4.066247940063477,2.31366912867935,0.0,1,24.0,0.0,0.0,2.8855350017547607,9_25_13_1C_Cycle.xlsx,0.0,0.0063872917620014895
A123_094,25C,30,4.069166660308838,1.0,4.069166660308838,2.33867127892741,0.0,1,24.0,0.0,0.0,2.8855350017547607,3_4_14_1C_Cycle.xlsx,7.727742e-05,0.0002234415578805665
A123_094,25C,60,4.057491302490234,1.0,4.067869663238525,2.3259324955485634,0.0,1,24.0,0.0,0.0,2.8855350017547607,12_13_13_1C_Cycle.xlsx,0.00027394295,0.00030319118956292766
A123_094,25C,120,4.039815425872803,1.0,4.066896438598633,2.314428460973549,0.0,1,24.0,0.0,0.0,2.8855350017547607,9_16_13_1C_Cycle.xlsx,0.0004387796,6.978469689029781e-05
A123_094,25C,90,2.5276577472686768,0.0,2.375874280929565,-2.499339705114966,-0.0,1,24.0,0.0,0.0,2.8855350017547607,11_6_13_1C_Cycle.xlsx,0.00020185113,0.0001971375528118593
A123_094,25C,60,4.056680202484131,1.0,4.067058563232422,2.32757679310416,0.0,1,24.0,0.0,0.0,2.8855350017547607,11_6_13_1C_Cycle.xlsx,0.00013053417,0.0005703938958592532
A123_094,25C,30,4.066734313964844,1.0,4.066734313964844,2.3277969121181665,0.0,1,24.0,0.0,0.0,2.8855350017547607,11_6_13_1C_Cycle.xlsx,0.00018885732,0.0006451382803394268
A123_094,25C,120,4.037383079528809,1.0,4.066247940063477,2.30838817178972,0.0,1,24.0,0.0,0.0,2.8855350017547607,7_15_13_1C_Cycle.xlsx,1.4230609e-05,9.326337371250372e-05
A123_094,25C,90,2.5227928161621094,0.0,2.386739015579224,-2.499731285818692,-0.0,1,24.0,0.0,0.0,2.8855350017547607,8_12_13_1C_Cycle.xlsx,0.00023460388,0.0003675420130670811
A123_094,25C,30,2.3781445026397705,0.0,2.3781445026397705,-2.49980521846462,-0.0,1,24.0,0.0,0.0,2.8855350017547607,11_6_13_1C_Cycle.xlsx,0.00026869774,0.00031597758152679054
A123_094,25C,60,2.474792957305908,0.0,2.38268518447876,-2.4998087693104702,-0.0368459275597128,1,24.0,0.0,0.0,2.8855350017547607,9_25_13_1C_Cycle.xlsx,0.0,-0.00036978277536804384
A123_094,25C,30,2.3796041011810303,0.0,2.3796041011810303,-2.4997639888155776,-0.0,1,24.0,0.0,0.0,2.8855350017547607,9_25_13_1C_Cycle.xlsx,0.00026632845,0.00031597758152679054
A123_094,25C,120,2.566089868545532,0.0,2.385441780090332,-2.499735232886918,-0.0,1,24.0,0.0,0.0,2.8855350017547607,1_23_14_1C_Cycle.xlsx,0.00019149482,-3.08571549557865e-05
A123_094,25C,30,2.4794955253601074,0.0,2.4794955253601074,-2.4774294166241555,-0.0,1,24.0,0.0,0.0,2.8855350017547607,11_18_13_1C_Cycle.xlsx,0.00029222667,0.00029601475214002197
A123_094,25C,120,4.039329051971436,1.0,4.067058563232422,2.3176869381666183,0.0,1,24.0,0.0,0.0,2.8855350017547607,8_12_13_1C_Cycle.xlsx,0.0,1.319302641786328e-05
A123_094,25C,150,4.033653259277344,1.0,4.067058563232422,2.333272677732677,0.0,1,24.0,0.0,0.0,2.8855350017547607,8_29_13_1C_Cycle.xlsx,0.0,0.00016104971399362266
A123_094,25C,60,4.0557074546813965,1.0,4.066247940063477,2.311710238579876,0.0,1,24.0,0.0,0.0,2.8855350017547607,10_16_13_1C_Cycle.xlsx,0.0010929704,-6.35974118832797e-05
A123_094,25C,150,4.033166885375977,1.0,4.066734313964844,2.3278576315951947,0.0,1,24.0,0.0,0.0,2.8855350017547607,11_6_13_1C_Cycle.xlsx,0.0,0.00017398508417364853
A123_094,25C,60,2.531549453735352,0.0,2.4835495948791504,-2.477134854371265,-0.0,1,24.0,0.0,0.0,2.8855350017547607,12_13_13_1C_Cycle.xlsx,0.00028067827,0.0002814760463804901
A123_094,25C,90,2.544360399246216,0.0,2.41284704208374,-2.499719341595968,-0.0,1,24.0,0.0,0.0,2.8855350017547607,2_4_14_1C_Cycle.xlsx,0.0009562671,0.0017734630266409417
A123_094,25C,90,2.527819871902466,0.0,2.3774960041046143,-2.499883359616941,-0.0,1,24.0,0.0,0.0,2.8855350017547607,11_6_13_1C_Cycle.xlsx,0.00023581088,0.0001889047827147582
A123_094,25C,60,2.5495495796203613,0.0,2.504144191741944,-2.476556452399732,-0.0,1,24.0,0.0,0.0,2.8855350017547607,2_20_14_1C_Cycle.xlsx,0.00074622035,-0.019392412468445128
A123_094,25C,90,4.0514912605285645,1.0,4.068518161773682,2.339363864247213,0.0,1,24.0,0.0,0.0,2.8855350017547607,2_20_14_1C_Cycle.xlsx,0.00019145012,0.0006356287696035958
A123_094,25C,30,2.484684705734253,0.0,2.3985769748687744,-2.499701031693468,-0.0344472117960215,1,24.0,0.0,0.0,2.8855350017547607,11_6_13_1C_Cycle.xlsx,0.0,0.01169103837570458
A123_094,25C,150,4.034788608551025,1.0,4.067869663238525,2.322552400350105,0.0,1,24.0,0.0,0.0,2.8855350017547607,7_17_13_1C_Cycle.xlsx,0.00017380714,-0.00018316583875555535
A123_094,25C,30,2.377982378005981,0.0,2.377982378005981,-2.4998752190186098,-0.0,1,24.0,0.0,0.0,2.8855350017547607,11_6_13_1C_Cycle.xlsx,0.00027114153,0.00031597758152679054
A123_094,25C,60,4.055545330047607,1.0,4.066247940063477,2.309819599054754,0.0,1,24.0,0.0,0.0,2.8855350017547607,11_6_13_1C_Cycle.xlsx,0.001161933,-0.0006048199350479713
A123_094,25C,120,4.042896747589111,1.0,4.0680317878723145,2.33959049293608,0.0,1,24.0,0.0,0.0,2.8855350017547607,3_4_14_1C_Cycle.xlsx,0.0,-0.00025371863238169876
A123_094,25C,90,2.5524682998657227,0.0,2.403117418289185,-2.5000069444462403,-0.030745802351319,1,24.0,0.0,0.0,2.8855350017547607,7_24_13_1C_Cycle.xlsx,0.00813745,0.062200136304745184
A123_094,25C,90,4.041275024414063,1.0,4.067220687866211,2.3211059958390567,0.0,1,24.0,0.0,0.0,2.8855350017547607,2_4_14_1C_Cycle.xlsx,0.0,0.00018958410445355628
A123_094,25C,120,4.044031620025635,1.0,4.068680286407471,2.3446305729448795,0.0,1,24.0,0.0,0.0,2.8855350017547607,11_18_13_1C_Cycle.xlsx,0.0,-0.00010825948275200408
A123_094,25C,60,4.055545330047607,1.0,4.066410064697266,2.3066842881962657,0.0,1,24.0,0.0,0.0,2.8855350017547607,7_15_13_1C_Cycle.xlsx,0.0013596416,-0.00017466287527632417
A123_094,25C,90,4.039329051971436,1.0,4.066410064697266,2.311217465060801,0.0,1,24.0,0.0,0.0,2.8855350017547607,10_16_13_1C_Cycle.xlsx,0.0,0.0063465078027530935
A123_094,25C,120,2.5558738708496094,0.0,2.3929011821746826,-2.4999174781467604,-0.0,1,24.0,0.0,0.0,2.8855350017547607,8_29_13_1C_Cycle.xlsx,0.0002629906,8.141638658039517e-05
A123_094,25C,30,4.0680317878723145,1.0,4.0680317878723145,2.3253782238116707,0.0,1,24.0,0.0,0.0,2.8855350017547607,12_4_13_1C_Cycle.xlsx,0.0002901703,0.00030151647762981823
A123_094,25C,120,2.564306259155273,0.0,2.3781445026397705,-2.499719615416093,-0.0,1,24.0,0.0,0.0,2.8855350017547607,12_13_13_1C_Cycle.xlsx,0.0,-3.08571549557865e-05
A123_094,25C,150,4.0343017578125,1.0,4.067707061767578,2.31884360366634,0.0,1,24.0,0.0,0.0,2.8855350017547607,8_1_13_1C_Cycle.xlsx,0.00025931,0.00010757565624544671
A123_094,25C,30,2.382198572158813,0.0,2.382198572158813,-2.499880737962976,-0.0,1,24.0,0.0,0.0,2.8855350017547607,10_07_13_1C_Cycle.xlsx,0.00026908517,0.00031597758152679054
A123_094,25C,60,4.0578155517578125,1.0,4.067869663238525,2.338441765809481,0.0,1,24.0,0.0,0.0,2.8855350017547607,3_4_14_1C_Cycle.xlsx,0.0,0.0005151938377915142
A123_094,25C,60,2.4812793731689453,0.0,2.398090362548828,-2.4998031375754595,-0.0,1,24.0,0.0,0.0,2.8855350017547607,8_1_13_1C_Cycle.xlsx,0.00023539364,0.0005382258564283015
A123_094,25C,30,2.3865768909454346,0.0,2.3865768909454346,-2.499770234371054,-0.0,1,24.0,0.0,0.0,2.8855350017547607,8_12_13_1C_Cycle.xlsx,0.0002655685,0.00031597758152679054
A123_094,25C,30,4.066572189331055,1.0,4.066572189331055,2.3131849091561114,0.0,1,24.0,0.0,0.0,2.8855350017547607,10_07_13_1C_Cycle.xlsx,0.00072461367,2.3591747551615697e-05
A123_094,25C,150,4.033329010009766,1.0,4.067220687866211,2.317756307125092,0.0,1,24.0,0.0,0.0,2.8855350017547607,8_12_13_1C_Cycle.xlsx,9.264052e-05,2.7891369870903857e-05
A123_094,25C,90,4.041275024414063,1.0,4.0673828125,2.3215914558457293,0.0,1,24.0,0.0,0.0,2.8855350017547607,2_4_14_1C_Cycle.xlsx,0.0,0.00019386898327792342
A123_094,25C,30,2.3776581287384038,0.0,2.3776581287384038,-2.4997048291293056,-0.0,1,24.0,0.0,0.0,2.8855350017547607,12_13_13_1C_Cycle.xlsx,0.0002657473,0.0002782400671567091
A123_094,25C,30,4.066734313964844,1.0,4.066734313964844,2.315449341650932,0.0,1,24.0,0.0,0.0,2.8855350017547607,8_29_13_1C_Cycle.xlsx,0.00062023103,0.00022811992354537775
A123_094,25C,30,4.067544937133789,1.0,4.067544937133789,2.3195620138966846,0.0,1,24.0,0.0,0.0,2.8855350017547607,8_1_13_1C_Cycle.xlsx,0.0004772544,0.0010774430167754452
A123_094,25C,30,4.066896438598633,1.0,4.066896438598633,2.315555736001941,0.0,1,24.0,0.0,0.0,2.8855350017547607,8_29_13_1C_Cycle.xlsx,0.0006236434,0.0004978347607391142
A123_094,25C,60,2.495225191116333,0.0,2.4117119312286377,-2.499695914762992,-0.0,1,24.0,0.0,0.0,2.8855350017547607,2_4_14_1C_Cycle.xlsx,0.00057576597,0.0015049996226587032
A123_094,25C,60,4.059112548828125,1.0,4.069004535675049,2.3446106512288925,0.0,1,24.0,0.0,0.0,2.8855350017547607,11_18_13_1C_Cycle.xlsx,0.0,0.0006785179792141904
A123_094,25C,60,2.5227928161621094,0.0,2.4759280681610107,-2.478663121204097,-0.0,1,24.0,0.0,0.0,2.8855350017547607,8_1_13_1C_Cycle.xlsx,5.8591366e-05,0.0002814760463804901
A123_094,25C,30,2.4008471965789795,0.0,2.4008471965789795,-2.499640984050298,-0.0,1,24.0,0.0,0.0,2.8855350017547607,7_24_13_1C_Cycle.xlsx,0.00027911365,0.002046575904462277
A123_094,25C,30,2.3817121982574463,0.0,2.3817121982574463,-2.4997223536173503,-0.0,1,24.0,0.0,0.0,2.8855350017547607,7_11_13_1C_Cycle.xlsx,0.00026398897,0.0002782400671567091
A123_094,25C,90,4.047923564910889,1.0,4.067220687866211,2.324706271290779,0.0,1,24.0,0.0,0.0,2.8855350017547607,12_13_13_1C_Cycle.xlsx,7.277727e-05,0.0002670911766481192
A123_094,25C,30,2.472036123275757,0.0,2.472036123275757,-2.4997505375317166,-0.0,1,24.0,0.0,0.0,2.8855350017547607,10_16_13_1C_Cycle.xlsx,0.0007492453,0.00024077066310884823
A123_094,25C,60,2.474630832672119,0.0,2.386739015579224,-2.499731285818692,-0.0,1,24.0,0.0,0.0,2.8855350017547607,8_12_13_1C_Cycle.xlsx,0.0001733303,0.00027461042349351164
A123_094,25C,30,2.4005229473114014,0.0,2.4005229473114014,-2.4997305523635998,-0.0,1,24.0,0.0,0.0,2.8855350017547607,8_1_13_1C_Cycle.xlsx,0.00028127432,0.0020925461889294596
A123_094,25C,120,4.044193744659424,1.0,4.069004535675049,2.344702533304186,0.0,1,24.0,0.0,0.0,2.8855350017547607,11_18_13_1C_Cycle.xlsx,0.0,-0.00010825948275200408
A123_094,25C,150,4.029437065124512,1.0,4.066085815429688,2.2678437135285803,0.0,1,24.0,0.0,0.0,2.8855350017547607,7_3_13_1C_Cycle.xlsx,0.0028567612,0.02216204013225339
A123_094,25C,30,2.374739170074463,0.0,2.374739170074463,-2.499655997457583,-0.0,1,24.0,0.0,0.0,2.8855350017547607,7_8_13_1C_Cycle.xlsx,0.00026711822,0.0002782400671567091
A123_094,25C,120,4.04030179977417,1.0,4.067058563232422,2.327526680248625,0.0,1,24.0,0.0,0.0,2.8855350017547607,11_6_13_1C_Cycle.xlsx,0.0,0.00038816705561721377
A123_094,25C,30,2.3904688358306885,0.0,2.3904688358306885,-2.499779174993704,-0.0,1,24.0,0.0,0.0,2.8855350017547607,11_18_13_1C_Cycle.xlsx,0.0002680719,0.00031597758152679054
A123_094,25C,120,4.041599273681641,1.0,4.067869663238525,2.3242492559883328,0.0,1,24.0,0.0,0.0,2.8855350017547607,1_23_14_1C_Cycle.xlsx,0.0002155602,-7.955005054725217e-05
A123_094,25C,60,2.536738634109497,0.0,2.482576608657837,-2.4773009221377857,-0.0,1,24.0,0.0,0.0,2.8855350017547607,12_4_13_1C_Cycle.xlsx,0.00054833293,0.0002814760463804901
A123_094,25C,150,4.033329010009766,1.0,4.067058563232422,2.3171506626605987,0.0,1,24.0,0.0,0.0,2.8855350017547607,8_12_13_1C_Cycle.xlsx,0.00018414855,-8.901365631115468e-05
A123_094,25C,30,2.385603904724121,0.0,2.385603904724121,-2.4998839074915105,-0.0,1,24.0,0.0,0.0,2.8855350017547607,12_4_13_1C_Cycle.xlsx,0.00026908517,0.00031597758152679054
A123_094,25C,120,2.5604143142700195,0.0,2.386739015579224,-2.4997479957816875,-0.0,1,24.0,0.0,0.0,2.8855350017547607,10_07_13_1C_Cycle.xlsx,0.00016322732,-3.908992505288762e-05
A123_094,25C,60,4.056031703948975,1.0,4.066734313964844,2.3144211045246785,0.0,1,24.0,0.0,0.0,2.8855350017547607,9_16_13_1C_Cycle.xlsx,0.0008287132,5.651600458995285e-05
A123_094,25C,60,2.531549453735352,0.0,2.4793334007263184,-2.477773174347372,-0.0,1,24.0,0.0,0.0,2.8855350017547607,10_07_13_1C_Cycle.xlsx,0.00036895275,0.0002814760463804901
A123_094,25C,90,2.538360357284546,0.0,2.404090404510498,-2.499709911435564,-0.0,1,24.0,0.0,0.0,2.8855350017547607,3_4_14_1C_Cycle.xlsx,0.0007418841,0.004749013789253913
A123_094,25C,60,2.476901054382324,0.0,2.381387710571289,-2.499776680535133,-0.0382087506275114,1,24.0,0.0,0.0,2.8855350017547607,1_23_14_1C_Cycle.xlsx,0.0,0.0002448552400550082
A123_094,25C,30,2.3744149208068848,0.0,2.3744149208068848,-2.4997938259227857,-0.0,1,24.0,0.0,0.0,2.8855350017547607,11_6_13_1C_Cycle.xlsx,0.0002721846,0.00031597758152679054
A123_094,25C,60,4.05684232711792,1.0,4.067220687866211,2.3274356010956923,0.0,1,24.0,0.0,0.0,2.8855350017547607,11_6_13_1C_Cycle.xlsx,0.00014781952,0.0006385212367298869
A123_094,25C,30,2.3865768909454346,0.0,2.3865768909454346,-2.499866908788681,-0.0,1,24.0,0.0,0.0,2.8855350017547607,7_11_13_1C_Cycle.xlsx,0.00026874244,0.00031597758152679054
A123_094,25C,30,2.4772253036499023,0.0,2.4772253036499023,-2.499916708260252,-0.0,1,24.0,0.0,0.0,2.8855350017547607,9_16_13_1C_Cycle.xlsx,0.0008113384,0.00024077066310884823
A123_094,25C,90,2.5292792320251465,0.0,2.39176607131958,-2.499718938861881,-0.0,1,24.0,0.0,0.0,2.8855350017547607,11_18_13_1C_Cycle.xlsx,0.00042572618,0.0001971375528118593
A123_094,25C,90,4.044680118560791,1.0,4.065923690795898,2.280034220084212,0.0,1,24.0,0.0,0.0,2.8855350017547607,7_5_13_1C_Cycle.xlsx,0.002816826,0.0019006234064205597
A123_094,25C,120,4.039329051971436,1.0,4.066410064697266,2.311619167239213,0.0,1,24.0,0.0,0.0,2.8855350017547607,10_16_13_1C_Cycle.xlsx,0.00060619414,-7.377479999630638e-05
A123_094,25C,90,4.044517993927002,1.0,4.065923690795898,2.2808615037037017,0.0,1,24.0,0.0,0.0,2.8855350017547607,7_5_13_1C_Cycle.xlsx,0.0025814474,0.0019006234064205597
A123_094,25C,60,4.0578155517578125,1.0,4.067707061767578,2.3238098128982214,0.0,1,24.0,0.0,0.0,2.8855350017547607,2_4_14_1C_Cycle.xlsx,0.00061276555,0.000593932684563929
A123_094,25C,150,4.034626483917236,1.0,4.067544937133789,2.312736192687613,0.0,1,24.0,0.0,0.0571426170512523,2.916038238296457,8_19_13_1C_Cycle6.xlsx,0.0009447336,0.0007465457195338869
A123_094,25C,30,4.066734313964844,1.0,4.066734313964844,2.331001882772308,0.0,1,24.0,0.0,0.0,2.8855350017547607,9_25_13_1C_Cycle.xlsx,0.00012782216,0.0006851620684253191
A123_094,25C,60,4.057004451751709,1.0,4.067544937133789,2.3304942286581047,0.0,1,24.0,0.0,0.0,2.8855350017547607,9_16_13_1C_Cycle.xlsx,0.0,0.0025057505057418344
A123_094,25C,30,2.4074957370758057,0.0,2.4074957370758057,-2.4996930502228816,-0.0,1,24.0,0.0,0.0,2.8855350017547607,7_17_13_1C_Cycle.xlsx,0.0002978742,0.00467484519503104
A123_094,25C,30,2.393712043762207,0.0,2.393712043762207,-2.499696145186553,-0.0,1,24.0,0.0,0.0,2.8855350017547607,11_18_13_1C_Cycle.xlsx,0.00026872754,0.0002782400671567091
A123_094,25C,30,4.067869663238525,1.0,4.067869663238525,2.326851077565626,0.0,1,24.0,0.0,0.0,2.8855350017547607,12_4_13_1C_Cycle.xlsx,0.00024333596,0.00030151647762981823
A123_094,25C,120,2.5618736743927,0.0,2.377982378005981,-2.4998752190186098,-0.0,1,24.0,0.0,0.0,2.8855350017547607,11_6_13_1C_Cycle.xlsx,0.0,-3.908992505288762e-05
A123_094,25C,90,2.532360315322876,0.0,2.39176607131958,-2.499698257446289,-0.0,1,24.0,0.0,0.0,2.8855350017547607,12_13_13_1C_Cycle.xlsx,0.00049588084,0.0001971375528118593
A123_094,25C,90,2.532198190689087,0.0,2.384630918502808,-2.499738546686435,-0.0,1,24.0,0.0,0.0,2.8855350017547607,1_23_14_1C_Cycle.xlsx,0.0004117787,0.0001971375528118593
A123_094,25C,90,4.047599315643311,1.0,4.067058563232422,2.3312916017391463,0.0,1,24.0,0.0,0.0,2.8855350017547607,10_07_13_1C_Cycle.xlsx,0.0,0.0005991369443899372
A123_094,25C,60,2.4793334007263184,0.0,2.3922526836395264,-2.499728901489921,-0.0,1,24.0,0.0,0.0,2.8855350017547607,8_29_13_1C_Cycle.xlsx,0.0002667606,0.00027461042349351164
A123_094,25C,30,2.4895496368408203,0.0,2.4895496368408203,-2.476501232007717,-0.0,1,24.0,0.0,0.0,2.8855350017547607,3_4_14_1C_Cycle.xlsx,0.0004170239,0.05191553704196231
A123_094,25C,120,4.039166927337647,1.0,4.066410064697266,2.3117909091563265,0.0,1,24.0,0.0,0.0,2.8855350017547607,10_16_13_1C_Cycle.xlsx,0.0005121529,-3.299084074791079e-05
A123_094,25C,60,4.056680202484131,1.0,4.067220687866211,2.317624775707721,0.0,1,24.0,0.0,0.0,2.8855350017547607,8_12_13_1C_Cycle.xlsx,0.000708282,0.0003689165633143964
A123_094,25C,120,2.557171106338501,0.0,2.3987390995025635,-2.4998108607072096,-0.0,1,24.0,0.0,0.0,2.8855350017547607,8_1_13_1C_Cycle.xlsx,0.00042679906,0.00035326458961228727
A123_094,25C,30,2.4220902919769287,0.0,2.4220902919769287,-2.499740313146716,-0.0,1,24.0,0.0,0.0,2.8855350017547607,2_20_14_1C_Cycle.xlsx,0.00035640597,0.0009997119515398562
A123_094,25C,90,4.0474371910095215,1.0,4.067220687866211,2.317860369563103,0.0,1,24.0,0.0,0.0,2.8855350017547607,8_12_13_1C_Cycle.xlsx,0.00029295683,0.0003114778819742831
A123_094,25C,120,4.045815467834473,1.0,4.0701398849487305,2.3441620638941303,0.0,1,24.0,0.0,0.0,2.8855350017547607,11_18_13_1C_Cycle.xlsx,0.0,0.0006458971377122074
A123_094,25C,120,4.039491176605225,1.0,4.067058563232422,2.320042358267875,0.0,1,24.0,0.0,0.0,2.8855350017547607,8_1_13_1C_Cycle.xlsx,0.0,1.319302641786328e-05
A123_094,25C,60,2.472360610961914,0.0,2.3760364055633545,-2.4999183480228697,-0.0,1,24.0,0.0,0.0,2.8855350017547607,10_16_13_1C_Cycle.xlsx,0.00028809905,0.0002663776533964107
A123_094,25C,60,2.550360202789306,0.0,2.505603551864624,-2.476533026018404,-0.0,1,24.0,0.0,0.0,2.8855350017547607,2_20_14_1C_Cycle.xlsx,0.00075921416,0.04149047328264803
A123_094,25C,60,4.056355953216553,1.0,4.067220687866211,2.3158442814263607,0.0,1,24.0,0.0,0.0,2.8855350017547607,8_29_13_1C_Cycle.xlsx,0.0006799549,0.0003689165633143964
A123_094,25C,60,4.059112548828125,1.0,4.06884241104126,2.3446611849180723,0.0,1,24.0,0.0,0.0,2.8855350017547607,11_18_13_1C_Cycle.xlsx,0.0,0.0006785179792141904
A123_094,25C,90,4.047923564910889,1.0,4.067220687866211,2.3320296390256923,0.0,1,24.0,0.0,0.0,2.8855350017547607,9_16_13_1C_Cycle.xlsx,0.0,0.0006068219187183775
A123_094,25C,90,2.549387216567993,0.0,2.422901153564453,-2.499693021596035,-0.0,1,24.0,0.0,0.0,2.8855350017547607,2_20_14_1C_Cycle.xlsx,0.0011461377,0.00014577810158053776
A123_094,25C,30,2.488576650619507,0.0,2.488576650619507,-2.476553105709306,-0.0,1,24.0,0.0,0.0,2.8855350017547607,3_4_14_1C_Cycle.xlsx,0.00040349364,-0.01978523549030439
A123_094,25C,60,4.0558695793151855,1.0,4.066572189331055,2.314897015811951,0.0,1,24.0,0.0,0.0,2.8855350017547607,9_16_13_1C_Cycle.xlsx,0.0007789284,-6.35974118832797e-05
A123_094,25C,120,2.559765577316284,0.0,2.3943607807159424,-2.4997454986237644,-0.0,1,24.0,0.0,0.0,2.8855350017547607,9_16_13_1C_Cycle.xlsx,0.0003671646,-3.08571549557865e-05
A123_094,25C,90,4.051167011260986,1.0,4.069166660308838,2.3369582232738297,0.0,1,24.0,0.0,0.0,2.8855350017547607,7_24_13_1C_Cycle.xlsx,0.0,0.0034112604845308644
A123_094,25C,30,2.4770631790161133,0.0,2.4770631790161133,-2.499730258906653,-0.0,1,24.0,0.0,0.0,2.8855350017547607,1_23_14_1C_Cycle.xlsx,0.0008047521,0.00019480037864166557
A123_094,25C,30,4.06884241104126,1.0,4.06884241104126,2.3400624820719598,0.0,1,24.0,0.0,0.0,2.8855350017547607,2_4_14_1C_Cycle.xlsx,6.966293e-05,0.0007774414737087954
A123_094,25C,90,4.046463966369629,1.0,4.066247940063477,2.3115414823136056,0.0,1,24.0,0.0,0.0,2.8855350017547607,10_16_13_1C_Cycle.xlsx,0.0006670654,-0.0001251186842285192
A123_094,25C,30,4.066734313964844,1.0,4.066734313964844,2.3147648199786985,0.0,1,24.0,0.0,0.0,2.8855350017547607,9_16_13_1C_Cycle.xlsx,0.0006534457,0.00022811992354537775
A123_094,25C,30,2.479657888412476,0.0,2.479657888412476,-2.478385957082244,-0.0,1,24.0,0.0,0.0,2.8855350017547607,8_1_13_1C_Cycle.xlsx,0.00031670928,0.00029601475214002197
A123_094,25C,30,2.485171318054199,0.0,2.485171318054199,-2.4771323042106816,-0.0,1,24.0,0.0,0.0,2.8855350017547607,1_23_14_1C_Cycle.xlsx,0.00036603212,0.0006102760221431188
A123_094,25C,30,4.067869663238525,1.0,4.067869663238525,2.324189036957219,0.0,1,24.0,0.0,0.0,2.8855350017547607,1_23_14_1C_Cycle.xlsx,0.00032146275,0.00030151647762981823
A123_094,25C,90,4.046788215637207,1.0,4.066247940063477,2.311384692972849,0.0,1,24.0,0.0,0.0,2.8855350017547607,10_16_13_1C_Cycle.xlsx,0.000852257,-0.0001251186842285192
A123_094,25C,90,2.533333301544189,0.0,2.400036334991455,-2.499684750496804,-0.0,1,24.0,0.0,0.0,2.8855350017547607,11_18_13_1C_Cycle.xlsx,0.0005855113,0.0004607529857466502
A123_094,25C,150,4.032842636108398,1.0,4.066572189331055,2.3132619170136137,0.0,1,24.0,0.0,0.0,2.8855350017547607,10_07_13_1C_Cycle.xlsx,0.0004043728,-5.634955075275213e-05
A123_094,25C,60,4.05976152420044,1.0,4.069328784942627,2.3385381590771046,0.0,1,24.0,0.0,0.0,2.8855350017547607,3_4_14_1C_Cycle.xlsx,0.0,0.00031006200635577723
A123_094,25C,90,2.524090051651001,0.0,2.393063545227051,-2.4996950137309537,-0.0,1,24.0,0.0,0.0,2.8855350017547607,8_12_13_1C_Cycle.xlsx,0.00030817091,0.0001971375528118593
A123_094,25C,30,2.453387498855591,0.0,2.3753879070281982,-2.499670925219197,-0.0312039441033834,1,24.0,0.0,0.0,2.8855350017547607,7_8_13_1C_Cycle.xlsx,0.0011689067,0.018518245145826794
A123_094,25C,30,4.069490909576416,1.0,4.069490909576416,2.338332123400872,0.0,1,24.0,0.0,0.0,2.8855350017547607,3_4_14_1C_Cycle.xlsx,8.2209706e-05,0.0010955480240460982
A123_094,25C,150,4.033815383911133,1.0,4.0673828125,2.3193942436741457,0.0,1,24.0,0.0,0.0,2.8855350017547607,8_1_13_1C_Cycle.xlsx,0.00013512373,3.2176248695271e-05
A123_094,25C,60,2.571603536605835,0.0,2.523765802383423,-2.4762933889924,-0.0,1,24.0,0.0,0.124081841725656,2.954474097142308,2_4_14_1C_Cycle.xlsx,0.0014675707,0.12959120563634477
A123_094,25C,150,4.034139633178711,1.0,4.067220687866211,2.3276162884440743,0.0,1,24.0,0.0,0.0,2.8855350017547607,11_6_13_1C_Cycle.xlsx,0.0,0.00029749604328639445
A123_094,25C,60,4.056518077850342,1.0,4.067058563232422,2.3157451907473225,0.0,1,24.0,0.0,0.0,2.8855350017547607,8_29_13_1C_Cycle.xlsx,0.00083713233,0.0002520115371323376
A123_094,25C,30,4.068680286407471,1.0,4.068680286407471,2.339506506723793,0.0,1,24.0,0.0,0.0,2.8855350017547607,2_20_14_1C_Cycle.xlsx,7.043779e-05,0.0007774414737087954
A123_094,25C,120,4.045815467834473,1.0,4.069977760314941,2.3436567898902854,0.0,1,24.0,0.0,0.0,2.8855350017547607,11_18_13_1C_Cycle.xlsx,3.616512e-05,0.0002248818272995011
A123_094,25C,60,2.538684606552124,0.0,2.484360456466675,-2.499899778725966,-0.0,1,24.0,0.0,0.0,2.8855350017547607,3_4_14_1C_Cycle.xlsx,0.0011028796,0.00018026167288213377
A123_094,25C,60,4.056193828582764,1.0,4.066572189331055,2.31306494546474,0.0,1,24.0,0.0,0.0,2.8855350017547607,10_07_13_1C_Cycle.xlsx,0.0010994673,-6.35974118832797e-05
A123_094,25C,30,2.3963067531585693,0.0,2.3963067531585693,-2.499673399150881,-0.0,1,24.0,0.0,0.0,2.8855350017547607,8_1_13_1C_Cycle.xlsx,0.00027164817,0.0006970286601133013
A123_094,25C,120,4.044517993927002,1.0,4.0680317878723145,2.339465249003025,0.0,1,24.0,0.0,0.0,2.8855350017547607,2_20_14_1C_Cycle.xlsx,0.00044941902,-7.72395436039806e-05
A123_094,25C,60,4.060247898101807,1.0,4.069166660308838,2.3387362660284627,0.0,1,24.0,0.0,0.0,2.8855350017547607,2_20_14_1C_Cycle.xlsx,0.00018011034,0.0007048766286029498
A123_094,25C,90,2.526036024093628,0.0,2.380090475082397,-2.499869542839253,-0.0,1,24.0,0.0,0.0,2.8855350017547607,9_25_13_1C_Cycle.xlsx,0.00023849308,0.0001889047827147582
A123_094,25C,60,2.5255496501922607,0.0,2.480468511581421,-2.4787194643369213,-0.0,1,24.0,0.0,0.0,2.8855350017547607,7_24_13_1C_Cycle.xlsx,0.00011178851,0.0002814760463804901
A123_094,25C,30,4.066410064697266,1.0,4.066410064697266,2.3112279127452,0.0,1,24.0,0.0,0.0,2.8855350017547607,10_16_13_1C_Cycle.xlsx,0.0008209944,2.3591747551615697e-05
A123_094,25C,60,2.532360315322876,0.0,2.4778740406036377,-2.4770090851541187,-0.0,1,24.0,0.0,0.0,2.8855350017547607,1_23_14_1C_Cycle.xlsx,0.00042060018,0.0002814760463804901
A123_094,25C,60,2.4841983318328857,0.0,2.401982307434082,-2.499701750378649,-0.0,1,24.0,0.0,0.0,2.8855350017547607,7_17_13_1C_Cycle.xlsx,0.00028184056,0.0016277350446818567
A123_094,25C,90,4.048409938812256,1.0,4.0673828125,2.324141091261154,0.0,1,24.0,0.0,0.0,2.8855350017547607,1_23_14_1C_Cycle.xlsx,0.0002501905,0.00027137605547248634
A123_094,25C,60,4.0557074546813965,1.0,4.066410064697266,2.313273734428355,0.0,1,24.0,0.0,0.0,2.8855350017547607,9_25_13_1C_Cycle.xlsx,0.00089102983,-6.35974118832797e-05
A123_094,25C,30,2.393549919128418,0.0,2.393549919128418,-2.499680493058277,-0.0,1,24.0,0.0,0.0,2.8855350017547607,7_15_13_1C_Cycle.xlsx,0.00026801229,0.0002782400671567091
A123_094,25C,60,4.057004451751709,1.0,4.0673828125,2.3245503118532334,0.0,1,24.0,0.0,0.0,2.8855350017547607,12_13_13_1C_Cycle.xlsx,0.00032569468,0.0012952694749061486
A123_094,25C,60,4.056031703948975,1.0,4.066896438598633,2.327711878829644,0.0,1,24.0,0.0,0.0,2.8855350017547607,11_6_13_1C_Cycle.xlsx,0.0,0.0005703938958592532
A123_094,25C,120,4.039653301239014,1.0,4.067058563232422,2.323575737304054,0.0,1,24.0,0.0,0.0,2.8855350017547607,7_15_13_1C_Cycle.xlsx,0.0,0.0007827644138869591
A123_094,25C,60,4.058788299560547,1.0,4.0680317878723145,2.3392909539111875,0.0,1,24.0,0.0,0.0,2.8855350017547607,2_4_14_1C_Cycle.xlsx,0.0,0.0004391138322331331
A123_094,25C,120,2.573549509048462,0.0,2.404090404510498,-2.4999024556061933,-0.0,1,24.0,0.0,0.0,2.8855350017547607,2_4_14_1C_Cycle.xlsx,0.0008701086,0.00529343681318848
A123_094,25C,150,4.037545204162598,1.0,4.068356037139893,2.3450684634558225,0.0,1,24.0,0.0,0.0,2.8855350017547607,11_6_13_1C_Cycle.xlsx,0.0,-6.513819664381037e-07
A123_094,25C,30,2.381063461303711,0.0,2.381063461303711,-2.499726940732484,-0.0,1,24.0,0.0,0.0,2.8855350017547607,1_23_14_1C_Cycle.xlsx,0.0002643764,0.0002782400671567091
A123_094,25C,30,2.4734957218170166,0.0,2.4734957218170166,-2.4772064911971405,-0.0,1,24.0,0.0,0.0,2.8855350017547607,12_13_13_1C_Cycle.xlsx,0.00020605326,0.00029601475214002197
A123_094,25C,60,4.0558695793151855,1.0,4.066410064697266,2.311323476662813,0.0,1,24.0,0.0,0.0,2.8855350017547607,10_16_13_1C_Cycle.xlsx,0.0011407137,-6.35974118832797e-05
A123_094,25C,60,2.482576608657837,0.0,2.3987390995025635,-2.4996896030522198,-0.0,1,24.0,0.0,0.0,2.8855350017547607,7_17_13_1C_Cycle.xlsx,0.00027638674,0.0005382258564283015
A123_094,25C,60,2.482576608657837,0.0,2.399387836456299,-2.499640784822069,-0.0,1,24.0,0.0,0.0,2.8855350017547607,12_4_13_1C_Cycle.xlsx,0.0002617836,0.0005382258564283015
A123_094,25C,60,2.4751172065734863,0.0,2.383171558380127,-2.499835980676972,-0.0,1,24.0,0.0,0.0,2.8855350017547607,10_07_13_1C_Cycle.xlsx,0.00026714802,0.0002663776533964107
A123_094,25C,60,4.056193828582764,1.0,4.066896438598633,2.312952401269166,0.0,1,24.0,0.0,0.0,2.8855350017547607,9_25_13_1C_Cycle.xlsx,0.0009586066,0.0002520115371323376
A123_094,25C,30,2.4770631790161133,0.0,2.4770631790161133,-2.4997559922986325,-0.0,1,24.0,0.0,0.0,2.8855350017547607,9_25_13_1C_Cycle.xlsx,0.00080540776,0.00024077066310884823
A123_094,25C,90,4.046950817108154,1.0,4.066896438598633,2.3130723618459506,0.0,1,24.0,0.0,0.0,2.8855350017547607,9_25_13_1C_Cycle.xlsx,0.0005239397,7.26790782714976e-05
A123_094,25C,90,2.530090093612671,0.0,2.383657932281494,-2.499724544178356,-0.0,1,24.0,0.0,0.0,2.8855350017547607,12_13_13_1C_Cycle.xlsx,0.00035873055,0.0001971375528118593
A123_094,25C,30,4.067869663238525,1.0,4.067869663238525,2.324950983463708,0.0,1,24.0,0.0,0.0,2.8855350017547607,12_4_13_1C_Cycle.xlsx,0.0002976358,0.00030151647762981823
A123_094,25C,30,4.066247940063477,1.0,4.066247940063477,2.31340408813758,0.0,1,24.0,0.0,0.0,2.8855350017547607,10_07_13_1C_Cycle.xlsx,0.00069499016,2.3591747551615697e-05
A123_094,25C,30,4.067220687866211,1.0,4.067220687866211,2.3176493362784387,0.0,1,24.0,0.0,0.0,2.8855350017547607,8_12_13_1C_Cycle.xlsx,0.00054353476,0.002699800323768221
A123_094,25C,30,4.066734313964844,1.0,4.066734313964844,2.3196652377290383,0.0,1,24.0,0.0,0.0,2.8855350017547607,8_1_13_1C_Cycle.xlsx,0.0004374087,0.00027479104433487494
A123_094,25C,60,4.056518077850342,1.0,4.067058563232422,2.31584572113089,0.0,1,24.0,0.0,0.0,2.8855350017547607,8_29_13_1C_Cycle.xlsx,0.000829339,0.0002520115371323376
A123_094,25C,90,2.532522439956665,0.0,2.385441780090332,-2.499735232886918,-0.0,1,24.0,0.0,0.0,2.8855350017547607,1_23_14_1C_Cycle.xlsx,0.0004284978,0.0001971375528118593
A123_094,25C,120,2.563495397567749,0.0,2.399874210357666,-2.499727081608128,-0.0,1,24.0,0.0,0.0,2.8855350017547607,11_18_13_1C_Cycle.xlsx,0.0005747378,0.00021495709271129117
A123_094,25C,90,4.043383121490479,1.0,4.068680286407471,2.3450209834944395,0.0,1,24.0,0.0,0.0,2.8855350017547607,11_18_13_1C_Cycle.xlsx,0.00011630356,-0.0007846735946432639
A123_094,25C,30,2.4791712760925293,0.0,2.4791712760925293,-2.478456397236017,-0.0,1,24.0,0.0,0.0,2.8855350017547607,8_1_13_1C_Cycle.xlsx,0.0003116727,0.00029601475214002197
A123_094,25C,90,4.0477614402771,1.0,4.067220687866211,2.332278449637968,0.0,1,24.0,0.0,0.0,2.8855350017547607,9_16_13_1C_Cycle.xlsx,0.0,0.0006068219187183775
A123_094,25C,30,4.06884241104126,1.0,4.06884241104126,2.3446504387183715,0.0,1,24.0,0.0,0.0,2.8855350017547607,11_18_13_1C_Cycle.xlsx,7.918477e-05,0.0006904199289377498
A123_094,25C,60,4.056680202484131,1.0,4.066896438598633,2.314268348178244,0.0,1,24.0,0.0,0.0,2.8855350017547607,9_16_13_1C_Cycle.xlsx,0.001118809,0.0002520115371323376
A123_094,25C,120,4.039491176605225,1.0,4.066734313964844,2.311623666219968,0.0,1,24.0,0.0,0.0,2.8855350017547607,10_16_13_1C_Cycle.xlsx,0.0005504191,-0.0001001407218235736
A123_094,25C,60,2.5297658443450928,0.0,2.480306386947632,-2.4773777819718816,-0.0,1,24.0,0.0,0.0,2.8855350017547607,11_18_13_1C_Cycle.xlsx,0.00025983155,0.0002814760463804901
A123_094,25C,60,2.528144121170044,0.0,2.476901054382324,-2.477914263342156,-0.0,1,24.0,0.0,0.0,2.8855350017547607,10_07_13_1C_Cycle.xlsx,0.00025734305,0.0002814760463804901
A123_094,25C,30,4.067869663238525,1.0,4.067869663238525,2.325266401646501,0.0,1,24.0,0.0,0.0,2.8855350017547607,12_4_13_1C_Cycle.xlsx,0.00028809905,0.00030151647762981823
A123_094,25C,30,2.4793334007263184,0.0,2.4793334007263184,-2.4773632597259296,-0.0,1,24.0,0.0,0.0,2.8855350017547607,11_18_13_1C_Cycle.xlsx,0.00028842688,0.00029601475214002197
A123_094,25C,60,4.059112548828125,1.0,4.06884241104126,2.3447392739481847,0.0,1,24.0,0.0,0.0,2.8855350017547607,11_18_13_1C_Cycle.xlsx,0.0,0.0006785179792141904
A123_094,25C,60,2.484846830368042,0.0,2.3865768909454346,-2.4998149936263627,-0.0,1,24.0,0.0,0.0,2.8855350017547607,11_6_13_1C_Cycle.xlsx,0.0006144643,0.0002663776533964107
A123_094,25C,90,2.56333327293396,0.0,2.4858198165893555,-2.4785880608655813,-0.0,1,24.0,0.0,0.030822834951636,2.90198850483062,8_12_13_1C_Cycle.xlsx,0.0012411475,0.012605824446157132
A123_094,25C,120,2.555711507797241,0.0,2.390630960464477,-2.4997854751089346,-0.0,1,24.0,0.0,0.0,2.8855350017547607,8_29_13_1C_Cycle.xlsx,0.00020156801,8.141638658039517e-05
A123_094,25C,30,2.478198289871216,0.0,2.478198289871216,-2.499938902102018,-0.0,1,24.0,0.0,0.0,2.8855350017547607,9_16_13_1C_Cycle.xlsx,0.00082311034,0.00024077066310884823
A123_094,25C,90,2.5276577472686768,0.0,2.3838202953338623,-2.4997511943884656,-0.0,1,24.0,0.0,0.0,2.8855350017547607,10_07_13_1C_Cycle.xlsx,0.00031289458,0.0001889047827147582
A123_094,25C,60,2.4754414558410645,0.0,2.378631114959717,-2.499877818133853,-0.0,1,24.0,0.0,0.0,2.8855350017547607,1_23_14_1C_Cycle.xlsx,0.00036731362,0.0002663776533964107
A123_094,25C,150,4.033166885375977,1.0,4.067220687866211,2.320126985805848,0.0,1,24.0,0.0,0.0,2.8855350017547607,8_1_13_1C_Cycle.xlsx,0.0,2.7891369870903857e-05
A123_094,25C,30,2.3927390575408936,0.0,2.3927390575408936,-2.499651776419745,-0.0,1,24.0,0.0,0.0,2.8855350017547607,8_12_13_1C_Cycle.xlsx,0.00026613474,0.0002782400671567091
A123_094,25C,60,4.056193828582764,1.0,4.066572189331055,2.3277984684755824,0.0,1,24.0,0.0,0.0,2.8855350017547607,11_6_13_1C_Cycle.xlsx,9.056926e-05,8.395638360006264e-05
A123_094,25C,120,4.039815425872803,1.0,4.066896438598633,2.314501899529279,0.0,1,24.0,0.0,0.0,2.8855350017547607,9_16_13_1C_Cycle.xlsx,0.0004335642,6.978469689029781e-05
A123_094,25C,60,4.062193870544434,1.0,4.071274757385254,2.362139547164114,0.0,1,24.0,0.0,0.0,2.8855350017547607,12_4_13_1C_Cycle.xlsx,0.0,-0.0002618954162704977
A123_094,25C,90,2.539657592773437,0.0,2.3945229053497314,-2.499863975452927,-0.0,1,24.0,0.0,0.0,2.8855350017547607,3_4_14_1C_Cycle.xlsx,0.0006862134,0.0001889047827147582
A123_094,25C,150,4.032842636108398,1.0,4.066572189331055,2.3115579717415424,0.0,1,24.0,0.0,0.0,2.8855350017547607,10_16_13_1C_Cycle.xlsx,0.00052541494,-5.634955075275213e-05
A123_094,25C,150,4.040626049041748,1.0,4.0701398849487305,2.3425682332271185,0.0,1,24.0,0.0,0.0,2.8855350017547607,12_13_13_1C_Cycle.xlsx,0.0006094575,0.0005494935971394194
A123_094,25C,60,2.5268468856811523,0.0,2.472360610961914,-2.4999054414885387,-0.0,1,24.0,0.0,0.0,2.8855350017547607,10_16_13_1C_Cycle.xlsx,0.0007991195,0.00018026167288213377
A123_094,25C,30,2.47446870803833,0.0,2.47446870803833,-2.499742616306652,-0.0,1,24.0,0.0,0.0,2.8855350017547607,12_13_13_1C_Cycle.xlsx,0.00077575445,0.00024077066310884823
A123_094,25C,30,2.39176607131958,0.0,2.39176607131958,-2.4997015432877974,-0.0,1,24.0,0.0,0.0,2.8855350017547607,12_13_13_1C_Cycle.xlsx,0.00026673079,0.0002782400671567091
A123_094,25C,120,4.039977550506592,1.0,4.067058563232422,2.3144122901243893,0.0,1,24.0,0.0,0.0,2.8855350017547607,9_16_13_1C_Cycle.xlsx,0.00045239925,6.978469689029781e-05
A123_094,25C,120,2.559117078781128,0.0,2.3817121982574463,-2.4998087693104702,-0.0,1,24.0,0.0,0.0,2.8855350017547607,10_07_13_1C_Cycle.xlsx,0.0,-3.908992505288762e-05
A123_094,25C,120,2.5662522315979004,0.0,2.379279613494873,-2.4997368886930134,-0.0,1,24.0,0.0,0.0,2.8855350017547607,1_23_14_1C_Cycle.xlsx,0.0,-3.08571549557865e-05
A123_094,25C,30,2.414306640625,0.0,2.414306640625,-2.4996758412431785,-0.0,1,24.0,0.0,0.0,2.8855350017547607,2_4_14_1C_Cycle.xlsx,0.000320673,0.0015590288347873578
A123_094,25C,90,4.039491176605225,1.0,4.066734313964844,2.3131597235065997,0.0,1,24.0,0.0,0.0,2.8855350017547607,10_07_13_1C_Cycle.xlsx,0.0,-1.5801127422272285e-05
A123_094,25C,90,2.5377116203308105,0.0,2.3865768909454346,-2.4999236475746587,-0.0,1,24.0,0.0,0.0,2.8855350017547607,3_4_14_1C_Cycle.xlsx,0.0005426705,0.0001889047827147582
A123_094,25C,60,4.0558695793151855,1.0,4.066572189331055,2.311822266187057,0.0,1,24.0,0.0,0.0,2.8855350017547607,10_16_13_1C_Cycle.xlsx,0.0010223836,-6.35974118832797e-05
A123_094,25C,120,4.040463924407959,1.0,4.067220687866211,2.3275297336718617,0.0,1,24.0,0.0,0.0,2.8855350017547607,11_6_13_1C_Cycle.xlsx,0.0,0.00045629439648784694
A123_094,25C,30,2.482252359390259,0.0,2.482252359390259,-2.4786355648923792,-0.0,1,24.0,0.0,0.0,2.8855350017547607,8_1_13_1C_Cycle.xlsx,0.00035864115,0.00029601475214002197
A123_094,25C,60,2.5292792320251465,0.0,2.4793334007263184,-2.4773632597259296,-0.0,1,24.0,0.0,0.0,2.8855350017547607,11_18_13_1C_Cycle.xlsx,0.000254035,0.0002814760463804901
A123_094,25C,150,4.033004760742188,1.0,4.066896438598633,2.3280702317211808,0.0,1,24.0,0.0,0.0,2.8855350017547607,11_6_13_1C_Cycle.xlsx,0.0,0.00046456902574702573
A123_094,25C,60,4.055545330047607,1.0,4.066410064697266,2.3116056856907106,0.0,1,24.0,0.0,0.0,2.8855350017547607,10_16_13_1C_Cycle.xlsx,0.00093764067,-6.667075254771883e-05
A123_094,25C,30,4.067220687866211,1.0,4.067220687866211,2.304543843008871,0.0,1,24.0,0.0,0.0545551006601083,2.9146569990636837,8_1_13_1C_Cycle.xlsx,0.001306504,0.00148935687234346
A123_094,25C,120,2.5621981620788574,0.0,2.3740904331207275,-2.49979381947904,-0.0,1,24.0,0.0,0.0,2.8855350017547607,11_6_13_1C_Cycle.xlsx,0.0,-3.908992505288762e-05
A123_094,25C,30,4.066734313964844,1.0,4.066734313964844,2.3131597235065997,0.0,1,24.0,0.0,0.0,2.8855350017547607,10_07_13_1C_Cycle.xlsx,0.0007352233,0.00022811992354537775
A123_094,25C,90,2.548900842666626,0.0,2.4217660427093506,-2.499691334840293,-0.0,1,24.0,0.0,0.0,2.8855350017547607,2_20_14_1C_Cycle.xlsx,0.0011274964,0.0013149743066244864
A123_094,25C,30,2.3656580448150635,0.0,2.3656580448150635,-2.499713663195,-0.0,1,24.0,0.0,0.0,2.8855350017547607,7_5_13_1C_Cycle.xlsx,0.00028568506,0.0002782400671567091
A123_094,25C,90,2.5435495376586914,0.0,2.4138200283050537,-2.4996908947273537,-0.0,1,24.0,0.0,0.0,2.8855350017547607,2_4_14_1C_Cycle.xlsx,0.000938192,0.0018468622504900563
A123_094,25C,120,2.555063009262085,0.0,2.39322566986084,-2.4996965705838976,-0.0,1,24.0,0.0,0.0,2.8855350017547607,8_1_13_1C_Cycle.xlsx,0.00025567412,8.964915667749628e-05
A123_094,25C,60,2.469765901565552,0.0,2.378793239593506,-2.4997593287763924,-0.0,1,24.0,0.0,0.0,2.8855350017547607,8_12_13_1C_Cycle.xlsx,0.00012294948,0.0002663776533964107
A123_094,25C,60,4.055220603942871,1.0,4.066410064697266,2.291638641231335,0.0,1,24.0,0.0,0.0,2.8855350017547607,7_11_13_1C_Cycle.xlsx,0.0027227402,-0.005402103925138051
A123_094,25C,120,4.039329051971436,1.0,4.066896438598633,2.320101161561315,0.0,1,24.0,0.0,0.0,2.8855350017547607,8_1_13_1C_Cycle.xlsx,0.0,1.319302641786328e-05
A123_094,25C,120,4.039166927337647,1.0,4.066410064697266,2.311393671230344,0.0,1,24.0,0.0,0.0,2.8855350017547607,10_16_13_1C_Cycle.xlsx,0.000541389,-3.299084074791079e-05
A123_094,25C,60,4.057328701019287,1.0,4.067544937133789,2.3219040912130606,0.0,1,24.0,0.0,0.0,2.8855350017547607,2_4_14_1C_Cycle.xlsx,0.00058186054,0.0006491152495570785
A123_094,25C,60,4.05684232711792,1.0,4.067058563232422,2.321431213228599,0.0,1,24.0,0.0,0.0,2.8855350017547607,2_4_14_1C_Cycle.xlsx,0.00057823956,0.00027686507968000424
A123_094,25C,30,2.3925769329071045,0.0,2.3925769329071045,-2.4996963995639407,-0.0,1,24.0,0.0,0.0,2.8855350017547607,3_4_14_1C_Cycle.xlsx,0.00026741624,0.0002782400671567091
A123_094,25C,60,2.5495495796203613,0.0,2.504144191741944,-2.476553105709306,-0.0,1,24.0,0.0,0.0,2.8855350017547607,2_20_14_1C_Cycle.xlsx,0.00074616075,-0.019392412468445128
A123_094,25C,30,2.503819942474365,0.0,2.503819942474365,-2.4765062520433543,-0.0,1,24.0,0.0,0.0,2.8855350017547607,2_20_14_1C_Cycle.xlsx,0.00064605474,0.02739073716085085
A123_094,25C,90,4.0477614402771,1.0,4.0673828125,2.3175091530680656,0.0,1,24.0,0.0,0.0,2.8855350017547607,8_12_13_1C_Cycle.xlsx,0.00040134788,0.0003960244095592862
A123_094,25C,120,4.036734580993652,1.0,4.065761566162109,2.2800410211758506,0.0,1,24.0,0.0,0.0,2.8855350017547607,7_5_13_1C_Cycle.xlsx,0.0023055673,0.000827566032400541
A123_094,25C,60,2.544360399246216,0.0,2.49717116355896,-2.476750027212109,-0.0,1,24.0,0.0,0.0,2.8855350017547607,2_4_14_1C_Cycle.xlsx,0.0006273091,0.0024735679640832163
A123_094,25C,90,2.5250630378723145,0.0,2.379441738128662,-2.499877539356198,-0.0,1,24.0,0.0,0.0,2.8855350017547607,9_25_13_1C_Cycle.xlsx,0.00021210313,0.0001889047827147582
A123_094,25C,60,2.4738199710845947,0.0,2.377982378005981,-2.4997031862085515,-0.0,1,24.0,0.0,0.0,2.8855350017547607,12_13_13_1C_Cycle.xlsx,0.00030733645,0.00027461042349351164
A123_094,25C,120,2.557819604873657,0.0,2.391117572784424,-2.499731231154057,-0.0,1,24.0,0.0,0.0,2.8855350017547607,9_16_13_1C_Cycle.xlsx,0.000248909,-3.08571549557865e-05
A123_094,25C,90,4.051004409790039,1.0,4.068193912506104,2.339734711406524,0.0,1,24.0,0.0,0.0,2.8855350017547607,2_20_14_1C_Cycle.xlsx,8.293986e-05,-0.0001181346138127866
A123_094,25C,120,2.5604143142700195,0.0,2.393387794494629,-2.4997824462684424,-0.0,1,24.0,0.0,0.0,2.8855350017547607,11_18_13_1C_Cycle.xlsx,0.00035259128,-3.908992505288762e-05
A123_094,25C,60,4.056518077850342,1.0,4.067058563232422,2.3246939189923115,0.0,1,24.0,0.0,0.0,2.8855350017547607,12_13_13_1C_Cycle.xlsx,0.00023138523,0.00022168251468685461
A123_094,25C,90,2.528306245803833,0.0,2.385441780090332,-2.499856748412141,-0.0,1,24.0,0.0,0.0,2.8855350017547607,10_07_13_1C_Cycle.xlsx,0.00034558773,0.0001889047827147582
A123_094,25C,30,4.067869663238525,1.0,4.067869663238525,2.325976888317678,0.0,1,24.0,0.0,0.0,2.8855350017547607,12_13_13_1C_Cycle.xlsx,0.00026740134,0.00030151647762981823
A123_094,25C,120,2.5620357990264893,0.0,2.3796041011810303,-2.499726342303412,-0.0,1,24.0,0.0,0.0,2.8855350017547607,10_16_13_1C_Cycle.xlsx,0.0,-3.08571549557865e-05
A123_094,25C,60,2.523765802383423,0.0,2.4715497493743896,-2.477915848616568,-0.0,1,24.0,0.0,0.0,2.8855350017547607,9_25_13_1C_Cycle.xlsx,0.00015187263,0.0002814760463804901
A123_094,25C,150,4.032842636108398,1.0,4.066572189331055,2.3127509761052054,0.0,1,24.0,0.0,0.0,2.8855350017547607,9_25_13_1C_Cycle.xlsx,0.0004400015,-5.634955075275213e-05
A123_094,25C,90,2.5253872871398926,0.0,2.3969552516937256,-2.4996961153159707,-0.0,1,24.0,0.0,0.0,2.8855350017547607,7_19_13_1C_Cycle.xlsx,0.00036209822,0.0004607529857466502
A123_094,25C,120,4.04484224319458,1.0,4.068518161773682,2.339520766154716,0.0,1,24.0,0.0,0.0,2.8855350017547607,2_20_14_1C_Cycle.xlsx,0.00040601194,6.800559029103179e-05
A123_094,25C,30,4.067544937133789,1.0,4.067544937133789,2.3219040912130606,0.0,1,24.0,0.0,0.0,2.8855350017547607,2_4_14_1C_Cycle.xlsx,0.00038704276,0.0010774430167754452
A123_094,25C,90,2.5378737449646,0.0,2.393712043762207,-2.4997166673713758,-0.0,1,24.0,0.0,0.0,2.8855350017547607,3_4_14_1C_Cycle.xlsx,0.00063717365,0.0001971375528118593
A123_094,25C,60,2.47446870803833,0.0,2.3865768909454346,-2.4997328437607864,-0.0,1,24.0,0.0,0.0,2.8855350017547607,8_12_13_1C_Cycle.xlsx,0.00016961992,0.00027461042349351164
A123_094,25C,90,2.531225204467773,0.0,2.399874210357666,-2.499691254383809,-0.0334094299610941,1,24.0,0.0,0.0,2.8855350017547607,12_4_13_1C_Cycle.xlsx,0.0019346774,-0.026926198021058348
A123_094,25C,120,4.043383121490479,1.0,4.0680317878723145,2.3450852960221846,0.0,1,24.0,0.0,0.0,2.8855350017547607,11_6_13_1C_Cycle.xlsx,0.0,-8.685535347960393e-05
A123_094,25C,60,2.5247387886047363,0.0,2.4798200130462646,-2.478799947227367,-0.0,1,24.0,0.0,0.0,2.8855350017547607,7_24_13_1C_Cycle.xlsx,8.997321e-05,0.0002814760463804901
A123_094,25C,60,4.056193828582764,1.0,4.066734313964844,2.31274356070112,0.0,1,24.0,0.0,0.0,2.8855350017547607,9_25_13_1C_Cycle.xlsx,0.0010502338,5.651600458995285e-05
A123_094,25C,120,2.5712790489196777,0.0,2.4117119312286377,-2.499695914762992,-0.0,1,24.0,0.0,0.0,2.8855350017547607,2_4_14_1C_Cycle.xlsx,0.0010147542,0.0010239912993517245
A123_094,25C,150,4.035437107086182,1.0,4.067869663238525,2.3242724214354133,0.0,1,24.0,0.0,0.0,2.8855350017547607,1_23_14_1C_Cycle.xlsx,0.00034326315,-0.00023834840374870481
A123_094,25C,30,4.067869663238525,1.0,4.067869663238525,2.324954058343576,0.0,1,24.0,0.0,0.0,2.8855350017547607,12_4_13_1C_Cycle.xlsx,0.00029751658,0.00030151647762981823
A123_094,25C,90,2.5273332595825195,0.0,2.390630960464477,-2.499714758085168,-0.0,1,24.0,0.0,0.0,2.8855350017547607,8_29_13_1C_Cycle.xlsx,0.000370875,0.0001971375528118593
A123_094,25C,120,2.5662522315979004,0.0,2.3941986560821533,-2.499882792114118,-0.0,1,24.0,0.0,0.0,2.8855350017547607,1_23_14_1C_Cycle.xlsx,0.00046905875,-3.908992505288762e-05
A123_094,25C,90,4.042247772216797,1.0,4.067869663238525,2.323523403615014,0.0,1,24.0,0.0,0.0,2.8855350017547607,1_23_14_1C_Cycle.xlsx,0.0,-7.665566916605219e-05
A123_094,25C,60,2.5043063163757324,0.0,2.4220902919769287,-2.499679509724412,-0.0,1,24.0,0.0,0.0,2.8855350017547607,2_20_14_1C_Cycle.xlsx,0.0007754266,0.0021729714479209864
A123_094,25C,60,4.059274673461914,1.0,4.069004535675049,2.343473090766332,0.0,1,24.0,0.0,0.0,2.8855350017547607,12_4_13_1C_Cycle.xlsx,0.0,0.0051582375072786145
A123_094,25C,30,4.067058563232422,1.0,4.067058563232422,2.327607167994275,0.0,1,24.0,0.0,0.0,2.8855350017547607,11_6_13_1C_Cycle.xlsx,0.00020158291,0.001363206345052489
A123_094,25C,90,2.524414300918579,0.0,2.39322566986084,-2.4997089174058704,-0.0,1,24.0,0.0,0.0,2.8855350017547607,8_12_13_1C_Cycle.xlsx,0.00031752884,0.0001971375528118593
A123_094,25C,30,2.394036293029785,0.0,2.394036293029785,-2.4997075398763022,-0.0,1,24.0,0.0,0.0,2.8855350017547607,11_18_13_1C_Cycle.xlsx,0.0002695173,0.0002782400671567091
A123_094,25C,90,4.0474371910095215,1.0,4.066896438598633,2.315756844296571,0.0,1,24.0,0.0,0.0,2.8855350017547607,8_29_13_1C_Cycle.xlsx,0.00056654215,0.00019457285579222428
A123_094,25C,90,4.051167011260986,1.0,4.069328784942627,2.336953902410136,0.0,1,24.0,0.0,0.0,2.8855350017547607,7_24_13_1C_Cycle.xlsx,0.0,0.0017916367854721173
A123_094,25C,60,2.526198148727417,0.0,2.4799821376800537,-2.478347705043773,-0.0,1,24.0,0.0,0.0,2.8855350017547607,8_1_13_1C_Cycle.xlsx,0.0001347363,0.0002814760463804901
A123_094,25C,30,4.069166660308838,1.0,4.069166660308838,2.344583097213911,0.0,1,24.0,0.0,0.0,2.8855350017547607,11_18_13_1C_Cycle.xlsx,7.724762e-05,0.0005912011770079602
A123_094,25C,90,4.047275066375732,1.0,4.066734313964844,2.3308271557585267,0.0,1,24.0,0.0,0.0,2.8855350017547607,10_07_13_1C_Cycle.xlsx,0.0,0.0002777597477557759
A123_094,25C,60,4.056518077850342,1.0,4.067058563232422,2.3296770149221024,0.0,1,24.0,0.0,0.0,2.8855350017547607,10_16_13_1C_Cycle.xlsx,0.0,0.0008055942191905181
A123_094,25C,60,2.49263072013855,0.0,2.4074957370758057,-2.4996930502228816,-0.0,1,24.0,0.0,0.0,2.8855350017547607,7_17_13_1C_Cycle.xlsx,0.0005455017,0.004694215206751502
A123_094,25C,60,2.4854955673217773,0.0,2.4029552936553955,-2.4996637857260824,-0.0,1,24.0,0.0,0.0,2.8855350017547607,7_17_13_1C_Cycle.xlsx,0.00031846762,0.0017240878360509368
A123_094,25C,150,4.032356262207031,1.0,4.066572189331055,2.311982024307093,0.0,1,24.0,0.0,0.0,2.8855350017547607,10_16_13_1C_Cycle.xlsx,0.00027126074,-5.634955075275213e-05
A123_094,25C,60,4.057004451751709,1.0,4.0673828125,2.3292148024464647,0.0,1,24.0,0.0,0.0,2.8855350017547607,10_16_13_1C_Cycle.xlsx,6.258488e-05,0.002430351098191659
A123_094,25C,60,4.056680202484131,1.0,4.067058563232422,2.327758991856034,0.0,1,24.0,0.0,0.0,2.8855350017547607,11_6_13_1C_Cycle.xlsx,0.000120699406,0.0005703938958592532
A123_094,25C,90,4.04905891418457,1.0,4.067707061767578,2.325917197549242,0.0,1,24.0,0.0,0.0,2.8855350017547607,12_13_13_1C_Cycle.xlsx,0.0002990365,0.00034677546302266205
A123_094,25C,30,2.4754414558410645,0.0,2.4754414558410645,-2.4773955420272875,-0.0,1,24.0,0.0,0.0,2.8855350017547607,11_6_13_1C_Cycle.xlsx,0.00023628771,0.00029601475214002197
A123_094,25C,60,4.056193828582764,1.0,4.066734313964844,2.314338847025623,0.0,1,24.0,0.0,0.0,2.8855350017547607,9_16_13_1C_Cycle.xlsx,0.0009201765,5.651600458995285e-05
A123_094,25C,60,4.05830192565918,1.0,4.0680317878723145,2.3424420566779784,0.0,1,24.0,0.0,0.0,2.8855350017547607,1_23_14_1C_Cycle.xlsx,0.0,0.012029459462875043
A123_094,25C,90,4.044680118560791,1.0,4.068518161773682,2.3394906493394,0.0,1,24.0,0.0,0.0,2.8855350017547607,2_20_14_1C_Cycle.xlsx,0.0,0.00019142688652318672
A123_094,25C,30,2.480306386947632,0.0,2.480306386947632,-2.477384236738934,-0.0,1,24.0,0.0,0.0,2.8855350017547607,11_18_13_1C_Cycle.xlsx,0.00030241907,0.00029601475214002197
A123_094,25C,150,4.033329010009766,1.0,4.067058563232422,2.3144122901243893,0.0,1,24.0,0.0,0.0,2.8855350017547607,9_16_13_1C_Cycle.xlsx,0.00036183,-8.901365631115468e-05
A123_094,25C,120,2.553441286087036,0.0,2.4029552936553955,-2.499723689030793,-0.0,1,24.0,0.0,0.0,2.8855350017547607,7_24_13_1C_Cycle.xlsx,0.0004403293,0.001507030833173088
A123_094,25C,60,4.056355953216553,1.0,4.067058563232422,2.316987307846546,0.0,1,24.0,0.0,0.0,2.8855350017547607,8_12_13_1C_Cycle.xlsx,0.00066293776,0.0002520115371323376
A123_094,25C,60,4.056193828582764,1.0,4.067058563232422,2.3178227944374084,0.0,1,24.0,0.0,0.0,2.8855350017547607,8_12_13_1C_Cycle.xlsx,0.00052806735,0.00027686507968000424
A123_094,25C,120,2.551171064376831,0.0,2.3925769329071045,-2.4996952513853707,-0.0,1,24.0,0.0,0.0,2.8855350017547607,7_11_13_1C_Cycle.xlsx,0.00016957521,8.964915667749628e-05
A123_094,25C,120,2.531549453735352,0.0,2.362576961517334,-2.4996795927891964,-0.0,1,24.0,0.0,0.0,2.8855350017547607,7_3_13_1C_Cycle.xlsx,0.0,8.964915667749628e-05
A123_094,25C,60,2.529927968978882,0.0,2.47446870803833,-2.477191840268059,-0.0,1,24.0,0.0,0.0,2.8855350017547607,12_13_13_1C_Cycle.xlsx,0.00037410855,0.0002814760463804901
A123_094,25C,60,4.056193828582764,1.0,4.066734313964844,2.31317010576852,0.0,1,24.0,0.0,0.0,2.8855350017547607,9_25_13_1C_Cycle.xlsx,0.0010149032,5.651600458995285e-05
A123_094,25C,120,4.038031578063965,1.0,4.065761566162109,2.314033436421,0.0,1,24.0,0.0,0.0,2.8855350017547607,9_25_13_1C_Cycle.xlsx,9.921193e-05,-0.000547093671389918
A123_094,25C,120,2.561387300491333,0.0,2.3859283924102783,-2.4997384720020466,-0.0,1,24.0,0.0,0.0,2.8855350017547607,11_18_13_1C_Cycle.xlsx,0.00015118718,-3.08571549557865e-05
A123_094,25C,120,4.040950775146484,1.0,4.067544937133789,2.3194946087305506,0.0,1,24.0,0.0,0.0,2.8855350017547607,7_24_13_1C_Cycle.xlsx,0.00036279857,0.0002663740094468993
A123_094,25C,60,4.057491302490234,1.0,4.067707061767578,2.325966177729226,0.0,1,24.0,0.0,0.0,2.8855350017547607,12_13_13_1C_Cycle.xlsx,0.0003271103,0.000593932684563929
A123_094,25C,90,2.5313873291015625,0.0,2.401982307434082,-2.499674677848816,-0.0,1,24.0,0.0,0.0,2.8855350017547607,7_24_13_1C_Cycle.xlsx,0.0005454719,0.0015600254932655617
A123_094,25C,120,2.557495355606079,0.0,2.3987390995025635,-2.4999405807918973,-0.0,1,24.0,0.0,0.0,2.8855350017547607,8_1_13_1C_Cycle.xlsx,0.000433743,0.00021495709271129117
A123_094,25C,90,2.5274953842163086,0.0,2.38268518447876,-2.499770390248932,-0.0,1,24.0,0.0,0.0,2.8855350017547607,10_07_13_1C_Cycle.xlsx,0.00029681623,0.0001889047827147582
A123_094,25C,60,4.0599236488342285,1.0,4.069490909576416,2.343060822886789,0.0,1,24.0,0.0,0.0,2.8855350017547607,12_13_13_1C_Cycle.xlsx,0.0,0.000983202167714447
A123_094,25C,90,2.538198232650757,0.0,2.400036334991455,-2.499698088547894,-0.0,1,24.0,0.0,0.0,2.8855350017547607,3_4_14_1C_Cycle.xlsx,0.0007068515,0.0004607529857466502
A123_094,25C,120,4.041923522949219,1.0,4.067869663238525,2.3252143417248283,0.0,1,24.0,0.0,0.0,2.8855350017547607,12_4_13_1C_Cycle.xlsx,0.00029447675,-7.955005054725217e-05
A123_094,25C,90,4.047112941741943,1.0,4.066734313964844,2.312891662059749,0.0,1,24.0,0.0,0.0,2.8855350017547607,10_07_13_1C_Cycle.xlsx,0.0006876886,8.136040208645137e-05
A123_094,25C,90,4.047275066375732,1.0,4.066572189331055,2.3277802022189653,0.0,1,24.0,0.0,0.0,2.8855350017547607,11_6_13_1C_Cycle.xlsx,0.0,3.731356192693493e-05
A123_094,25C,30,4.067220687866211,1.0,4.067220687866211,2.3224702884597104,0.0,1,24.0,0.0,0.01655783223935,2.894373719676301,7_19_13_1C_Cycle.xlsx,0.00035451353,0.0004922769086827322
A123_094,25C,30,2.3925769329071045,0.0,2.3925769329071045,-2.499727081608128,-0.0,1,24.0,0.0,0.0,2.8855350017547607,11_18_13_1C_Cycle.xlsx,0.0002683848,0.0002782400671567091
A123_094,25C,30,4.067544937133789,1.0,4.067544937133789,2.318859028384874,0.0,1,24.0,0.0,0.0,2.8855350017547607,3_4_14_1C_Cycle.xlsx,0.0005065501,0.0010774430167754452
A123_094,25C,60,2.478198289871216,0.0,2.384793281555176,-2.49990525895899,-0.0,1,24.0,0.0,0.0,2.8855350017547607,12_4_13_1C_Cycle.xlsx,0.00036892295,0.0002663776533964107
A123_094,25C,60,2.480468511581421,0.0,2.397279739379883,-2.4997073870438795,-0.0,1,24.0,0.0,0.0,2.8855350017547607,8_1_13_1C_Cycle.xlsx,0.00021378696,0.0005382258564283015
A123_094,25C,30,2.389495849609375,0.0,2.389495849609375,-2.4996440509955087,-0.0,1,24.0,0.0,0.0,2.8855350017547607,7_11_13_1C_Cycle.xlsx,0.0002629459,0.0002782400671567091
A123_094,25C,120,4.044680118560791,1.0,4.069004535675049,2.3442294097552865,0.0,1,24.0,0.0,0.0,2.8855350017547607,11_18_13_1C_Cycle.xlsx,0.0,-0.00010825948275200408
A123_094,25C,120,4.036247730255127,1.0,4.065761566162109,2.279926900968964,0.0,1,24.0,0.0,0.0,2.8855350017547607,7_5_13_1C_Cycle.xlsx,0.0019506216,0.001264541156710389
A123_094,25C,30,4.069166660308838,1.0,4.069166660308838,2.344420809677597,0.0,1,24.0,0.0,0.0,2.8855350017547607,11_18_13_1C_Cycle.xlsx,7.633865e-05,0.0005912011770079602
A123_094,25C,60,4.059112548828125,1.0,4.069004535675049,2.341625910059645,0.0,1,24.0,0.0,0.0,2.8855350017547607,1_23_14_1C_Cycle.xlsx,0.0,0.0007809410821260966
A123_094,25C,120,2.570143938064575,0.0,2.400198459625244,-2.4997301792429987,-0.0351605216525857,1,24.0,0.0,0.0,2.8855350017547607,3_4_14_1C_Cycle.xlsx,0.002404347,0.023767365508858242
A123_094,25C,120,4.040463924407959,1.0,4.067220687866211,2.3331507601873662,0.0,1,24.0,0.0,0.0,2.8855350017547607,8_29_13_1C_Cycle.xlsx,0.0,0.0003275330415235159
A123_094,25C,30,2.4736578464508057,0.0,2.4736578464508057,-2.47779378248685,-0.0,1,24.0,0.0,0.0,2.8855350017547607,9_25_13_1C_Cycle.xlsx,0.00022217631,0.00029601475214002197
A123_094,25C,60,2.529927968978882,0.0,2.4794955253601074,-2.4774294166241555,-0.0,1,24.0,0.0,0.0,2.8855350017547607,11_18_13_1C_Cycle.xlsx,0.0002823174,0.0002814760463804901
A123_094,25C,90,2.542900800704956,0.0,2.414630889892578,-2.499689221382141,-0.0,1,24.0,0.0,0.0,2.8855350017547607,2_4_14_1C_Cycle.xlsx,0.00092333555,0.0018468622504900563
A123_094,25C,90,4.0514912605285645,1.0,4.068518161773682,2.339520766154716,0.0,1,24.0,0.0,0.0,2.8855350017547607,2_20_14_1C_Cycle.xlsx,0.00018176436,0.0006356287696035958
A123_094,25C,60,2.527819871902466,0.0,2.476414442062378,-2.4997383999613536,-0.0,1,24.0,0.0,0.0,2.8855350017547607,10_07_13_1C_Cycle.xlsx,0.0007727146,0.00018026167288213377
A123_094,25C,150,4.0343017578125,1.0,4.0673828125,2.317199843287468,0.0,1,24.0,0.0,0.0,2.8855350017547607,8_12_13_1C_Cycle.xlsx,0.00049594045,0.00010164203778892156
A123_094,25C,30,2.504144191741944,0.0,2.504144191741944,-2.476556452399732,-0.0,1,24.0,0.0,0.0,2.8855350017547607,2_20_14_1C_Cycle.xlsx,0.00065259635,-0.04047073230744012
A123_094,25C,30,2.380577087402344,0.0,2.380577087402344,-2.499788945859617,-0.0,1,24.0,0.0,0.0,2.8855350017547607,11_18_13_1C_Cycle.xlsx,0.00026664138,0.00031597758152679054
A123_094,25C,150,4.033977508544922,1.0,4.067058563232422,2.327537327629177,0.0,1,24.0,0.0,0.0,2.8855350017547607,11_6_13_1C_Cycle.xlsx,0.0,0.0002293687024157609
A123_094,25C,60,2.5274953842163086,0.0,2.482252359390259,-2.47862788889127,-0.0,1,24.0,0.0,0.0,2.8855350017547607,8_1_13_1C_Cycle.xlsx,0.0001642704,0.0002814760463804901
A123_094,25C,60,2.4760901927948,0.0,2.37976622581482,-2.4997435206667,-0.0,1,24.0,0.0,0.0,2.8855350017547607,1_23_14_1C_Cycle.xlsx,0.00037012994,0.00027461042349351164
A123_094,25C,30,2.394036293029785,0.0,2.394036293029785,-2.499854098018418,-0.0,1,24.0,0.0,0.0,2.8855350017547607,8_1_13_1C_Cycle.xlsx,0.00027424097,0.00031597758152679054
A123_094,25C,30,4.070788383483887,1.0,4.070788383483887,2.362385068630052,0.0,1,24.0,0.0,0.0,2.8855350017547607,12_4_13_1C_Cycle.xlsx,0.00041392446,-0.004348788500563942
A123_094,25C,60,4.056031703948975,1.0,4.066572189331055,2.3110980096557907,0.0,1,24.0,0.0,0.0,2.8855350017547607,10_16_13_1C_Cycle.xlsx,0.0011751652,0.0012756368617963944
A123_094,25C,30,4.069490909576416,1.0,4.069490909576416,2.3372842313441557,0.0,1,24.0,0.0,0.0,2.8855350017547607,2_4_14_1C_Cycle.xlsx,9.071827e-05,-0.01149128679325939
A123_094,25C,150,4.032356262207031,1.0,4.066247940063477,2.3137047100262564,0.0,1,24.0,0.0,0.0,2.8855350017547607,10_07_13_1C_Cycle.xlsx,0.00027787685,-5.634955075275213e-05
A123_094,25C,90,4.039491176605225,1.0,4.066572189331055,2.311665479432453,0.0,1,24.0,0.0,0.0,2.8855350017547607,10_16_13_1C_Cycle.xlsx,0.0,0.006183039226644034
A123_094,25C,120,2.532036066055298,0.0,2.3671176433563232,-2.499669225489507,-0.0,1,24.0,0.0,0.0,2.8855350017547607,7_5_13_1C_Cycle.xlsx,0.0,8.964915667749628e-05
A123_094,25C,150,4.036572456359863,1.0,4.0680317878723145,2.325064345057738,0.0,1,24.0,0.0,0.0,2.8855350017547607,12_4_13_1C_Cycle.xlsx,0.0007790923,-0.00023834840374870481
A123_094,25C,120,4.038031578063965,1.0,4.066247940063477,2.31714681217507,0.0,1,24.0,0.0,0.0,2.8855350017547607,8_12_13_1C_Cycle.xlsx,0.0,-3.299084074791079e-05
A123_094,25C,60,4.057653427124023,1.0,4.067869663238525,2.325137806835316,0.0,1,24.0,0.0,0.0,2.8855350017547607,12_4_13_1C_Cycle.xlsx,0.00038963556,0.00030319118956292766
A123_094,25C,60,2.5297658443450928,0.0,2.4814414978027344,-2.477369716186201,-0.0,1,24.0,0.0,0.0,2.8855350017547607,11_18_13_1C_Cycle.xlsx,0.00024110079,0.0002814760463804901
A123_094,25C,90,4.0474371910095215,1.0,4.066896438598633,2.3196181743814237,0.0,1,24.0,0.0,0.0,2.8855350017547607,3_4_14_1C_Cycle.xlsx,0.00029748678,0.00021942639833989088
A123_094,25C,120,2.55733323097229,0.0,2.393063545227051,-2.4997131865957507,-0.0,1,24.0,0.0,0.0,2.8855350017547607,8_29_13_1C_Cycle.xlsx,0.00029155612,-3.08571549557865e-05
A123_094,25C,60,4.056193828582764,1.0,4.066896438598633,2.3200896897368013,0.0,1,24.0,0.0,0.0,2.8855350017547607,8_1_13_1C_Cycle.xlsx,0.0004374683,0.00027686507968000424
A123_094,25C,90,4.048896312713623,1.0,4.067869663238525,2.324457717120138,0.0,1,24.0,0.0,0.0,2.8855350017547607,1_23_14_1C_Cycle.xlsx,0.00026348233,5.603396802165961e-05
A123_094,25C,150,4.033653259277344,1.0,4.066896438598633,2.3332844262685235,0.0,1,24.0,0.0,0.0,2.8855350017547607,8_29_13_1C_Cycle.xlsx,0.0,0.00016104971399362266
A123_094,25C,30,4.067058563232422,1.0,4.067058563232422,2.314234561733598,0.0,1,24.0,0.0,0.0,2.8855350017547607,9_16_13_1C_Cycle.xlsx,0.0006978214,0.0004978347607391142
A123_094,25C,60,4.056518077850342,1.0,4.067058563232422,2.317292321026325,0.0,1,24.0,0.0,0.0,2.8855350017547607,8_12_13_1C_Cycle.xlsx,0.0007199347,0.0002520115371323376
A123_094,25C,150,4.034626483917236,1.0,4.066896438598633,2.3244329436849327,0.0,1,24.0,0.0,0.0,2.8855350017547607,1_23_14_1C_Cycle.xlsx,0.00033459067,-0.00011934267875663766
A123_094,25C,60,2.4863064289093018,0.0,2.3927390575408936,-2.4999328573173454,-0.0,1,24.0,0.0,0.0,2.8855350017547607,2_4_14_1C_Cycle.xlsx,0.0005655736,0.0002663776533964107
A123_094,25C,90,4.046463966369629,1.0,4.066247940063477,2.311628089586565,0.0,1,24.0,0.0,0.0,2.8855350017547607,10_16_13_1C_Cycle.xlsx,0.00066041946,-0.0001251186842285192
A123_094,25C,120,4.039166927337647,1.0,4.066410064697266,2.311793893390943,0.0,1,24.0,0.0,0.0,2.8855350017547607,10_16_13_1C_Cycle.xlsx,0.0005119592,-3.299084074791079e-05
A123_094,25C,120,2.557495355606079,0.0,2.3817121982574463,-2.4997208076240742,-0.0,1,24.0,0.0,0.0,2.8855350017547607,9_25_13_1C_Cycle.xlsx,0.0,-3.08571549557865e-05
A123_094,25C,90,2.526522397994995,0.0,2.3716580867767334,-2.4995650436197008,-0.0,1,24.0,0.0,0.0,2.8855350017547607,10_16_13_1C_Cycle.xlsx,0.000118911266,0.0001971375528118593
A123_094,25C,60,2.526036024093628,0.0,2.4713876247406006,-2.4999054414885387,-0.0,1,24.0,0.0,0.0,2.8855350017547607,10_16_13_1C_Cycle.xlsx,0.0007811785,0.00018026167288213377
A123_094,25C,60,4.0558695793151855,1.0,4.066410064697266,2.311469809144489,0.0,1,24.0,0.0,0.0,2.8855350017547607,10_16_13_1C_Cycle.xlsx,0.0011282116,-6.35974118832797e-05
A123_094,25C,90,4.039329051971436,1.0,4.066247940063477,2.31117415908447,0.0,1,24.0,0.0,0.0,2.8855350017547607,10_16_13_1C_Cycle.xlsx,0.0,0.0063465078027530935
A123_094,25C,60,2.474630832672119,0.0,2.382198572158813,-2.4999175113914287,-0.0,1,24.0,0.0,0.0,2.8855350017547607,10_07_13_1C_Cycle.xlsx,0.00026735663,0.0002663776533964107
A123_094,25C,60,4.056193828582764,1.0,4.066734313964844,2.316173544994766,0.0,1,24.0,0.0,0.0,2.8855350017547607,8_29_13_1C_Cycle.xlsx,0.0007775426,5.651600458995285e-05
A123_094,25C,150,4.033815383911133,1.0,4.067058563232422,2.32757679310416,0.0,1,24.0,0.0,0.0,2.8855350017547607,11_6_13_1C_Cycle.xlsx,0.0,0.0002293687024157609
A123_094,25C,90,4.0474371910095215,1.0,4.066734313964844,2.330789832290539,0.0,1,24.0,0.0,0.0,2.8855350017547607,10_07_13_1C_Cycle.xlsx,0.0,0.0002777597477557759
A123_094,25C,90,2.528144121170044,0.0,2.378955364227295,-2.499769412719452,-0.0,1,24.0,0.0,0.0,2.8855350017547607,11_6_13_1C_Cycle.xlsx,0.00026084483,0.0001889047827147582
A123_094,25C,90,4.045004844665527,1.0,4.065923690795898,2.267708539245305,0.0,1,24.0,0.0,0.0,2.8855350017547607,7_3_13_1C_Cycle.xlsx,0.0048778653,-0.024197503999952272
A123_094,25C,60,2.4713876247406006,0.0,2.3776581287384038,-2.4998535498053625,-0.0,1,24.0,0.0,0.0,2.8855350017547607,9_25_13_1C_Cycle.xlsx,0.00021559,0.0002663776533964107
A123_094,25C,150,4.035437107086182,1.0,4.067707061767578,2.324365064947524,0.0,1,24.0,0.0,0.0,2.8855350017547607,1_23_14_1C_Cycle.xlsx,0.0003992319,5.239309125229723e-05
A123_094,25C,60,2.4819281101226807,0.0,2.3987390995025635,-2.4999405807918973,-0.0,1,24.0,0.0,0.0,2.8855350017547607,8_1_13_1C_Cycle.xlsx,0.00025430322,0.0005382258564283015
A123_094,25C,90,2.5249009132385254,0.0,2.378793239593506,-2.4998727414460307,-0.0,1,24.0,0.0,0.0,2.8855350017547607,9_25_13_1C_Cycle.xlsx,0.00020094216,0.0001889047827147582
A123_094,25C,60,4.0558695793151855,1.0,4.066247940063477,2.31196560618306,0.0,1,24.0,0.0,0.0,2.8855350017547607,10_16_13_1C_Cycle.xlsx,0.0011635423,-6.35974118832797e-05
A123_094,25C,30,2.397279739379883,0.0,2.397279739379883,-2.499856264219372,-0.0,1,24.0,0.0,0.0,2.8855350017547607,1_23_14_1C_Cycle.xlsx,0.00027912855,0.0005878257845586813
A123_094,25C,120,2.5621981620788574,0.0,2.374739170074463,-2.499972886867351,-0.0,1,24.0,0.0,0.0,2.8855350017547607,11_6_13_1C_Cycle.xlsx,0.0,-3.908992505288762e-05
A123_094,25C,90,2.5518198013305664,0.0,2.478522539138794,-2.478601010373457,-0.0,1,24.0,0.0,0.0,2.8855350017547607,7_24_13_1C_Cycle.xlsx,0.0008505881,-0.0028022171843003823
A123_094,25C,150,4.037869453430176,1.0,4.068356037139893,2.3403091452691864,0.0,1,24.0,0.0,0.0,2.8855350017547607,2_4_14_1C_Cycle.xlsx,0.00018373132,0.0012527666723115268
A123_094,25C,60,4.0558695793151855,1.0,4.066896438598633,2.2970921245396587,0.0,1,24.0,0.0,0.0,2.8855350017547607,7_3_13_1C_Cycle.xlsx,0.0022758842,0.008101264730974495
A123_094,25C,150,4.036734580993652,1.0,4.068356037139893,2.3253368761201028,0.0,1,24.0,0.0,0.0,2.8855350017547607,12_4_13_1C_Cycle.xlsx,0.0006994307,0.007149072734955241
A123_094,25C,90,2.526036024093628,0.0,2.385279655456543,-2.499731231154057,-0.0,1,24.0,0.0,0.0,2.8855350017547607,9_16_13_1C_Cycle.xlsx,0.00029420853,0.0001971375528118593
A123_094,25C,30,2.472522735595703,0.0,2.472522735595703,-2.499753097008014,-0.0,1,24.0,0.0,0.0,2.8855350017547607,8_12_13_1C_Cycle.xlsx,0.0007545948,0.00024077066310884823
A123_094,25C,30,4.066734313964844,1.0,4.066734313964844,2.3175134568810463,0.0,1,24.0,0.0,0.0,2.8855350017547607,8_12_13_1C_Cycle.xlsx,0.0005260408,0.00027479104433487494
A123_094,25C,90,4.047923564910889,1.0,4.067220687866211,2.318976964505892,0.0,1,24.0,0.0,0.0,2.8855350017547607,8_1_13_1C_Cycle.xlsx,0.00043843687,0.00032227374164126867
A123_094,25C,120,4.039653301239014,1.0,4.066896438598633,2.312884281648964,0.0,1,24.0,0.0,0.0,2.8855350017547607,9_25_13_1C_Cycle.xlsx,0.00047117472,0.004782756781484381
A123_094,25C,60,4.058788299560547,1.0,4.068680286407471,2.344834190493418,0.0,1,24.0,0.0,0.0,2.8855350017547607,11_18_13_1C_Cycle.xlsx,0.0,0.0006785179792141904
A123_094,25C,60,2.446576833724976,0.0,2.3611176013946533,-2.499672418783519,-0.0,1,24.0,0.0,0.0,2.8855350017547607,7_5_13_1C_Cycle.xlsx,0.0,0.00027461042349351164
A123_094,25C,30,4.0680317878723145,1.0,4.0680317878723145,2.327010510160642,0.0,1,24.0,0.0,0.0,2.8855350017547607,12_4_13_1C_Cycle.xlsx,0.00024396181,0.0048399591916036145
A123_094,25C,60,2.481765985488892,0.0,2.393063545227051,-2.499683477661826,-0.0,1,24.0,0.0,0.0,2.8855350017547607,12_13_13_1C_Cycle.xlsx,0.0003556013,0.00027461042349351164
A123_094,25C,30,4.066410064697266,1.0,4.066410064697266,2.311793893390943,0.0,1,24.0,0.0,0.0,2.8855350017547607,10_16_13_1C_Cycle.xlsx,0.00078958273,2.3591747551615697e-05
A123_094,25C,90,2.5291171073913574,0.0,2.389657974243164,-2.499782424789291,-0.0,1,24.0,0.0,0.0,2.8855350017547607,11_18_13_1C_Cycle.xlsx,0.0004043728,0.0001889047827147582
A123_094,25C,150,4.033329010009766,1.0,4.066734313964844,2.313014610197212,0.0,1,24.0,0.0,0.0,2.8855350017547607,10_07_13_1C_Cycle.xlsx,0.0005916655,-2.9311470128476755e-05
A123_094,25C,120,2.5607385635375977,0.0,2.393387794494629,-2.499813365506696,-0.0,1,24.0,0.0,0.0,2.8855350017547607,11_18_13_1C_Cycle.xlsx,0.0003581047,-3.908992505288762e-05
A123_094,25C,150,4.032680511474609,1.0,4.066410064697266,2.313019016604932,0.0,1,24.0,0.0,0.0,2.8855350017547607,9_25_13_1C_Cycle.xlsx,0.00040897727,-5.634955075275213e-05
A123_094,25C,30,4.066572189331055,1.0,4.066572189331055,2.3114757949163107,0.0,1,24.0,0.0,0.0,2.8855350017547607,10_16_13_1C_Cycle.xlsx,0.00081698596,2.3591747551615697e-05
A123_094,25C,90,2.553279161453247,0.0,2.472846984863281,-2.4997203802240304,-0.0,1,24.0,0.0,0.0,2.8855350017547607,8_12_13_1C_Cycle.xlsx,0.0012795329,-0.001887272598522294
A123_094,25C,60,2.4759280681610107,0.0,2.379279613494873,-2.4997368886930134,-0.0,1,24.0,0.0,0.0,2.8855350017547607,1_23_14_1C_Cycle.xlsx,0.0003721416,0.00027461042349351164
A123_094,25C,30,2.379279613494873,0.0,2.379279613494873,-2.499866344232475,-0.0,1,24.0,0.0,0.0,2.8855350017547607,9_25_13_1C_Cycle.xlsx,0.00026994944,0.00031597758152679054
A123_094,25C,60,2.4832253456115723,0.0,2.391117572784424,-2.4997470690825274,-0.0,1,24.0,0.0,0.0,2.8855350017547607,3_4_14_1C_Cycle.xlsx,0.00045904517,0.0002663776533964107
A123_094,25C,60,4.056355953216553,1.0,4.066896438598633,2.3129183617038804,0.0,1,24.0,0.0,0.0,2.8855350017547607,10_07_13_1C_Cycle.xlsx,0.0010502338,0.0002520115371323376
A123_094,25C,90,4.053437232971191,1.0,4.07030200958252,2.3433919017976623,0.0,1,24.0,0.0,0.0,2.8855350017547607,12_4_13_1C_Cycle.xlsx,0.00013025105,0.0005531671995730122
A123_094,25C,30,4.066896438598633,1.0,4.066896438598633,2.327711878829644,0.0,1,24.0,0.0,0.0,2.8855350017547607,11_6_13_1C_Cycle.xlsx,0.00019490719,0.001363206345052489
A123_094,25C,120,4.044680118560791,1.0,4.068356037139893,2.3394478366693905,0.0,1,24.0,0.0,0.0,2.8855350017547607,2_20_14_1C_Cycle.xlsx,0.00039881468,0.0013674419122041157
A123_094,25C,30,2.362576961517334,0.0,2.362576961517334,-2.499772664662954,-0.0,1,24.0,0.0,0.0,2.8855350017547607,11_18_13_1C_Cycle.xlsx,0.00029580295,0.00031597758152679054
A123_094,25C,90,4.047112941741943,1.0,4.066896438598633,2.3280702317211808,0.0,1,24.0,0.0,0.0,2.8855350017547607,11_6_13_1C_Cycle.xlsx,0.0,0.0007040524713772776
A123_094,25C,120,2.5542521476745605,0.0,2.389657974243164,-2.4996705589623285,-0.0,1,24.0,0.0,0.0,2.8855350017547607,8_12_13_1C_Cycle.xlsx,0.000151515,8.964915667749628e-05
A123_094,25C,90,2.530738592147827,0.0,2.384793281555176,-2.49974590214816,-0.0,1,24.0,0.0,0.0,2.8855350017547607,12_4_13_1C_Cycle.xlsx,0.00038579106,0.0001889047827147582
A123_094,25C,30,2.3860905170440674,0.0,2.3860905170440674,-2.499918532821368,-0.0,1,24.0,0.0,0.0,2.8855350017547607,3_4_14_1C_Cycle.xlsx,0.00027029216,0.00031597758152679054
A123_094,25C,90,2.5271711349487305,0.0,2.380577087402344,-2.4997383999613536,-0.0,1,24.0,0.0,0.0,2.8855350017547607,10_07_13_1C_Cycle.xlsx,0.0002643019,0.0001971375528118593
A123_094,25C,30,2.426630973815918,0.0,2.426630973815918,-2.499691332612082,-0.0,1,24.0,0.0,0.0,2.8855350017547607,2_20_14_1C_Cycle.xlsx,0.00037808716,0.0010271408909217883
A123_094,25C,60,4.056355953216553,1.0,4.067058563232422,2.319463060133987,0.0,1,24.0,0.0,0.0,2.8855350017547607,8_1_13_1C_Cycle.xlsx,0.0004904717,0.00027686507968000424
A123_094,25C,60,4.058139801025391,1.0,4.0680317878723145,2.339628491877464,0.0,1,24.0,0.0,0.0,2.8855350017547607,3_4_14_1C_Cycle.xlsx,0.0,0.0005151938377915142
A123_094,25C,120,4.039004802703857,1.0,4.066247940063477,2.311447414300166,0.0,1,24.0,0.0,0.0,2.8855350017547607,10_16_13_1C_Cycle.xlsx,0.00052446127,-3.299084074791079e-05
A123_094,25C,30,4.0673828125,1.0,4.0673828125,2.317432541191578,0.0,1,24.0,0.0,0.0,2.8855350017547607,8_12_13_1C_Cycle.xlsx,0.0005611479,0.0006884904548391903
A123_094,25C,30,2.4541983604431152,0.0,2.4541983604431152,-2.49969482421875,-0.0,1,24.0,0.0,0.0,2.8855350017547607,7_8_13_1C_Cycle.xlsx,0.00057303905,0.00019480037864166557
A123_094,25C,30,2.386739015579224,0.0,2.386739015579224,-2.499855149108752,-0.0,1,24.0,0.0,0.0,2.8855350017547607,10_07_13_1C_Cycle.xlsx,0.00026839972,0.00031597758152679054
A123_094,25C,30,2.4754414558410645,0.0,2.4754414558410645,-2.4997173064463847,-0.0,1,24.0,0.0,0.0,2.8855350017547607,12_4_13_1C_Cycle.xlsx,0.00078602135,0.00019480037864166557
A123_094,25C,60,2.476901054382324,0.0,2.384955406188965,-2.4997463964782987,-0.0,1,24.0,0.0,0.0,2.8855350017547607,10_07_13_1C_Cycle.xlsx,0.00030642748,0.0002663776533964107
A123_094,25C,90,4.047112941741943,1.0,4.067058563232422,2.3225741314254407,0.0,1,24.0,0.0,0.0,2.8855350017547607,7_19_13_1C_Cycle.xlsx,0.0,0.00017532333186676404
A123_094,25C,90,2.5334954261779785,0.0,2.382522821426392,-2.4997683905680246,-0.0,1,24.0,0.0,0.0,2.8855350017547607,1_23_14_1C_Cycle.xlsx,0.00040617585,0.0001889047827147582
A123_094,25C,90,4.059436798095703,1.0,4.072085857391357,0.6999309714883566,-0.0004639401854811,1,24.0,0.0,1.0,3.553644180297852,7_1_13_1C_Cycle.xlsx,0.99220717,0.9281668603492036
A123_094,25C,30,4.067058563232422,1.0,4.067058563232422,2.317728852510452,0.0,1,24.0,0.0,0.0,2.8855350017547607,8_12_13_1C_Cycle.xlsx,0.0005322099,0.00047570476761503433
A123_094,25C,120,2.553441286087036,0.0,2.3859283924102783,-2.499739075529164,-0.0,1,24.0,0.0,0.0,2.8855350017547607,8_12_13_1C_Cycle.xlsx,3.9696693e-05,8.964915667749628e-05
A123_094,25C,30,4.066896438598633,1.0,4.066896438598633,2.314612061269884,0.0,1,24.0,0.0,0.0,2.8855350017547607,8_29_13_1C_Cycle.xlsx,0.0006698072,0.0004978347607391142
A123_094,25C,150,4.0343017578125,1.0,4.067220687866211,2.324612080668792,0.0,1,24.0,0.0,0.0,2.8855350017547607,12_13_13_1C_Cycle.xlsx,7.335842e-05,-2.729119512224557e-05
A123_094,25C,90,4.051977634429932,1.0,4.069490909576416,2.338332123400872,0.0,1,24.0,0.0,0.0,2.8855350017547607,3_4_14_1C_Cycle.xlsx,0.000120162964,0.0012753269123017977
A123_094,25C,90,4.049383163452148,1.0,4.067869663238525,2.3250444110924917,0.0,1,24.0,0.0,0.0,2.8855350017547607,12_4_13_1C_Cycle.xlsx,0.00044371188,5.603396802165961e-05
A123_094,25C,30,4.069977760314941,1.0,4.069977760314941,2.358005608011664,0.0,1,24.0,0.0,0.0,2.8855350017547607,3_4_14_1C_Cycle.xlsx,0.00029875338,0.0013628686665034815
A123_094,25C,60,4.056193828582764,1.0,4.067058563232422,2.3200997220618382,0.0,1,24.0,0.0,0.0,2.8855350017547607,8_1_13_1C_Cycle.xlsx,0.00037837029,0.00027686507968000424
A123_094,25C,30,2.4798200130462646,0.0,2.4798200130462646,-2.478652648622867,-0.0,1,24.0,0.0,0.0,2.8855350017547607,7_24_13_1C_Cycle.xlsx,0.00032517314,0.00029601475214002197
A123_094,25C,30,4.066734313964844,1.0,4.066734313964844,2.314431393352466,0.0,1,24.0,0.0,0.0,2.8855350017547607,9_16_13_1C_Cycle.xlsx,0.000669986,0.00022811992354537775
A123_094,25C,120,4.046463966369629,1.0,4.0701398849487305,2.3425682332271185,0.0,1,24.0,0.0,0.0,2.8855350017547607,12_13_13_1C_Cycle.xlsx,0.00031782687,0.0005494935971394194
A123_094,25C,90,4.047112941741943,1.0,4.066734313964844,2.314434324035315,0.0,1,24.0,0.0,0.0,2.8855350017547607,8_29_13_1C_Cycle.xlsx,0.0005708635,-4.502574322328785e-05
A123_094,25C,150,4.032680511474609,1.0,4.066896438598633,2.3130723618459506,0.0,1,24.0,0.0,0.0,2.8855350017547607,9_25_13_1C_Cycle.xlsx,0.00022402406,-8.901365631115468e-05
A123_094,25C,30,4.067544937133789,1.0,4.067544937133789,2.3245425913323703,0.0,1,24.0,0.0,0.0,2.8855350017547607,12_13_13_1C_Cycle.xlsx,0.0002990216,0.0010222604517822957
A123_094,25C,90,2.5297658443450928,0.0,2.3929011821746826,-2.4998084897393578,-0.0,1,24.0,0.0,0.0,2.8855350017547607,11_18_13_1C_Cycle.xlsx,0.0004476905,0.0001889047827147582
A123_094,25C,60,2.48063063621521,0.0,2.399549961090088,-2.499676215446601,-0.0,1,24.0,0.0,0.0,2.8855350017547607,7_24_13_1C_Cycle.xlsx,0.00017353892,0.0005382258564283015
A123_094,25C,120,2.524414300918579,0.0,2.3695499897003174,-2.4996603375575583,-0.0,1,24.0,0.0,0.0,2.8855350017547607,7_5_13_1C_Cycle.xlsx,0.0,8.964915667749628e-05
A123_094,25C,90,2.5394954681396484,0.0,2.3945229053497314,-2.499574731503214,-0.0,1,24.0,0.0,0.0,2.8855350017547607,10_16_13_1C_Cycle.xlsx,0.00067940354,0.0001971375528118593
A123_094,25C,60,4.0558695793151855,1.0,4.066572189331055,2.312869452795044,0.0,1,24.0,0.0,0.0,2.8855350017547607,10_07_13_1C_Cycle.xlsx,0.000937134,-6.35974118832797e-05
A123_094,25C,60,4.056518077850342,1.0,4.067058563232422,2.3309048424698107,0.0,1,24.0,0.0,0.0,2.8855350017547607,10_07_13_1C_Cycle.xlsx,0.0,0.000645779766063065
A123_094,25C,30,2.3740904331207275,0.0,2.3740904331207275,-2.49979381947904,-0.0,1,24.0,0.0,0.0,2.8855350017547607,11_6_13_1C_Cycle.xlsx,0.00027257204,0.00031597758152679054
A123_094,25C,120,2.5709547996521,0.0,2.410738945007324,-2.499687550244508,-0.0,1,24.0,0.0,0.0,2.8855350017547607,2_4_14_1C_Cycle.xlsx,0.0009854436,0.00446135884089136
A123_094,25C,60,2.5294413566589355,0.0,2.472846984863281,-2.499928266351873,-0.0,1,24.0,0.0,0.0,2.8855350017547607,12_13_13_1C_Cycle.xlsx,0.00090175867,0.00018026167288213377
A123_094,25C,60,2.5377116203308105,0.0,2.4895496368408203,-2.476501232007717,-0.0,1,24.0,0.0,0.0,2.8855350017547607,3_4_14_1C_Cycle.xlsx,0.00044497848,0.05972346930765279
A123_094,25C,60,4.05684232711792,1.0,4.067220687866211,2.327617794776163,0.0,1,24.0,0.0,0.0,2.8855350017547607,11_6_13_1C_Cycle.xlsx,0.00013786554,0.0006385212367298869
A123_094,25C,90,4.047275066375732,1.0,4.067058563232422,2.315794729898053,0.0,1,24.0,0.0,0.0,2.8855350017547607,8_29_13_1C_Cycle.xlsx,0.00042036176,0.00019457285579222428
A123_094,25C,60,2.5249009132385254,0.0,2.478360414505005,-2.4997459864005065,-0.0,1,24.0,0.0,0.0,2.8855350017547607,8_1_13_1C_Cycle.xlsx,0.0006419271,0.00018026167288213377
A123_094,25C,60,4.057491302490234,1.0,4.067707061767578,2.324317196750233,0.0,1,24.0,0.0,0.0,2.8855350017547607,1_23_14_1C_Cycle.xlsx,0.0004312694,0.000593932684563929
A123_094,25C,60,2.524090051651001,0.0,2.474630832672119,-2.478184532561813,-0.0,1,24.0,0.0,0.0,2.8855350017547607,8_29_13_1C_Cycle.xlsx,0.00012046099,0.0002814760463804901
A123_094,25C,30,4.0680317878723145,1.0,4.0680317878723145,2.326761500362088,0.0,1,24.0,0.0,0.0,2.8855350017547607,12_4_13_1C_Cycle.xlsx,0.00025065243,0.00030151647762981823
A123_094,25C,30,2.393874168395996,0.0,2.393874168395996,-2.49970318404111,-0.0,1,24.0,0.0,0.0,2.8855350017547607,12_13_13_1C_Cycle.xlsx,0.00026914477,0.0002782400671567091
A123_094,25C,150,4.039653301239014,1.0,4.0701398849487305,2.3441620638941303,0.0,1,24.0,0.0,0.0,2.8855350017547607,11_18_13_1C_Cycle.xlsx,6.914139e-05,0.0006458971377122074
A123_094,25C,60,4.058626174926758,1.0,4.068680286407471,2.344864808906943,0.0,1,24.0,0.0,0.0,2.8855350017547607,11_18_13_1C_Cycle.xlsx,0.0,0.0007545979847725714
A123_094,25C,30,2.3796041011810303,0.0,2.3796041011810303,-2.499907926120589,-0.0,1,24.0,0.0,0.0,2.8855350017547607,10_07_13_1C_Cycle.xlsx,0.00027112663,0.00031597758152679054
A123_094,25C,30,4.066896438598633,1.0,4.066896438598633,2.316137142299164,0.0,1,24.0,0.0,0.0,2.8855350017547607,8_29_13_1C_Cycle.xlsx,0.00059613585,0.0004978347607391142
A123_094,25C,30,4.066247940063477,1.0,4.066247940063477,2.3137047100262564,0.0,1,24.0,0.0,0.0,2.8855350017547607,10_07_13_1C_Cycle.xlsx,0.00067973137,2.3591747551615697e-05
A123_094,25C,90,2.538522481918335,0.0,2.401658058166504,-2.499682887692318,-0.0,1,24.0,0.0,0.0,2.8855350017547607,3_4_14_1C_Cycle.xlsx,0.0007278919,0.0015600254932655617
A123_094,25C,150,4.029599189758301,1.0,4.066085815429688,2.252560145601078,0.0,1,24.0,0.0,0.0,2.8855350017547607,7_3_13_1C_Cycle.xlsx,0.0052329004,0.07173182271896679
A123_094,25C,60,4.056680202484131,1.0,4.067058563232422,2.332451699576417,0.0,1,24.0,0.0,0.0,2.8855350017547607,9_16_13_1C_Cycle.xlsx,0.0,0.0005020749074371154
A123_094,25C,60,2.543225049972534,0.0,2.4955496788024902,-2.476524658840693,-0.0,1,24.0,0.0,0.0,2.8855350017547607,2_4_14_1C_Cycle.xlsx,0.00059759617,0.06477593535617233
A123_094,25C,120,2.5649547576904297,0.0,2.3742525577545166,-2.499906908382069,-0.0,1,24.0,0.0,0.0,2.8855350017547607,12_13_13_1C_Cycle.xlsx,0.0,-3.908992505288762e-05
A123_094,25C,30,2.3857662677764893,0.0,2.3857662677764893,-2.4998647449290856,-0.0,1,24.0,0.0,0.0,2.8855350017547607,10_07_13_1C_Cycle.xlsx,0.00026845932,0.00031597758152679054
A123_094,25C,30,4.0673828125,1.0,4.0673828125,2.320589085182418,0.0,1,24.0,0.0,0.0,2.8855350017547607,2_4_14_1C_Cycle.xlsx,0.00042936206,0.0005720411300737934
A123_094,25C,60,4.056518077850342,1.0,4.067058563232422,2.32801557563934,0.0,1,24.0,0.0,0.0,2.8855350017547607,11_6_13_1C_Cycle.xlsx,5.032122e-05,0.0005703938958592532
A123_094,25C,30,2.4712252616882324,0.0,2.4712252616882324,-2.478187648446002,-0.0,1,24.0,0.0,0.0,2.8855350017547607,8_29_13_1C_Cycle.xlsx,0.0002001822,0.00029601475214002197
A123_094,25C,60,4.057004451751709,1.0,4.0673828125,2.3318933837237905,0.0,1,24.0,0.0,0.0,2.8855350017547607,9_16_13_1C_Cycle.xlsx,0.0,0.0022705366450642057
A123_094,25C,120,2.5641441345214844,0.0,2.37830662727356,-2.4997130459005183,-0.0,1,24.0,0.0,0.0,2.8855350017547607,12_13_13_1C_Cycle.xlsx,0.0,-3.08571549557865e-05
A123_094,25C,30,4.066734313964844,1.0,4.066734313964844,2.315404173347258,0.0,1,24.0,0.0,0.0,2.8855350017547607,8_29_13_1C_Cycle.xlsx,0.0006223768,0.00022811992354537775
A123_094,25C,60,4.056355953216553,1.0,4.066734313964844,2.3130368242864727,0.0,1,24.0,0.0,0.0,2.8855350017547607,10_07_13_1C_Cycle.xlsx,0.0011166632,5.651600458995285e-05
A123_094,25C,30,4.0673828125,1.0,4.0673828125,2.318911003155841,0.0,1,24.0,0.0,0.0,2.8855350017547607,8_1_13_1C_Cycle.xlsx,0.0004968345,0.0005720411300737934
A123_094,25C,30,4.072085857391357,1.0,4.072085857391357,0.7184047251939774,0.0,1,24.0,0.0,1.0,3.553644180297852,7_11_13_1C_Cycle.xlsx,1.0,0.8497145240018633
A123_094,25C,120,2.5733871459960938,0.0,2.3881986141204834,-2.4998827295483284,-0.0,1,24.0,0.0,0.0,2.8855350017547607,3_4_14_1C_Cycle.xlsx,0.00036415458,-0.00016142922816073468
A123_094,25C,30,2.4863064289093018,0.0,2.4863064289093018,-2.499826451328313,-0.0,1,24.0,0.0,0.0,2.8855350017547607,2_4_14_1C_Cycle.xlsx,0.0009178817,0.0005550319331119449
A123_094,25C,150,4.033977508544922,1.0,4.0673828125,2.321284148428175,0.0,1,24.0,0.0,0.0217086577939232,2.8971232761086787,7_17_13_1C_Cycle.xlsx,8.7469816e-05,3.2176248695271e-05
A123_094,25C,60,4.056680202484131,1.0,4.067058563232422,2.332315459297817,0.0,1,24.0,0.0,0.0,2.8855350017547607,9_16_13_1C_Cycle.xlsx,0.0,0.000645779766063065
A123_094,25C,60,4.058788299560547,1.0,4.06884241104126,2.3446504387183715,0.0,1,24.0,0.0,0.0,2.8855350017547607,11_18_13_1C_Cycle.xlsx,0.0,0.0006785179792141904
A123_094,25C,60,4.066410064697266,1.0,4.073058605194092,0.9042866503198942,0.0,1,24.0,0.0,1.0,3.553644180297852,7_5_13_1C_Cycle.xlsx,0.9936348,0.975685403042522
A123_094,25C,60,2.469765901565552,0.0,2.3742525577545166,-2.4998599470189187,-0.0,1,24.0,0.0,0.0,2.8855350017547607,9_25_13_1C_Cycle.xlsx,0.00021210313,0.0002663776533964107
A123_094,25C,30,4.067707061767578,1.0,4.067707061767578,2.319285396159741,0.0,1,24.0,0.0,0.0,2.8855350017547607,3_4_14_1C_Cycle.xlsx,0.00049610436,0.0010774430167754452
A123_094,25C,30,4.0673828125,1.0,4.0673828125,2.324564272840308,0.0,1,24.0,0.0,0.0,2.8855350017547607,1_23_14_1C_Cycle.xlsx,0.00029285252,0.000516858565080644
A123_094,25C,30,4.066410064697266,1.0,4.066410064697266,2.3078461519276448,0.0,1,24.0,0.0,0.0,2.8855350017547607,7_15_13_1C_Cycle.xlsx,0.0010228157,6.596900106799763e-06
A123_094,25C,90,4.054085731506348,1.0,4.070464134216309,2.341550955058713,0.0,1,24.0,0.0,0.0,2.8855350017547607,2_4_14_1C_Cycle.xlsx,0.00047448277,0.0009451650730149814
A123_094,25C,120,2.5545763969421387,0.0,2.3907930850982666,-2.4996596287036765,-0.0,1,24.0,0.0,0.0,2.8855350017547607,8_12_13_1C_Cycle.xlsx,0.0001861006,8.964915667749628e-05
A123_094,25C,60,4.05684232711792,1.0,4.0673828125,2.317269221961498,0.0,1,24.0,0.0,0.0,2.8855350017547607,8_12_13_1C_Cycle.xlsx,0.00074771047,0.000442667231232414
A123_094,25C,30,2.3737661838531494,0.0,2.3737661838531494,-2.4997661500363737,-0.0,1,24.0,0.0,0.0,2.8855350017547607,11_6_13_1C_Cycle.xlsx,0.0002720803,0.00031597758152679054
A123_094,25C,60,4.056031703948975,1.0,4.067220687866211,2.2947096566133425,0.0,1,24.0,0.0,0.0,2.8855350017547607,7_5_13_1C_Cycle.xlsx,0.002463311,0.011026730203401855
A123_094,25C,30,4.0680317878723145,1.0,4.0680317878723145,2.339815534520568,0.0,1,24.0,0.0,0.0,2.8855350017547607,3_4_14_1C_Cycle.xlsx,6.714463e-05,0.0005391313299481793
A123_094,25C,30,2.482252359390259,0.0,2.482252359390259,-2.477153660013044,-0.0,1,24.0,0.0,0.0,2.8855350017547607,1_23_14_1C_Cycle.xlsx,0.0003245324,0.00029601475214002197
A123_094,25C,60,2.4770631790161133,0.0,2.387712001800537,-2.499747083898176,-0.0,1,24.0,0.0,0.0,2.8855350017547607,9_16_13_1C_Cycle.xlsx,0.0002593994,0.0002663776533964107
A123_094,25C,120,4.040139675140381,1.0,4.067058563232422,2.3309944263420816,0.0,1,24.0,0.0,0.0,2.8855350017547607,9_25_13_1C_Cycle.xlsx,0.0,0.00046355292582102504
A123_094,25C,120,4.044680118560791,1.0,4.068680286407471,2.33955404711397,0.0,1,24.0,0.0,0.0,2.8855350017547607,2_20_14_1C_Cycle.xlsx,0.00026842952,6.800559029103179e-05
A123_094,25C,60,2.472684860229492,0.0,2.37522554397583,-2.499926623431119,-0.0,1,24.0,0.0,0.0,2.8855350017547607,12_13_13_1C_Cycle.xlsx,0.00031648576,0.0002663776533964107
A123_094,25C,120,4.039004802703857,1.0,4.066572189331055,2.3132115404014706,0.0,1,24.0,0.0,0.0,2.8855350017547607,9_25_13_1C_Cycle.xlsx,0.0002744496,-3.299084074791079e-05
A123_094,25C,60,2.4712252616882324,0.0,2.380577087402344,-2.4997484231817317,-0.0,1,24.0,0.0,0.0,2.8855350017547607,8_12_13_1C_Cycle.xlsx,0.00014975667,0.0002663776533964107
A123_094,25C,30,2.3943607807159424,0.0,2.3943607807159424,-2.4997367589370065,-0.0,1,24.0,0.0,0.0,2.8855350017547607,8_29_13_1C_Cycle.xlsx,0.0002708733,0.0003242103516238914
A123_094,25C,30,2.478522539138794,0.0,2.478522539138794,-2.4773041783771186,-0.0,1,24.0,0.0,0.0,2.8855350017547607,12_4_13_1C_Cycle.xlsx,0.000275895,0.00029601475214002197
A123_094,25C,90,4.047275066375732,1.0,4.066896438598633,2.327854639717511,0.0,1,24.0,0.0,0.0,2.8855350017547607,11_6_13_1C_Cycle.xlsx,0.0,0.0005129552145191401
A123_094,25C,30,2.453711986541748,0.0,2.453711986541748,-2.479179186378148,-0.0,1,24.0,0.0,0.0,2.8855350017547607,7_8_13_1C_Cycle.xlsx,2.1457672e-05,0.00029601475214002197
A123_094,25C,90,2.52571177482605,0.0,2.449820041656494,-2.479319119896944,-0.0,1,24.0,0.0,0.0,2.8855350017547607,7_5_13_1C_Cycle.xlsx,6.6161156e-06,-6.788671989928655e-05
A123_094,25C,90,2.518252372741699,0.0,2.3878743648529053,-2.499709345713383,-0.0,1,24.0,0.0,0.0,2.8855350017547607,7_15_13_1C_Cycle.xlsx,0.00013300776,0.0003675420130670811
A123_094,25C,90,2.5524682998657227,0.0,2.3964688777923584,-2.499801761453802,-0.0,1,24.0,0.0,0.0838225330841476,2.9302802144547084,11_6_13_1C_Cycle.xlsx,0.0009585321,0.0008295909672482761
A123_094,25C,30,4.067058563232422,1.0,4.067058563232422,2.3104283680556383,0.0,1,24.0,0.0,0.0,2.8855350017547607,7_8_13_1C_Cycle.xlsx,0.00090776384,0.001969339038927409
A123_094,25C,60,2.476576805114746,0.0,2.380090475082397,-2.4998662121799016,-0.0,1,24.0,0.0,0.0,2.8855350017547607,1_23_14_1C_Cycle.xlsx,0.0003875792,0.0002663776533964107
A123_094,25C,30,4.069004535675049,1.0,4.069004535675049,2.343544162491448,0.0,1,24.0,0.0,0.0,2.8855350017547607,12_13_13_1C_Cycle.xlsx,7.276237e-05,0.001999403202497796
A123_094,25C,30,4.066896438598633,1.0,4.066896438598633,2.327804487605556,0.0,1,24.0,0.0,0.0,2.8855350017547607,11_6_13_1C_Cycle.xlsx,0.00019280612,0.001363206345052489
A123_094,25C,120,4.044355869293213,1.0,4.069166660308838,2.3435148252253857,0.0,1,24.0,0.0,0.0,2.8855350017547607,12_13_13_1C_Cycle.xlsx,0.0,0.003995122292851218
A123_094,25C,90,4.047112941741943,1.0,4.067220687866211,2.3158442814263607,0.0,1,24.0,0.0,0.0,2.8855350017547607,8_29_13_1C_Cycle.xlsx,0.0002823919,0.0002673748155011561
A123_094,25C,120,4.044517993927002,1.0,4.069166660308838,2.344445312553543,0.0,1,24.0,0.0,0.0,2.8855350017547607,11_18_13_1C_Cycle.xlsx,0.0,-0.0003804672777359341
A123_094,25C,30,2.399387836456299,0.0,2.399387836456299,-2.499657066018732,-0.0,1,24.0,0.0,0.0,2.8855350017547607,12_4_13_1C_Cycle.xlsx,0.00027661026,0.000541855500091499
A123_094,25C,60,4.056355953216553,1.0,4.066896438598633,2.3198229810075155,0.0,1,24.0,0.0,0.0,2.8855350017547607,8_1_13_1C_Cycle.xlsx,0.0005275756,0.00027686507968000424
A123_094,25C,60,2.5255496501922607,0.0,2.4794955253601074,-2.478627890911766,-0.0,1,24.0,0.0,0.0,2.8855350017547607,8_1_13_1C_Cycle.xlsx,0.00012174249,0.0002814760463804901
A123_094,25C,30,4.067544937133789,1.0,4.067544937133789,2.322444534431333,0.0,1,24.0,0.0,0.0,2.8855350017547607,2_4_14_1C_Cycle.xlsx,0.00036785007,0.0010774430167754452
A123_094,25C,30,4.066410064697266,1.0,4.066410064697266,2.3112801902673463,0.0,1,24.0,0.0,0.0,2.8855350017547607,10_16_13_1C_Cycle.xlsx,0.00081804395,2.3591747551615697e-05
A123_094,25C,120,2.572089910507202,0.0,2.4138200283050537,-2.499722688286393,-0.0,1,24.0,0.0,0.0,2.8855350017547607,2_4_14_1C_Cycle.xlsx,0.0010800064,0.0010239912993517245
A123_094,25C,90,4.0474371910095215,1.0,4.066896438598633,2.3276997659386707,0.0,1,24.0,0.0,0.0,2.8855350017547607,11_6_13_1C_Cycle.xlsx,0.0,0.0005129552145191401
A123_094,25C,120,2.5539278984069824,0.0,2.3857662677764893,-2.4997437493554475,-0.0,1,24.0,0.0,0.0378831651160196,2.9057573717845697,8_12_13_1C_Cycle.xlsx,4.261732e-05,8.964915667749628e-05
A123_094,25C,60,2.4799821376800537,0.0,2.3963067531585693,-2.499674970268184,-0.0,1,24.0,0.0,0.0,2.8855350017547607,8_1_13_1C_Cycle.xlsx,0.00021143258,0.0006933990164501038
A123_094,25C,120,4.04176139831543,1.0,4.067869663238525,2.3243727892255173,0.0,1,24.0,0.0,0.0,2.8855350017547607,1_23_14_1C_Cycle.xlsx,0.00027811527,-7.955005054725217e-05
A123_094,25C,90,4.047112941741943,1.0,4.066734313964844,2.31298646251442,0.0,1,24.0,0.0,0.0,2.8855350017547607,10_07_13_1C_Cycle.xlsx,0.0006803274,-4.502574322328785e-05
A123_094,25C,30,2.4840362071990967,0.0,2.4840362071990967,-2.4997787893864145,-0.0,1,24.0,0.0,0.0,2.8855350017547607,9_16_13_1C_Cycle.xlsx,0.00088858604,0.00024077066310884823
A123_094,25C,120,2.561711549758911,0.0,2.3716580867767334,-2.4995650436197008,-0.0,1,24.0,0.0,0.0,2.8855350017547607,10_16_13_1C_Cycle.xlsx,0.0,-3.08571549557865e-05
A123_094,25C,90,4.04905891418457,1.0,4.067869663238525,2.338432182516672,0.0,1,24.0,0.0,0.0,2.8855350017547607,3_4_14_1C_Cycle.xlsx,0.0,-0.0001181346138127866
A123_094,25C,60,4.0557074546813965,1.0,4.066572189331055,2.314830913473436,0.0,1,24.0,0.0,0.0,2.8855350017547607,9_16_13_1C_Cycle.xlsx,0.0007029325,-6.35974118832797e-05
A123_094,25C,60,2.484846830368042,0.0,2.3925769329071045,-2.499841652183889,-0.0,1,24.0,0.0,0.0,2.8855350017547607,3_4_14_1C_Cycle.xlsx,0.0005033016,0.0002663776533964107
A123_094,25C,30,4.06884241104126,1.0,4.06884241104126,2.3447392739481847,0.0,1,24.0,0.0,0.0,2.8855350017547607,11_18_13_1C_Cycle.xlsx,7.978082e-05,0.0006904199289377498
A123_094,25C,30,4.067869663238525,1.0,4.067869663238525,2.3396919071020785,0.0,1,24.0,0.0,0.0,2.8855350017547607,3_4_14_1C_Cycle.xlsx,6.681681e-05,0.0005391313299481793
A123_094,25C,150,4.038193702697754,1.0,4.069004535675049,2.3445463556859454,0.0,1,24.0,0.0,0.0,2.8855350017547607,11_18_13_1C_Cycle.xlsx,0.0,-6.917778092114987e-05
A123_094,25C,60,2.5270090103149414,0.0,2.472522735595703,-2.4776724028984183,-0.0,1,24.0,0.0,0.0,2.8855350017547607,10_16_13_1C_Cycle.xlsx,0.0002809763,0.0002814760463804901
A123_094,25C,120,2.574035882949829,0.0,2.389009475708008,-2.4997808487615854,-0.0,1,24.0,0.0,0.0,2.8855350017547607,2_4_14_1C_Cycle.xlsx,0.00039985776,-0.002762000633696358
A123_094,25C,120,2.565603494644165,0.0,2.397279739379883,-2.499856264219372,-0.0,1,24.0,0.0,0.0,2.8855350017547607,1_23_14_1C_Cycle.xlsx,0.000545159,0.00021495709271129117
A123_094,25C,90,4.048247814178467,1.0,4.0673828125,2.3246213742810435,0.0,1,24.0,0.0,0.0,2.8855350017547607,1_23_14_1C_Cycle.xlsx,0.00015255809,0.00027137605547248634
A123_094,25C,30,4.066734313964844,1.0,4.066734313964844,2.314606179611954,0.0,1,24.0,0.0,0.0,2.8855350017547607,8_29_13_1C_Cycle.xlsx,0.00066128373,0.00022811992354537775
A123_094,25C,90,4.051329135894775,1.0,4.068680286407471,2.33955404711397,0.0,1,24.0,0.0,0.0,2.8855350017547607,2_20_14_1C_Cycle.xlsx,6.124377e-05,0.0003596220462764771
A123_094,25C,150,4.033329010009766,1.0,4.066734313964844,2.3266168900970685,0.0,1,24.0,0.0,0.0,2.8855350017547607,11_6_13_1C_Cycle.xlsx,0.0,-1.5465087818116574e-06
A123_094,25C,60,2.53025221824646,0.0,2.4791712760925293,-2.4997840593527028,-0.0,1,24.0,0.0,0.0,2.8855350017547607,11_18_13_1C_Cycle.xlsx,0.0008306056,0.00018026167288213377
A123_094,25C,60,2.527819871902466,0.0,2.473982095718384,-2.477816306876711,-0.0,1,24.0,0.0,0.0,2.8855350017547607,10_16_13_1C_Cycle.xlsx,0.00029456615,0.0002814760463804901
A123_094,25C,150,4.031707286834717,1.0,4.066085815429688,2.3136587713341243,0.0,1,24.0,0.0,0.0,2.8855350017547607,9_25_13_1C_Cycle.xlsx,6.8962574e-05,-0.00070786206533202
A123_094,25C,90,4.0516533851623535,1.0,4.069004535675049,2.3401080730816592,0.0,1,24.0,0.0,0.0,2.8855350017547607,2_4_14_1C_Cycle.xlsx,4.9725175e-05,0.0006356287696035958
A123_094,25C,90,2.525873899459839,0.0,2.399549961090088,-2.499676215446601,-0.0,1,24.0,0.0,0.0,2.8855350017547607,7_24_13_1C_Cycle.xlsx,0.0003861785,0.0004607529857466502
A123_094,25C,150,4.03576135635376,1.0,4.067869663238525,2.325806938048641,0.0,1,24.0,0.0,0.0,2.8855350017547607,12_13_13_1C_Cycle.xlsx,0.00038677454,-0.00023834840374870481
A123_094,25C,60,2.5621981620788574,0.0,2.5167927742004395,-2.4762933889924,-0.0,1,24.0,0.0,0.0,2.8855350017547607,2_20_14_1C_Cycle.xlsx,0.0011231601,0.1297562056573637
A123_094,25C,30,4.069004535675049,1.0,4.069004535675049,2.343531804207044,0.0,1,24.0,0.0,0.0,2.8855350017547607,12_13_13_1C_Cycle.xlsx,7.2687864e-05,0.001999403202497796
A123_094,25C,90,2.525873899459839,0.0,2.3969552516937256,-2.4996562994132607,-0.0,1,24.0,0.0,0.0,2.8855350017547607,7_19_13_1C_Cycle.xlsx,0.00037425756,0.0004607529857466502
A123_094,25C,30,2.478684902191162,0.0,2.478684902191162,-2.4786192403789298,-0.0,1,24.0,0.0,0.0,2.8855350017547607,7_24_13_1C_Cycle.xlsx,0.00030884147,0.00029601475214002197
A123_094,25C,120,2.5602521896362305,0.0,2.384793281555176,-2.499863145625697,-0.0,1,24.0,0.0,0.0,2.8855350017547607,10_07_13_1C_Cycle.xlsx,0.00010177493,-3.908992505288762e-05
A123_094,25C,60,2.503819942474365,0.0,2.4211173057556152,-2.499787604697397,-0.0,1,24.0,0.0,0.0,2.8855350017547607,2_20_14_1C_Cycle.xlsx,0.00077590346,0.0020995722240718722
A123_094,25C,60,4.0558695793151855,1.0,4.066734313964844,2.331001882772308,0.0,1,24.0,0.0,0.0,2.8855350017547607,9_25_13_1C_Cycle.xlsx,0.0,0.0003351984290958893
A123_094,25C,150,4.033004760742188,1.0,4.066734313964844,2.3131108662632647,0.0,1,24.0,0.0,0.0,2.8855350017547607,9_25_13_1C_Cycle.xlsx,0.0004271567,-2.9311470128476755e-05
A123_094,25C,150,4.035437107086182,1.0,4.067869663238525,2.331252140344166,0.0,1,24.0,0.0,0.0,2.8855350017547607,9_16_13_1C_Cycle.xlsx,0.0,1.654195109045594e-05
A123_094,25C,30,4.066572189331055,1.0,4.066572189331055,2.316055495892801,0.0,1,24.0,0.0,0.0,2.8855350017547607,8_29_13_1C_Cycle.xlsx,0.00058341026,2.3591747551615697e-05
A123_094,25C,30,2.476901054382324,0.0,2.476901054382324,-2.499710804707296,-0.0,1,24.0,0.0,0.0,2.8855350017547607,12_4_13_1C_Cycle.xlsx,0.0008023977,0.00019480037864166557
A123_094,25C,90,4.051167011260986,1.0,4.068680286407471,2.3394827323786,0.0,1,24.0,0.0,0.0,2.8855350017547607,2_20_14_1C_Cycle.xlsx,4.261732e-06,0.0003596220462764771
A123_094,25C,30,4.066896438598633,1.0,4.066896438598633,2.331306527838234,0.0,1,24.0,0.0,0.0,2.8855350017547607,10_07_13_1C_Cycle.xlsx,0.00012601912,0.001256402888150904
A123_094,25C,60,2.47754979133606,0.0,2.3924148082733154,-2.4994992058852623,-0.0,1,24.0,0.0,0.0,2.8855350017547607,8_12_13_1C_Cycle.xlsx,0.00017955899,0.00027461042349351164
A123_094,25C,150,4.03251838684082,1.0,4.066410064697266,2.3117909091563265,0.0,1,24.0,0.0,0.0,2.8855350017547607,10_16_13_1C_Cycle.xlsx,0.00041866302,-5.634955075275213e-05
A123_094,25C,30,2.3901445865631104,0.0,2.3901445865631104,-2.4996952454249066,-0.0,1,24.0,0.0,0.0,2.8855350017547607,7_11_13_1C_Cycle.xlsx,0.00026507676,0.0002782400671567091
A123_094,25C,60,2.4770631790161133,0.0,2.380901336669922,-2.499857922212793,-0.0,1,24.0,0.0,0.0,2.8855350017547607,1_23_14_1C_Cycle.xlsx,0.0003927648,0.0002663776533964107
A123_094,25C,90,4.039815425872803,1.0,4.066734313964844,2.315449341650932,0.0,1,24.0,0.0,0.0,2.8855350017547607,8_29_13_1C_Cycle.xlsx,0.0,-1.5801127422272285e-05
A123_094,25C,30,2.3760364055633545,0.0,2.3760364055633545,-2.499753764697484,-0.0,1,24.0,0.0,0.0,2.8855350017547607,10_16_13_1C_Cycle.xlsx,0.00026892126,0.00031597758152679054
A123_094,25C,90,4.047112941741943,1.0,4.066572189331055,2.3129835014582656,0.0,1,24.0,0.0,0.0,2.8855350017547607,10_07_13_1C_Cycle.xlsx,0.0007519573,-0.00015434330002953465
A123_094,25C,90,4.046626091003418,1.0,4.066572189331055,2.3117924030285235,0.0,1,24.0,0.0,0.0,2.8855350017547607,10_16_13_1C_Cycle.xlsx,0.00059214234,-0.0001251186842285192
A123_094,25C,120,2.5583062171936035,0.0,2.397928237915039,-2.499613111083572,-0.0,1,24.0,0.0,0.0,2.8855350017547607,12_4_13_1C_Cycle.xlsx,0.00042882562,0.00021495709271129117
A123_094,25C,60,4.0578155517578125,1.0,4.067869663238525,2.323365891463736,0.0,1,24.0,0.0,0.0,2.8855350017547607,1_23_14_1C_Cycle.xlsx,0.0005799234,0.00030319118956292766
A123_094,25C,90,4.047275066375732,1.0,4.066896438598633,2.3194472860131,0.0,1,24.0,0.0,0.0,2.8855350017547607,8_1_13_1C_Cycle.xlsx,0.00023823977,0.00021942639833989088
A123_094,25C,120,4.039329051971436,1.0,4.066410064697266,2.3130086397782703,0.0,1,24.0,0.0,0.0,2.8855350017547607,10_07_13_1C_Cycle.xlsx,0.0005028695,-7.377479999630638e-05
A123_094,25C,30,2.4757659435272217,0.0,2.4757659435272217,-2.477329396208266,-0.0,1,24.0,0.0,0.0,2.8855350017547607,12_4_13_1C_Cycle.xlsx,0.00023907423,0.00029601475214002197
A123_094,25C,60,4.0558695793151855,1.0,4.066572189331055,2.3129138799964406,0.0,1,24.0,0.0,0.0,2.8855350017547607,10_07_13_1C_Cycle.xlsx,0.00093357265,-6.35974118832797e-05
A123_094,25C,30,2.3740904331207275,0.0,2.3740904331207275,-2.5001909605094363,-0.0,1,24.0,0.0,0.0,2.8855350017547607,10_16_13_1C_Cycle.xlsx,0.00028592348,0.00031597758152679054
A123_094,25C,30,4.0680317878723145,1.0,4.0680317878723145,2.339618984217706,0.0,1,24.0,0.0,0.0,2.8855350017547607,2_20_14_1C_Cycle.xlsx,6.7427754e-05,0.0005391313299481793
A123_094,25C,60,4.058626174926758,1.0,4.068680286407471,2.3450730398171027,0.0,1,24.0,0.0,0.0,2.8855350017547607,11_18_13_1C_Cycle.xlsx,0.0,-9.894980398796525e-05
A123_094,25C,30,4.069166660308838,1.0,4.069166660308838,2.344572369703802,0.0,1,24.0,0.0,0.0,2.8855350017547607,11_18_13_1C_Cycle.xlsx,7.7188015e-05,0.0005912011770079602
A123_094,25C,120,4.040139675140381,1.0,4.0673828125,2.3176247905492784,0.0,1,24.0,0.0,0.0,2.8855350017547607,8_12_13_1C_Cycle.xlsx,0.00018757582,0.000260440390990374
A123_094,25C,120,2.5587925910949707,0.0,2.401982307434082,-2.499701750378649,-0.0,1,24.0,0.0,0.0,2.8855350017547607,7_17_13_1C_Cycle.xlsx,0.00053203106,0.0012723705449030123
A123_094,25C,60,4.055220603942871,1.0,4.066247940063477,2.3085282342147457,0.0,1,24.0,0.0,0.0,2.8855350017547607,7_15_13_1C_Cycle.xlsx,0.0010871887,-0.0006048199350479713
A123_094,25C,60,2.476576805114746,0.0,2.383333683013916,-2.499883936569754,-0.0,1,24.0,0.0,0.0,2.8855350017547607,9_25_13_1C_Cycle.xlsx,0.0003273189,0.0002663776533964107
A123_094,25C,60,2.486468553543091,0.0,2.39176607131958,-2.4997774707936795,-0.0,1,24.0,0.0,0.0,2.8855350017547607,2_4_14_1C_Cycle.xlsx,0.00058722496,0.0002663776533964107
A123_094,25C,30,2.4008471965789795,0.0,2.4008471965789795,-2.499698088547894,-0.0,1,24.0,0.0,0.0,2.8855350017547607,3_4_14_1C_Cycle.xlsx,0.0002809167,0.002046575904462277
A123_094,25C,120,4.039815425872803,1.0,4.067220687866211,2.3158282441717963,0.0,1,24.0,0.0,0.0,2.8855350017547607,8_29_13_1C_Cycle.xlsx,0.00022117794,0.0001866897230723564
A123_094,25C,60,4.059274673461914,1.0,4.068680286407471,2.3402180277782936,0.0,1,24.0,0.0,0.0,2.8855350017547607,2_4_14_1C_Cycle.xlsx,0.0,0.0007809410821260966
A123_094,25C,60,2.5252251625061035,0.0,2.478684902191162,-2.499705822039873,-0.0,1,24.0,0.0,0.0,2.8855350017547607,8_1_13_1C_Cycle.xlsx,0.00064875185,0.00018026167288213377
A123_094,25C,60,2.4773874282836914,0.0,2.3865768909454346,-2.4997559922986325,-0.0,1,24.0,0.0,0.0,2.8855350017547607,10_07_13_1C_Cycle.xlsx,0.00029593706,0.0002663776533964107
A123_094,25C,120,4.039977550506592,1.0,4.067058563232422,2.327705838975786,0.0,1,24.0,0.0,0.0,2.8855350017547607,11_6_13_1C_Cycle.xlsx,0.0,0.00038816705561721377
A123_094,25C,150,4.038193702697754,1.0,4.06884241104126,2.343459189001821,0.0,1,24.0,0.0,0.0,2.8855350017547607,12_4_13_1C_Cycle.xlsx,0.0,0.004306411789666003
A123_094,25C,120,4.040463924407959,1.0,4.067220687866211,2.332269552850821,0.0,1,24.0,0.0,0.0,2.8855350017547607,9_16_13_1C_Cycle.xlsx,0.0,0.0004712379001494653
A123_094,25C,120,4.044031620025635,1.0,4.069004535675049,2.3446382182508203,0.0,1,24.0,0.0,0.0,2.8855350017547607,11_18_13_1C_Cycle.xlsx,0.0,-0.00010825948275200408
A123_094,25C,90,4.048085689544678,1.0,4.067058563232422,2.3211562641288923,0.0,1,24.0,0.0,0.0,2.8855350017547607,2_4_14_1C_Cycle.xlsx,0.0004259944,0.00023022225800687656
A123_094,25C,30,4.068356037139893,1.0,4.068356037139893,2.3396760846831297,0.0,1,24.0,0.0,0.0,2.8855350017547607,2_20_14_1C_Cycle.xlsx,6.853044e-05,0.0018478833755599768
A123_094,25C,150,4.033166885375977,1.0,4.067058563232422,2.317785212516785,0.0,1,24.0,0.0,0.0,2.8855350017547607,8_12_13_1C_Cycle.xlsx,8.061528e-05,-6.416011376348814e-05
A123_094,25C,120,2.5579819679260254,0.0,2.376198530197144,-2.499879138659587,-0.0,1,24.0,0.0,0.0,2.8855350017547607,9_25_13_1C_Cycle.xlsx,0.0,-3.908992505288762e-05
A123_094,25C,30,2.399874210357666,0.0,2.399874210357666,-2.499760445901903,-0.0,1,24.0,0.0,0.0,2.8855350017547607,7_24_13_1C_Cycle.xlsx,0.0002808571,0.0005878257845586813
A123_094,25C,30,4.06884241104126,1.0,4.06884241104126,2.340089200113131,0.0,1,24.0,0.0,0.0,2.8855350017547607,2_4_14_1C_Cycle.xlsx,6.9603324e-05,0.0007774414737087954
A123_094,25C,30,4.066896438598633,1.0,4.066896438598633,2.3280201248761987,0.0,1,24.0,0.0,0.0,2.8855350017547607,11_6_13_1C_Cycle.xlsx,0.00018799305,0.001363206345052489
A123_094,25C,30,2.3907930850982666,0.0,2.3907930850982666,-2.4996596287036765,-0.0,1,24.0,0.0,0.0,2.8855350017547607,8_12_13_1C_Cycle.xlsx,0.0002644807,0.0002782400671567091
A123_094,25C,30,2.397603988647461,0.0,2.397603988647461,-2.4998614767850458,-0.0,1,24.0,0.0,0.0,2.8855350017547607,7_19_13_1C_Cycle.xlsx,0.0002798438,0.0005878257845586813
A123_094,25C,60,4.057328701019287,1.0,4.067544937133789,2.3242275735251923,0.0,1,24.0,0.0,0.0,2.8855350017547607,12_13_13_1C_Cycle.xlsx,0.00042551756,0.000593932684563929
A123_094,25C,30,4.027977466583252,1.0,4.027977466583252,2.444635950261727,0.0,1,24.0,0.0,0.0,2.8855350017547607,7_24_13_1C_Cycle.xlsx,0.016677797,0.008438978150247588
A123_094,25C,30,4.0680317878723145,1.0,4.0680317878723145,2.3397727566852904,0.0,1,24.0,0.0,0.0,2.8855350017547607,2_20_14_1C_Cycle.xlsx,6.720424e-05,0.0005391313299481793
A123_094,25C,90,4.04630184173584,1.0,4.066410064697266,2.3169326665661027,0.0,1,24.0,0.0,0.0,2.8855350017547607,8_29_13_1C_Cycle.xlsx,0.00015847385,-0.0001251186842285192
A123_094,25C,60,2.4840362071990967,0.0,2.3948471546173096,-2.4998844501075395,-0.0,1,24.0,0.0,0.0,2.8855350017547607,1_23_14_1C_Cycle.xlsx,0.00042444468,0.0002663776533964107
A123_094,25C,60,4.057328701019287,1.0,4.067544937133789,2.3317156790099185,0.0,1,24.0,0.0,0.0,2.8855350017547607,9_16_13_1C_Cycle.xlsx,5.364418e-07,0.0015691998547219877
A123_094,25C,150,4.032193660736084,1.0,4.066085815429688,2.3116340575631984,0.0,1,24.0,0.0,0.0,2.8855350017547607,10_16_13_1C_Cycle.xlsx,0.00040486455,-0.00070786206533202
A123_094,25C,150,4.039004802703857,1.0,4.069490909576416,2.336860686008419,0.0,1,24.0,0.0,0.0,2.8855350017547607,7_24_13_1C_Cycle.xlsx,0.000498116,-0.011390920661290728
A123_094,25C,150,4.033653259277344,1.0,4.067058563232422,2.327721016685001,0.0,1,24.0,0.0,0.0,2.8855350017547607,11_6_13_1C_Cycle.xlsx,0.0,0.0002293687024157609
A123_094,25C,30,4.069328784942627,1.0,4.069328784942627,2.3369926352586066,0.0,1,24.0,0.0,0.0,2.8855350017547607,7_24_13_1C_Cycle.xlsx,9.152293e-05,0.0018086750595022402
A123_094,25C,60,4.05684232711792,1.0,4.067220687866211,2.320996013348517,0.0,1,24.0,0.0,0.0,2.8855350017547607,2_4_14_1C_Cycle.xlsx,0.0005454719,0.0003689165633143964
A123_094,25C,60,2.528144121170044,0.0,2.4773874282836914,-2.4778064646821454,-0.0,1,24.0,0.0,0.0,2.8855350017547607,10_07_13_1C_Cycle.xlsx,0.0002462566,0.0002814760463804901
A123_094,25C,90,4.040950775146484,1.0,4.0673828125,2.3245703872197714,0.0,1,24.0,0.0,0.0,2.8855350017547607,12_13_13_1C_Cycle.xlsx,0.0,0.00013868641828477407
A123_094,25C,150,4.034139633178711,1.0,4.067544937133789,2.317351604580879,0.0,1,24.0,0.0,0.0,2.8855350017547607,8_12_13_1C_Cycle.xlsx,0.00034603477,0.00017704144533909732
A123_094,25C,30,2.3755500316619877,0.0,2.3755500316619877,-2.49993483803489,-0.0,1,24.0,0.0,0.0,2.8855350017547607,12_13_13_1C_Cycle.xlsx,0.00027552247,0.00031597758152679054
A123_094,25C,30,2.4754414558410645,0.0,2.4754414558410645,-2.499640827780371,-0.0,1,24.0,0.0,0.0,2.8855350017547607,12_4_13_1C_Cycle.xlsx,0.0007840544,0.00029601475214002197
A123_094,25C,60,4.056518077850342,1.0,4.067058563232422,2.3309944263420816,0.0,1,24.0,0.0,0.0,2.8855350017547607,9_25_13_1C_Cycle.xlsx,0.0,0.000645779766063065
A123_094,25C,90,2.545008897781372,0.0,2.411063432693481,-2.4996997775318466,-0.0,1,24.0,0.0,0.0,2.8855350017547607,2_4_14_1C_Cycle.xlsx,0.00096309185,0.0017734630266409417
A123_094,25C,30,4.067220687866211,1.0,4.067220687866211,2.320768195649852,0.0,1,24.0,0.0,0.0,2.8855350017547607,2_4_14_1C_Cycle.xlsx,0.0004157275,0.0004922769086827322
A123_094,25C,30,2.480468511581421,0.0,2.480468511581421,-2.4787194643369213,-0.0,1,24.0,0.0,0.0,2.8855350017547607,7_24_13_1C_Cycle.xlsx,0.00033566356,0.00029601475214002197
A123_094,25C,30,2.380901336669922,0.0,2.380901336669922,-2.499733602051186,-0.0,1,24.0,0.0,0.0,2.8855350017547607,10_07_13_1C_Cycle.xlsx,0.00026464462,0.0003242103516238914
A123_094,25C,60,2.481765985488892,0.0,2.3878743648529053,-2.499839548631148,-0.0,1,24.0,0.0,0.0,2.8855350017547607,12_4_13_1C_Cycle.xlsx,0.0004607737,0.0002663776533964107
A123_094,25C,90,4.0477614402771,1.0,4.067058563232422,2.332216216037508,0.0,1,24.0,0.0,0.0,2.8855350017547607,9_16_13_1C_Cycle.xlsx,0.0,0.0005991369443899372
A123_094,25C,30,4.0673828125,1.0,4.0673828125,2.31978426802726,0.0,1,24.0,0.0,0.0,2.8855350017547607,8_1_13_1C_Cycle.xlsx,0.00046098232,0.0005720411300737934
A123_094,25C,120,4.048247814178467,1.0,4.071112632751465,2.3621426365441747,0.0,1,24.0,0.0,0.0,2.8855350017547607,12_4_13_1C_Cycle.xlsx,0.0,0.00456224774285097
A123_094,25C,60,2.5273332595825195,0.0,2.4814414978027344,-2.478643207972617,-0.0,1,24.0,0.0,0.0,2.8855350017547607,8_1_13_1C_Cycle.xlsx,0.00016854703,0.0002814760463804901
A123_094,25C,120,2.5618736743927,0.0,2.3774960041046143,-2.499883359616941,-0.0,1,24.0,0.0,0.0,2.8855350017547607,11_6_13_1C_Cycle.xlsx,0.0,-3.908992505288762e-05
A123_094,25C,120,4.039977550506592,1.0,4.067220687866211,2.3176493362784387,0.0,1,24.0,0.0,0.0,2.8855350017547607,8_12_13_1C_Cycle.xlsx,0.00017502904,0.0001866897230723564
A123_094,25C,120,4.039977550506592,1.0,4.067058563232422,2.33246800279031,0.0,1,24.0,0.0,0.0,2.8855350017547607,9_16_13_1C_Cycle.xlsx,0.0,0.0003198480671950756
A123_094,25C,60,2.472522735595703,0.0,2.376198530197144,-2.499892530696733,-0.0,1,24.0,0.0,0.0,2.8855350017547607,10_16_13_1C_Cycle.xlsx,0.0002911836,0.0002663776533964107
A123_094,25C,60,2.4773874282836914,0.0,2.3907930850982666,-2.4997461878735088,-0.0,1,24.0,0.0,0.0,2.8855350017547607,8_29_13_1C_Cycle.xlsx,0.0002118051,0.0002663776533964107
A123_094,25C,60,4.058139801025391,1.0,4.0680317878723145,2.3379690968801103,0.0,1,24.0,0.0,0.0,2.8855350017547607,7_19_13_1C_Cycle.xlsx,0.0,0.009125888526544342
A123_094,25C,90,2.539981842041016,0.0,2.3924148082733154,-2.499919345445722,-0.0,1,24.0,0.0,0.0,2.8855350017547607,2_4_14_1C_Cycle.xlsx,0.0006672442,0.0001889047827147582
A123_094,25C,60,4.05684232711792,1.0,4.067058563232422,2.3323628484103525,0.0,1,24.0,0.0,0.0,2.8855350017547607,9_16_13_1C_Cycle.xlsx,0.0,0.000645779766063065
A123_094,25C,150,4.039004802703857,1.0,4.068680286407471,2.33955404711397,0.0,1,24.0,0.0,0.0,2.8855350017547607,2_20_14_1C_Cycle.xlsx,0.00063559413,0.00010708729212188599
A123_094,25C,120,4.041275024414063,1.0,4.067544937133789,2.3242275735251923,0.0,1,24.0,0.0,0.0,2.8855350017547607,12_13_13_1C_Cycle.xlsx,0.00019478798,0.00021119144445374999
A123_094,25C,90,2.527981996536255,0.0,2.378793239593506,-2.4998037878956114,-0.0,1,24.0,0.0,0.0,2.8855350017547607,10_16_13_1C_Cycle.xlsx,0.00025618076,0.0001889047827147582
A123_094,25C,30,2.381874322891236,0.0,2.381874322891236,-2.4997511943884656,-0.0,1,24.0,0.0,0.0,2.8855350017547607,9_25_13_1C_Cycle.xlsx,0.00026489794,0.00031597758152679054
A123_094,25C,120,4.039491176605225,1.0,4.066896438598633,2.3177288458943366,0.0,1,24.0,0.0,0.0,2.8855350017547607,8_12_13_1C_Cycle.xlsx,8.261204e-05,1.319302641786328e-05
A123_094,25C,150,4.038031578063965,1.0,4.069004535675049,2.344702533304186,0.0,1,24.0,0.0,0.0,2.8855350017547607,11_18_13_1C_Cycle.xlsx,0.0,-6.917778092114987e-05
A123_094,25C,150,4.032842636108398,1.0,4.067058563232422,2.317831477046013,0.0,1,24.0,0.0,0.0,2.8855350017547607,8_12_13_1C_Cycle.xlsx,0.0,-6.416011376348814e-05
A123_094,25C,60,2.478684902191162,0.0,2.3945229053497314,-2.4996749519282937,-0.0,1,24.0,0.0,0.0,2.8855350017547607,8_1_13_1C_Cycle.xlsx,0.00019095838,0.00027461042349351164
A123_094,25C,120,2.554900884628296,0.0,2.394036293029785,-2.499854098018418,-0.0,1,24.0,0.0,0.0,2.8855350017547607,8_1_13_1C_Cycle.xlsx,0.0002732873,8.141638658039517e-05
A123_094,25C,30,4.067220687866211,1.0,4.067220687866211,2.324474639299079,0.0,1,24.0,0.0,0.0,2.8855350017547607,1_23_14_1C_Cycle.xlsx,0.0002900809,0.00043709434368958305
A123_094,25C,90,4.050680160522461,1.0,4.068518161773682,2.342002839106938,0.0,1,24.0,0.0,0.0,2.8855350017547607,1_23_14_1C_Cycle.xlsx,0.0,0.0056565577015997804
A123_094,25C,90,4.048896312713623,1.0,4.067544937133789,2.330171708910426,0.0,1,24.0,0.0,0.0,2.8855350017547607,9_16_13_1C_Cycle.xlsx,2.965331e-05,0.0008463206582203746
A123_094,25C,150,4.033004760742188,1.0,4.066572189331055,2.3131404781683544,0.0,1,24.0,0.0,0.0,2.8855350017547607,10_07_13_1C_Cycle.xlsx,0.00048968196,-5.634955075275213e-05
A123_094,25C,120,4.043869495391846,1.0,4.06884241104126,2.3438869774596305,0.0,1,24.0,0.0,0.0,2.8855350017547607,12_13_13_1C_Cycle.xlsx,0.0,-0.0003463228819065331
A123_094,25C,60,2.530090093612671,0.0,2.482738733291626,-2.478187648446002,-0.0,1,24.0,0.0,0.0,2.8855350017547607,8_29_13_1C_Cycle.xlsx,0.0002542138,0.0002814760463804901
A123_094,25C,60,4.05959939956665,1.0,4.069166660308838,2.3433851092799096,0.0,1,24.0,0.0,0.0,2.8855350017547607,12_13_13_1C_Cycle.xlsx,0.0,0.00538337083708521
A123_094,25C,90,4.0516533851623535,1.0,4.069490909576416,2.336860686008419,0.0,1,24.0,0.0,0.0,2.8855350017547607,7_24_13_1C_Cycle.xlsx,7.891655e-05,-0.011390920661290728
A123_094,25C,60,2.476576805114746,0.0,2.39176607131958,-2.4998664591047497,-0.0,1,24.0,0.0,0.0,2.8855350017547607,8_1_13_1C_Cycle.xlsx,0.00016006827,0.0002663776533964107
A123_094,25C,30,4.066734313964844,1.0,4.066734313964844,2.313014610197212,0.0,1,24.0,0.0,0.0,2.8855350017547607,10_07_13_1C_Cycle.xlsx,0.0007428825,0.00022811992354537775
A123_094,25C,150,4.02976131439209,1.0,4.066085815429688,2.2940961237399637,0.0,1,24.0,0.0,0.0,2.8855350017547607,7_8_13_1C_Cycle.xlsx,0.0004885793,-0.0008014067151592006
A123_094,25C,90,4.065761566162109,1.0,4.075653076171875,0.8996493692199389,0.0,1,24.0,0.0,1.0,3.553644180297852,12_4_13_1C_Cycle.xlsx,0.9970517,1.0157121891224759
A123_094,25C,60,4.056193828582764,1.0,4.066734313964844,2.330719662045152,0.0,1,24.0,0.0,0.0,2.8855350017547607,10_07_13_1C_Cycle.xlsx,0.0,0.000495012882223342
A123_094,25C,30,2.3969552516937256,0.0,2.3969552516937256,-2.4997969631455903,-0.0,1,24.0,0.0,0.0,2.8855350017547607,8_1_13_1C_Cycle.xlsx,0.00027666986,0.0005878257845586813
A123_094,25C,30,2.47900915145874,0.0,2.47900915145874,-2.478847155032175,-0.0,1,24.0,0.0,0.0,2.8855350017547607,7_19_13_1C_Cycle.xlsx,0.00031858683,0.00029601475214002197
A123_094,25C,90,2.5294413566589355,0.0,2.3920905590057373,-2.4997423280749405,-0.0,1,24.0,0.0,0.0,2.8855350017547607,9_16_13_1C_Cycle.xlsx,0.000432536,0.0001971375528118593
A123_094,25C,120,4.039329051971436,1.0,4.066896438598633,2.3182231702804565,0.0,1,24.0,0.0,0.0,2.8855350017547607,8_12_13_1C_Cycle.xlsx,0.0,1.319302641786328e-05
A123_094,25C,150,4.031869411468506,1.0,4.066410064697266,2.3151731669175915,0.0,1,24.0,0.0,0.0,2.8855350017547607,9_16_13_1C_Cycle.xlsx,0.0,-5.634955075275213e-05
A123_094,25C,120,2.569657564163208,0.0,2.402144432067871,-2.4997183563553285,-0.0,1,24.0,0.0,0.0,2.8855350017547607,3_4_14_1C_Cycle.xlsx,0.0007469654,0.0012723705449030123
A123_094,25C,30,4.0673828125,1.0,4.0673828125,2.3174296391010283,0.0,1,24.0,0.0,0.0,2.8855350017547607,8_12_13_1C_Cycle.xlsx,0.00056126714,0.0006884904548391903
A123_094,25C,120,4.038680553436279,1.0,4.067220687866211,2.2947096566133425,0.0,1,24.0,0.0,0.0,2.8855350017547607,7_5_13_1C_Cycle.xlsx,0.001280576,0.01281741052163358
A123_094,25C,120,4.040950775146484,1.0,4.067707061767578,2.31884360366634,0.0,1,24.0,0.0,0.0,2.8855350017547607,8_1_13_1C_Cycle.xlsx,0.00034484267,0.0002663740094468993
A123_094,25C,60,4.056031703948975,1.0,4.066572189331055,2.3149366934246163,0.0,1,24.0,0.0,0.0,2.8855350017547607,9_16_13_1C_Cycle.xlsx,0.00085920095,-6.35974118832797e-05
A123_094,25C,120,4.039815425872803,1.0,4.0673828125,2.306574447788009,0.0,1,24.0,0.0,0.0,2.8855350017547607,7_15_13_1C_Cycle.xlsx,0.00082948804,0.0012852703824749766
A123_094,25C,30,2.3578743934631348,0.0,2.3578743934631348,-2.499614432209828,-0.0,1,24.0,0.0,0.0,2.8855350017547607,7_3_13_1C_Cycle.xlsx,0.00030522048,0.0002782400671567091
A123_094,25C,90,2.52571177482605,0.0,2.3963067531585693,-2.499539079829159,-0.0,1,24.0,0.0,0.0,2.8855350017547607,8_1_13_1C_Cycle.xlsx,0.00036495924,0.0006159261457684516
A123_094,25C,30,4.067058563232422,1.0,4.067058563232422,2.3275327707539084,0.0,1,24.0,0.0,0.0,2.8855350017547607,11_6_13_1C_Cycle.xlsx,0.00020331144,0.001363206345052489
A123_094,25C,120,2.567387342453003,0.0,2.3799283504486084,-2.499788943711702,-0.0,1,24.0,0.0,0.0,2.8855350017547607,11_6_13_1C_Cycle.xlsx,6.7055225e-06,-3.908992505288762e-05
A123_094,25C,30,2.4733333587646484,0.0,2.4733333587646484,-2.4771684484672734,-0.0,1,24.0,0.0,0.0,2.8855350017547607,12_13_13_1C_Cycle.xlsx,0.00020304322,0.00029601475214002197
A123_094,25C,60,2.4856576919555664,0.0,2.3924148082733154,-2.4998895492193838,-0.0,1,24.0,0.0,0.0,2.8855350017547607,3_4_14_1C_Cycle.xlsx,0.0005427003,0.0002663776533964107
A123_094,25C,30,2.478198289871216,0.0,2.478198289871216,-2.499695463427182,-0.0,1,24.0,0.0,0.0,2.8855350017547607,8_12_13_1C_Cycle.xlsx,0.00081692636,0.00019480037864166557
A123_094,25C,30,2.47900915145874,0.0,2.47900915145874,-2.47829102566446,-0.0,1,24.0,0.0,0.0,2.8855350017547607,8_1_13_1C_Cycle.xlsx,0.000305593,0.00029601475214002197
A123_094,25C,90,2.5309009552001958,0.0,2.380901336669922,-2.4997254491926317,-0.0,1,24.0,0.0,0.0,2.8855350017547607,12_4_13_1C_Cycle.xlsx,0.00033652782,0.0001971375528118593
A123_094,25C,90,4.046950817108154,1.0,4.066572189331055,2.3162536930533184,0.0,1,24.0,0.0,0.0,2.8855350017547607,8_29_13_1C_Cycle.xlsx,0.00042757392,-0.0001251186842285192
A123_094,25C,60,4.057653427124023,1.0,4.067707061767578,2.3241751388224783,0.0,1,24.0,0.0,0.0,2.8855350017547607,1_23_14_1C_Cycle.xlsx,0.00051257014,0.000593932684563929
A123_094,25C,60,2.5268468856811523,0.0,2.473982095718384,-2.477798538310086,-0.0,1,24.0,0.0,0.0,2.8855350017547607,10_07_13_1C_Cycle.xlsx,0.0002478063,0.0002814760463804901
A123_094,25C,90,2.5255496501922607,0.0,2.399874210357666,-2.499760445901903,-0.0,1,24.0,0.0,0.0,2.8855350017547607,7_24_13_1C_Cycle.xlsx,0.0003799796,0.0004607529857466502
A123_094,25C,90,4.048409938812256,1.0,4.067707061767578,2.319506083689039,0.0,1,24.0,0.0,0.0,2.8855350017547607,8_1_13_1C_Cycle.xlsx,0.00043822825,0.0004019580280158115
A123_094,25C,150,4.033329010009766,1.0,4.066734313964844,2.3130234830447884,0.0,1,24.0,0.0,0.0,2.8855350017547607,10_07_13_1C_Cycle.xlsx,0.00059100986,-2.9311470128476755e-05
A123_094,25C,30,4.067707061767578,1.0,4.067707061767578,2.323560475411578,0.0,1,24.0,0.0,0.0,2.8855350017547607,1_23_14_1C_Cycle.xlsx,0.00033602118,0.0010222604517822957
A123_094,25C,90,4.050193786621094,1.0,4.0680317878723145,2.339555629447364,0.0,1,24.0,0.0,0.0,2.8855350017547607,2_4_14_1C_Cycle.xlsx,0.0,-0.0001181346138127866
A123_094,25C,90,4.047275066375732,1.0,4.066572189331055,2.3217233981775203,0.0,1,24.0,0.0,0.0,2.8855350017547607,2_4_14_1C_Cycle.xlsx,0.00020989776,-6.356911276691005e-05
A123_094,25C,30,2.3883607387542725,0.0,2.3883607387542725,-2.4997624446605813,-0.0,1,24.0,0.0,0.0,2.8855350017547607,8_12_13_1C_Cycle.xlsx,0.00026610494,0.00031597758152679054
A123_094,25C,60,2.479657888412476,0.0,2.3969552516937256,-2.499789237976074,-0.0,1,24.0,0.0,0.0,2.8855350017547607,8_1_13_1C_Cycle.xlsx,0.00018696487,0.0005382258564283015
A123_094,25C,30,2.3963067531585693,0.0,2.3963067531585693,-2.499674970268184,-0.0,1,24.0,0.0,0.0,2.8855350017547607,8_1_13_1C_Cycle.xlsx,0.00027170777,0.0006970286601133013
A123_094,25C,30,2.481117248535156,0.0,2.481117248535156,-2.4772830128214567,-0.0,1,24.0,0.0,0.0,2.8855350017547607,12_4_13_1C_Cycle.xlsx,0.00031144917,0.00029601475214002197
A123_094,25C,60,2.52425217628479,0.0,2.47900915145874,-2.478905863620457,-0.0,1,24.0,0.0,0.0,2.8855350017547607,7_19_13_1C_Cycle.xlsx,8.3357096e-05,0.0002814760463804901
A123_094,25C,60,4.059274673461914,1.0,4.069166660308838,2.3444912020053903,0.0,1,24.0,0.0,0.0,2.8855350017547607,11_18_13_1C_Cycle.xlsx,0.0,0.0003353771541661081
A123_094,25C,30,4.067220687866211,1.0,4.067220687866211,2.3054478294216096,0.0,1,24.0,0.0,0.0,2.8855350017547607,7_17_13_1C_Cycle.xlsx,0.0012419522,0.00148935687234346
A123_094,25C,30,2.49863076210022,0.0,2.49863076210022,-2.4765413922928188,-0.0,1,24.0,0.0,0.0,2.8855350017547607,2_4_14_1C_Cycle.xlsx,0.0005607009,-0.03761608521447678
A123_094,25C,120,4.039815425872803,1.0,4.067058563232422,2.317854594171047,0.0,1,24.0,0.0,0.0,2.8855350017547607,8_12_13_1C_Cycle.xlsx,0.0001513958,9.463823943796443e-05
A123_094,25C,30,2.452576875686645,0.0,2.452576875686645,-2.479182156839133,-0.0,1,24.0,0.0,0.0,2.8855350017547607,7_8_13_1C_Cycle.xlsx,9.745359e-06,0.00029601475214002197
A123_094,25C,150,4.033004760742188,1.0,4.066896438598633,2.3200022169048826,0.0,1,24.0,0.0,0.0,2.8855350017547607,8_1_13_1C_Cycle.xlsx,0.0,-6.416011376348814e-05
A123_094,25C,30,4.066734313964844,1.0,4.066734313964844,2.315729158960523,0.0,1,24.0,0.0,0.0,2.8855350017547607,8_29_13_1C_Cycle.xlsx,0.0006069541,0.00022811992354537775
A123_094,25C,120,4.037869453430176,1.0,4.066572189331055,2.294917705384168,0.0,1,24.0,0.0,0.0,2.8855350017547607,7_5_13_1C_Cycle.xlsx,0.0010976195,-0.00909304917791362
A123_094,25C,60,4.059436798095703,1.0,4.068680286407471,2.3394874839536977,0.0,1,24.0,0.0,0.0,2.8855350017547607,2_20_14_1C_Cycle.xlsx,0.0,0.0007809410821260966
A123_094,25C,30,4.067220687866211,1.0,4.067220687866211,2.3082479887283767,0.0,1,24.0,0.0,0.0,2.8855350017547607,7_8_13_1C_Cycle.xlsx,0.0010533482,0.003103312506032313
A123_094,25C,120,2.561225175857544,0.0,2.376847267150879,-2.499871549861772,-0.0,1,24.0,0.0,0.0,2.8855350017547607,10_16_13_1C_Cycle.xlsx,0.0,-3.908992505288762e-05
A123_094,25C,30,4.066085815429688,1.0,4.066085815429688,2.308435788970123,0.0,1,24.0,0.0,0.0,2.8855350017547607,7_15_13_1C_Cycle.xlsx,0.00096410513,1.7229378066710544e-05
A123_094,25C,60,4.059274673461914,1.0,4.068518161773682,2.339462124138025,0.0,1,24.0,0.0,0.0,2.8855350017547607,2_20_14_1C_Cycle.xlsx,0.0,0.0007809410821260966
A123_094,25C,30,2.473982095718384,0.0,2.473982095718384,-2.477773142132735,-0.0,1,24.0,0.0,0.0,2.8855350017547607,10_16_13_1C_Cycle.xlsx,0.0002259314,0.00029601475214002197
A123_094,25C,60,2.4545226097106934,0.0,2.376198530197144,-2.499681380169451,-0.0,1,24.0,0.0,0.0,2.8855350017547607,7_8_13_1C_Cycle.xlsx,0.0,0.00027461042349351164
A123_094,25C,120,4.042085647583008,1.0,4.067869663238525,2.3384449607898703,0.0,1,24.0,0.0,0.0,2.8855350017547607,3_4_14_1C_Cycle.xlsx,0.0,-0.00025371863238169876
A123_094,25C,120,4.039653301239014,1.0,4.066410064697266,2.313355210435684,0.0,1,24.0,0.0,0.0,2.8855350017547607,10_07_13_1C_Cycle.xlsx,0.0006400943,0.0005875105763568797
A123_094,25C,120,2.5712790489196777,0.0,2.4138200283050537,-2.499709301524692,-0.0,1,24.0,0.0,0.0,2.8855350017547607,2_4_14_1C_Cycle.xlsx,0.0010616332,0.0010239912993517245
A123_094,25C,30,2.397117376327514,0.0,2.397117376327514,-2.499820178296386,-0.0,1,24.0,0.0,0.0,2.8855350017547607,7_17_13_1C_Cycle.xlsx,0.00027766824,0.0005878257845586813
A123_094,25C,120,4.047275066375732,1.0,4.070464134216309,2.341585825017669,0.0,1,24.0,0.0,0.0,2.8855350017547607,2_4_14_1C_Cycle.xlsx,0.0006492734,0.0009414914705813886
A123_094,25C,90,2.5495495796203613,0.0,2.422739028930664,-2.499714978387422,-0.0,1,24.0,0.0,0.0,2.8855350017547607,2_20_14_1C_Cycle.xlsx,0.0011507571,0.0012415750827753722
A123_094,25C,60,2.4773874282836914,0.0,2.38268518447876,-2.499761758594338,-0.0,1,24.0,0.0,0.0,2.8855350017547607,1_23_14_1C_Cycle.xlsx,0.0003708154,0.0002663776533964107
A123_094,25C,150,4.033166885375977,1.0,4.067058563232422,2.315819497070005,0.0,1,24.0,0.0,0.0,2.8855350017547607,8_29_13_1C_Cycle.xlsx,0.00019925833,-8.901365631115468e-05
A123_094,25C,90,4.051329135894775,1.0,4.069166660308838,2.3442799113690853,0.0,1,24.0,0.0,0.0,2.8855350017547607,11_18_13_1C_Cycle.xlsx,0.0,5.6127582600088554e-05
A123_094,25C,60,4.056031703948975,1.0,4.066734313964844,2.3155513342109417,0.0,1,24.0,0.0,0.0,2.8855350017547607,8_29_13_1C_Cycle.xlsx,0.0007428527,5.651600458995285e-05
A123_094,25C,90,4.047275066375732,1.0,4.067220687866211,2.3082479887283767,0.0,1,24.0,0.0,0.0,2.8855350017547607,7_8_13_1C_Cycle.xlsx,0.0009290576,0.004720632516597621
A123_094,25C,30,4.066734313964844,1.0,4.066734313964844,2.311420593503093,0.0,1,24.0,0.0,0.0,2.8855350017547607,10_16_13_1C_Cycle.xlsx,0.0008300096,0.00022811992354537775
A123_094,25C,120,4.039329051971436,1.0,4.066896438598633,2.317990465581417,0.0,1,24.0,0.0,0.0,2.8855350017547607,8_12_13_1C_Cycle.xlsx,4.6789646e-06,1.319302641786328e-05
A123_094,25C,150,4.03251838684082,1.0,4.066410064697266,2.3119865121427647,0.0,1,24.0,0.0,0.0,2.8855350017547607,10_16_13_1C_Cycle.xlsx,0.00040510297,-5.634955075275213e-05
A123_094,25C,60,2.530576467514038,0.0,2.4756038188934326,-2.4773693031637705,-0.0,1,24.0,0.0,0.0,2.8855350017547607,12_13_13_1C_Cycle.xlsx,0.00038668513,0.0002814760463804901
A123_094,25C,120,4.048247814178467,1.0,4.071274757385254,2.362107118161825,0.0,1,24.0,0.0,0.0,2.8855350017547607,12_4_13_1C_Cycle.xlsx,0.0,0.00456224774285097
A123_094,25C,150,4.038842678070068,1.0,4.069004535675049,2.34323223024352,0.0,1,24.0,0.0,0.0881340440509348,2.932696159797668,12_13_13_1C_Cycle.xlsx,0.00018107891,0.010260610967587541
A123_094,25C,60,2.480955123901367,0.0,2.394036293029785,-2.4997075398763022,-0.0,1,24.0,0.0,0.0,2.8855350017547607,11_18_13_1C_Cycle.xlsx,0.00030118227,0.00027461042349351164
A123_094,25C,60,4.056193828582764,1.0,4.066734313964844,2.313090141923701,0.0,1,24.0,0.0,0.0,2.8855350017547607,10_07_13_1C_Cycle.xlsx,0.0010215044,5.651600458995285e-05
A123_094,25C,120,4.040139675140381,1.0,4.066896438598633,2.3276770031627487,0.0,1,24.0,0.0,0.0,2.8855350017547607,11_6_13_1C_Cycle.xlsx,0.0,0.00038816705561721377
A123_094,25C,120,4.062355995178223,1.0,4.075653076171875,0.8996493692199389,0.0,1,24.0,0.0,1.0,3.553644180297852,12_4_13_1C_Cycle.xlsx,0.9997953,0.9829962965737514
A123_094,25C,150,4.033653259277344,1.0,4.066896438598633,2.3141978408505275,0.0,1,24.0,0.0,0.0,2.8855350017547607,9_16_13_1C_Cycle.xlsx,0.0005978048,-8.901365631115468e-05
A123_094,25C,30,2.4235498905181885,0.0,2.4235498905181885,-2.499694710579988,-0.0,1,24.0,0.0,0.0,2.8855350017547607,2_20_14_1C_Cycle.xlsx,0.00036218762,0.0010271408909217883
A123_094,25C,90,4.049707412719727,1.0,4.0680317878723145,2.325321564356149,0.0,1,24.0,0.0,0.0,2.8855350017547607,12_4_13_1C_Cycle.xlsx,0.00051388144,5.603396802165961e-05
A123_094,25C,120,2.5704684257507324,0.0,2.3963067531585693,-2.499726801275093,-0.0359389478366667,1,24.0,0.0,0.0,2.8855350017547607,3_4_14_1C_Cycle.xlsx,0.0015755594,0.027818986512698943
A123_094,25C,90,2.541765689849853,0.0,2.4117119312286377,-2.499695914762992,-0.0,1,24.0,0.0,0.0,2.8855350017547607,2_4_14_1C_Cycle.xlsx,0.0008778572,0.0015597982051611173
A123_094,25C,120,2.555063009262085,0.0,2.3969552516937256,-2.4997969631455903,-0.0,1,24.0,0.0,0.0,2.8855350017547607,8_1_13_1C_Cycle.xlsx,0.00034484267,0.00035326458961228727
A123_094,25C,30,2.3619284629821777,0.0,2.3619284629821777,-2.499670704857248,-0.0,1,24.0,0.0,0.0,2.8855350017547607,7_5_13_1C_Cycle.xlsx,0.00029417872,0.0002782400671567091
A123_094,25C,30,4.067058563232422,1.0,4.067058563232422,2.319151894145069,0.0,1,24.0,0.0,0.0,2.8855350017547607,8_1_13_1C_Cycle.xlsx,0.0004721135,0.00047570476761503433
A123_094,25C,60,2.5544142723083496,0.0,2.50317120552063,-2.477157654490339,-0.0,1,24.0,0.0,0.0881340440509348,2.932696159797668,12_13_13_1C_Cycle.xlsx,0.001015842,0.019353628405974214
A123_094,25C,120,2.5604143142700195,0.0,2.393387794494629,-2.499741730389294,-0.0,1,24.0,0.0,0.0,2.8855350017547607,11_18_13_1C_Cycle.xlsx,0.00035244226,-3.08571549557865e-05
A123_094,25C,60,2.526036024093628,0.0,2.476252317428589,-2.4780277868631577,-0.0,1,24.0,0.0,0.0,2.8855350017547607,9_16_13_1C_Cycle.xlsx,0.0001758784,0.0002814760463804901
A123_094,25C,30,2.474144220352173,0.0,2.378793239593506,-2.499908666525568,-0.0381417857521923,1,24.0,0.0,0.0,2.8855350017547607,10_16_13_1C_Cycle.xlsx,0.00064212084,8.26319513220458e-05
A123_094,25C,90,2.5122523307800293,0.0,2.389171600341797,-2.4996952414512634,-0.0,1,24.0,0.0,0.0,2.8855350017547607,7_11_13_1C_Cycle.xlsx,0.0,0.0003675420130670811
A123_094,25C,60,2.5273332595825195,0.0,2.4791712760925293,-2.499755616810011,-0.0,1,24.0,0.0,0.0,2.8855350017547607,8_29_13_1C_Cycle.xlsx,0.00071904063,0.00018026167288213377
A123_094,25C,90,2.536090135574341,0.0,2.4003608226776123,-2.4997140502070523,-0.0,1,24.0,0.0,0.0,2.8855350017547607,11_18_13_1C_Cycle.xlsx,0.00065782666,0.001975236709382784
A123_094,25C,120,4.0477614402771,1.0,4.070950508117676,2.362212128873564,0.0,1,24.0,0.0,0.0,2.8855350017547607,12_4_13_1C_Cycle.xlsx,0.0,-0.0019375250157324037
A123_094,25C,60,4.05684232711792,1.0,4.067220687866211,2.324706271290779,0.0,1,24.0,0.0,0.0,2.8855350017547607,12_13_13_1C_Cycle.xlsx,0.0003054738,0.000313733998321247
A123_094,25C,150,4.033977508544922,1.0,4.066896438598633,2.321659005530502,0.0,1,24.0,0.0,0.0,2.8855350017547607,2_4_14_1C_Cycle.xlsx,0.00023148954,-6.416011376348814e-05
A123_094,25C,30,4.067058563232422,1.0,4.067058563232422,2.3323628484103525,0.0,1,24.0,0.0,0.0,2.8855350017547607,9_16_13_1C_Cycle.xlsx,0.00011333823,0.001256402888150904
A123_094,25C,60,2.4801442623138428,0.0,2.393063545227051,-2.4998117352391147,-0.0,1,24.0,0.0,0.0,2.8855350017547607,11_18_13_1C_Cycle.xlsx,0.00028797984,0.0002663776533964107
A123_094,25C,30,2.4841983318328857,0.0,2.4841983318328857,-2.476528157761851,-0.0,1,24.0,0.0,0.0,2.8855350017547607,3_4_14_1C_Cycle.xlsx,0.00033821166,-0.01978523549030439
A123_094,25C,30,4.0673828125,1.0,4.0673828125,2.3208986206547078,0.0,1,24.0,0.0,0.0,2.8855350017547607,2_4_14_1C_Cycle.xlsx,0.00041756034,0.0005720411300737934
A123_094,25C,120,4.04030179977417,1.0,4.067058563232422,2.3276344790052965,0.0,1,24.0,0.0,0.0,2.8855350017547607,11_6_13_1C_Cycle.xlsx,0.0,0.00038816705561721377
A123_094,25C,120,2.565927743911743,0.0,2.386414766311645,-2.4998264052651145,-0.0,1,24.0,0.0,0.0,2.8855350017547607,12_4_13_1C_Cycle.xlsx,0.00022241473,-3.908992505288762e-05
A123_094,25C,150,4.034139633178711,1.0,4.067220687866211,2.327631460455786,0.0,1,24.0,0.0,0.0,2.8855350017547607,11_6_13_1C_Cycle.xlsx,0.0,0.00029749604328639445
A123_094,25C,120,2.553117036819458,0.0,2.391928195953369,-2.498663486578525,-0.0,1,24.0,0.0,0.0,2.8855350017547607,8_12_13_1C_Cycle.xlsx,0.00018395483,8.964915667749628e-05
A123_094,25C,150,4.033004760742188,1.0,4.066896438598633,2.3198229810075155,0.0,1,24.0,0.0,0.0,2.8855350017547607,8_1_13_1C_Cycle.xlsx,0.0,-6.416011376348814e-05
A123_094,25C,60,4.058950424194336,1.0,4.069004535675049,2.337458620232249,0.0,1,24.0,0.0,0.0,2.8855350017547607,7_24_13_1C_Cycle.xlsx,0.0,0.013791423933823477
A123_094,25C,30,4.0680317878723145,1.0,4.0680317878723145,2.3247565345491394,0.0,1,24.0,0.0,0.0,2.8855350017547607,12_4_13_1C_Cycle.xlsx,0.0003091991,0.00030151647762981823
A123_094,25C,60,2.540306329727173,0.0,2.4854955673217773,-2.4767790073130054,-0.0,1,24.0,0.0,0.0,2.8855350017547607,2_4_14_1C_Cycle.xlsx,0.0006572008,-0.000604056700123094
A123_094,25C,120,2.527819871902466,0.0,2.376198530197144,-2.499681380169451,-0.0,1,24.0,0.0,0.0,2.8855350017547607,7_8_13_1C_Cycle.xlsx,0.0,8.964915667749628e-05
A123_094,25C,60,2.479657888412476,0.0,2.395820140838623,-2.4996456121787047,-0.0335398534757809,1,24.0,0.0,0.0,2.8855350017547607,8_1_13_1C_Cycle.xlsx,0.0,0.017350596560147234
A123_094,25C,120,2.5620357990264893,0.0,2.37830662727356,-2.4996929211659475,-0.0,1,24.0,0.0,0.0,2.8855350017547607,11_6_13_1C_Cycle.xlsx,0.0,-3.08571549557865e-05
A123_094,25C,60,4.057328701019287,1.0,4.067544937133789,2.32693608631106,0.0,1,24.0,0.0,0.0,2.8855350017547607,11_18_13_1C_Cycle.xlsx,0.0002579987,0.000593932684563929
A123_094,25C,90,4.047599315643311,1.0,4.067058563232422,2.3276344790052965,0.0,1,24.0,0.0,0.0,2.8855350017547607,11_6_13_1C_Cycle.xlsx,0.0,0.0005237510741861255
A123_094,25C,120,4.042572021484375,1.0,4.068356037139893,2.3255849212281783,0.0,1,24.0,0.0,0.0,2.8855350017547607,12_4_13_1C_Cycle.xlsx,0.00037884712,0.007307871088156692
A123_094,25C,30,4.068518161773682,1.0,4.068518161773682,2.344973527589592,0.0,1,24.0,0.0,0.0,2.8855350017547607,11_18_13_1C_Cycle.xlsx,8.33869e-05,-0.0003508725336857536
A123_094,25C,30,2.3899824619293213,0.0,2.3899824619293213,-2.499586421867897,-0.0,1,24.0,0.0,0.0,2.8855350017547607,8_12_13_1C_Cycle.xlsx,0.00026142597,0.0002782400671567091
A123_094,25C,30,2.377009391784668,0.0,2.377009391784668,-2.4997482450158746,-0.0,1,24.0,0.0,0.0,2.8855350017547607,11_6_13_1C_Cycle.xlsx,0.00026777387,0.00031597758152679054
A123_094,25C,30,4.066734313964844,1.0,4.066734313964844,2.3278758590962707,0.0,1,24.0,0.0,0.0,2.8855350017547607,11_6_13_1C_Cycle.xlsx,0.00018709898,0.0006451382803394268
A123_094,25C,60,2.5276577472686768,0.0,2.482252359390259,-2.4786355648923792,-0.0,1,24.0,0.0,0.0,2.8855350017547607,8_1_13_1C_Cycle.xlsx,0.00017091632,0.0002814760463804901
A123_094,25C,60,4.060247898101807,1.0,4.069328784942627,2.337312998695184,0.0,1,24.0,0.0,0.0,2.8855350017547607,2_20_14_1C_Cycle.xlsx,0.00020901859,0.0023544771034262773
A123_094,25C,60,2.481117248535156,0.0,2.39176607131958,-2.4997015432877974,-0.0,1,24.0,0.0,0.0,2.8855350017547607,12_13_13_1C_Cycle.xlsx,0.00035360456,0.00027461042349351164
A123_094,25C,60,2.474144220352173,0.0,2.3857662677764893,-2.4997437493554475,-0.0,1,24.0,0.0,0.0378831651160196,2.9057573717845697,8_12_13_1C_Cycle.xlsx,0.00017209351,0.00027461042349351164
A123_094,25C,30,2.476414442062378,0.0,2.476414442062378,-2.4997208076240742,-0.0,1,24.0,0.0,0.0,2.8855350017547607,10_07_13_1C_Cycle.xlsx,0.0007971227,0.00019480037864166557
A123_094,25C,90,4.049707412719727,1.0,4.0680317878723145,2.327013533656337,0.0,1,24.0,0.0,0.0,2.8855350017547607,12_4_13_1C_Cycle.xlsx,0.00039476156,0.0040714369508014015
A123_094,25C,30,4.067220687866211,1.0,4.067220687866211,2.315649027725862,0.0,1,24.0,0.0,0.0,2.8855350017547607,8_29_13_1C_Cycle.xlsx,0.0006362498,0.002746783859439967
A123_094,25C,150,4.036409854888916,1.0,4.0680317878723145,2.3247565345491394,0.0,1,24.0,0.0,0.0,2.8855350017547607,12_4_13_1C_Cycle.xlsx,0.0007170141,-0.00023834840374870481
A123_094,25C,60,2.5274953842163086,0.0,2.472036123275757,-2.4775633406170527,-0.0,1,24.0,0.0,0.0,2.8855350017547607,11_6_13_1C_Cycle.xlsx,0.00031214952,0.0002814760463804901
A123_094,25C,120,4.041599273681641,1.0,4.067869663238525,2.3242322694924145,0.0,1,24.0,0.0,0.0,2.8855350017547607,1_23_14_1C_Cycle.xlsx,0.00021663308,-7.955005054725217e-05
A123_094,25C,90,4.054572105407715,1.0,4.071274757385254,2.362107118161825,0.0,1,24.0,0.0,0.0,2.8855350017547607,12_4_13_1C_Cycle.xlsx,0.0,0.00456224774285097
A123_094,25C,60,4.0557074546813965,1.0,4.066734313964844,2.2810212877481733,0.0,1,24.0,0.0,0.0,2.8855350017547607,7_3_13_1C_Cycle.xlsx,0.004346162,-0.033848086828951185
A123_094,25C,30,2.474306344985962,0.0,2.474306344985962,-2.4777953824009997,-0.0,1,24.0,0.0,0.0,2.8855350017547607,10_07_13_1C_Cycle.xlsx,0.00023069978,0.00029601475214002197
A123_094,25C,60,2.532036066055298,0.0,2.4760901927948,-2.4771142320823856,-0.0,1,24.0,0.0,0.0,2.8855350017547607,1_23_14_1C_Cycle.xlsx,0.0004441142,0.0002814760463804901
A123_094,25C,60,4.056355953216553,1.0,4.067058563232422,2.327704329701031,0.0,1,24.0,0.0,0.0,2.8855350017547607,11_6_13_1C_Cycle.xlsx,1.1354685e-05,0.0005703938958592532
A123_094,25C,30,4.0680317878723145,1.0,4.0680317878723145,2.3248790183688626,0.0,1,24.0,0.0,0.0,2.8855350017547607,12_4_13_1C_Cycle.xlsx,0.0003054142,0.00030151647762981823
A123_094,25C,90,2.524090051651001,0.0,2.390630960464477,-2.499664339525946,-0.0,1,24.0,0.0,0.0,2.8855350017547607,8_12_13_1C_Cycle.xlsx,0.0002926141,0.0001971375528118593
A123_094,25C,90,2.532684564590454,0.0,2.402144432067871,-2.49970990318363,-0.0,1,24.0,0.0,0.0,2.8855350017547607,7_17_13_1C_Cycle.xlsx,0.0005814135,0.0015600254932655617
A123_094,25C,30,2.4754414558410645,0.0,2.4754414558410645,-2.4997423280749405,-0.0,1,24.0,0.0,0.0,2.8855350017547607,9_16_13_1C_Cycle.xlsx,0.0007866621,0.00024077066310884823
A123_094,25C,30,4.067220687866211,1.0,4.067220687866211,2.3171824764609337,0.0,1,24.0,0.0,0.0,2.8855350017547607,8_12_13_1C_Cycle.xlsx,0.0005644262,0.002746783859439967
A123_094,25C,150,4.03251838684082,1.0,4.066734313964844,2.3130382692105456,0.0,1,24.0,0.0,0.0,2.8855350017547607,9_25_13_1C_Cycle.xlsx,0.00021502376,-2.9311470128476755e-05
A123_094,25C,60,2.5391712188720703,0.0,2.4854955673217773,-2.476534913697663,-0.0,1,24.0,0.0,0.0,2.8855350017547607,3_4_14_1C_Cycle.xlsx,0.0005939901,-0.012387580840774176
A123_094,25C,30,2.472198247909546,0.0,2.472198247909546,-2.4997749081973373,-0.0,1,24.0,0.0,0.0,2.8855350017547607,8_12_13_1C_Cycle.xlsx,0.0007516444,0.00024077066310884823
A123_094,25C,30,4.066085815429688,1.0,4.066085815429688,2.311548940406358,0.0,1,24.0,0.0,0.0,2.8855350017547607,10_16_13_1C_Cycle.xlsx,0.00078365207,3.4224225511526475e-05
A123_094,25C,30,4.0673828125,1.0,4.0673828125,2.3172301446199417,0.0,1,24.0,0.0,0.0,2.8855350017547607,8_1_13_1C_Cycle.xlsx,0.00057032704,0.0006884904548391903
A123_094,25C,90,2.532360315322876,0.0,2.3929011821746826,-2.4997294707731768,-0.0,1,24.0,0.0,0.0,2.8855350017547607,12_13_13_1C_Cycle.xlsx,0.0005069822,0.0001971375528118593
A123_094,25C,60,2.480955123901367,0.0,2.387549877166748,-2.499896056061491,-0.0373636521839136,1,24.0,0.0,0.0,2.8855350017547607,1_23_14_1C_Cycle.xlsx,0.0,0.0018766123639345005
A123_094,25C,30,2.4759280681610107,0.0,2.389171600341797,-2.4997760461724323,-0.034705696117079,1,24.0,0.0,0.0,2.8855350017547607,8_29_13_1C_Cycle.xlsx,0.0,0.0010122403204311948
A123_094,25C,120,4.039166927337647,1.0,4.066572189331055,2.3161939542980923,0.0,1,24.0,0.0,0.0,2.8855350017547607,8_29_13_1C_Cycle.xlsx,0.0001540184,-3.299084074791079e-05
A123_094,25C,30,4.067058563232422,1.0,4.067058563232422,2.3175872113704683,0.0,1,24.0,0.0,0.0,2.8855350017547607,8_12_13_1C_Cycle.xlsx,0.00053840876,0.0005226883032867808
A123_094,25C,30,4.067707061767578,1.0,4.067707061767578,2.3259860818290106,0.0,1,24.0,0.0,0.0,2.8855350017547607,12_13_13_1C_Cycle.xlsx,0.00026199222,0.0011535206624069525
A123_094,25C,150,4.033815383911133,1.0,4.066896438598633,2.330715203149752,0.0,1,24.0,0.0,0.0,2.8855350017547607,10_07_13_1C_Cycle.xlsx,0.0,0.00046456902574702573
A123_094,25C,90,2.531225204467773,0.0,2.3776581287384038,-2.49986455418648,-0.0,1,24.0,0.0,0.0,2.8855350017547607,1_23_14_1C_Cycle.xlsx,0.0002937615,0.0001889047827147582
A123_094,25C,90,4.0474371910095215,1.0,4.067058563232422,2.327721016685001,0.0,1,24.0,0.0,0.0,2.8855350017547607,11_6_13_1C_Cycle.xlsx,0.0,0.0005129552145191401
A123_094,25C,120,2.5670628547668457,0.0,2.383657932281494,-2.499879478314601,-0.0,1,24.0,0.0,0.0,2.8855350017547607,1_23_14_1C_Cycle.xlsx,0.00014016032,-3.908992505288762e-05
A123_094,25C,60,4.057004451751709,1.0,4.0673828125,2.3190070717699,0.0,1,24.0,0.0,0.0,2.8855350017547607,8_1_13_1C_Cycle.xlsx,0.0006991774,0.001350452039899298
A123_094,25C,30,2.387549877166748,0.0,2.387549877166748,-2.4998181906613435,-0.0,1,24.0,0.0,0.0,2.8855350017547607,12_4_13_1C_Cycle.xlsx,0.00026752055,0.00031597758152679054
A123_094,25C,30,2.476414442062378,0.0,2.476414442062378,-2.477808049956557,-0.0,1,24.0,0.0,0.0,2.8855350017547607,10_07_13_1C_Cycle.xlsx,0.0002590418,0.00029601475214002197
A123_094,25C,30,4.06884241104126,1.0,4.06884241104126,2.3388836587730206,0.0,1,24.0,0.0,0.0,2.8855350017547607,3_4_14_1C_Cycle.xlsx,7.379055e-05,0.0007774414737087954
A123_094,25C,30,4.0673828125,1.0,4.0673828125,2.329524971048037,0.0,1,24.0,0.0,0.0,2.8855350017547607,9_25_13_1C_Cycle.xlsx,0.00016790628,0.0016103765215365602
A123_094,25C,60,4.0558695793151855,1.0,4.066734313964844,2.315017479706586,0.0,1,24.0,0.0,0.0,2.8855350017547607,9_16_13_1C_Cycle.xlsx,0.000702098,5.651600458995285e-05
A123_094,25C,30,4.066734313964844,1.0,4.066734313964844,2.316205608267938,0.0,1,24.0,0.0,0.0,2.8855350017547607,8_29_13_1C_Cycle.xlsx,0.00058469176,0.00022811992354537775
A123_094,25C,90,2.5500359535217285,0.0,2.422739028930664,-2.499720045339281,-0.0,1,24.0,0.0,0.0,2.8855350017547607,2_20_14_1C_Cycle.xlsx,0.0011654198,0.0012415750827753722
A123_094,25C,120,4.039491176605225,1.0,4.066572189331055,2.312869452795044,0.0,1,24.0,0.0,0.0,2.8855350017547607,10_07_13_1C_Cycle.xlsx,0.0005259216,-0.00023724337610536573
A123_094,25C,90,4.048572063446045,1.0,4.067869663238525,2.3170119374394416,0.0,1,24.0,0.0,0.0,2.8855350017547607,8_12_13_1C_Cycle.xlsx,0.0006325692,-0.007670414736870871
A123_094,25C,90,2.538846731185913,0.0,2.3881986141204834,-2.4998827295483284,-0.0,1,24.0,0.0,0.0,2.8855350017547607,3_4_14_1C_Cycle.xlsx,0.0005866587,0.0001889047827147582
A123_094,25C,30,2.488900899887085,0.0,2.488900899887085,-2.499711600419517,-0.0,1,24.0,0.0,0.0,2.8855350017547607,3_4_14_1C_Cycle.xlsx,0.00094792247,0.0005090616486447626
A123_094,25C,30,4.067869663238525,1.0,4.067869663238525,2.3249176272241643,0.0,1,24.0,0.0,0.0,2.8855350017547607,7_11_13_1C_Cycle.xlsx,0.00029863417,0.00030151647762981823
A123_094,25C,60,4.058464050292969,1.0,4.0680317878723145,2.3253307675279804,0.0,1,24.0,0.0,0.0,2.8855350017547607,12_13_13_1C_Cycle.xlsx,0.0006839931,0.00030319118956292766
A123_094,25C,150,4.033815383911133,1.0,4.067220687866211,2.318976964505892,0.0,1,24.0,0.0,0.0,2.8855350017547607,8_1_13_1C_Cycle.xlsx,0.00021702051,2.7891369870903857e-05
A123_094,25C,90,4.050031661987305,1.0,4.068193912506104,2.345118968226647,0.0,1,24.0,0.0,0.0,2.8855350017547607,11_18_13_1C_Cycle.xlsx,0.0,1.786037618313808e-05
A123_094,25C,120,4.044355869293213,1.0,4.068680286407471,2.3389090127066563,0.0,1,24.0,0.0,0.0,2.8855350017547607,3_4_14_1C_Cycle.xlsx,0.0001707375,6.800559029103179e-05
A123_094,25C,60,2.531225204467773,0.0,2.4840362071990967,-2.4997787893864145,-0.0,1,24.0,0.0,0.0,2.8855350017547607,9_16_13_1C_Cycle.xlsx,0.0008049756,0.00018026167288213377
A123_094,25C,30,4.0673828125,1.0,4.0673828125,2.319225042407948,0.0,1,24.0,0.0,0.0,2.8855350017547607,8_1_13_1C_Cycle.xlsx,0.0004837513,0.0005720411300737934
A123_094,25C,30,4.069328784942627,1.0,4.069328784942627,2.338695061376743,0.0,1,24.0,0.0,0.0,2.8855350017547607,2_20_14_1C_Cycle.xlsx,7.840991e-05,-0.00037838262726272063
A123_094,25C,90,4.047923564910889,1.0,4.0673828125,2.306725719293883,0.0,1,24.0,0.0,0.0,2.8855350017547607,7_11_13_1C_Cycle.xlsx,0.0013730228,0.0018902971571126352
A123_094,25C,90,2.5270090103149414,0.0,2.397928237915039,-2.499639445899898,-0.0,1,24.0,0.0,0.0,2.8855350017547607,8_1_13_1C_Cycle.xlsx,0.00040860474,0.0004607529857466502
A123_094,25C,60,4.056355953216553,1.0,4.067058563232422,2.319878912575188,0.0,1,24.0,0.0,0.0,2.8855350017547607,8_1_13_1C_Cycle.xlsx,0.00046281517,0.00027686507968000424
A123_094,25C,120,2.573062896728516,0.0,2.3967931270599365,-2.499944680205016,-0.0,1,24.0,0.0,0.0,2.8855350017547607,2_4_14_1C_Cycle.xlsx,0.0006490201,0.0001450115798550774
A123_094,25C,90,4.047599315643311,1.0,4.0673828125,2.322015011345777,0.0,1,24.0,0.0,0.0,2.8855350017547607,7_17_13_1C_Cycle.xlsx,4.9829483e-05,0.0003265586204656358
A123_094,25C,60,4.056031703948975,1.0,4.066896438598633,2.3093278856231616,0.0,1,24.0,0.0,0.0,2.8855350017547607,7_11_13_1C_Cycle.xlsx,0.0011712611,0.0002447776330073867
A123_094,25C,90,2.530090093612671,0.0,2.399387836456299,-2.499621255977733,-0.0,1,24.0,0.0,0.0,2.8855350017547607,12_4_13_1C_Cycle.xlsx,0.0004968196,0.0004607529857466502
A123_094,25C,120,4.040626049041748,1.0,4.067220687866211,2.332302138209343,0.0,1,24.0,0.0,0.0,2.8855350017547607,9_16_13_1C_Cycle.xlsx,0.0,0.0004712379001494653
A123_094,25C,30,4.067220687866211,1.0,4.067220687866211,2.310355277120612,0.0,1,24.0,0.0,0.0,2.8855350017547607,7_8_13_1C_Cycle.xlsx,0.0009226203,0.003103312506032313
A123_094,25C,120,2.5665764808654785,0.0,2.382198572158813,-2.4997203087587967,-0.0,1,24.0,0.0,0.0,2.8855350017547607,1_23_14_1C_Cycle.xlsx,8.33869e-05,-3.08571549557865e-05
A123_094,25C,30,4.066247940063477,1.0,4.066247940063477,2.309819599054754,0.0,1,24.0,0.0,0.0,2.8855350017547607,11_6_13_1C_Cycle.xlsx,0.0008916408,6.596900106799763e-06
A123_094,25C,90,2.5297658443450928,0.0,2.389333724975586,-2.499788943711702,-0.0,1,24.0,0.0,0.0,2.8855350017547607,11_18_13_1C_Cycle.xlsx,0.0004158616,0.0001889047827147582
A123_094,25C,60,4.0599236488342285,1.0,4.069490909576416,2.336860686008419,0.0,1,24.0,0.0,0.0,2.8855350017547607,7_24_13_1C_Cycle.xlsx,6.660819e-05,-0.011390920661290728
A123_094,25C,60,2.549062967300415,0.0,2.503819942474365,-2.476579880587653,-0.0,1,24.0,0.0,0.0,2.8855350017547607,2_20_14_1C_Cycle.xlsx,0.00072968006,0.0010752017043312383
A123_094,25C,60,2.467982053756714,0.0,2.386739015579224,-2.499857872724533,-0.0,1,24.0,0.0,0.0,2.8855350017547607,7_11_13_1C_Cycle.xlsx,0.0,0.0002663776533964107
A123_094,25C,90,2.5122523307800293,0.0,2.386739015579224,-2.499857872724533,-0.0,1,24.0,0.0,0.0,2.8855350017547607,7_11_13_1C_Cycle.xlsx,0.0,0.00035930924296998017
A123_094,25C,60,4.059112548828125,1.0,4.06884241104126,2.343741808182154,0.0,1,24.0,0.0,0.0,2.8855350017547607,12_4_13_1C_Cycle.xlsx,0.0,0.0004404545800596611
A123_094,25C,60,2.488738775253296,0.0,2.401658058166504,-2.499720045339281,-0.0,1,24.0,0.0,0.0,2.8855350017547607,3_4_14_1C_Cycle.xlsx,0.0004911423,0.0016277350446818567
A123_094,25C,90,2.5501980781555176,0.0,2.4233877658843994,-2.499706535695869,-0.0,1,24.0,0.0,0.0,2.8855350017547607,2_20_14_1C_Cycle.xlsx,0.001172483,7.237887773142346e-05
A123_094,25C,60,4.0701398849487305,1.0,4.075653076171875,0.9093454976876576,0.0,1,24.0,0.0,1.0,3.553644180297852,2_20_14_1C_Cycle.xlsx,0.99471724,1.0084122441417904
A123_094,25C,60,2.5266847610473637,0.0,2.47900915145874,-2.47816583767718,-0.0,1,24.0,0.0,0.0,2.8855350017547607,8_29_13_1C_Cycle.xlsx,0.0001641959,0.0002814760463804901
A123_094,25C,150,4.03251838684082,1.0,4.066734313964844,2.314606179611954,0.0,1,24.0,0.0,0.0,2.8855350017547607,8_29_13_1C_Cycle.xlsx,0.000118911266,-2.9311470128476755e-05
A123_094,25C,30,2.3737661838531494,0.0,2.3737661838531494,-2.4997531272269584,-0.0,1,24.0,0.0,0.0,2.8855350017547607,11_6_13_1C_Cycle.xlsx,0.00027164817,0.00031597758152679054
A123_094,25C,150,4.037869453430176,1.0,4.068680286407471,2.3447852014737616,0.0,1,24.0,0.0,0.0,2.8855350017547607,11_18_13_1C_Cycle.xlsx,0.0,7.40712809840807e-05
A123_094,25C,60,2.5338196754455566,0.0,2.4812793731689453,-2.477147090497469,-0.0,1,24.0,0.0,0.0,2.8855350017547607,1_23_14_1C_Cycle.xlsx,0.00042682886,0.0002814760463804901
A123_094,25C,120,4.044517993927002,1.0,4.069166660308838,2.33867127892741,0.0,1,24.0,0.0,0.0,2.8855350017547607,3_4_14_1C_Cycle.xlsx,8.511543e-05,-0.00014958014533665652
A123_094,25C,60,4.059436798095703,1.0,4.069004535675049,2.344462144930484,0.0,1,24.0,0.0,0.0,2.8855350017547607,11_18_13_1C_Cycle.xlsx,0.0,0.0006785179792141904
A123_094,25C,120,2.5539278984069824,0.0,2.391117572784424,-2.4991144990098886,-0.0,1,24.0,0.0,0.0,2.8855350017547607,8_12_13_1C_Cycle.xlsx,0.00018054247,8.964915667749628e-05
A123_094,25C,90,2.5273332595825195,0.0,2.394036293029785,-2.4997304729793384,-0.0,1,24.0,0.0,0.0,2.8855350017547607,8_29_13_1C_Cycle.xlsx,0.00039589405,0.0001971375528118593
A123_094,25C,90,2.5266847610473637,0.0,2.387712001800537,-2.499747083898176,-0.0,1,24.0,0.0,0.0,2.8855350017547607,9_16_13_1C_Cycle.xlsx,0.00033159554,0.0001889047827147582
A123_094,25C,90,2.5069010257720947,0.0,2.358847379684448,-2.49969292468712,-0.0,1,24.0,0.0,0.0,2.8855350017547607,7_3_13_1C_Cycle.xlsx,0.0,0.0003675420130670811
A123_094,25C,30,2.3924148082733154,0.0,2.3924148082733154,-2.499767773860209,-0.0,1,24.0,0.0,0.0,2.8855350017547607,11_18_13_1C_Cycle.xlsx,0.0002695322,0.00031597758152679054
A123_094,25C,120,4.048247814178467,1.0,4.071274757385254,2.362139547164114,0.0,1,24.0,0.0,0.0,2.8855350017547607,12_4_13_1C_Cycle.xlsx,0.0,0.00456224774285097
A123_094,25C,150,4.034950733184815,1.0,4.067058563232422,2.305035104846646,0.0,1,24.0,0.0,0.0,2.8855350017547607,2_4_14_1C_Cycle.xlsx,0.0021906793,0.004272378793460073
A123_094,25C,60,2.549225091934204,0.0,2.503819942474365,-2.4765062520433543,-0.0,1,24.0,0.0,0.0,2.8855350017547607,2_20_14_1C_Cycle.xlsx,0.0007355809,0.04846905699984582
A123_094,25C,30,2.3920905590057373,0.0,2.3920905590057373,-2.4998939078787097,-0.0,1,24.0,0.0,0.0,2.8855350017547607,8_29_13_1C_Cycle.xlsx,0.0002732873,0.00031597758152679054
A123_094,25C,90,2.528144121170044,0.0,2.378468990325928,-2.499886620152104,-0.0,1,24.0,0.0,0.0,2.8855350017547607,11_6_13_1C_Cycle.xlsx,0.0002554953,0.0001889047827147582
A123_094,25C,90,4.047599315643311,1.0,4.067058563232422,2.314330041953703,0.0,1,24.0,0.0,0.0,2.8855350017547607,9_16_13_1C_Cycle.xlsx,0.0006877184,0.0002053687154592098
A123_094,25C,30,4.066410064697266,1.0,4.066410064697266,2.3118969241449654,0.0,1,24.0,0.0,0.0,2.8855350017547607,10_16_13_1C_Cycle.xlsx,0.000783965,2.3591747551615697e-05
A123_094,25C,30,2.3907930850982666,0.0,2.3907930850982666,-2.499901765325795,-0.0,1,24.0,0.0,0.0,2.8855350017547607,8_29_13_1C_Cycle.xlsx,0.00027233362,0.00031597758152679054
A123_094,25C,60,4.060247898101807,1.0,4.069815158843994,2.3439645400996936,0.0,1,24.0,0.0,0.0,2.8855350017547607,11_18_13_1C_Cycle.xlsx,0.0,0.0009348129037409634
A123_094,25C,150,4.033004760742188,1.0,4.066734313964844,2.3160263996330963,0.0,1,24.0,0.0,0.0,2.8855350017547607,8_29_13_1C_Cycle.xlsx,0.00023256242,-2.9311470128476755e-05
A123_094,25C,30,4.068518161773682,1.0,4.068518161773682,2.338997745788411,0.0,1,24.0,0.0,0.0,2.8855350017547607,3_4_14_1C_Cycle.xlsx,7.1287155e-05,0.0007774414737087954
A123_094,25C,60,4.057491302490234,1.0,4.067869663238525,2.324249220072714,0.0,1,24.0,0.0,0.0,2.8855350017547607,1_23_14_1C_Cycle.xlsx,0.0003772229,0.00030319118956292766
A123_094,25C,60,2.480468511581421,0.0,2.399874210357666,-2.499760445901903,-0.0,1,24.0,0.0,0.0,2.8855350017547607,7_24_13_1C_Cycle.xlsx,0.00016203523,0.0005382258564283015
A123_094,25C,60,2.4760901927948,0.0,2.389657974243164,-2.4996705589623285,-0.0,1,24.0,0.0,0.0,2.8855350017547607,8_12_13_1C_Cycle.xlsx,0.00017631054,0.00027461042349351164
A123_094,25C,120,4.039004802703857,1.0,4.066572189331055,2.313304837732041,0.0,1,24.0,0.0,0.0,2.8855350017547607,9_25_13_1C_Cycle.xlsx,0.0002683699,-3.299084074791079e-05
A123_094,25C,90,4.047112941741943,1.0,4.067220687866211,2.310257348167988,0.0,1,24.0,0.0,0.0,2.8855350017547607,7_8_13_1C_Cycle.xlsx,0.00067949295,0.0046765294501244946
A123_094,25C,90,2.5276577472686768,0.0,2.399387836456299,-2.499728275557696,-0.0,1,24.0,0.0,0.0,2.8855350017547607,7_24_13_1C_Cycle.xlsx,0.00043419003,0.0004607529857466502
A123_094,25C,60,2.4877657890319824,0.0,2.394036293029785,-2.499720045339281,-0.0,1,24.0,0.0,0.0,2.8855350017547607,2_4_14_1C_Cycle.xlsx,0.00059881806,0.00027461042349351164
A123_094,25C,60,2.476252317428589,0.0,2.380739212036133,-2.4997368886930134,-0.0,1,24.0,0.0,0.0,2.8855350017547607,1_23_14_1C_Cycle.xlsx,0.00035876036,0.00027461042349351164
A123_094,25C,60,2.5296034812927246,0.0,2.47317123413086,-2.4999026880351773,-0.0,1,24.0,0.0,0.0,2.8855350017547607,12_13_13_1C_Cycle.xlsx,0.0009025037,0.00018026167288213377
A123_094,25C,30,4.069490909576416,1.0,4.069490909576416,2.3383828445354053,0.0,1,24.0,0.0,0.0,2.8855350017547607,3_4_14_1C_Cycle.xlsx,8.183718e-05,0.0010955480240460982
A123_094,25C,150,4.033166885375977,1.0,4.066734313964844,2.3155615339956936,0.0,1,24.0,0.0,0.0,2.8855350017547607,8_29_13_1C_Cycle.xlsx,0.00033393502,-2.9311470128476755e-05
A123_094,25C,30,4.066572189331055,1.0,4.066572189331055,2.313174540940367,0.0,1,24.0,0.0,0.0,2.8855350017547607,10_07_13_1C_Cycle.xlsx,0.0007251501,2.3591747551615697e-05
A123_094,25C,90,4.042409896850586,1.0,4.0680317878723145,2.330756038366282,0.0,1,24.0,0.0,0.0,2.8855350017547607,9_16_13_1C_Cycle.xlsx,0.0,0.00017823468567310883
A123_094,25C,30,4.068680286407471,1.0,4.068680286407471,2.3447852014737616,0.0,1,24.0,0.0,0.0,2.8855350017547607,11_18_13_1C_Cycle.xlsx,8.100271e-05,0.0006904199289377498
A123_094,25C,60,4.057653427124023,1.0,4.067869663238525,2.324269332119033,0.0,1,24.0,0.0,0.0,2.8855350017547607,1_23_14_1C_Cycle.xlsx,0.00044563413,0.00030319118956292766
A123_094,25C,120,2.5560359954833984,0.0,2.386739015579224,-2.499741473405257,-0.0,1,24.0,0.0,0.0,2.8855350017547607,8_29_13_1C_Cycle.xlsx,0.00010108948,8.964915667749628e-05
A123_094,25C,60,2.531873941421509,0.0,2.4773874282836914,-2.477023871440906,-0.0,1,24.0,0.0,0.0,2.8855350017547607,1_23_14_1C_Cycle.xlsx,0.0004067421,0.0002814760463804901
A123_094,25C,30,4.066572189331055,1.0,4.066572189331055,2.331073553108972,0.0,1,24.0,0.0,0.0,2.8855350017547607,9_25_13_1C_Cycle.xlsx,0.00012375414,0.00039982646554059863
A123_094,25C,150,4.033653259277344,1.0,4.066896438598633,2.3276770031627487,0.0,1,24.0,0.0,0.0,2.8855350017547607,11_6_13_1C_Cycle.xlsx,0.0,0.0002293687024157609
A123_094,25C,150,4.033004760742188,1.0,4.067058563232422,2.320042358267875,0.0,1,24.0,0.0,0.0,2.8855350017547607,8_1_13_1C_Cycle.xlsx,0.0,-6.416011376348814e-05
A123_094,25C,30,2.47446870803833,0.0,2.47446870803833,-2.4771739309517296,-0.0,1,24.0,0.0,0.0,2.8855350017547607,12_13_13_1C_Cycle.xlsx,0.0002180934,0.00029601475214002197
A123_094,25C,60,4.05976152420044,1.0,4.069328784942627,2.3385032997711708,0.0,1,24.0,0.0,0.0,2.8855350017547607,3_4_14_1C_Cycle.xlsx,0.0,0.00031006200635577723
A123_094,25C,90,4.0495452880859375,1.0,4.0680317878723145,2.3271805483753942,0.0,1,24.0,0.0,0.0,2.8855350017547607,12_4_13_1C_Cycle.xlsx,0.0003103912,0.0040714369508014015
A123_094,25C,60,2.523279190063477,0.0,2.478684902191162,-2.478602540650906,-0.0,1,24.0,0.0,0.0,2.8855350017547607,7_24_13_1C_Cycle.xlsx,4.2289495e-05,0.0002814760463804901
A123_094,25C,60,4.055220603942871,1.0,4.066085815429688,2.3136232150871248,0.0,1,24.0,0.0,0.0,2.8855350017547607,9_25_13_1C_Cycle.xlsx,0.0007534921,-3.499955132288657e-05
A123_094,25C,30,4.067058563232422,1.0,4.067058563232422,2.3157451907473225,0.0,1,24.0,0.0,0.0,2.8855350017547607,8_29_13_1C_Cycle.xlsx,0.00062306225,0.0004978347607391142
A123_094,25C,30,2.482576608657837,0.0,2.482576608657837,-2.4773009221377857,-0.0,1,24.0,0.0,0.0,2.8855350017547607,12_4_13_1C_Cycle.xlsx,0.0003325194,0.00029601475214002197
A123_094,25C,90,4.053275108337402,1.0,4.07030200958252,2.3434072188654187,0.0,1,24.0,0.0,0.0,2.8855350017547607,12_4_13_1C_Cycle.xlsx,6.583333e-05,0.0005531671995730122
A123_094,25C,120,2.5540900230407715,0.0,2.39176607131958,-2.4996362986235785,-0.0,1,24.0,0.0,0.0,2.8855350017547607,8_12_13_1C_Cycle.xlsx,0.00020208955,8.964915667749628e-05
A123_094,25C,120,4.043545246124268,1.0,4.068680286407471,2.343729460468659,0.0,1,24.0,0.0,0.0,2.8855350017547607,12_4_13_1C_Cycle.xlsx,0.0,-0.0003463228819065331
A123_094,25C,90,2.539981842041016,0.0,2.389171600341797,-2.499921034429675,-0.0,1,24.0,0.0,0.0,2.8855350017547607,2_4_14_1C_Cycle.xlsx,0.0006220639,0.0001889047827147582
A123_094,25C,60,4.057491302490234,1.0,4.067707061767578,2.316939670324325,0.0,1,24.0,0.0,0.0,2.8855350017547607,8_12_13_1C_Cycle.xlsx,0.00096970797,0.002288892884394128
A123_094,25C,30,4.066734313964844,1.0,4.066734313964844,2.3213683292917584,0.0,1,24.0,0.0,0.0,2.8855350017547607,2_4_14_1C_Cycle.xlsx,0.00037407875,0.00027479104433487494
A123_094,25C,30,2.393387794494629,0.0,2.393387794494629,-2.499662611219618,-0.0,1,24.0,0.0,0.0,2.8855350017547607,8_1_13_1C_Cycle.xlsx,0.00026723742,0.0002782400671567091
A123_094,25C,30,2.395495891571045,0.0,2.395495891571045,-2.499897714054913,-0.0,1,24.0,0.0,0.0,2.8855350017547607,1_23_14_1C_Cycle.xlsx,0.00027763844,0.00031597758152679054
A123_094,25C,120,2.561225175857544,0.0,2.380577087402344,-2.499788945859617,-0.0,1,24.0,0.0,0.0,2.8855350017547607,11_18_13_1C_Cycle.xlsx,0.0,-3.908992505288762e-05
A123_094,25C,90,2.5296034812927246,0.0,2.3925769329071045,-2.499727081608128,-0.0,1,24.0,0.0,0.0,2.8855350017547607,11_18_13_1C_Cycle.xlsx,0.0004400909,0.0001971375528118593
A123_094,25C,60,4.059274673461914,1.0,4.06884241104126,2.340089197197686,0.0,1,24.0,0.0,0.0,2.8855350017547607,2_4_14_1C_Cycle.xlsx,0.0,0.0007809410821260966
A123_094,25C,90,4.046950817108154,1.0,4.066734313964844,2.3129805215313786,0.0,1,24.0,0.0,0.0,2.8855350017547607,9_25_13_1C_Cycle.xlsx,0.0005980432,-1.5801127422272285e-05
A123_094,25C,60,2.523603677749634,0.0,2.4760901927948,-2.4783185333855307,-0.0,1,24.0,0.0,0.0,2.8855350017547607,8_12_13_1C_Cycle.xlsx,8.110702e-05,0.0002814760463804901
A123_094,25C,90,2.5500359535217285,0.0,2.423712015151977,-2.49971328940347,-0.0,1,24.0,0.0,0.0,2.8855350017547607,2_20_14_1C_Cycle.xlsx,0.0011687875,7.237887773142346e-05
A123_094,25C,60,2.4772253036499023,0.0,2.381549835205078,-2.4997750225417112,-0.0,1,24.0,0.0,0.0,2.8855350017547607,1_23_14_1C_Cycle.xlsx,0.00038549304,0.0002663776533964107
A123_094,25C,60,4.057328701019287,1.0,4.067544937133789,2.340027851951227,0.0,1,24.0,0.0,0.0,2.8855350017547607,2_4_14_1C_Cycle.xlsx,0.0,0.0010211634127143608
A123_094,25C,90,2.5255496501922607,0.0,2.3963067531585693,-2.499673399150881,-0.0,1,24.0,0.0,0.0,2.8855350017547607,8_1_13_1C_Cycle.xlsx,0.00036281347,0.0006159261457684516
A123_094,25C,60,4.057166576385498,1.0,4.067544937133789,2.312736192687613,0.0,1,24.0,0.0,0.0571426170512523,2.916038238296457,8_19_13_1C_Cycle6.xlsx,0.0012179613,0.0013350688485172673
A123_094,25C,150,4.032193660736084,1.0,4.066085815429688,2.3115235610195426,0.0,1,24.0,0.0,0.0,2.8855350017547607,10_16_13_1C_Cycle.xlsx,0.00041250885,-0.00070786206533202
A123_094,25C,120,4.046463966369629,1.0,4.07030200958252,2.3434072188654187,0.0,1,24.0,0.0,0.0,2.8855350017547607,12_4_13_1C_Cycle.xlsx,0.00020369887,0.0005494935971394194
A123_094,25C,30,4.067544937133789,1.0,4.067544937133789,2.317351604580879,0.0,1,24.0,0.0,0.0,2.8855350017547607,8_12_13_1C_Cycle.xlsx,0.00057289004,0.0011938923415408427
A123_094,25C,60,4.059274673461914,1.0,4.069166660308838,2.3435148252253857,0.0,1,24.0,0.0,0.0,2.8855350017547607,12_13_13_1C_Cycle.xlsx,0.0,0.004815096682230535
A123_094,25C,60,2.52425217628479,0.0,2.4717118740081787,-2.477949139379218,-0.0,1,24.0,0.0,0.0,2.8855350017547607,9_25_13_1C_Cycle.xlsx,0.00017213821,0.0002814760463804901
A123_094,25C,90,4.051004409790039,1.0,4.06884241104126,2.3446367033836197,0.0,1,24.0,0.0,0.0,2.8855350017547607,11_18_13_1C_Cycle.xlsx,0.0,0.00032833537758401887
A123_094,25C,60,2.5224685668945312,0.0,2.47446870803833,-2.4783849380542247,-0.0,1,24.0,0.0,0.0,2.8855350017547607,8_12_13_1C_Cycle.xlsx,5.877018e-05,0.0002814760463804901
A123_094,25C,120,4.043545246124268,1.0,4.068518161773682,2.3449260567835832,0.0,1,24.0,0.0,0.0,2.8855350017547607,11_18_13_1C_Cycle.xlsx,0.0,-0.00010825948275200408
A123_094,25C,60,2.528144121170044,0.0,2.4772253036499023,-2.4778191468774406,-0.0,1,24.0,0.0,0.0,2.8855350017547607,10_07_13_1C_Cycle.xlsx,0.00024940073,0.0002814760463804901
A123_094,25C,120,2.578089952468872,0.0,2.42192816734314,-2.499667686836742,-0.0,1,24.0,0.0,0.0,2.8855350017547607,2_20_14_1C_Cycle.xlsx,0.0013947636,-0.027360571327713492
A123_094,25C,90,4.0516533851623535,1.0,4.06884241104126,2.339470044889471,0.0,1,24.0,0.0,0.0,2.8855350017547607,2_20_14_1C_Cycle.xlsx,0.00014014542,0.0006356287696035958
A123_094,25C,120,2.5712790489196777,0.0,2.3878743648529053,-2.4997750225417112,-0.0,1,24.0,0.0,0.0,2.8855350017547607,1_23_14_1C_Cycle.xlsx,0.0003311336,-0.00016142922816073468
A123_094,25C,30,2.4029552936553955,0.0,2.4029552936553955,-2.499723689030793,-0.0,1,24.0,0.0,0.0,2.8855350017547607,7_24_13_1C_Cycle.xlsx,0.00028654933,0.001727717479714134
A123_094,25C,60,2.5292792320251465,0.0,2.4736578464508057,-2.477221144274137,-0.0,1,24.0,0.0,0.0,2.8855350017547607,12_13_13_1C_Cycle.xlsx,0.0003593564,0.0002814760463804901
A123_094,25C,60,2.4794955253601074,0.0,2.387063503265381,-2.499757188299428,-0.0,1,24.0,0.0,0.0,2.8855350017547607,8_29_13_1C_Cycle.xlsx,0.00037699938,0.0002663776533964107
A123_094,25C,60,4.056193828582764,1.0,4.066734313964844,2.314431393352466,0.0,1,24.0,0.0,0.0,2.8855350017547607,9_16_13_1C_Cycle.xlsx,0.00091281533,5.651600458995285e-05
A123_094,25C,120,2.557657480239868,0.0,2.394036293029785,-2.4997304729793384,-0.0,1,24.0,0.0,0.0,2.8855350017547607,8_29_13_1C_Cycle.xlsx,0.0003220439,-3.08571549557865e-05
A123_094,25C,150,4.034139633178711,1.0,4.067058563232422,2.3246939189923115,0.0,1,24.0,0.0,0.0,2.8855350017547607,12_13_13_1C_Cycle.xlsx,5.8442354e-05,-0.00011934267875663766
A123_094,25C,120,4.04484224319458,1.0,4.068518161773682,2.339363864247213,0.0,1,24.0,0.0,0.0,2.8855350017547607,2_20_14_1C_Cycle.xlsx,0.0004169941,6.800559029103179e-05
A123_094,25C,60,4.059274673461914,1.0,4.069004535675049,2.3443947423691465,0.0,1,24.0,0.0,0.0,2.8855350017547607,11_18_13_1C_Cycle.xlsx,0.0,0.0006785179792141904
A123_094,25C,150,4.033977508544922,1.0,4.0673828125,2.3173125787973405,0.0,1,24.0,0.0,0.0,2.8855350017547607,8_12_13_1C_Cycle.xlsx,0.00033681095,0.00010164203778892156
A123_094,25C,60,4.059436798095703,1.0,4.069004535675049,2.343386646073598,0.0,1,24.0,0.0,0.0,2.8855350017547607,12_13_13_1C_Cycle.xlsx,0.0,0.0051582375072786145
A123_094,25C,90,2.523603677749634,0.0,2.390630960464477,-2.499665862527387,-0.0,1,24.0,0.0,0.0,2.8855350017547607,8_12_13_1C_Cycle.xlsx,0.00028076768,0.0001971375528118593
A123_094,25C,30,2.472360610961914,0.0,2.472360610961914,-2.499762926015768,-0.0,1,24.0,0.0,0.0,2.8855350017547607,11_6_13_1C_Cycle.xlsx,0.0007531047,0.00024077066310884823
A123_094,25C,150,4.041112899780273,1.0,4.070464134216309,2.3422254104262743,0.0,1,24.0,0.0,0.0,2.8855350017547607,12_13_13_1C_Cycle.xlsx,0.00074753165,0.0003142563792091047
A123_094,25C,90,2.528306245803833,0.0,2.399712085723877,-2.4998834479568357,-0.0,1,24.0,0.0,0.0,2.8855350017547607,8_1_13_1C_Cycle.xlsx,0.00045534968,0.0004607529857466502
A123_094,25C,60,2.4835495948791504,0.0,2.3941986560821533,-2.499882792114118,-0.0,1,24.0,0.0,0.0,2.8855350017547607,1_23_14_1C_Cycle.xlsx,0.00041601062,0.0002663776533964107
A123_094,25C,90,4.047275066375732,1.0,4.067058563232422,2.319890379787437,0.0,1,24.0,0.0,0.0,2.8855350017547607,8_1_13_1C_Cycle.xlsx,0.0001540184,0.00021942639833989088
A123_094,25C,30,2.39776611328125,0.0,2.39776611328125,-2.499671970714222,-0.0,1,24.0,0.0,0.0,2.8855350017547607,12_13_13_1C_Cycle.xlsx,0.00027403235,0.000541855500091499
A123_094,25C,90,4.046788215637207,1.0,4.066572189331055,2.316323626546129,0.0,1,24.0,0.0,0.0,2.8855350017547607,8_29_13_1C_Cycle.xlsx,0.00034806132,-0.0001251186842285192
A123_094,25C,90,4.039004802703857,1.0,4.066572189331055,2.3132204276005752,0.0,1,24.0,0.0,0.0,2.8855350017547607,9_25_13_1C_Cycle.xlsx,0.0,0.0063872917620014895
A123_094,25C,90,4.047923564910889,1.0,4.067869663238525,2.3092233940338094,0.0,1,24.0,0.0,0.0,2.8855350017547607,12_4_13_1C_Cycle.xlsx,0.0009058416,-0.002378824154463773
A123_094,25C,60,4.055220603942871,1.0,4.066085815429688,2.31356695080634,0.0,1,24.0,0.0,0.0,2.8855350017547607,9_25_13_1C_Cycle.xlsx,0.00075770915,-3.499955132288657e-05
A123_094,25C,60,4.056193828582764,1.0,4.066734313964844,2.3160263996330963,0.0,1,24.0,0.0,0.0,2.8855350017547607,8_29_13_1C_Cycle.xlsx,0.00078868866,5.651600458995285e-05
A123_094,25C,60,2.53025221824646,0.0,2.478522539138794,-2.499725605534241,-0.0,1,24.0,0.0,0.0,2.8855350017547607,9_25_13_1C_Cycle.xlsx,0.00083857775,0.00018026167288213377
A123_094,25C,30,2.3967931270599365,0.0,2.3967931270599365,-2.499858744124062,-0.0,1,24.0,0.0,0.0,2.8855350017547607,8_1_13_1C_Cycle.xlsx,0.0002783835,0.0005878257845586813
A123_094,25C,120,4.041437149047852,1.0,4.0673828125,2.3426289620712915,0.0,1,24.0,0.0,0.0,2.8855350017547607,1_23_14_1C_Cycle.xlsx,0.0,0.010902774895588106
A123_094,25C,30,2.3963067531585693,0.0,2.3963067531585693,-2.4997156804746337,-0.0,1,24.0,0.0,0.0,2.8855350017547607,11_18_13_1C_Cycle.xlsx,0.00027298927,0.0006970286601133013
A123_094,25C,90,4.046950817108154,1.0,4.066734313964844,2.3129997742591333,0.0,1,24.0,0.0,0.0,2.8855350017547607,10_07_13_1C_Cycle.xlsx,0.0005966276,-1.5801127422272285e-05
A123_094,25C,120,4.039329051971436,1.0,4.066572189331055,2.3129138799964406,0.0,1,24.0,0.0,0.0,2.8855350017547607,10_07_13_1C_Cycle.xlsx,0.0004439056,-7.377479999630638e-05
A123_094,25C,120,4.047112941741943,1.0,4.070788383483887,2.3625595675319686,0.0,1,24.0,0.0,0.0,2.8855350017547607,12_4_13_1C_Cycle.xlsx,0.0,-0.0019469362081253876
A123_094,25C,150,4.033977508544922,1.0,4.067058563232422,2.327526680248625,0.0,1,24.0,0.0,0.0,2.8855350017547607,11_6_13_1C_Cycle.xlsx,0.0,0.0002293687024157609
A123_094,25C,120,2.5581440925598145,0.0,2.3904688358306885,-2.499747083898176,-0.0,1,24.0,0.0,0.0,2.8855350017547607,9_16_13_1C_Cycle.xlsx,0.00023669004,-3.908992505288762e-05
A123_094,25C,90,2.530576467514038,0.0,2.378468990325928,-2.4997368610657014,-0.0,1,24.0,0.0,0.0,2.8855350017547607,12_4_13_1C_Cycle.xlsx,0.00029471517,0.0001971375528118593
A123_094,25C,120,2.583927631378174,0.0,2.426955223083496,-2.4996559799842117,-0.0,1,24.0,0.0,0.0,2.8855350017547607,2_20_14_1C_Cycle.xlsx,0.0016449839,0.060338103468046106
A123_094,25C,30,4.067058563232422,1.0,4.067058563232422,2.3130308997313507,0.0,1,24.0,0.0,0.0,2.8855350017547607,9_25_13_1C_Cycle.xlsx,0.0007608682,0.0004978347607391142
A123_094,25C,120,4.042734146118164,1.0,4.0680317878723145,2.325064345057738,0.0,1,24.0,0.0,0.0,2.8855350017547607,12_4_13_1C_Cycle.xlsx,0.0006288886,-7.955005054725217e-05
A123_094,25C,90,4.046139717102051,1.0,4.066247940063477,2.3170011097024523,0.0,1,24.0,0.0,0.0,2.8855350017547607,8_12_13_1C_Cycle.xlsx,0.000143677,-0.0001251186842285192
A123_094,25C,30,2.387387752532959,0.0,2.387387752532959,-2.499712018791689,-0.0,1,24.0,0.0,0.0,2.8855350017547607,1_23_14_1C_Cycle.xlsx,0.00026395917,0.0002782400671567091
A123_094,25C,60,4.056193828582764,1.0,4.066734313964844,2.3130234830447884,0.0,1,24.0,0.0,0.0,2.8855350017547607,10_07_13_1C_Cycle.xlsx,0.0010270178,5.651600458995285e-05
A123_094,25C,90,4.051004409790039,1.0,4.068680286407471,2.3402180277782936,0.0,1,24.0,0.0,0.0,2.8855350017547607,2_4_14_1C_Cycle.xlsx,0.0,0.0003596220462764771
A123_094,25C,120,4.043707370758057,1.0,4.068193912506104,2.339292532976782,0.0,1,24.0,0.0,0.0,2.8855350017547607,3_4_14_1C_Cycle.xlsx,5.0589442e-05,-7.72395436039806e-05
A123_094,25C,60,2.4734957218170166,0.0,2.377982378005981,-2.4998752190186098,-0.0,1,24.0,0.0,0.0,2.8855350017547607,11_6_13_1C_Cycle.xlsx,0.00029823184,0.0002663776533964107
A123_094,25C,90,4.046463966369629,1.0,4.066572189331055,2.313304837732041,0.0,1,24.0,0.0,0.0,2.8855350017547607,9_25_13_1C_Cycle.xlsx,0.0004053265,-0.0001251186842285192
A123_094,25C,60,4.060247898101807,1.0,4.069653034210205,2.342866259252923,0.0,1,24.0,0.0,0.0,2.8855350017547607,12_13_13_1C_Cycle.xlsx,0.0,-3.551013343895268e-05
A123_094,25C,150,4.036572456359863,1.0,4.0680317878723145,2.324937236511101,0.0,1,24.0,0.0,0.0,2.8855350017547607,12_4_13_1C_Cycle.xlsx,0.0007892847,-0.00023834840374870481
A123_094,25C,60,2.476576805114746,0.0,2.382847309112549,-2.499744984480712,-0.0,1,24.0,0.0,0.0,2.8855350017547607,12_4_13_1C_Cycle.xlsx,0.00033299625,0.00027461042349351164
A123_094,25C,30,4.066734313964844,1.0,4.066734313964844,2.31704515260458,0.0,1,24.0,0.0,0.0,2.8855350017547607,8_12_13_1C_Cycle.xlsx,0.0005466193,0.00022811992354537775
A123_094,25C,60,2.4756038188934326,0.0,2.385279655456543,-2.499731231154057,-0.0,1,24.0,0.0,0.0,2.8855350017547607,9_16_13_1C_Cycle.xlsx,0.00024411082,0.00027461042349351164
A123_094,25C,30,4.066896438598633,1.0,4.066896438598633,2.314565052407059,0.0,1,24.0,0.0,0.0,2.8855350017547607,8_29_13_1C_Cycle.xlsx,0.0006721616,0.0004978347607391142
A123_094,25C,30,2.4884145259857178,0.0,2.4884145259857178,-2.49988894373457,-0.0,1,24.0,0.0,0.0,2.8855350017547607,3_4_14_1C_Cycle.xlsx,0.00094603,0.0005550319331119449
A123_094,25C,150,4.033977508544922,1.0,4.066734313964844,2.3213683292917584,0.0,1,24.0,0.0,0.0,2.8855350017547607,2_4_14_1C_Cycle.xlsx,0.00030949712,1.7359650661021035e-05
A123_094,25C,60,4.058464050292969,1.0,4.0680317878723145,2.3423283579277583,0.0,1,24.0,0.0,0.0,2.8855350017547607,1_23_14_1C_Cycle.xlsx,0.0,0.005812129493114821
A123_094,25C,30,2.4801442623138428,0.0,2.4801442623138428,-2.478699725272893,-0.0,1,24.0,0.0,0.0,2.8855350017547607,7_24_13_1C_Cycle.xlsx,0.00033074617,0.00029601475214002197
A123_094,25C,60,4.060896396636963,1.0,4.0701398849487305,2.3394462757727554,0.0,1,24.0,0.0,0.0,2.8855350017547607,2_4_14_1C_Cycle.xlsx,8.150935e-05,-0.0037039518315460616
A123_094,25C,150,4.034139633178711,1.0,4.067544937133789,2.3215697608946817,0.0,1,24.0,0.0,0.0,2.8855350017547607,7_19_13_1C_Cycle.xlsx,8.109212e-05,0.00010757565624544671
A123_094,25C,30,2.484522581100464,0.0,2.484522581100464,-2.499861238199637,-0.0,1,24.0,0.0,0.0,2.8855350017547607,1_23_14_1C_Cycle.xlsx,0.00089660287,0.00024077066310884823
A123_094,25C,90,4.0474371910095215,1.0,4.066896438598633,2.3324502338884305,0.0,1,24.0,0.0,0.0,2.8855350017547607,9_16_13_1C_Cycle.xlsx,0.0,0.0004446362260970022
A123_094,25C,60,2.48063063621521,0.0,2.394036293029785,-2.4997140502070523,-0.0,1,24.0,0.0,0.0,2.8855350017547607,11_18_13_1C_Cycle.xlsx,0.00028711557,0.00027461042349351164
A123_094,25C,90,4.0495452880859375,1.0,4.0680317878723145,2.324937236511101,0.0,1,24.0,0.0,0.0,2.8855350017547607,12_4_13_1C_Cycle.xlsx,0.00046359003,5.603396802165961e-05
A123_094,25C,30,2.3757121562957764,0.0,2.3757121562957764,-2.499744986628627,-0.0,1,24.0,0.0,0.0,2.8855350017547607,11_6_13_1C_Cycle.xlsx,0.00026896596,0.0003242103516238914
A123_094,25C,120,2.5270090103149414,0.0,2.379117488861084,-2.499862065985183,-0.0,1,24.0,0.0,0.0,2.8855350017547607,7_8_13_1C_Cycle.xlsx,0.0,8.141638658039517e-05
A123_094,25C,120,4.039491176605225,1.0,4.067220687866211,2.310091849615556,0.0,1,24.0,0.0,0.0,2.8855350017547607,7_8_13_1C_Cycle.xlsx,0.0004620403,0.0003392640954558422
A123_094,25C,60,2.5039820671081543,0.0,2.421603918075561,-2.4997065334676583,-0.0,1,24.0,0.0,0.0,2.8855350017547607,2_20_14_1C_Cycle.xlsx,0.0007712692,0.0020995722240718722
A123_094,25C,60,2.474630832672119,0.0,2.378793239593506,-2.499716329574585,-0.0,1,24.0,0.0,0.0,2.8855350017547607,12_13_13_1C_Cycle.xlsx,0.00032648444,0.00027461042349351164
A123_094,25C,60,4.056518077850342,1.0,4.067058563232422,2.315660680073404,0.0,1,24.0,0.0,0.0,2.8855350017547607,8_29_13_1C_Cycle.xlsx,0.00084365904,0.0002520115371323376
A123_094,25C,120,2.557657480239868,0.0,2.3812255859375,-2.499789577669802,-0.0,1,24.0,0.0,0.0,2.8855350017547607,9_25_13_1C_Cycle.xlsx,0.0,-3.908992505288762e-05
A123_094,25C,30,2.390630960464477,0.0,2.390630960464477,-2.499695677717193,-0.0,1,24.0,0.0,0.0,2.8855350017547607,7_15_13_1C_Cycle.xlsx,0.0002655089,0.0002782400671567091
A123_094,25C,60,2.4812793731689453,0.0,2.399387836456299,-2.4995939571316503,-0.0,1,24.0,0.0,0.0,2.8855350017547607,7_19_13_1C_Cycle.xlsx,0.00020328164,0.0005382258564283015
A123_094,25C,150,4.034139633178711,1.0,4.066896438598633,2.330827210314017,0.0,1,24.0,0.0,0.0,2.8855350017547607,10_07_13_1C_Cycle.xlsx,0.0,0.00030475457261957216
A123_094,25C,60,2.480306386947632,0.0,2.393387794494629,-2.4998247623443604,-0.0,1,24.0,0.0,0.0,2.8855350017547607,11_18_13_1C_Cycle.xlsx,0.0002888888,0.0002663776533964107
A123_094,25C,30,2.472684860229492,0.0,2.472684860229492,-2.477939627732747,-0.0,1,24.0,0.0,0.0,2.8855350017547607,9_25_13_1C_Cycle.xlsx,0.0002129823,0.00029601475214002197
A123_094,25C,60,2.4791712760925293,0.0,2.3924148082733154,-2.499713188668956,-0.0,1,24.0,0.0,0.0,2.8855350017547607,8_29_13_1C_Cycle.xlsx,0.00025600195,0.00027461042349351164
A123_094,25C,30,2.391928195953369,0.0,2.391928195953369,-2.4997304729793384,-0.0,1,24.0,0.0,0.0,2.8855350017547607,8_29_13_1C_Cycle.xlsx,0.00026780367,0.0003242103516238914
A123_094,25C,150,4.033815383911133,1.0,4.067220687866211,2.3174079536795618,0.0,1,24.0,0.0,0.0,2.8855350017547607,8_12_13_1C_Cycle.xlsx,0.00031864643,2.7891369870903857e-05
A123_094,25C,120,2.568846702575684,0.0,2.403928279876709,-2.499708224679822,-0.0,1,24.0,0.0,0.0,2.8855350017547607,3_4_14_1C_Cycle.xlsx,0.00077804923,0.00446135884089136
A123_094,25C,90,2.549387216567993,0.0,2.42192816734314,-2.499667686836742,-0.0,1,24.0,0.0,0.0,2.8855350017547607,2_20_14_1C_Cycle.xlsx,0.0011423528,0.0013149743066244864
A123_094,25C,150,4.033166885375977,1.0,4.0673828125,2.322144489823364,0.0,1,24.0,0.0,0.0,2.8855350017547607,7_19_13_1C_Cycle.xlsx,0.0,3.2176248695271e-05
A123_094,25C,120,4.042409896850586,1.0,4.0680317878723145,2.3269528142419182,0.0,1,24.0,0.0,0.0,2.8855350017547607,12_4_13_1C_Cycle.xlsx,0.00033573806,-7.955005054725217e-05
A123_094,25C,60,4.059436798095703,1.0,4.06884241104126,2.3400734791289204,0.0,1,24.0,0.0,0.0,2.8855350017547607,2_4_14_1C_Cycle.xlsx,0.0,0.0007809410821260966
A123_094,25C,90,2.524090051651001,0.0,2.3904688358306885,-2.4996907834349007,-0.0,1,24.0,0.0,0.0,2.8855350017547607,8_12_13_1C_Cycle.xlsx,0.00029189885,0.0001971375528118593
A123_094,25C,90,2.5247387886047363,0.0,2.393063545227051,-2.499667222683246,-0.0,1,24.0,0.0,0.0,2.8855350017547607,8_1_13_1C_Cycle.xlsx,0.00032410026,0.0001971375528118593
A123_094,25C,60,2.449495792388916,0.0,2.368901252746582,-2.499644043015652,-0.0,1,24.0,0.0,0.0,2.8855350017547607,7_5_13_1C_Cycle.xlsx,0.0,0.00027461042349351164
A123_094,25C,60,4.059112548828125,1.0,4.069004535675049,2.3447009798581315,0.0,1,24.0,0.0,0.0,2.8855350017547607,11_18_13_1C_Cycle.xlsx,0.0,0.0006785179792141904
A123_094,25C,60,2.4730091094970703,0.0,2.380739212036133,-2.499717609017296,-0.0,1,24.0,0.0,0.0,2.8855350017547607,9_25_13_1C_Cycle.xlsx,0.00022147596,0.00027461042349351164
A123_094,25C,30,2.399874210357666,0.0,2.399874210357666,-2.499806230903691,-0.0,1,24.0,0.0,0.0,2.8855350017547607,8_1_13_1C_Cycle.xlsx,0.0002823174,0.0005878257845586813
A123_094,25C,120,4.039815425872803,1.0,4.067058563232422,2.317283648073673,0.0,1,24.0,0.0,0.0,2.8855350017547607,8_12_13_1C_Cycle.xlsx,0.00018689036,6.978469689029781e-05
A123_094,25C,90,2.5378737449646,0.0,2.395658016204834,-2.4996963995639407,-0.0,1,24.0,0.0,0.0,2.8855350017547607,3_4_14_1C_Cycle.xlsx,0.0006580949,0.0001971375528118593
A123_094,25C,150,4.039653301239014,1.0,4.069977760314941,2.342997513393052,0.0,1,24.0,0.0,0.0,2.8855350017547607,12_4_13_1C_Cycle.xlsx,0.0001938641,0.0005494935971394194
A123_094,25C,60,4.056680202484131,1.0,4.067544937133789,2.309846359070476,0.0,1,24.0,0.0,0.0,2.8855350017547607,7_8_13_1C_Cycle.xlsx,0.0011868477,0.0016345221719699383
A123_094,25C,30,4.0673828125,1.0,4.0673828125,2.3244067195516367,0.0,1,24.0,0.0,0.0,2.8855350017547607,12_13_13_1C_Cycle.xlsx,0.0002976358,0.000516858565080644
A123_094,25C,30,2.4733333587646484,0.0,2.4733333587646484,-2.4998037878956114,-0.0,1,24.0,0.0,0.0,2.8855350017547607,10_16_13_1C_Cycle.xlsx,0.0007648021,0.00024077066310884823
A123_094,25C,60,4.05830192565918,1.0,4.0680317878723145,2.330756038366282,0.0,1,24.0,0.0,0.0,2.8855350017547607,9_16_13_1C_Cycle.xlsx,0.00025580823,0.0009442527744651216
A123_094,25C,90,2.52571177482605,0.0,2.395820140838623,-2.4996456121787047,-0.0335398534757809,1,24.0,0.0,0.0,2.8855350017547607,8_1_13_1C_Cycle.xlsx,0.0016768575,0.010737796363030806
A123_094,25C,150,4.032680511474609,1.0,4.066247940063477,2.31340408813758,0.0,1,24.0,0.0,0.0,2.8855350017547607,10_07_13_1C_Cycle.xlsx,0.00044582784,-5.634955075275213e-05
A123_094,25C,90,4.046626091003418,1.0,4.066410064697266,2.3120163786879258,0.0,1,24.0,0.0,0.0,2.8855350017547607,10_16_13_1C_Cycle.xlsx,0.0006441176,-0.0001251186842285192
A123_094,25C,120,2.5561981201171875,0.0,2.391279697418213,-2.4997477593629256,-0.0,1,24.0,0.0,0.0,2.8855350017547607,8_29_13_1C_Cycle.xlsx,0.00022640824,8.141638658039517e-05
A123_094,25C,60,4.060410022735596,1.0,4.069977760314941,2.357877690707688,0.0,1,24.0,0.0,0.0,2.8855350017547607,3_4_14_1C_Cycle.xlsx,0.0,0.0005930606644114178
A123_094,25C,120,2.557171106338501,0.0,2.4008471965789795,-2.499727471261962,-0.0,1,24.0,0.0,0.0,2.8855350017547607,8_1_13_1C_Cycle.xlsx,0.00047394633,0.001825889257921231
A123_094,25C,60,2.473982095718384,0.0,2.378793239593506,-2.499716654419899,-0.0,1,24.0,0.0,0.0,2.8855350017547607,10_16_13_1C_Cycle.xlsx,0.00029937923,0.00027461042349351164
A123_094,25C,150,4.035437107086182,1.0,4.067544937133789,2.318859028384874,0.0,1,24.0,0.0,0.0,2.8855350017547607,3_4_14_1C_Cycle.xlsx,0.00088748336,0.00010757565624544671
A123_094,25C,60,2.5274953842163086,0.0,2.472198247909546,-2.477584307808553,-0.0,1,24.0,0.0,0.0,2.8855350017547607,11_6_13_1C_Cycle.xlsx,0.0003093034,0.0002814760463804901
A123_094,25C,60,4.059436798095703,1.0,4.069004535675049,2.3389502052675213,0.0,1,24.0,0.0,0.0,2.8855350017547607,3_4_14_1C_Cycle.xlsx,0.0,0.0007809410821260966
A123_094,25C,60,2.474306344985962,0.0,2.378955364227295,-2.499894144279616,-0.0,1,24.0,0.0,0.0,2.8855350017547607,10_16_13_1C_Cycle.xlsx,0.0003144741,0.0002663776533964107
A123_094,25C,30,2.393387794494629,0.0,2.393387794494629,-2.499772269501645,-0.0,1,24.0,0.0,0.0,2.8855350017547607,8_1_13_1C_Cycle.xlsx,0.0002708137,0.00031597758152679054
A123_094,25C,30,2.3883607387542725,0.0,2.3883607387542725,-2.499848131475777,-0.0,1,24.0,0.0,0.0,2.8855350017547607,8_12_13_1C_Cycle.xlsx,0.00026890635,0.00031597758152679054
A123_094,25C,30,2.4799821376800537,0.0,2.4799821376800537,-2.499826451328313,-0.0,1,24.0,0.0,0.0,2.8855350017547607,2_4_14_1C_Cycle.xlsx,0.00084108114,0.00024077066310884823
A123_094,25C,120,2.5545763969421387,0.0,2.3924148082733154,-2.4994992058852623,-0.0,1,24.0,0.0,0.0,2.8855350017547607,8_12_13_1C_Cycle.xlsx,0.00022605062,8.964915667749628e-05
A123_094,25C,30,2.4006850719451904,0.0,2.4006850719451904,-2.499694157047432,-0.0,1,24.0,0.0,0.0,2.8855350017547607,7_17_13_1C_Cycle.xlsx,0.00028043985,0.002046575904462277
A123_094,25C,60,4.0558695793151855,1.0,4.066247940063477,2.3118058396888173,0.0,1,24.0,0.0,0.0,2.8855350017547607,10_16_13_1C_Cycle.xlsx,0.0011773556,-6.35974118832797e-05
A123_094,25C,60,4.0558695793151855,1.0,4.066410064697266,2.311330937711168,0.0,1,24.0,0.0,0.0,2.8855350017547607,10_16_13_1C_Cycle.xlsx,0.0011400878,-6.35974118832797e-05
A123_094,25C,60,2.549062967300415,0.0,2.5039820671081543,-2.476601632720472,-0.0,1,24.0,0.0,0.0,2.8855350017547607,2_20_14_1C_Cycle.xlsx,0.0007275343,0.0010752017043312383
A123_094,25C,30,2.382198572158813,0.0,2.382198572158813,-2.4997203087587967,-0.0,1,24.0,0.0,0.0,2.8855350017547607,1_23_14_1C_Cycle.xlsx,0.00026378036,0.0002782400671567091
A123_094,25C,60,4.05684232711792,1.0,4.067220687866211,2.332371746602117,0.0,1,24.0,0.0,0.0,2.8855350017547607,9_16_13_1C_Cycle.xlsx,0.0,0.0005097598817655557
A123_094,25C,150,4.033004760742188,1.0,4.067058563232422,2.317922522187233,0.0,1,24.0,0.0,0.0,2.8855350017547607,8_12_13_1C_Cycle.xlsx,1.0848045e-05,-6.416011376348814e-05
A123_094,25C,60,2.4835495948791504,0.0,2.397928237915039,-2.499678542397239,-0.0,1,24.0,0.0,0.0,2.8855350017547607,12_13_13_1C_Cycle.xlsx,0.00033566356,0.0005382258564283015
A123_094,25C,60,4.058139801025391,1.0,4.0680317878723145,2.3270499804565885,0.0,1,24.0,0.0,0.0,2.8855350017547607,12_4_13_1C_Cycle.xlsx,0.00041727722,0.004633832372341551
A123_094,25C,60,4.058139801025391,1.0,4.0680317878723145,2.3248790183688626,0.0,1,24.0,0.0,0.0,2.8855350017547607,12_4_13_1C_Cycle.xlsx,0.0005622953,0.00030319118956292766
A123_094,25C,150,4.034139633178711,1.0,4.067544937133789,2.3214004656930607,0.0,1,24.0,0.0,0.0,2.8855350017547607,7_24_13_1C_Cycle.xlsx,9.101629e-05,0.00010757565624544671
A123_094,25C,150,4.034626483917236,1.0,4.067544937133789,2.3194946087305506,0.0,1,24.0,0.0,0.0,2.8855350017547607,7_24_13_1C_Cycle.xlsx,0.00042313337,0.00010757565624544671
A123_094,25C,90,4.0514912605285645,1.0,4.068680286407471,2.33957623540048,0.0,1,24.0,0.0,0.0,2.8855350017547607,2_20_14_1C_Cycle.xlsx,0.00012333691,0.0006356287696035958
A123_094,25C,30,4.066896438598633,1.0,4.066896438598633,2.3130723618459506,0.0,1,24.0,0.0,0.0,2.8855350017547607,9_25_13_1C_Cycle.xlsx,0.0007492304,0.0004978347607391142
A123_094,25C,150,4.039653301239014,1.0,4.069653034210205,2.343040755352913,0.0,1,24.0,0.0,0.0,2.8855350017547607,12_13_13_1C_Cycle.xlsx,0.0003081262,0.00031300423286318807
A123_094,25C,60,2.507225275039673,0.0,2.426144361495972,-2.4997183585835394,-0.0,1,24.0,0.0,0.0,2.8855350017547607,2_20_14_1C_Cycle.xlsx,0.0008265227,0.0009842271545621559
A123_094,25C,60,4.065598964691162,1.0,4.072896480560303,0.7158301398158073,0.0,1,24.0,0.0,1.0,3.553644180297852,7_17_13_1C_Cycle.xlsx,1.0,0.850018217780936
A123_094,25C,60,4.059112548828125,1.0,4.06884241104126,2.3390151956363727,0.0,1,24.0,0.0,0.0,2.8855350017547607,3_4_14_1C_Cycle.xlsx,0.0,0.0007809410821260966
A123_094,25C,30,2.39322566986084,0.0,2.39322566986084,-2.4997089174058704,-0.0,1,24.0,0.0,0.0,2.8855350017547607,8_12_13_1C_Cycle.xlsx,0.00026854873,0.0002782400671567091
A123_094,25C,60,4.057653427124023,1.0,4.067707061767578,2.331095167420438,0.0,1,24.0,0.0,0.0,2.8855350017547607,9_16_13_1C_Cycle.xlsx,9.638071e-05,0.0013198346566972226
A123_094,25C,30,2.3984148502349854,0.0,2.3984148502349854,-2.499718934566051,-0.0,1,24.0,0.0,0.0,2.8855350017547607,11_18_13_1C_Cycle.xlsx,0.00027671456,0.000541855500091499
A123_094,25C,60,4.060085773468018,1.0,4.069490909576416,2.3421867514650025,0.0,1,24.0,0.0,0.0,2.8855350017547607,12_4_13_1C_Cycle.xlsx,0.0,0.0006269333147805986
A123_094,25C,60,2.511765718460083,0.0,2.467819929122925,-2.4996786852677664,-0.0,1,24.0,0.0,0.0,2.8855350017547607,7_11_13_1C_Cycle.xlsx,0.00031214952,0.0002536608967312478
A123_094,25C,30,4.067869663238525,1.0,4.067869663238525,2.320475739756907,0.0,1,24.0,0.0,0.0,2.8855350017547607,7_19_13_1C_Cycle.xlsx,0.00045481324,0.0003566990426229677
A123_094,25C,30,2.4799821376800537,0.0,2.4799821376800537,-2.4774068264637856,-0.0,1,24.0,0.0,0.0,2.8855350017547607,11_18_13_1C_Cycle.xlsx,0.00029844046,0.00029601475214002197
A123_094,25C,30,4.066734313964844,1.0,4.066734313964844,2.312884275908353,0.0,1,24.0,0.0,0.0,2.8855350017547607,9_25_13_1C_Cycle.xlsx,0.0007497966,0.00022811992354537775
A123_094,25C,120,4.039329051971436,1.0,4.066896438598633,2.3128561571118285,0.0,1,24.0,0.0,0.0,2.8855350017547607,9_25_13_1C_Cycle.xlsx,0.00032147765,-1.1660516129803288e-05
A123_094,25C,120,2.5268468856811523,0.0,2.3778202533721924,-2.49972618709911,-0.0,1,24.0,0.0,0.0,2.8855350017547607,7_8_13_1C_Cycle.xlsx,0.0,8.964915667749628e-05
A123_094,25C,60,4.0558695793151855,1.0,4.066572189331055,2.315750947101943,0.0,1,24.0,0.0,0.0,2.8855350017547607,8_29_13_1C_Cycle.xlsx,0.0007150173,-6.35974118832797e-05
A123_094,25C,60,4.0599236488342285,1.0,4.069490909576416,2.338332123400872,0.0,1,24.0,0.0,0.0,2.8855350017547607,3_4_14_1C_Cycle.xlsx,0.0,0.0012753269123017977
A123_094,25C,90,2.5247387886047363,0.0,2.39322566986084,-2.499682658757919,-0.0339285049161915,1,24.0,0.0,0.0,2.8855350017547607,8_1_13_1C_Cycle.xlsx,0.0012553632,-0.03451306172330286
A123_094,25C,30,2.5047929286956787,0.0,2.5047929286956787,-2.4765464123284566,-0.0,1,24.0,0.0,0.0,2.8855350017547607,2_20_14_1C_Cycle.xlsx,0.0006633997,-0.0427022924352234
A123_094,25C,30,2.3925769329071045,0.0,2.3925769329071045,-2.499691258679639,-0.0,1,24.0,0.0,0.0,2.8855350017547607,11_18_13_1C_Cycle.xlsx,0.00026723742,0.0002782400671567091
A123_094,25C,150,4.036409854888916,1.0,4.0680317878723145,2.32692699816798,0.0,1,24.0,0.0,0.0,2.8855350017547607,12_4_13_1C_Cycle.xlsx,0.00055179,-0.00023834840374870481
A123_094,25C,90,4.047599315643311,1.0,4.067058563232422,2.327686118728974,0.0,1,24.0,0.0,0.0,2.8855350017547607,11_6_13_1C_Cycle.xlsx,0.0,0.0005237510741861255
A123_094,25C,90,4.047112941741943,1.0,4.067220687866211,2.317773662388325,0.0,1,24.0,0.0,0.0,2.8855350017547607,8_12_13_1C_Cycle.xlsx,0.00016091764,0.0002673748155011561
A123_094,25C,120,4.039653301239014,1.0,4.066572189331055,2.311071135473153,0.0,1,24.0,0.0,0.0,2.8855350017547607,10_16_13_1C_Cycle.xlsx,0.00074741244,0.00589640819518849
A123_094,25C,90,2.5294413566589355,0.0,2.3774960041046143,-2.49970647205006,-0.0,1,24.0,0.0,0.0,2.8855350017547607,12_13_13_1C_Cycle.xlsx,0.0002606362,0.0001971375528118593
A123_094,25C,30,2.383171558380127,0.0,2.383171558380127,-2.499765590228866,-0.0,1,24.0,0.0,0.0,2.8855350017547607,10_07_13_1C_Cycle.xlsx,0.00026509166,0.00031597758152679054
A123_094,25C,90,4.0474371910095215,1.0,4.067220687866211,2.320126985805848,0.0,1,24.0,0.0,0.0,2.8855350017547607,8_1_13_1C_Cycle.xlsx,0.00015030801,0.0003114778819742831
A123_094,25C,150,4.033004760742188,1.0,4.066734313964844,2.312632483170658,0.0,1,24.0,0.0,0.0,2.8855350017547607,9_25_13_1C_Cycle.xlsx,0.0004608333,-2.9311470128476755e-05
A123_094,25C,90,4.045977592468262,1.0,4.066410064697266,2.316676195470556,0.0,1,24.0,0.0,0.0,2.8855350017547607,8_12_13_1C_Cycle.xlsx,4.544854e-05,-0.0001251186842285192
A123_094,25C,150,4.038517951965332,1.0,4.069166660308838,2.3435148252253857,0.0,1,24.0,0.0,0.0,2.8855350017547607,12_13_13_1C_Cycle.xlsx,0.0,0.004034203994682073
A123_094,25C,30,4.0680317878723145,1.0,4.0680317878723145,2.3423283579277583,0.0,1,24.0,0.0,0.0,2.8855350017547607,1_23_14_1C_Cycle.xlsx,7.033348e-05,0.005836066985271488
A123_094,25C,30,2.47317123413086,0.0,2.47317123413086,-2.499725605534241,-0.0,1,24.0,0.0,0.0,2.8855350017547607,9_25_13_1C_Cycle.xlsx,0.0007609725,0.00019480037864166557
A123_094,25C,120,4.041112899780273,1.0,4.067544937133789,2.312736192687613,0.0,1,24.0,0.0,0.0571426170512523,2.916038238296457,8_19_13_1C_Cycle6.xlsx,0.0009678304,0.00461103636588634
A123_094,25C,120,2.5558738708496094,0.0,2.38722562789917,-2.499901765325795,-0.0,1,24.0,0.0,0.0,2.8855350017547607,8_29_13_1C_Cycle.xlsx,0.000112921,8.141638658039517e-05
A123_094,25C,90,2.5234413146972656,0.0,2.389820098876953,-2.499005475948597,-0.0,1,24.0,0.0,0.0,2.8855350017547607,8_12_13_1C_Cycle.xlsx,0.00026133657,0.0001971375528118593
A123_094,25C,90,4.0477614402771,1.0,4.067058563232422,2.32757679310416,0.0,1,24.0,0.0,0.0,2.8855350017547607,11_6_13_1C_Cycle.xlsx,0.0,0.0005237510741861255
A123_094,25C,60,2.5253872871398926,0.0,2.47900915145874,-2.4784196423854032,-0.0,1,24.0,0.0,0.0,2.8855350017547607,8_1_13_1C_Cycle.xlsx,0.00011652708,0.0002814760463804901
A123_094,25C,90,2.540630578994751,0.0,2.391603946685791,-2.499819695392502,-0.0,1,24.0,0.0,0.0,2.8855350017547607,2_4_14_1C_Cycle.xlsx,0.00066789985,0.0001889047827147582
A123_094,25C,90,4.047923564910889,1.0,4.0673828125,2.327569208475722,0.0,1,24.0,0.0,0.0,2.8855350017547607,11_6_13_1C_Cycle.xlsx,0.0,0.0005961632938811263
A123_094,25C,30,2.3987390995025635,0.0,2.3987390995025635,-2.499865078500339,-0.0,1,24.0,0.0,0.0,2.8855350017547607,10_16_13_1C_Cycle.xlsx,0.00028198957,0.0005878257845586813
A123_094,25C,90,4.046950817108154,1.0,4.066734313964844,2.3131108662632647,0.0,1,24.0,0.0,0.0,2.8855350017547607,9_25_13_1C_Cycle.xlsx,0.00058832765,-1.5801127422272285e-05
A123_094,25C,30,4.0673828125,1.0,4.0673828125,2.3190070717699,0.0,1,24.0,0.0,0.0,2.8855350017547607,8_1_13_1C_Cycle.xlsx,0.0004927963,0.0005720411300737934
A123_094,25C,30,4.066896438598633,1.0,4.066896438598633,2.313022009478729,0.0,1,24.0,0.0,0.0,2.8855350017547607,9_25_13_1C_Cycle.xlsx,0.0007518977,0.0004978347607391142
A123_094,25C,90,2.538198232650757,0.0,2.4045770168304443,-2.499679509724412,-0.0,1,24.0,0.0,0.0,2.8855350017547607,3_4_14_1C_Cycle.xlsx,0.0007405132,0.004749013789253913
A123_094,25C,30,4.0680317878723145,1.0,4.0680317878723145,2.3394335619451705,0.0,1,24.0,0.0,0.0,2.8855350017547607,2_20_14_1C_Cycle.xlsx,6.774068e-05,0.0005391313299481793
A123_094,25C,150,4.036409854888916,1.0,4.068356037139893,2.3255849212281783,0.0,1,24.0,0.0,0.0,2.8855350017547607,12_4_13_1C_Cycle.xlsx,0.00051671267,0.007149072734955241
A123_094,25C,90,2.5274953842163086,0.0,2.3760364055633545,-2.499753764697484,-0.0,1,24.0,0.0,0.0,2.8855350017547607,10_16_13_1C_Cycle.xlsx,0.00020697713,0.0001889047827147582
A123_094,25C,60,4.05959939956665,1.0,4.069328784942627,2.3413268723364533,0.0,1,24.0,0.0,0.0,2.8855350017547607,1_23_14_1C_Cycle.xlsx,0.0,0.0005232392593472967
A123_094,25C,60,2.493279457092285,0.0,2.445441722869873,-2.499681380169451,-0.0,1,24.0,0.0,0.0,2.8855350017547607,7_5_13_1C_Cycle.xlsx,0.0,0.001046510902642248
A123_094,25C,90,2.5289549827575684,0.0,2.3966310024261475,-2.4997751839393008,-0.0,1,24.0,0.0,0.0,2.8855350017547607,9_25_13_1C_Cycle.xlsx,0.00045377016,0.0004607529857466502
A123_094,25C,120,4.039491176605225,1.0,4.066896438598633,2.32026604308732,0.0,1,24.0,0.0,0.0,2.8855350017547607,8_1_13_1C_Cycle.xlsx,0.0,1.319302641786328e-05
A123_094,25C,150,4.033004760742188,1.0,4.0673828125,2.308196581670871,0.0,1,24.0,0.0,0.0,2.8855350017547607,7_11_13_1C_Cycle.xlsx,0.0005172193,-0.004187783828364698
A123_094,25C,120,2.55733323097229,0.0,2.3781445026397705,-2.499885535873143,-0.0,1,24.0,0.0,0.0,2.8855350017547607,9_25_13_1C_Cycle.xlsx,0.0,-3.908992505288762e-05
A123_094,25C,150,4.038680553436279,1.0,4.068193912506104,2.339539780297823,0.0,1,24.0,0.0,0.0,2.8855350017547607,2_20_14_1C_Cycle.xlsx,0.00067944825,-0.0003351638454017998
A123_094,25C,60,2.4793334007263184,0.0,2.395333766937256,-2.499627103153457,-0.0,1,24.0,0.0,0.0,2.8855350017547607,8_1_13_1C_Cycle.xlsx,0.00020158291,0.00027461042349351164
A123_094,25C,120,2.5317115783691406,0.0,2.370522975921631,-2.4996499181762943,-0.0,1,24.0,0.0,0.0,2.8855350017547607,7_3_13_1C_Cycle.xlsx,0.0,8.964915667749628e-05
A123_094,25C,30,4.066896438598633,1.0,4.066896438598633,2.320157069772009,0.0,1,24.0,0.0,0.0,2.8855350017547607,8_1_13_1C_Cycle.xlsx,0.00042533875,0.00047570476761503433
A123_094,25C,120,4.0477614402771,1.0,4.071112632751465,2.3532100651860235,0.0,1,24.0,0.0,0.0,2.8855350017547607,7_24_13_1C_Cycle.xlsx,0.0,-0.010292437378537316
A123_094,25C,30,4.067058563232422,1.0,4.067058563232422,2.3143256302408086,0.0,1,24.0,0.0,0.0,2.8855350017547607,9_16_13_1C_Cycle.xlsx,0.000693202,0.0004978347607391142
A123_094,25C,60,4.055220603942871,1.0,4.066247940063477,2.3199993533984062,0.0,1,24.0,0.0,0.0,2.8855350017547607,8_1_13_1C_Cycle.xlsx,0.00026407838,-1.9999631758221504e-05
A123_094,25C,30,4.067058563232422,1.0,4.067058563232422,2.317292321026325,0.0,1,24.0,0.0,0.0,2.8855350017547607,8_12_13_1C_Cycle.xlsx,0.000551492,0.0004978347607391142
A123_094,25C,30,4.067220687866211,1.0,4.067220687866211,2.3190687176372324,0.0,1,24.0,0.0,0.0,2.8855350017547607,8_1_13_1C_Cycle.xlsx,0.00048284233,0.002699800323768221
A123_094,25C,60,2.52571177482605,0.0,2.47009015083313,-2.4997682848146985,-0.0,1,24.0,0.0,0.0,2.8855350017547607,10_16_13_1C_Cycle.xlsx,0.0007855892,0.00018026167288213377
A123_094,25C,30,2.4778740406036377,0.0,2.4778740406036377,-2.478315399697749,-0.0,1,24.0,0.0,0.0,2.8855350017547607,8_29_13_1C_Cycle.xlsx,0.00029067695,0.00029601475214002197
A123_094,25C,120,2.523765802383423,0.0,2.368577003479004,-2.499669431654875,-0.0,1,24.0,0.0,0.0,2.8855350017547607,7_5_13_1C_Cycle.xlsx,0.0,8.964915667749628e-05
A123_094,25C,60,2.476738929748535,0.0,2.381387710571289,-2.499756784614073,-0.0,1,24.0,0.0,0.0,2.8855350017547607,1_23_14_1C_Cycle.xlsx,0.00036761165,0.0002663776533964107
A123_094,25C,60,2.494252443313598,0.0,2.446576833724976,-2.479367604553018,-0.0,1,24.0,0.0,0.0,2.8855350017547607,7_5_13_1C_Cycle.xlsx,0.0,0.001046510902642248
A123_094,25C,90,2.5317115783691406,0.0,2.3838202953338623,-2.499708117138256,-0.0,1,24.0,0.0,0.0,2.8855350017547607,12_4_13_1C_Cycle.xlsx,0.0003915131,0.0001971375528118593
A123_094,25C,150,4.032193660736084,1.0,4.066410064697266,2.3132915049791336,0.0,1,24.0,0.0,0.0,2.8855350017547607,9_25_13_1C_Cycle.xlsx,0.0001770407,-5.634955075275213e-05
A123_094,25C,60,2.503009080886841,0.0,2.4049012660980225,-2.4997368886930134,-0.0,1,24.0,0.0,0.0958055932596604,2.937343746821377,1_23_14_1C_Cycle.xlsx,0.0010591596,0.005526293179048616
A123_094,25C,60,2.497333288192749,0.0,2.41284704208374,-2.499719341595968,-0.0,1,24.0,0.0,0.0,2.8855350017547607,2_4_14_1C_Cycle.xlsx,0.00064884126,0.0015049996226587032
A123_094,25C,120,4.040463924407959,1.0,4.0673828125,2.3172605444192884,0.0,1,24.0,0.0,0.0,2.8855350017547607,8_12_13_1C_Cycle.xlsx,0.0003542602,0.000260440390990374
A123_094,25C,30,4.068193912506104,1.0,4.068193912506104,2.339734711406524,0.0,1,24.0,0.0,0.0,2.8855350017547607,2_20_14_1C_Cycle.xlsx,6.780028e-05,0.0005391313299481793
A123_094,25C,120,4.042085647583008,1.0,4.067869663238525,2.324954058343576,0.0,1,24.0,0.0,0.0,2.8855350017547607,12_4_13_1C_Cycle.xlsx,0.00038599968,-7.955005054725217e-05
A123_094,25C,30,4.069815158843994,1.0,4.069815158843994,2.3439645400996936,0.0,1,24.0,0.0,0.0,2.8855350017547607,11_18_13_1C_Cycle.xlsx,7.2583556e-05,-0.0003116802109426335
A123_094,25C,30,2.368901252746582,0.0,2.368901252746582,-2.4997037836342804,-0.0,1,24.0,0.0,0.0,2.8855350017547607,7_5_13_1C_Cycle.xlsx,0.00027814507,0.0002782400671567091
A123_094,25C,30,2.4749550819396973,0.0,2.4749550819396973,-2.4788938254690343,-0.0,1,24.0,0.0,0.0,2.8855350017547607,7_15_13_1C_Cycle.xlsx,0.00026535988,0.00029601475214002197
A123_094,25C,90,2.5229549407958984,0.0,2.401495933532715,-2.499614945912765,-0.0,1,24.0,0.0,0.0,2.8855350017547607,7_24_13_1C_Cycle.xlsx,0.00031107664,0.0015600254932655617
A123_094,25C,60,2.480306386947632,0.0,2.393387794494629,-2.499813365506696,-0.0,1,24.0,0.0,0.0,2.8855350017547607,11_18_13_1C_Cycle.xlsx,0.0002886057,0.0002663776533964107
A123_094,25C,30,2.3812255859375,0.0,2.3812255859375,-2.4997495950850763,-0.0,1,24.0,0.0,0.0,2.8855350017547607,9_25_13_1C_Cycle.xlsx,0.00026506186,0.00031597758152679054
A123_094,25C,120,4.042247772216797,1.0,4.0680317878723145,2.327013533656337,0.0,1,24.0,0.0,0.0,2.8855350017547607,12_4_13_1C_Cycle.xlsx,0.0002593398,0.003935852932232491
A123_094,25C,60,2.502360343933105,0.0,2.455657958984375,-2.479199922531958,-0.0,1,24.0,0.0,0.0,2.8855350017547607,7_8_13_1C_Cycle.xlsx,0.0,0.00031538476386048164
A123_094,25C,60,4.059436798095703,1.0,4.069004535675049,2.3434283402231006,0.0,1,24.0,0.0,0.0,2.8855350017547607,12_13_13_1C_Cycle.xlsx,0.0,0.0051582375072786145
A123_094,25C,120,2.557819604873657,0.0,2.393063545227051,-2.499738330426424,-0.0,1,24.0,0.0,0.0,2.8855350017547607,8_29_13_1C_Cycle.xlsx,0.00030001998,-3.08571549557865e-05
A123_094,25C,60,4.059112548828125,1.0,4.069004535675049,2.3432661892893987,0.0,1,24.0,0.0,0.0805589050697485,2.928538060831992,11_18_13_1C_Cycle.xlsx,0.0,0.0051582375072786145
A123_094,25C,60,2.5297658443450928,0.0,2.480306386947632,-2.477384236738934,-0.0,1,24.0,0.0,0.0,2.8855350017547607,11_18_13_1C_Cycle.xlsx,0.00025999546,0.0002814760463804901
A123_094,25C,120,4.040139675140381,1.0,4.066896438598633,2.327889557583492,0.0,1,24.0,0.0,0.0,2.8855350017547607,11_6_13_1C_Cycle.xlsx,0.0,0.00038816705561721377
A123_094,25C,60,4.056680202484131,1.0,4.066896438598633,2.330725669922415,0.0,1,24.0,0.0,0.0,2.8855350017547607,10_07_13_1C_Cycle.xlsx,1.4603138e-05,0.000645779766063065
A123_094,25C,30,4.067707061767578,1.0,4.067707061767578,2.324317196750233,0.0,1,24.0,0.0,0.0,2.8855350017547607,1_23_14_1C_Cycle.xlsx,0.00031164289,0.0010222604517822957
A123_094,25C,60,4.05684232711792,1.0,4.067220687866211,2.3210462888945704,0.0,1,24.0,0.0,0.0,2.8855350017547607,2_4_14_1C_Cycle.xlsx,0.00054201484,0.0003689165633143964
A123_094,25C,120,2.553441286087036,0.0,2.386414766311645,-2.499760886718487,-0.0,1,24.0,0.0,0.0,2.8855350017547607,8_12_13_1C_Cycle.xlsx,5.3033233e-05,8.141638658039517e-05
A123_094,25C,90,4.0516533851623535,1.0,4.069490909576416,2.343253841830625,0.0,1,24.0,0.0,0.0,2.8855350017547607,12_13_13_1C_Cycle.xlsx,0.0,0.000983202167714447
A123_094,25C,90,4.047275066375732,1.0,4.067058563232422,2.3175597473979,0.0,1,24.0,0.0,0.0,2.8855350017547607,8_12_13_1C_Cycle.xlsx,0.00030115247,0.00021942639833989088
A123_094,25C,60,2.527981996536255,0.0,2.4801442623138428,-2.499731231154057,-0.0,1,24.0,0.0,0.0,2.8855350017547607,9_16_13_1C_Cycle.xlsx,0.00073073804,0.00018026167288213377
A123_094,25C,60,2.542900800704956,0.0,2.496846914291382,-2.476769923133169,-0.0,1,24.0,0.0,0.0,2.8855350017547607,2_4_14_1C_Cycle.xlsx,0.00056636333,0.0024735679640832163
A123_094,25C,30,2.474792957305908,0.0,2.474792957305908,-2.4779253602630398,-0.0,1,24.0,0.0,0.0,2.8855350017547607,10_07_13_1C_Cycle.xlsx,0.00024022162,0.00029601475214002197
A123_094,25C,30,4.067544937133789,1.0,4.067544937133789,2.32693608631106,0.0,1,24.0,0.0,0.0,2.8855350017547607,11_18_13_1C_Cycle.xlsx,0.00023153424,0.0011535206624069525
A123_094,25C,30,2.4835495948791504,0.0,2.4835495948791504,-2.477134854371265,-0.0,1,24.0,0.0,0.0,2.8855350017547607,12_13_13_1C_Cycle.xlsx,0.0003426373,0.00029601475214002197
A123_094,25C,120,4.041923522949219,1.0,4.067869663238525,2.32517146817961,0.0,1,24.0,0.0,0.0,2.8855350017547607,12_4_13_1C_Cycle.xlsx,0.00029733777,-7.955005054725217e-05
A123_094,25C,90,2.5270090103149414,0.0,2.374577045440674,-2.499992422155432,-0.0,1,24.0,0.0,0.0,2.8855350017547607,11_6_13_1C_Cycle.xlsx,0.0001795888,0.0001889047827147582
A123_094,25C,60,4.058139801025391,1.0,4.0680317878723145,2.342535503401325,0.0,1,24.0,0.0,0.0,2.8855350017547607,1_23_14_1C_Cycle.xlsx,0.0,0.012029459462875043
A123_094,25C,60,2.5317115783691406,0.0,2.476901054382324,-2.477018942678644,-0.0,1,24.0,0.0,0.0,2.8855350017547607,1_23_14_1C_Cycle.xlsx,0.00040863454,0.0002814760463804901
A123_094,25C,150,4.032031536102295,1.0,4.066247940063477,2.3116056829198333,0.0,1,24.0,0.0,0.0,2.8855350017547607,10_16_13_1C_Cycle.xlsx,0.00027258694,-5.634955075275213e-05
A123_094,25C,30,2.384955406188965,0.0,2.384955406188965,-2.4997463964782987,-0.0,1,24.0,0.0,0.0,2.8855350017547607,10_07_13_1C_Cycle.xlsx,0.000264436,0.00031597758152679054
A123_094,25C,60,2.524090051651001,0.0,2.472198247909546,-2.4997192083206854,-0.0,1,24.0,0.0,0.0,2.8855350017547607,9_25_13_1C_Cycle.xlsx,0.00068585575,0.00018026167288213377
A123_094,25C,120,2.5602521896362305,0.0,2.399387836456299,-2.499806214601566,-0.0,1,24.0,0.0,0.0,2.8855350017547607,8_1_13_1C_Cycle.xlsx,0.0005016923,0.00021495709271129117
A123_094,25C,30,2.391603946685791,0.0,2.391603946685791,-2.499782431233037,-0.0,1,24.0,0.0,0.0,2.8855350017547607,11_18_13_1C_Cycle.xlsx,0.00026920438,0.00031597758152679054
A123_094,25C,120,2.5539278984069824,0.0,2.3883607387542725,-2.499310748330478,-0.0,1,24.0,0.0,0.0,2.8855350017547607,8_12_13_1C_Cycle.xlsx,0.000110685825,8.964915667749628e-05
A123_094,25C,30,2.476901054382324,0.0,2.476901054382324,-2.477018942678644,-0.0,1,24.0,0.0,0.0,2.8855350017547607,1_23_14_1C_Cycle.xlsx,0.00024707615,0.00029601475214002197
A123_094,25C,120,2.557819604873657,0.0,2.39322566986084,-2.499728060605233,-0.0346415054301781,1,24.0,0.0,0.0,2.8855350017547607,9_16_13_1C_Cycle.xlsx,0.0028148293,0.029757542728782175
A123_094,25C,120,2.55733323097229,0.0,2.3878743648529053,-2.499755010270236,-0.0,1,24.0,0.0,0.0,2.8855350017547607,9_16_13_1C_Cycle.xlsx,0.00015240908,-3.908992505288762e-05
A123_094,25C,90,2.534630537033081,0.0,2.400036334991455,-2.499702653369388,-0.0,1,24.0,0.0,0.0,2.8855350017547607,11_18_13_1C_Cycle.xlsx,0.0006187111,0.0004607529857466502
A123_094,25C,30,2.4812793731689453,0.0,2.4812793731689453,-2.4773632635956995,-0.0,1,24.0,0.0,0.0,2.8855350017547607,11_18_13_1C_Cycle.xlsx,0.0003155768,0.00029601475214002197
A123_094,25C,30,2.496360540390014,0.0,2.496360540390014,-2.4996842035540827,-0.0,1,24.0,0.0,0.0,2.8855350017547607,2_4_14_1C_Cycle.xlsx,0.0010461807,0.007464709609728842
A123_094,25C,90,2.5268468856811523,0.0,2.391928195953369,-2.4997304729793384,-0.0,1,24.0,0.0,0.0,2.8855350017547607,8_29_13_1C_Cycle.xlsx,0.0003694296,0.0001971375528118593
A123_094,25C,120,4.040463924407959,1.0,4.067058563232422,2.327537327629177,0.0,1,24.0,0.0,0.0,2.8855350017547607,11_6_13_1C_Cycle.xlsx,0.0,0.00038816705561721377
A123_094,25C,30,2.480955123901367,0.0,2.480955123901367,-2.478874247330047,-0.0,1,24.0,0.0,0.0,2.8855350017547607,7_17_13_1C_Cycle.xlsx,0.00034603477,0.00029601475214002197
A123_094,25C,30,2.4222524166107178,0.0,2.4222524166107178,-2.499679509724412,-0.0,1,24.0,0.0,0.0,2.8855350017547607,2_20_14_1C_Cycle.xlsx,0.000355348,0.0010271408909217883
A123_094,25C,30,2.469928026199341,0.0,2.469928026199341,-2.499881746532681,-0.0,1,24.0,0.0,0.0,2.8855350017547607,11_6_13_1C_Cycle.xlsx,0.0007300824,0.00024077066310884823
A123_094,25C,120,4.039815425872803,1.0,4.066734313964844,2.315404173347258,0.0,1,24.0,0.0,0.0,2.8855350017547607,8_29_13_1C_Cycle.xlsx,0.00043438375,-1.86955088034723e-05
A123_094,25C,30,2.4749550819396973,0.0,2.38268518447876,-2.4998791281100923,-0.0369097435245573,1,24.0,0.0,0.0,2.8855350017547607,10_07_13_1C_Cycle.xlsx,0.0,-8.211829065121913e-06
A123_094,25C,60,2.478684902191162,0.0,2.3941986560821533,-2.4996224366701565,-0.0,1,24.0,0.0,0.0,2.8855350017547607,8_1_13_1C_Cycle.xlsx,0.00019618869,0.00027461042349351164
A123_094,25C,90,2.5292792320251465,0.0,2.387063503265381,-2.499757188299428,-0.0,1,24.0,0.0,0.0,2.8855350017547607,8_29_13_1C_Cycle.xlsx,0.00038197637,0.0001889047827147582
A123_094,25C,60,2.4794955253601074,0.0,2.3859283924102783,-2.499757591602022,-0.0,1,24.0,0.0,0.0,2.8855350017547607,9_25_13_1C_Cycle.xlsx,0.00039878488,0.0002663776533964107
A123_094,25C,30,4.068680286407471,1.0,4.068680286407471,2.3389090127066563,0.0,1,24.0,0.0,0.0,2.8855350017547607,3_4_14_1C_Cycle.xlsx,7.264316e-05,0.0007774414737087954
A123_094,25C,60,4.056193828582764,1.0,4.066896438598633,2.31433443912888,0.0,1,24.0,0.0,0.0,2.8855350017547607,8_29_13_1C_Cycle.xlsx,0.00084897876,0.0002520115371323376
A123_094,25C,90,4.040139675140381,1.0,4.066896438598633,2.330906331847029,0.0,1,24.0,0.0,0.0,2.8855350017547607,10_07_13_1C_Cycle.xlsx,0.0,0.0004664473072022251
A123_094,25C,60,2.530738592147827,0.0,2.4770631790161133,-2.4997612656773747,-0.0,1,24.0,0.0,0.0,2.8855350017547607,11_6_13_1C_Cycle.xlsx,0.0008818805,0.00018026167288213377
A123_094,25C,90,4.048896312713623,1.0,4.067869663238525,2.325806938048641,0.0,1,24.0,0.0,0.0,2.8855350017547607,12_13_13_1C_Cycle.xlsx,0.00017860532,5.603396802165961e-05
A123_094,25C,30,2.4799821376800537,0.0,2.4799821376800537,-2.4779664987758934,-0.0,1,24.0,0.0,0.0,2.8855350017547607,9_16_13_1C_Cycle.xlsx,0.00031143427,0.00029601475214002197
A123_094,25C,60,4.057166576385498,1.0,4.067544937133789,2.3189468568870946,0.0,1,24.0,0.0,0.0,2.8855350017547607,8_1_13_1C_Cycle.xlsx,0.00071650743,0.0006491152495570785
A123_094,25C,90,4.047112941741943,1.0,4.067058563232422,2.315979766869737,0.0,1,24.0,0.0,0.0,2.8855350017547607,8_29_13_1C_Cycle.xlsx,0.000333637,0.00015046978931909739
A123_094,25C,30,4.067058563232422,1.0,4.067058563232422,2.3055325008463115,0.0,1,24.0,0.0,0.0,2.8855350017547607,7_17_13_1C_Cycle.xlsx,0.0012236983,0.0034656564403368686
A123_094,25C,30,4.067544937133789,1.0,4.067544937133789,2.3244561207218046,0.0,1,24.0,0.0,0.0,2.8855350017547607,12_13_13_1C_Cycle.xlsx,0.0003016889,0.0010222604517822957
A123_094,25C,60,2.5266847610473637,0.0,2.470414638519287,-2.4775939850483804,-0.0,1,24.0,0.0,0.0,2.8855350017547607,11_6_13_1C_Cycle.xlsx,0.00030636787,0.0002814760463804901
A123_094,25C,60,2.5289549827575684,0.0,2.4717118740081787,-2.4773888405997657,-0.0,1,24.0,0.0,0.0,2.8855350017547607,12_13_13_1C_Cycle.xlsx,0.00038820505,0.0002814760463804901
A123_094,25C,150,4.033653259277344,1.0,4.067058563232422,2.3296484018365544,0.0,1,24.0,0.0,0.0,2.8855350017547607,10_16_13_1C_Cycle.xlsx,0.0,0.00046456902574702573
A123_094,25C,30,2.4793334007263184,0.0,2.4793334007263184,-2.4785926837614203,-0.0,1,24.0,0.0,0.0,2.8855350017547607,8_1_13_1C_Cycle.xlsx,0.0003170818,0.00029601475214002197
A123_094,25C,150,4.036734580993652,1.0,4.068193912506104,2.345118968226647,0.0,1,24.0,0.0,0.0,2.8855350017547607,11_18_13_1C_Cycle.xlsx,0.0,-0.00030459574878761417
A123_094,25C,60,2.5328469276428223,0.0,2.484522581100464,-2.499665245279536,-0.0,1,24.0,0.0,0.0,2.8855350017547607,11_6_13_1C_Cycle.xlsx,0.0008562803,0.0002814760463804901
A123_094,25C,30,2.471063137054444,0.0,2.471063137054444,-2.499800772793525,-0.0,1,24.0,0.0,0.0,2.8855350017547607,9_25_13_1C_Cycle.xlsx,0.00074005127,0.00024077066310884823
A123_094,25C,90,4.047599315643311,1.0,4.067058563232422,2.332376186048887,0.0,1,24.0,0.0,0.0,2.8855350017547607,9_16_13_1C_Cycle.xlsx,0.0,0.0004554320857639876
A123_094,25C,30,4.066734313964844,1.0,4.066734313964844,2.315991425526238,0.0,1,24.0,0.0,0.0,2.8855350017547607,8_29_13_1C_Cycle.xlsx,0.00059464574,0.00022811992354537775
A123_094,25C,30,4.066734313964844,1.0,4.066734313964844,2.3134292571759616,0.0,1,24.0,0.0,0.0,2.8855350017547607,10_07_13_1C_Cycle.xlsx,0.000721097,0.00022811992354537775
A123_094,25C,30,4.0680317878723145,1.0,4.0680317878723145,2.3271805483753942,0.0,1,24.0,0.0,0.0,2.8855350017547607,12_4_13_1C_Cycle.xlsx,0.00023946166,0.0048399591916036145
A123_094,25C,150,4.033004760742188,1.0,4.066572189331055,2.313005682386336,0.0,1,24.0,0.0,0.0,2.8855350017547607,10_07_13_1C_Cycle.xlsx,0.0004993677,-5.634955075275213e-05
A123_094,25C,30,2.3984148502349854,0.0,2.3984148502349854,-2.499734401702881,-0.0,1,24.0,0.0,0.0,2.8855350017547607,8_29_13_1C_Cycle.xlsx,0.0002771914,0.0005878257845586813
A123_094,25C,120,2.564306259155273,0.0,2.3799283504486084,-2.4997015432877974,-0.0,1,24.0,0.0,0.0,2.8855350017547607,12_4_13_1C_Cycle.xlsx,0.0,-3.08571549557865e-05
A123_094,25C,150,4.033166885375977,1.0,4.066896438598633,2.3279487444948748,0.0,1,24.0,0.0,0.0,2.8855350017547607,11_6_13_1C_Cycle.xlsx,0.0,0.0002293687024157609
A123_094,25C,30,2.4138200283050537,0.0,2.4138200283050537,-2.4997026081438416,-0.0,1,24.0,0.0,0.0,2.8855350017547607,2_4_14_1C_Cycle.xlsx,0.0003196299,0.0014856296109382432
A123_094,25C,120,2.5602521896362305,0.0,2.399387836456299,-2.499621255977733,-0.0,1,24.0,0.0,0.0,2.8855350017547607,12_4_13_1C_Cycle.xlsx,0.00050091743,0.00021495709271129117
A123_094,25C,90,2.5296034812927246,0.0,2.377171516418457,-2.4998559778386897,-0.038661609117857,1,24.0,0.0,0.0,2.8855350017547607,12_13_13_1C_Cycle.xlsx,0.0,0.001832426207022524
A123_094,25C,60,2.478684902191162,0.0,2.38884711265564,-2.499751496959377,-0.0,1,24.0,0.0,0.0,2.8855350017547607,11_18_13_1C_Cycle.xlsx,0.00030711293,0.0002663776533964107
A123_094,25C,150,4.042896747589111,1.0,4.070950508117676,2.362165793394431,0.0,1,24.0,0.0,0.0,2.8855350017547607,12_4_13_1C_Cycle.xlsx,2.0891428e-05,-0.0015425582887470314
A123_094,25C,60,4.056355953216553,1.0,4.066734313964844,2.315449341650932,0.0,1,24.0,0.0,0.0,2.8855350017547607,8_29_13_1C_Cycle.xlsx,0.00091798604,5.651600458995285e-05
A123_094,25C,30,4.068518161773682,1.0,4.068518161773682,2.339622194633672,0.0,1,24.0,0.0,0.0,2.8855350017547607,2_20_14_1C_Cycle.xlsx,6.93351e-05,0.0007774414737087954
A123_094,25C,90,4.047275066375732,1.0,4.066896438598633,2.331306523589556,0.0,1,24.0,0.0,0.0,2.8855350017547607,10_07_13_1C_Cycle.xlsx,0.0,0.0005883410847229519
A123_094,25C,30,4.067544937133789,1.0,4.067544937133789,2.3190841178099317,0.0,1,24.0,0.0,0.0,2.8855350017547607,3_4_14_1C_Cycle.xlsx,0.00049705803,0.0010774430167754452
A123_094,25C,90,4.0474371910095215,1.0,4.067058563232422,2.3171564294099807,0.0,1,24.0,0.0,0.0,2.8855350017547607,8_12_13_1C_Cycle.xlsx,0.000401482,0.00019457285579222428
A123_094,25C,30,4.0673828125,1.0,4.0673828125,2.322013613276594,0.0,1,24.0,0.0,0.0,2.8855350017547607,7_19_13_1C_Cycle.xlsx,0.00037667155,0.0005720411300737934
A123_094,25C,60,2.4734957218170166,0.0,2.377009391784668,-2.499860906600952,-0.0,1,24.0,0.0,0.0,2.8855350017547607,12_13_13_1C_Cycle.xlsx,0.0003158152,0.0002663776533964107
A123_094,25C,150,4.039004802703857,1.0,4.068680286407471,2.3395334391348195,0.0,1,24.0,0.0,0.0,2.8855350017547607,2_20_14_1C_Cycle.xlsx,0.00063717365,0.00010708729212188599
A123_094,25C,120,4.039977550506592,1.0,4.067058563232422,2.317202701985836,0.0,1,24.0,0.0,0.0,2.8855350017547607,8_12_13_1C_Cycle.xlsx,0.0002618581,6.978469689029781e-05
A123_094,25C,30,2.4749550819396973,0.0,2.4749550819396973,-2.477920604439804,-0.0,1,24.0,0.0,0.0,2.8855350017547607,10_07_13_1C_Cycle.xlsx,0.00024226308,0.00029601475214002197
A123_094,25C,90,2.5247387886047363,0.0,2.3880364894866943,-2.499768188725347,-0.0,1,24.0,0.0,0.0,2.8855350017547607,8_29_13_1C_Cycle.xlsx,0.00029045343,0.0001889047827147582
A123_094,25C,90,4.045004844665527,1.0,4.065761566162109,2.2800410211758506,0.0,1,24.0,0.0,0.0,2.8855350017547607,7_5_13_1C_Cycle.xlsx,0.0032142103,0.0015872405404277964
A123_094,25C,60,2.47900915145874,0.0,2.395009279251098,-2.499759910453079,-0.0,1,24.0,0.0,0.0,2.8855350017547607,8_1_13_1C_Cycle.xlsx,0.00019747019,0.0002663776533964107
A123_094,25C,150,4.033166885375977,1.0,4.066896438598633,2.3129005739923385,0.0,1,24.0,0.0,0.0,2.8855350017547607,9_25_13_1C_Cycle.xlsx,0.0004543513,-8.901365631115468e-05
A123_094,25C,60,2.5500359535217285,0.0,2.505117177963257,-2.4997014665158,-0.0,1,24.0,0.0,0.0,2.8855350017547607,2_20_14_1C_Cycle.xlsx,0.0012581348,0.05786588543097042
A123_094,25C,150,4.038193702697754,1.0,4.069328784942627,2.3369926352586066,0.0,1,24.0,0.0,0.0,2.8855350017547607,7_24_13_1C_Cycle.xlsx,0.00018572807,0.001539102031317525
A123_094,25C,150,4.035274982452393,1.0,4.067869663238525,2.324457717120138,0.0,1,24.0,0.0,0.0,2.8855350017547607,1_23_14_1C_Cycle.xlsx,0.0002593696,-0.00023834840374870481
A123_094,25C,30,4.0680317878723145,1.0,4.0680317878723145,2.3425978117718778,0.0,1,24.0,0.0,0.0,2.8855350017547607,1_23_14_1C_Cycle.xlsx,7.139146e-05,0.012604630169892366
A123_094,25C,150,4.037869453430176,1.0,4.068518161773682,2.342002839106938,0.0,1,24.0,0.0,0.0,2.8855350017547607,1_23_14_1C_Cycle.xlsx,2.9549003e-05,0.005488846959304498
A123_094,25C,30,4.066410064697266,1.0,4.066410064697266,2.313019016604932,0.0,1,24.0,0.0,0.0,2.8855350017547607,9_25_13_1C_Cycle.xlsx,0.0007240176,2.3591747551615697e-05
A123_094,25C,30,4.0680317878723145,1.0,4.0680317878723145,2.323637751878327,0.0,1,24.0,0.0,0.0,2.8855350017547607,1_23_14_1C_Cycle.xlsx,0.00034546852,0.00030151647762981823
A123_094,25C,30,4.071112632751465,1.0,4.071112632751465,2.3623233003876147,0.0,1,24.0,0.0,0.0,2.8855350017547607,12_4_13_1C_Cycle.xlsx,0.000400275,-0.002107876513112404
A123_094,25C,150,4.033166885375977,1.0,4.066734313964844,2.3130368242864727,0.0,1,24.0,0.0,0.0,2.8855350017547607,10_07_13_1C_Cycle.xlsx,0.00050988793,-2.9311470128476755e-05
A123_094,25C,60,4.056355953216553,1.0,4.066896438598633,2.327889557583492,0.0,1,24.0,0.0,0.0,2.8855350017547607,11_6_13_1C_Cycle.xlsx,4.7773123e-05,0.0005703938958592532
A123_094,25C,60,4.0558695793151855,1.0,4.066410064697266,2.311911851044529,0.0,1,24.0,0.0,0.0,2.8855350017547607,10_16_13_1C_Cycle.xlsx,0.0010906905,-6.35974118832797e-05
A123_094,25C,30,2.378793239593506,0.0,2.378793239593506,-2.4998727414460307,-0.0,1,24.0,0.0,0.0,2.8855350017547607,9_25_13_1C_Cycle.xlsx,0.00027045608,0.00031597758152679054
A123_094,25C,120,4.038031578063965,1.0,4.066410064697266,2.2996341393589974,0.0,1,24.0,0.0,0.0,2.8855350017547607,8_12_13_1C_Cycle.xlsx,0.0008647144,0.002462932160243507
A123_094,25C,120,4.042734146118164,1.0,4.0680317878723145,2.326761500362088,0.0,1,24.0,0.0,0.0,2.8855350017547607,12_4_13_1C_Cycle.xlsx,0.00050216913,-7.955005054725217e-05
A123_094,25C,60,4.056193828582764,1.0,4.066896438598633,2.3128887264699234,0.0,1,24.0,0.0,0.0,2.8855350017547607,9_25_13_1C_Cycle.xlsx,0.0009637177,0.0002520115371323376
A123_094,25C,120,2.563981771469116,0.0,2.389009475708008,-2.499721258336848,-0.0,1,24.0,0.0,0.0,2.8855350017547607,12_4_13_1C_Cycle.xlsx,0.00028064847,-3.08571549557865e-05
A123_094,25C,120,4.045815467834473,1.0,4.069653034210205,2.342866259252923,0.0,1,24.0,0.0,0.0,2.8855350017547607,12_13_13_1C_Cycle.xlsx,0.00019359589,0.00031300423286318807
A123_094,25C,60,2.540468454360962,0.0,2.4861443042755127,-2.499948058172921,-0.0,1,24.0,0.0,0.0,2.8855350017547607,2_4_14_1C_Cycle.xlsx,0.0011512339,0.0004945229428852309
A123_094,25C,30,2.476576805114746,0.0,2.476576805114746,-2.4998999253838465,-0.0,1,24.0,0.0,0.0,2.8855350017547607,10_07_13_1C_Cycle.xlsx,0.0008035302,0.00024077066310884823
A123_094,25C,90,4.050680160522461,1.0,4.06884241104126,2.344731614877612,0.0,1,24.0,0.0,0.0,2.8855350017547607,11_18_13_1C_Cycle.xlsx,0.0,0.00032833537758401887
A123_094,25C,60,4.057491302490234,1.0,4.067707061767578,2.338779138384667,0.0,1,24.0,0.0,0.0,2.8855350017547607,3_4_14_1C_Cycle.xlsx,0.0,0.0010211634127143608
A123_094,25C,60,4.057004451751709,1.0,4.067544937133789,2.3215825531309044,0.0,1,24.0,0.0,0.0,2.8855350017547607,7_24_13_1C_Cycle.xlsx,0.00045663118,0.001425851447449474
A123_094,25C,120,4.043869495391846,1.0,4.069004535675049,2.337458620232249,0.0,1,24.0,0.0,0.0,2.8855350017547607,7_24_13_1C_Cycle.xlsx,0.0,0.013078488441988417
A123_094,25C,150,4.032842636108398,1.0,4.066734313964844,2.3129805215313786,0.0,1,24.0,0.0,0.0,2.8855350017547607,9_25_13_1C_Cycle.xlsx,0.00036117435,-2.9311470128476755e-05
A123_094,25C,150,4.033491134643555,1.0,4.067220687866211,2.317624775707721,0.0,1,24.0,0.0,0.0,2.8855350017547607,8_12_13_1C_Cycle.xlsx,0.00016579032,2.7891369870903857e-05
A123_094,25C,60,2.5377116203308105,0.0,2.4874415397644043,-2.4997031554997524,-0.0,1,24.0,0.0,0.0,2.8855350017547607,3_4_14_1C_Cycle.xlsx,0.0010078847,0.0004945229428852309
A123_094,25C,120,4.039329051971436,1.0,4.066896438598633,2.320157069772009,0.0,1,24.0,0.0,0.0,2.8855350017547607,8_1_13_1C_Cycle.xlsx,0.0,1.319302641786328e-05
A123_094,25C,120,4.04176139831543,1.0,4.067707061767578,2.324281655634061,0.0,1,24.0,0.0,0.0,2.8855350017547607,1_23_14_1C_Cycle.xlsx,0.00034549832,0.00021119144445374999
A123_094,25C,60,2.5043063163757324,0.0,2.4220902919769287,-2.499742002130669,-0.0,1,24.0,0.0,0.0,2.8855350017547607,2_20_14_1C_Cycle.xlsx,0.00077688694,0.0020995722240718722
A123_094,25C,60,2.480468511581421,0.0,2.393549919128418,-2.4997140523549675,-0.0,1,24.0,0.0,0.0,2.8855350017547607,11_18_13_1C_Cycle.xlsx,0.00028982759,0.00027461042349351164
A123_094,25C,120,4.039977550506592,1.0,4.067058563232422,2.319537615787888,0.0,1,24.0,0.0,0.0,2.8855350017547607,8_1_13_1C_Cycle.xlsx,0.00011527538,9.463823943796443e-05
A123_094,25C,30,4.067058563232422,1.0,4.067058563232422,2.332451699576417,0.0,1,24.0,0.0,0.0,2.8855350017547607,9_16_13_1C_Cycle.xlsx,0.00011211634,0.001112698029524954
A123_094,25C,30,4.0680317878723145,1.0,4.0680317878723145,2.342535503401325,0.0,1,24.0,0.0,0.0,2.8855350017547607,1_23_14_1C_Cycle.xlsx,7.113814e-05,0.012604630169892366
A123_094,25C,90,2.5310630798339844,0.0,2.382198572158813,-2.4999036225405606,-0.0,1,24.0,0.0,0.0,2.8855350017547607,12_4_13_1C_Cycle.xlsx,0.00035998225,0.0001889047827147582
A123_094,25C,60,4.071436882019043,1.0,4.0784101486206055,0.3138789320364594,0.0,1,24.0,0.0,1.0,3.553644180297852,6_28_13_1C_Cycle.xlsx,0.97310126,0.9846958469089349
A123_094,25C,120,4.040788650512695,1.0,4.067220687866211,2.3278273116139805,0.0,1,24.0,0.0,0.0,2.8855350017547607,10_16_13_1C_Cycle.xlsx,0.0,0.00045629439648784694
A123_094,25C,30,4.075815200805664,1.0,4.075815200805664,0.897240420182546,0.0,1,24.0,0.0,1.0,3.553644180297852,10_07_13_1C_Cycle.xlsx,0.9949815,1.0194550030401355
A123_094,25C,30,2.4222524166107178,0.0,2.4222524166107178,-2.4997335572109045,-0.0,1,24.0,0.0,0.0,2.8855350017547607,2_20_14_1C_Cycle.xlsx,0.00035697222,0.0009997119515398562
A123_094,25C,60,2.5250630378723145,0.0,2.473982095718384,-2.499743913349352,-0.0,1,24.0,0.0,0.0,2.8855350017547607,9_16_13_1C_Cycle.xlsx,0.0006994009,0.00018026167288213377
A123_094,25C,60,2.549225091934204,0.0,2.504144191741944,-2.4766836266358885,-0.0,1,24.0,0.0,0.0,2.8855350017547607,2_20_14_1C_Cycle.xlsx,0.000734061,0.0010752017043312383
A123_094,25C,30,2.390630960464477,0.0,2.390630960464477,-2.499665862527387,-0.0,1,24.0,0.0,0.0,2.8855350017547607,8_12_13_1C_Cycle.xlsx,0.00026454031,0.0002782400671567091
A123_094,25C,150,4.033004760742188,1.0,4.066734313964844,2.312933157152328,0.0,1,24.0,0.0,0.0,2.8855350017547607,9_25_13_1C_Cycle.xlsx,0.00043959916,-2.9311470128476755e-05
A123_094,25C,150,4.037545204162598,1.0,4.068518161773682,2.339386050376976,0.0,1,24.0,0.0,0.0,2.8855350017547607,3_4_14_1C_Cycle.xlsx,5.491078e-05,0.0002503363540271164
A123_094,25C,90,4.048572063446045,1.0,4.067220687866211,2.327184933095665,0.0,1,24.0,0.0,0.0838225330841476,2.9302802144547084,11_6_13_1C_Cycle.xlsx,0.0001847297,0.004367334546658959
A123_094,25C,60,2.470252513885498,0.0,2.375063419342041,-2.499869542839253,-0.0,1,24.0,0.0,0.0,2.8855350017547607,9_25_13_1C_Cycle.xlsx,0.00021743774,0.0002663776533964107
A123_094,25C,60,4.057166576385498,1.0,4.067707061767578,2.334852759395876,0.0,1,24.0,0.0,0.0,2.8855350017547607,8_12_13_1C_Cycle.xlsx,0.0,0.0014254949960960377
A123_094,25C,30,4.069004535675049,1.0,4.069004535675049,2.3415963241252404,0.0,1,24.0,0.0,0.0,2.8855350017547607,1_23_14_1C_Cycle.xlsx,6.853044e-05,0.0009709552581276138
A123_094,25C,30,2.4833874702453613,0.0,2.4833874702453613,-2.499906598397021,-0.0,1,24.0,0.0,0.0,2.8855350017547607,3_4_14_1C_Cycle.xlsx,0.0008838177,0.00024077066310884823
A123_094,25C,60,4.060572147369385,1.0,4.069977760314941,2.357975228763787,0.0,1,24.0,0.0,0.0,2.8855350017547607,3_4_14_1C_Cycle.xlsx,0.0,0.0005930606644114178
A123_094,25C,60,4.059274673461914,1.0,4.06884241104126,2.3438159329896298,0.0,1,24.0,0.0,0.0,2.8855350017547607,12_13_13_1C_Cycle.xlsx,0.0,0.0004404545800596611
A123_094,25C,60,2.54079270362854,0.0,2.486468553543091,-2.4997622699381035,-0.0,1,24.0,0.0,0.0,2.8855350017547607,2_4_14_1C_Cycle.xlsx,0.0011556894,0.0004945229428852309
A123_094,25C,90,2.5249009132385254,0.0,2.3812255859375,-2.499789577669802,-0.0,1,24.0,0.0,0.0,2.8855350017547607,9_25_13_1C_Cycle.xlsx,0.00022865832,0.0001889047827147582
A123_094,25C,150,4.036734580993652,1.0,4.0680317878723145,2.33959049293608,0.0,1,24.0,0.0,0.0,2.8855350017547607,3_4_14_1C_Cycle.xlsx,0.0,-0.0004125169855831522
A123_094,25C,30,2.374901294708252,0.0,2.374901294708252,-2.49977096841355,-0.0,1,24.0,0.0,0.0,2.8855350017547607,7_8_13_1C_Cycle.xlsx,0.0002707988,0.00031597758152679054
A123_094,25C,90,4.047112941741943,1.0,4.066734313964844,2.315602326525315,0.0,1,24.0,0.0,0.0,2.8855350017547607,8_29_13_1C_Cycle.xlsx,0.00048592687,-4.502574322328785e-05
A123_094,25C,90,2.5558738708496094,0.0,2.4047391414642334,-2.4998347103048904,-0.0,1,24.0,0.0,0.0927144074875381,2.935471040997363,12_4_13_1C_Cycle.xlsx,0.0011557192,0.022048424802011413
A123_094,25C,60,4.057328701019287,1.0,4.067869663238525,2.3249176272241643,0.0,1,24.0,0.0,0.0,2.8855350017547607,7_11_13_1C_Cycle.xlsx,0.000269562,0.00030319118956292766
A123_094,25C,60,2.543225049972534,0.0,2.493117094039917,-2.4765966126848338,-0.0,1,24.0,0.0,0.0,2.8855350017547607,2_4_14_1C_Cycle.xlsx,0.00064367056,0.0015908812502326158
A123_094,25C,60,2.4772253036499023,0.0,2.3820364475250244,-2.499771706554868,-0.0,1,24.0,0.0,0.0,2.8855350017547607,1_23_14_1C_Cycle.xlsx,0.00037634373,0.0002663776533964107
A123_094,25C,30,2.3886849880218506,0.0,2.3886849880218506,-2.4997367589370065,-0.0,1,24.0,0.0,0.0,2.8855350017547607,8_29_13_1C_Cycle.xlsx,0.0002654493,0.0003242103516238914
A123_094,25C,120,2.5732250213623047,0.0,2.3922526836395264,-2.4997909826653024,-0.0,1,24.0,0.0,0.0,2.8855350017547607,2_4_14_1C_Cycle.xlsx,0.0005039722,-0.00016142922816073468
A123_094,25C,30,4.066896438598633,1.0,4.066896438598633,2.310549710827474,0.0,1,24.0,0.0,0.0,2.8855350017547607,7_5_13_1C_Cycle.xlsx,0.0008902252,0.001969339038927409
A123_094,25C,30,4.0673828125,1.0,4.0673828125,2.321666864791642,0.0,1,24.0,0.0,0.0,2.8855350017547607,2_4_14_1C_Cycle.xlsx,0.00038911402,0.0005720411300737934
A123_094,25C,30,4.067058563232422,1.0,4.067058563232422,2.3309944263420816,0.0,1,24.0,0.0,0.0,2.8855350017547607,9_25_13_1C_Cycle.xlsx,0.00013408065,0.001256402888150904
A123_094,25C,150,4.032193660736084,1.0,4.066410064697266,2.3132130207463364,0.0,1,24.0,0.0,0.0,2.8855350017547607,9_25_13_1C_Cycle.xlsx,0.00018189847,-5.634955075275213e-05
A123_094,25C,60,2.528144121170044,0.0,2.4773874282836914,-2.4997383999613536,-0.0,1,24.0,0.0,0.0,2.8855350017547607,10_07_13_1C_Cycle.xlsx,0.00077179074,0.00018026167288213377
A123_094,25C,30,2.4485228061676025,0.0,2.4485228061676025,-2.499684036755171,-0.0,1,24.0,0.0,0.0,2.8855350017547607,7_3_13_1C_Cycle.xlsx,0.0005250871,0.0010271408909217883
A123_094,25C,150,4.037545204162598,1.0,4.069004535675049,2.337458620232249,0.0,1,24.0,0.0,0.0,2.8855350017547607,7_24_13_1C_Cycle.xlsx,9.655952e-06,0.0132608192057245
A123_094,25C,60,2.531873941421509,0.0,2.4773874282836914,-2.47703044356736,-0.0,1,24.0,0.0,0.0,2.8855350017547607,1_23_14_1C_Cycle.xlsx,0.0004068911,0.0002814760463804901
A123_094,25C,150,4.033166885375977,1.0,4.066734313964844,2.311420593503093,0.0,1,24.0,0.0,0.0,2.8855350017547607,10_16_13_1C_Cycle.xlsx,0.0006297827,-2.9311470128476755e-05
A123_094,25C,120,4.039653301239014,1.0,4.067058563232422,2.315819497070005,0.0,1,24.0,0.0,0.0,2.8855350017547607,8_29_13_1C_Cycle.xlsx,0.0002105087,0.0008130934363324418
A123_094,25C,60,2.48063063621521,0.0,2.394036293029785,-2.499810109267364,-0.0,1,24.0,0.0,0.0,2.8855350017547607,11_18_13_1C_Cycle.xlsx,0.00028960407,0.0002663776533964107
A123_094,25C,150,4.033166885375977,1.0,4.066896438598633,2.3129183617038804,0.0,1,24.0,0.0,0.0,2.8855350017547607,10_07_13_1C_Cycle.xlsx,0.0004530847,-8.901365631115468e-05
A123_094,25C,30,4.0680317878723145,1.0,4.0680317878723145,2.3204174160253346,0.0,1,24.0,0.0,0.0,2.8855350017547607,7_24_13_1C_Cycle.xlsx,0.00046430528,0.0003566990426229677
A123_094,25C,90,2.497009038925171,0.0,2.374901294708252,-2.49977096841355,-0.0,1,24.0,0.0,0.0,2.8855350017547607,7_8_13_1C_Cycle.xlsx,0.0,0.00035930924296998017
A123_094,25C,90,4.046950817108154,1.0,4.066896438598633,2.313022009478729,0.0,1,24.0,0.0,0.0,2.8855350017547607,9_25_13_1C_Cycle.xlsx,0.0005276203,7.26790782714976e-05
A123_094,25C,30,4.067869663238525,1.0,4.067869663238525,2.3400881350563285,0.0,1,24.0,0.0,0.0,2.8855350017547607,3_4_14_1C_Cycle.xlsx,6.6548586e-05,0.0005391313299481793
A123_094,25C,120,2.557008981704712,0.0,2.399874210357666,-2.499806230903691,-0.0,1,24.0,0.0,0.0,2.8855350017547607,8_1_13_1C_Cycle.xlsx,0.00044935942,0.00035326458961228727
A123_094,25C,150,4.033491134643555,1.0,4.067058563232422,2.3333872444624824,0.0,1,24.0,0.0,0.0,2.8855350017547607,8_29_13_1C_Cycle.xlsx,0.0,0.00016104971399362266
A123_094,25C,60,4.057004451751709,1.0,4.067707061767578,2.31891243384471,0.0,1,24.0,0.0,0.0,2.8855350017547607,8_1_13_1C_Cycle.xlsx,0.0005759299,0.001425851447449474
A123_094,25C,30,4.069166660308838,1.0,4.069166660308838,2.343485481846027,0.0,1,24.0,0.0,0.0,2.8855350017547607,12_13_13_1C_Cycle.xlsx,7.215142e-05,0.005948332867079058
A123_094,25C,90,2.531549453735352,0.0,2.3823606967926025,-2.4997091679959684,-0.0,1,24.0,0.0,0.0,2.8855350017547607,12_4_13_1C_Cycle.xlsx,0.00036861002,0.0001971375528118593
A123_094,25C,120,2.57987380027771,0.0,2.426630973815918,-2.499691332612082,-0.0,1,24.0,0.0,0.0,2.8855350017547607,2_20_14_1C_Cycle.xlsx,0.001534462,0.060338103468046106
A123_094,25C,120,4.040463924407959,1.0,4.066734313964844,2.3213761870627816,0.0,1,24.0,0.0,0.0,2.8855350017547607,2_4_14_1C_Cycle.xlsx,0.00032302737,2.7975611986025626e-05
A123_094,25C,90,2.528306245803833,0.0,2.3774960041046143,-2.499848955443927,-0.0,1,24.0,0.0,0.0,2.8855350017547607,10_16_13_1C_Cycle.xlsx,0.00024357438,0.0001889047827147582
A123_094,25C,30,4.071761131286621,1.0,4.072085857391357,0.6999309714883566,-0.0004639401854811,1,24.0,0.0,1.0,3.553644180297852,7_1_13_1C_Cycle.xlsx,0.9990549,0.8599215822584129
A123_094,25C,60,4.05830192565918,1.0,4.0680317878723145,2.32692699816798,0.0,1,24.0,0.0,0.0,2.8855350017547607,12_4_13_1C_Cycle.xlsx,0.0004966259,0.00030319118956292766
A123_094,25C,30,2.452576875686645,0.0,2.452576875686645,-2.479177703101905,-0.0,1,24.0,0.0,0.0,2.8855350017547607,7_8_13_1C_Cycle.xlsx,9.62615e-06,0.00029601475214002197
A123_094,25C,90,4.05084228515625,1.0,4.068680286407471,2.344748472005634,0.0,1,24.0,0.0,0.0,2.8855350017547607,11_18_13_1C_Cycle.xlsx,0.0,0.00032833537758401887
A123_094,25C,150,4.036247730255127,1.0,4.067869663238525,2.3400881350563285,0.0,1,24.0,0.0,0.0,2.8855350017547607,3_4_14_1C_Cycle.xlsx,0.0,-0.0004125169855831522
A123_094,25C,90,2.530414342880249,0.0,2.3778202533721924,-2.499930873923345,-0.0,1,24.0,0.0,0.0,2.8855350017547607,12_13_13_1C_Cycle.xlsx,0.00028429925,0.0001889047827147582
A123_094,25C,150,4.033329010009766,1.0,4.066896438598633,2.3154930891769547,0.0,1,24.0,0.0,0.0,2.8855350017547607,8_29_13_1C_Cycle.xlsx,0.0003504157,-8.901365631115468e-05
A123_094,25C,30,2.483063220977783,0.0,2.483063220977783,-2.4996782315743937,-0.0,1,24.0,0.0,0.0,2.8855350017547607,12_4_13_1C_Cycle.xlsx,0.0008742064,0.0002681996024907797
A123_094,25C,30,4.066247940063477,1.0,4.066247940063477,2.31196560618306,0.0,1,24.0,0.0,0.0,2.8855350017547607,10_16_13_1C_Cycle.xlsx,0.00077062845,2.3591747551615697e-05
A123_094,25C,90,4.0477614402771,1.0,4.066896438598633,2.332023670927423,0.0,1,24.0,0.0,0.0,2.8855350017547607,9_16_13_1C_Cycle.xlsx,0.0,0.0005991369443899372
A123_094,25C,150,4.033491134643555,1.0,4.0673828125,2.322015011345777,0.0,1,24.0,0.0,0.0,2.8855350017547607,7_17_13_1C_Cycle.xlsx,0.0,3.2176248695271e-05
A123_094,25C,60,2.5270090103149414,0.0,2.478847026824951,-2.477979072340278,-0.0,1,24.0,0.0,0.0,2.8855350017547607,9_16_13_1C_Cycle.xlsx,0.00017601252,0.0002814760463804901
A123_094,25C,60,4.058788299560547,1.0,4.068518161773682,2.339386050376976,0.0,1,24.0,0.0,0.0,2.8855350017547607,3_4_14_1C_Cycle.xlsx,0.0,0.0007809410821260966
A123_094,25C,120,4.040950775146484,1.0,4.0673828125,2.3245503118532334,0.0,1,24.0,0.0,0.0,2.8855350017547607,12_13_13_1C_Cycle.xlsx,9.739399e-05,0.00013579203690357414
A123_094,25C,30,2.4770631790161133,0.0,2.386414766311645,-2.499863141405899,-0.0362613501527479,1,24.0,0.0,0.0,2.8855350017547607,10_07_13_1C_Cycle.xlsx,0.0,-0.00011995170848929972
A123_094,25C,30,4.067220687866211,1.0,4.067220687866211,2.324706271290779,0.0,1,24.0,0.0,0.0,2.8855350017547607,12_13_13_1C_Cycle.xlsx,0.00028318167,0.00043709434368958305
A123_094,25C,30,4.068518161773682,1.0,4.068518161773682,2.339512832201364,0.0,1,24.0,0.0,0.0,2.8855350017547607,2_20_14_1C_Cycle.xlsx,6.9618225e-05,0.0007774414737087954
A123_094,25C,30,2.3987390995025635,0.0,2.3987390995025635,-2.4998108607072096,-0.0,1,24.0,0.0,0.0,2.8855350017547607,8_1_13_1C_Cycle.xlsx,0.00028026104,0.0005878257845586813
A123_094,25C,90,2.5247387886047363,0.0,2.377171516418457,-2.499821557407885,-0.0,1,24.0,0.0,0.0,2.8855350017547607,10_07_13_1C_Cycle.xlsx,0.00017642975,0.0001889047827147582
A123_094,25C,120,4.040626049041748,1.0,4.067058563232422,2.3321036715365824,0.0,1,24.0,0.0,0.0,2.8855350017547607,9_16_13_1C_Cycle.xlsx,0.0,0.00046355292582102504
A123_094,25C,90,2.5252251625061035,0.0,2.3799283504486084,-2.4998727414460307,-0.0,1,24.0,0.0,0.0,2.8855350017547607,9_25_13_1C_Cycle.xlsx,0.00022104383,0.0001889047827147582
A123_094,25C,60,2.5273332595825195,0.0,2.4734957218170166,-2.477463299735973,-0.0,1,24.0,0.0,0.0,2.8855350017547607,11_18_13_1C_Cycle.xlsx,0.00027267635,0.0002814760463804901
A123_094,25C,90,4.047275066375732,1.0,4.067058563232422,2.315934602231268,0.0,1,24.0,0.0,0.0,2.8855350017547607,8_29_13_1C_Cycle.xlsx,0.000410676,0.00019457285579222428
A123_094,25C,120,2.557495355606079,0.0,2.382522821426392,-2.4997495950850763,-0.0,1,24.0,0.0,0.0,2.8855350017547607,9_25_13_1C_Cycle.xlsx,0.0,-3.908992505288762e-05
A123_094,25C,150,4.033491134643555,1.0,4.067058563232422,2.314234561733598,0.0,1,24.0,0.0,0.0,2.8855350017547607,9_16_13_1C_Cycle.xlsx,0.00044944882,-8.901365631115468e-05
A123_094,25C,90,2.532684564590454,0.0,2.384955406188965,-2.4995473133666173,-0.0,1,24.0,0.0,0.0,2.8855350017547607,10_16_13_1C_Cycle.xlsx,0.00042290986,0.0001971375528118593
A123_094,25C,120,4.039329051971436,1.0,4.066734313964844,2.3130131234399607,0.0,1,24.0,0.0,0.0,2.8855350017547607,9_25_13_1C_Cycle.xlsx,0.00037300587,-5.308153512669588e-05
A123_094,25C,60,2.4773874282836914,0.0,2.394036293029785,-2.4998386660192766,-0.0,1,24.0,0.0,0.0,2.8855350017547607,8_1_13_1C_Cycle.xlsx,0.00014853477,0.0002663776533964107
A123_094,25C,30,4.067220687866211,1.0,4.067220687866211,2.3211044306340427,0.0,1,24.0,0.0,0.0,2.8855350017547607,2_4_14_1C_Cycle.xlsx,0.00040316582,0.0004922769086827322
A123_094,25C,60,4.056031703948975,1.0,4.066572189331055,2.327657221119945,0.0,1,24.0,0.0,0.0,2.8855350017547607,11_6_13_1C_Cycle.xlsx,4.172325e-05,8.395638360006264e-05
A123_094,25C,90,4.048247814178467,1.0,4.0673828125,2.321261030775825,0.0,1,24.0,0.0,0.0186053588834986,2.8954667075857605,7_24_13_1C_Cycle.xlsx,0.0003681481,0.0003265586204656358
A123_094,25C,60,4.057491302490234,1.0,4.067869663238525,2.324189029761359,0.0,1,24.0,0.0,0.0,2.8855350017547607,1_23_14_1C_Cycle.xlsx,0.0003810078,0.00030319118956292766
A123_094,25C,60,2.488900899887085,0.0,2.401495933532715,-2.4997014687440107,-0.0,1,24.0,0.0,0.0,2.8855350017547607,3_4_14_1C_Cycle.xlsx,0.00050115585,0.0016277350446818567
A123_094,25C,120,2.565765619277954,0.0,2.380901336669922,-2.4997254491926317,-0.0,1,24.0,0.0,0.0,2.8855350017547607,12_4_13_1C_Cycle.xlsx,2.9414892e-05,-3.08571549557865e-05
A123_094,25C,60,2.4801442623138428,0.0,2.393712043762207,-2.4997336159581725,-0.0,1,24.0,0.0,0.0,2.8855350017547607,8_29_13_1C_Cycle.xlsx,0.00027287006,0.00027461042349351164
A123_094,25C,150,4.033653259277344,1.0,4.067220687866211,2.3139819120609664,0.0,1,24.0,0.0,0.0,2.8855350017547607,8_29_13_1C_Cycle.xlsx,0.0004799515,0.0005973956440656936
A123_094,25C,120,2.568846702575684,0.0,2.40376615524292,-2.499679509724412,-0.0,1,24.0,0.0,0.0,2.8855350017547607,3_4_14_1C_Cycle.xlsx,0.0007738769,0.0013687233362720916
A123_094,25C,150,4.040139675140381,1.0,4.069977760314941,2.3436567898902854,0.0,1,24.0,0.0,0.0,2.8855350017547607,11_18_13_1C_Cycle.xlsx,0.0003630966,0.0002248818272995011
A123_094,25C,30,2.3925769329071045,0.0,2.3925769329071045,-2.49973683529072,-0.0,1,24.0,0.0,0.0,2.8855350017547607,11_18_13_1C_Cycle.xlsx,0.00026872754,0.0003242103516238914
A123_094,25C,60,2.523927927017212,0.0,2.4770631790161133,-2.4784900566860952,-0.0,1,24.0,0.0,0.0,2.8855350017547607,8_12_13_1C_Cycle.xlsx,8.511543e-05,0.0002814760463804901
A123_094,25C,90,2.5294413566589355,0.0,2.3946850299835205,-2.499731231154057,-0.0,1,24.0,0.0,0.0,2.8855350017547607,9_16_13_1C_Cycle.xlsx,0.00045230985,0.0001971375528118593
A123_094,25C,30,2.397279739379883,0.0,2.397279739379883,-2.499731289929357,-0.0,1,24.0,0.0,0.0,2.8855350017547607,8_12_13_1C_Cycle.xlsx,0.00027510524,0.0005878257845586813
A123_094,25C,120,2.5579819679260254,0.0,2.386739015579224,-2.499772448288767,-0.0,1,24.0,0.0,0.0,2.8855350017547607,9_16_13_1C_Cycle.xlsx,0.00012947619,-3.908992505288762e-05
A123_094,25C,30,2.389820098876953,0.0,2.389820098876953,-2.499005475948597,-0.0,1,24.0,0.0,0.0,2.8855350017547607,8_12_13_1C_Cycle.xlsx,0.00024238229,0.0002782400671567091
A123_094,25C,30,2.4961981773376465,0.0,2.413495779037476,-2.499695916970571,-0.0330849835528793,1,24.0,0.0,0.0,2.8855350017547607,2_4_14_1C_Cycle.xlsx,0.0,-0.010108278171451835
A123_094,25C,30,2.38722562789917,0.0,2.38722562789917,-2.499736681705764,-0.0,1,24.0,0.0,0.0,2.8855350017547607,7_15_13_1C_Cycle.xlsx,0.00026470423,0.0003242103516238914
A123_094,25C,30,2.474792957305908,0.0,2.474792957305908,-2.477600445378422,-0.0,1,24.0,0.0,0.0,2.8855350017547607,11_6_13_1C_Cycle.xlsx,0.00023251772,0.00029601475214002197
A123_094,25C,30,2.476252317428589,0.0,2.476252317428589,-2.478012071544831,-0.0,1,24.0,0.0,0.0,2.8855350017547607,9_16_13_1C_Cycle.xlsx,0.0002616793,0.00029601475214002197
A123_094,25C,150,4.029112815856934,1.0,4.065923690795898,2.267708539245305,0.0,1,24.0,0.0,0.0,2.8855350017547607,7_3_13_1C_Cycle.xlsx,0.0027155578,0.0057602224878571424
A123_094,25C,120,2.5620357990264893,0.0,2.3760364055633545,-2.499753764697484,-0.0,1,24.0,0.0,0.0,2.8855350017547607,10_16_13_1C_Cycle.xlsx,0.0,-3.908992505288762e-05
A123_094,25C,30,2.47446870803833,0.0,2.47446870803833,-2.477763542092603,-0.0,1,24.0,0.0,0.0,2.8855350017547607,10_16_13_1C_Cycle.xlsx,0.00023210049,0.00029601475214002197
A123_094,25C,120,4.039329051971436,1.0,4.066734313964844,2.30534478178015,0.0,1,24.0,0.0,0.0,2.8855350017547607,7_19_13_1C_Cycle.xlsx,0.0009650886,0.0021072424841068536
A123_094,25C,60,4.05684232711792,1.0,4.067058563232422,2.3209472952329597,0.0,1,24.0,0.0,0.0,2.8855350017547607,2_4_14_1C_Cycle.xlsx,0.0006122142,0.00027686507968000424
A123_094,25C,120,4.032680511474609,1.0,4.066572189331055,2.3145694406173094,0.0,1,24.0,0.0,0.0,2.8855350017547607,9_16_13_1C_Cycle.xlsx,0.0,-5.634955075275213e-05
A123_094,25C,90,4.047112941741943,1.0,4.066896438598633,2.331461831249974,0.0,1,24.0,0.0,0.0,2.8855350017547607,10_07_13_1C_Cycle.xlsx,0.0,0.0005442380182498249
A123_094,25C,60,4.058950424194336,1.0,4.06884241104126,2.3390865164498487,0.0,1,24.0,0.0,0.0,2.8855350017547607,3_4_14_1C_Cycle.xlsx,0.0,0.0007809410821260966
A123_094,25C,90,2.528306245803833,0.0,2.38722562789917,-2.499754392995244,-0.0,1,24.0,0.0,0.0,2.8855350017547607,10_07_13_1C_Cycle.xlsx,0.00036279857,0.0001889047827147582
A123_094,25C,60,4.056355953216553,1.0,4.067058563232422,2.3175872113704683,0.0,1,24.0,0.0,0.0,2.8855350017547607,8_12_13_1C_Cycle.xlsx,0.0006199181,0.00027686507968000424
A123_094,25C,60,2.53625226020813,0.0,2.4812793731689453,-2.476579879232708,-0.0,1,24.0,0.0,0.0,2.8855350017547607,3_4_14_1C_Cycle.xlsx,0.00053590536,-0.0004924348983924284
A123_094,25C,60,4.059112548828125,1.0,4.06884241104126,2.344676508552442,0.0,1,24.0,0.0,0.0,2.8855350017547607,11_18_13_1C_Cycle.xlsx,0.0,0.0006785179792141904
A123_094,25C,30,2.483874082565308,0.0,2.483874082565308,-2.477134860422764,-0.0,1,24.0,0.0,0.0,2.8855350017547607,12_4_13_1C_Cycle.xlsx,0.00034731627,0.00029601475214002197
A123_094,25C,30,4.066572189331055,1.0,4.066572189331055,2.311071135473153,0.0,1,24.0,0.0,0.0,2.8855350017547607,10_16_13_1C_Cycle.xlsx,0.00083976984,0.0013628260212312903
A123_094,25C,90,4.045653343200684,1.0,4.066247940063477,2.30838817178972,0.0,1,24.0,0.0,0.0,2.8855350017547607,7_15_13_1C_Cycle.xlsx,0.0004967749,-0.0001421135316733351
A123_094,25C,30,4.066247940063477,1.0,4.066247940063477,2.311335424869513,0.0,1,24.0,0.0,0.0,2.8855350017547607,10_16_13_1C_Cycle.xlsx,0.00080512464,2.3591747551615697e-05
A123_094,25C,30,4.066410064697266,1.0,4.066410064697266,2.3185874039530754,0.0,1,24.0,0.0,0.0,2.8855350017547607,8_12_13_1C_Cycle.xlsx,0.00046601892,7.026286834111276e-05
A123_094,25C,90,4.049707412719727,1.0,4.0680317878723145,2.3269528142419182,0.0,1,24.0,0.0,0.0,2.8855350017547607,12_4_13_1C_Cycle.xlsx,0.000398919,5.603396802165961e-05
A123_094,25C,150,4.036409854888916,1.0,4.0680317878723145,2.326785800587229,0.0,1,24.0,0.0,0.0,2.8855350017547607,12_4_13_1C_Cycle.xlsx,0.0005622208,-0.00023834840374870481
A123_094,25C,30,2.3763606548309326,0.0,2.3763606548309326,-2.49973763525486,-0.0,1,24.0,0.0,0.0,2.8855350017547607,10_16_13_1C_Cycle.xlsx,0.0002680421,0.0003242103516238914
A123_094,25C,30,2.4713876247406006,0.0,2.4713876247406006,-2.477498785786988,-0.0,1,24.0,0.0,0.0,2.8855350017547607,11_6_13_1C_Cycle.xlsx,0.00018569827,0.00029601475214002197
A123_094,25C,150,4.035274982452393,1.0,4.067869663238525,2.324249220072714,0.0,1,24.0,0.0,0.0,2.8855350017547607,1_23_14_1C_Cycle.xlsx,0.00027289987,-0.00023834840374870481
A123_094,25C,90,4.046626091003418,1.0,4.066247940063477,2.3119461819036933,0.0,1,24.0,0.0,0.0,2.8855350017547607,10_16_13_1C_Cycle.xlsx,0.0007200837,-0.0001251186842285192
A123_094,25C,30,2.386901378631592,0.0,2.386901378631592,-2.499750254447,-0.0,1,24.0,0.0,0.0,2.8855350017547607,9_16_13_1C_Cycle.xlsx,0.00026503205,0.00031597758152679054
A123_094,25C,30,2.47754979133606,0.0,2.47754979133606,-2.4997084721275,-0.0,1,24.0,0.0,0.0,2.8855350017547607,8_29_13_1C_Cycle.xlsx,0.0008097887,0.00019480037864166557
A123_094,25C,60,2.4772253036499023,0.0,2.39176607131958,-2.4996113427754105,-0.0,1,24.0,0.0,0.0,2.8855350017547607,8_12_13_1C_Cycle.xlsx,0.00018149614,0.00027461042349351164
A123_094,25C,90,2.540144205093384,0.0,2.3927390575408936,-2.499792671649256,-0.0,1,24.0,0.0,0.0,2.8855350017547607,2_4_14_1C_Cycle.xlsx,0.00067326427,0.0001889047827147582
A123_094,25C,150,4.033004760742188,1.0,4.066896438598633,2.3128887264699234,0.0,1,24.0,0.0,0.0,2.8855350017547607,9_25_13_1C_Cycle.xlsx,0.00037944317,-8.901365631115468e-05
A123_094,25C,120,4.061545372009277,1.0,4.075653076171875,0.9003720606366793,0.0,1,24.0,0.0,1.0,3.553644180297852,8_1_13_1C_Cycle.xlsx,0.99890614,0.9829962965737514
A123_094,25C,30,4.067058563232422,1.0,4.067058563232422,2.327705838975786,0.0,1,24.0,0.0,0.0,2.8855350017547607,11_6_13_1C_Cycle.xlsx,0.00019928813,0.001363206345052489
A123_094,25C,30,2.4760901927948,0.0,2.4760901927948,-2.499735217910629,-0.0,1,24.0,0.0,0.0,2.8855350017547607,12_4_13_1C_Cycle.xlsx,0.00079378486,0.00024077066310884823
A123_094,25C,120,4.040626049041748,1.0,4.067220687866211,2.3247000978797927,0.0,1,24.0,0.0,0.0,2.8855350017547607,12_13_13_1C_Cycle.xlsx,1.49309635e-05,0.000131507158079207
A123_094,25C,60,2.496360540390014,0.0,2.449657917022705,-2.479352911765785,-0.0,1,24.0,0.0,0.0,2.8855350017547607,7_5_13_1C_Cycle.xlsx,0.0,0.001046510902642248
A123_094,25C,120,2.563819646835327,0.0,2.389495849609375,-2.4997015432877974,-0.0,1,24.0,0.0,0.0,2.8855350017547607,12_13_13_1C_Cycle.xlsx,0.00029322505,-3.08571549557865e-05
A123_094,25C,90,4.0474371910095215,1.0,4.066896438598633,2.3281142575149776,0.0,1,24.0,0.0,0.0,2.8855350017547607,11_6_13_1C_Cycle.xlsx,0.0,0.0007481555378504051
A123_094,25C,120,2.566089868545532,0.0,2.380739212036133,-2.4997368886930134,-0.0,1,24.0,0.0,0.0,2.8855350017547607,1_23_14_1C_Cycle.xlsx,2.631545e-05,-3.08571549557865e-05
A123_094,25C,30,4.07030200958252,1.0,4.07030200958252,2.3621951124479628,0.0,1,24.0,0.0,0.0,2.8855350017547607,11_18_13_1C_Cycle.xlsx,0.0004247278,0.0012270122708818586
A123_094,25C,30,2.4713876247406006,0.0,2.4713876247406006,-2.477773142132735,-0.0,1,24.0,0.0,0.0,2.8855350017547607,10_16_13_1C_Cycle.xlsx,0.00019225478,0.00029601475214002197
A123_094,25C,30,2.44446873664856,0.0,2.44446873664856,-2.479369071496809,-0.0,1,24.0,0.0,0.0,2.8855350017547607,7_3_13_1C_Cycle.xlsx,0.0,0.0010271408909217883
A123_094,25C,30,4.066896438598633,1.0,4.066896438598633,2.3194472860131,0.0,1,24.0,0.0,0.0,2.8855350017547607,8_1_13_1C_Cycle.xlsx,0.0004530251,0.00047570476761503433
A123_094,25C,90,4.041923522949219,1.0,4.067869663238525,2.324195210622926,0.0,1,24.0,0.0,0.0,2.8855350017547607,1_23_14_1C_Cycle.xlsx,0.0,-7.665566916605219e-05
A123_094,25C,150,4.035112857818604,1.0,4.067869663238525,2.319214993112144,0.0,1,24.0,0.0,0.0,2.8855350017547607,7_24_13_1C_Cycle.xlsx,0.00054621696,-0.00018316583875555535
A123_094,25C,30,4.068518161773682,1.0,4.068518161773682,2.3394019039053666,0.0,1,24.0,0.0,0.0,2.8855350017547607,2_20_14_1C_Cycle.xlsx,6.993115e-05,0.0007774414737087954
A123_094,25C,90,4.047923564910889,1.0,4.067220687866211,2.332269552850821,0.0,1,24.0,0.0,0.0,2.8855350017547607,9_16_13_1C_Cycle.xlsx,0.0,0.0006068219187183775
A123_094,25C,90,2.526522397994995,0.0,2.38268518447876,-2.499767187422356,-0.0,1,24.0,0.0,0.0,2.8855350017547607,10_07_13_1C_Cycle.xlsx,0.0002773702,0.0001889047827147582
A123_094,25C,150,4.034950733184815,1.0,4.067220687866211,2.327184933095665,0.0,1,24.0,0.0,0.0838225330841476,2.9302802144547084,11_6_13_1C_Cycle.xlsx,0.00018000603,0.004072952174888596
A123_094,25C,150,4.038193702697754,1.0,4.069328784942627,2.336953902410136,0.0,1,24.0,0.0,0.0,2.8855350017547607,7_24_13_1C_Cycle.xlsx,0.00018814206,0.001539102031317525
A123_094,25C,30,2.466036081314087,0.0,2.466036081314087,-2.49979277627658,-0.0,1,24.0,0.0,0.0,2.8855350017547607,9_25_13_1C_Cycle.xlsx,0.00068739057,0.00024077066310884823
A123_094,25C,30,4.0680317878723145,1.0,4.0680317878723145,2.342460744532532,0.0,1,24.0,0.0,0.0,2.8855350017547607,1_23_14_1C_Cycle.xlsx,7.082522e-05,0.012604630169892366
A123_094,25C,30,2.39322566986084,0.0,2.39322566986084,-2.499837787301691,-0.0,1,24.0,0.0,0.0,2.8855350017547607,11_18_13_1C_Cycle.xlsx,0.00027270615,0.00031597758152679054
A123_094,25C,60,4.059112548828125,1.0,4.068193912506104,2.3396126570408806,0.0,1,24.0,0.0,0.0,2.8855350017547607,2_20_14_1C_Cycle.xlsx,2.1204352e-05,0.0004391138322331331
A123_094,25C,30,4.0673828125,1.0,4.0673828125,2.3221260109755,0.0,1,24.0,0.0,0.0,2.8855350017547607,7_19_13_1C_Cycle.xlsx,0.00037270784,0.0005720411300737934
A123_094,25C,60,4.05684232711792,1.0,4.067058563232422,2.327537327629177,0.0,1,24.0,0.0,0.0,2.8855350017547607,11_6_13_1C_Cycle.xlsx,0.00019288063,0.0005703938958592532
A123_094,25C,30,4.067707061767578,1.0,4.067707061767578,2.325349080865666,0.0,1,24.0,0.0,0.0,2.8855350017547607,12_4_13_1C_Cycle.xlsx,0.00028026104,0.0010222604517822957
A123_094,25C,30,2.472846984863281,0.0,2.472846984863281,-2.477784337688122,-0.0,1,24.0,0.0,0.0,2.8855350017547607,10_16_13_1C_Cycle.xlsx,0.00021135807,0.00029601475214002197
A123_094,25C,60,2.557657480239868,0.0,2.51209020614624,-2.499674729581149,-0.0,1,24.0,0.0,0.0,2.8855350017547607,2_20_14_1C_Cycle.xlsx,0.0014692247,0.08277632934170365
A123_094,25C,60,2.4919819831848145,0.0,2.40230655670166,-2.499713793135526,-0.0,1,24.0,0.0,0.0,2.8855350017547607,8_29_13_1C_Cycle.xlsx,0.0006223768,0.0016507347000655139
A123_094,25C,60,2.4791712760925293,0.0,2.3945229053497314,-2.4996826607956844,-0.0,1,24.0,0.0,0.0,2.8855350017547607,8_1_13_1C_Cycle.xlsx,0.00021244586,0.00027461042349351164
A123_094,25C,90,4.048085689544678,1.0,4.0673828125,2.318911003155841,0.0,1,24.0,0.0,0.0,2.8855350017547607,8_1_13_1C_Cycle.xlsx,0.0004553944,0.0003265586204656358
A123_094,25C,60,2.47754979133606,0.0,2.38884711265564,-2.4997264753308213,-0.0,1,24.0,0.0,0.0,2.8855350017547607,9_16_13_1C_Cycle.xlsx,0.00025734305,0.00027461042349351164
A123_094,25C,120,4.039166927337647,1.0,4.066896438598633,2.308824769636759,0.0,1,24.0,0.0,0.0,2.8855350017547607,7_8_13_1C_Cycle.xlsx,0.0005284846,-1.889442025475428e-05
A123_094,25C,30,2.397928237915039,0.0,2.397928237915039,-2.499678542397239,-0.0,1,24.0,0.0,0.0,2.8855350017547607,12_13_13_1C_Cycle.xlsx,0.000274539,0.000541855500091499
A123_094,25C,30,4.068518161773682,1.0,4.068518161773682,2.339363864247213,0.0,1,24.0,0.0,0.0,2.8855350017547607,2_20_14_1C_Cycle.xlsx,7.005036e-05,0.0007774414737087954
A123_094,25C,60,4.057491302490234,1.0,4.067869663238525,2.3242152801308875,0.0,1,24.0,0.0,0.0,2.8855350017547607,1_23_14_1C_Cycle.xlsx,0.00037935376,0.00030319118956292766
A123_094,25C,60,2.5249009132385254,0.0,2.47317123413086,-2.4779253602630398,-0.0,1,24.0,0.0,0.0,2.8855350017547607,9_25_13_1C_Cycle.xlsx,0.00017513335,0.0002814760463804901
A123_094,25C,90,2.5292792320251465,0.0,2.378468990325928,-2.499704831296748,-0.0,1,24.0,0.0,0.0,2.8855350017547607,12_13_13_1C_Cycle.xlsx,0.00027266145,0.0001971375528118593
A123_094,25C,30,4.069653034210205,1.0,4.069653034210205,2.344134497124765,0.0,1,24.0,0.0,0.0,2.8855350017547607,11_18_13_1C_Cycle.xlsx,7.349253e-05,-0.0006518993655960323
A123_094,25C,30,4.069977760314941,1.0,4.069977760314941,2.3362340814182683,0.0,1,24.0,0.0,0.0,2.8855350017547607,7_24_13_1C_Cycle.xlsx,0.00010831654,-0.007143707723302104
A123_094,25C,120,2.5670628547668457,0.0,2.3776581287384038,-2.4999441378707186,-0.0,1,24.0,0.0,0.0,2.8855350017547607,1_23_14_1C_Cycle.xlsx,0.0,-3.908992505288762e-05
A123_094,25C,60,2.5268468856811523,0.0,2.478684902191162,-2.49994841374849,-0.0,1,24.0,0.0,0.0,2.8855350017547607,9_16_13_1C_Cycle.xlsx,0.0007119775,0.00018026167288213377
A123_094,25C,90,2.5297658443450928,0.0,2.393549919128418,-2.4997140523549675,-0.0,1,24.0,0.0,0.0,2.8855350017547607,11_18_13_1C_Cycle.xlsx,0.00045149028,0.0001971375528118593
A123_094,25C,60,4.056355953216553,1.0,4.067058563232422,2.3158311578294923,0.0,1,24.0,0.0,0.0,2.8855350017547607,8_29_13_1C_Cycle.xlsx,0.0007480681,0.0002520115371323376
A123_094,25C,30,2.389495849609375,0.0,2.389495849609375,-2.4997015432877974,-0.0,1,24.0,0.0,0.0,2.8855350017547607,12_13_13_1C_Cycle.xlsx,0.00026480854,0.0002782400671567091
A123_094,25C,30,4.068356037139893,1.0,4.068356037139893,2.344763779665454,0.0,1,24.0,0.0,0.0,2.8855350017547607,11_18_13_1C_Cycle.xlsx,8.279085e-05,0.0015895151253884725
A123_094,25C,150,4.033166885375977,1.0,4.066734313964844,2.3131597235065997,0.0,1,24.0,0.0,0.0,2.8855350017547607,10_07_13_1C_Cycle.xlsx,0.00050100684,-2.9311470128476755e-05
A123_094,25C,150,4.033166885375977,1.0,4.067058563232422,2.3202316520351265,0.0,1,24.0,0.0,0.0,2.8855350017547607,8_1_13_1C_Cycle.xlsx,0.0,-6.416011376348814e-05
A123_094,25C,60,4.054409980773926,1.0,4.065923690795898,2.267708539245305,0.0,1,24.0,0.0,0.0,2.8855350017547607,7_3_13_1C_Cycle.xlsx,0.005819112,-0.02738137389339919
A123_094,25C,120,2.5253872871398926,0.0,2.3617663383483887,-2.499660474209746,-0.0,1,24.0,0.0,0.0,2.8855350017547607,7_5_13_1C_Cycle.xlsx,0.0,8.964915667749628e-05
A123_094,25C,30,4.069490909576416,1.0,4.069490909576416,2.3387330969174704,0.0,1,24.0,0.0,0.0,2.8855350017547607,3_4_14_1C_Cycle.xlsx,7.9512596e-05,0.0010955480240460982
A123_094,25C,30,4.0680317878723145,1.0,4.0680317878723145,2.3397299632299364,0.0,1,24.0,0.0,0.0,2.8855350017547607,2_20_14_1C_Cycle.xlsx,6.726384e-05,0.0005391313299481793
A123_094,25C,120,2.565441370010376,0.0,2.382522821426392,-2.4998379057103937,-0.0,1,24.0,0.0,0.0,2.8855350017547607,12_4_13_1C_Cycle.xlsx,8.440018e-05,-3.908992505288762e-05
A123_094,25C,30,4.06884241104126,1.0,4.06884241104126,2.3438159329896298,0.0,1,24.0,0.0,0.0,2.8855350017547607,12_13_13_1C_Cycle.xlsx,7.44313e-05,0.001091705292635365
A123_094,25C,60,4.056193828582764,1.0,4.066734313964844,2.315495965281321,0.0,1,24.0,0.0,0.0,2.8855350017547607,8_29_13_1C_Cycle.xlsx,0.00082936883,5.651600458995285e-05
A123_094,25C,60,2.5039820671081543,0.0,2.4222524166107178,-2.499845030151795,-0.0,1,24.0,0.0,0.0,2.8855350017547607,2_20_14_1C_Cycle.xlsx,0.0007607341,0.0020995722240718722
A123_094,25C,90,2.53025221824646,0.0,2.379279613494873,-2.4996999003670437,-0.0,1,24.0,0.0,0.0,2.8855350017547607,12_13_13_1C_Cycle.xlsx,0.00030121207,0.0001971375528118593
A123_094,25C,120,4.040139675140381,1.0,4.067058563232422,2.328194734491721,0.0,1,24.0,0.0,0.0,2.8855350017547607,11_6_13_1C_Cycle.xlsx,0.0,0.0006233673789484776
A123_094,25C,60,2.4833874702453613,0.0,2.39322566986084,-2.499694971604781,-0.0,1,24.0,0.0,0.0,2.8855350017547607,12_13_13_1C_Cycle.xlsx,0.000423491,0.00027461042349351164
A123_094,25C,120,4.042085647583008,1.0,4.067869663238525,2.338432182516672,0.0,1,24.0,0.0,0.0,2.8855350017547607,3_4_14_1C_Cycle.xlsx,0.0,-0.00025371863238169876
A123_094,25C,120,4.039653301239014,1.0,4.066734313964844,2.314431393352466,0.0,1,24.0,0.0,0.0,2.8855350017547607,9_16_13_1C_Cycle.xlsx,0.0004261285,0.0007246132306386722
A123_094,25C,30,2.4757659435272217,0.0,2.4757659435272217,-2.4778239027006763,-0.0,1,24.0,0.0,0.0,2.8855350017547607,10_07_13_1C_Cycle.xlsx,0.00025075674,0.00029601475214002197
A123_094,25C,120,2.5644683837890625,0.0,2.384793281555176,-2.49990525895899,-0.0,1,24.0,0.0,0.0,2.8855350017547607,12_4_13_1C_Cycle.xlsx,0.00015206635,-3.908992505288762e-05
A123_094,25C,90,2.4955496788024902,0.0,2.3632256984710693,-2.499761051818973,-0.0,1,24.0,0.0,0.0,2.8855350017547607,7_3_13_1C_Cycle.xlsx,0.0,0.00035930924296998017
A123_094,25C,120,2.563819646835327,0.0,2.39176607131958,-2.4997015432877974,-0.0,1,24.0,0.0,0.0,2.8855350017547607,12_13_13_1C_Cycle.xlsx,0.00036084652,-3.08571549557865e-05
A123_094,25C,60,4.055545330047607,1.0,4.066410064697266,2.316699546311171,0.0,1,24.0,0.0,0.0,2.8855350017547607,8_29_13_1C_Cycle.xlsx,0.0005571246,-6.667075254771883e-05
A123_094,25C,60,2.52571177482605,0.0,2.4799821376800537,-2.4785482712293248,-0.0,1,24.0,0.0,0.0,2.8855350017547607,8_1_13_1C_Cycle.xlsx,0.00012001395,0.0002814760463804901
A123_094,25C,90,4.0495452880859375,1.0,4.0680317878723145,2.324921920832436,0.0,1,24.0,0.0,0.0,2.8855350017547607,12_4_13_1C_Cycle.xlsx,0.0004647076,5.603396802165961e-05
A123_094,25C,30,2.447549819946289,0.0,2.447549819946289,-2.4996798465836725,-0.0,1,24.0,0.0,0.1239297544096464,2.9543819594244725,2_20_14_1C_Cycle.xlsx,0.0005171895,0.0010271408909217883
A123_094,25C,120,4.039653301239014,1.0,4.067220687866211,2.317773662388325,0.0,1,24.0,0.0,0.0,2.8855350017547607,8_12_13_1C_Cycle.xlsx,3.6984682e-05,0.0009299984625145008
A123_094,25C,150,4.028302192687988,1.0,4.065436840057373,2.2814442440867424,0.0,1,24.0,0.0,0.0,2.8855350017547607,7_3_13_1C_Cycle.xlsx,0.0009994954,0.0035042732807832027
A123_094,25C,30,2.399874210357666,0.0,2.399874210357666,-2.499727081608128,-0.0,1,24.0,0.0,0.0,2.8855350017547607,11_18_13_1C_Cycle.xlsx,0.000279814,0.000541855500091499
A123_094,25C,30,4.067058563232422,1.0,4.067058563232422,2.317189687669277,0.0,1,24.0,0.0,0.0,2.8855350017547607,8_12_13_1C_Cycle.xlsx,0.00055606663,0.0004978347607391142
A123_094,25C,60,4.057004451751709,1.0,4.067544937133789,2.3194946087305506,0.0,1,24.0,0.0,0.0,2.8855350017547607,7_24_13_1C_Cycle.xlsx,0.00059881806,0.001425851447449474
A123_094,25C,120,4.039491176605225,1.0,4.069004535675049,2.3401017851155737,0.0,1,24.0,0.0,0.0,2.8855350017547607,2_4_14_1C_Cycle.xlsx,0.0,0.00010708729212188599
A123_094,25C,30,2.484522581100464,0.0,2.484522581100464,-2.4771618767842565,-0.0,1,24.0,0.0,0.0,2.8855350017547607,1_23_14_1C_Cycle.xlsx,0.00035730004,0.00029601475214002197
A123_094,25C,30,4.066896438598633,1.0,4.066896438598633,2.3141978408505275,0.0,1,24.0,0.0,0.0,2.8855350017547607,9_16_13_1C_Cycle.xlsx,0.0006906688,0.0004978347607391142
A123_094,25C,90,4.045815467834473,1.0,4.066410064697266,2.293649280116758,0.0,1,24.0,0.0,0.0,2.8855350017547607,7_8_13_1C_Cycle.xlsx,0.0018133223,-0.004351083505714971
A123_094,25C,30,2.3721444606781006,0.0,2.3721444606781006,-2.49978081170503,-0.0,1,24.0,0.0,0.0,2.8855350017547607,11_6_13_1C_Cycle.xlsx,0.00027495623,0.00031597758152679054
A123_094,25C,60,2.5021982192993164,0.0,2.455820083618164,-2.479493230636675,-0.0,1,24.0,0.0,0.0,2.8855350017547607,7_3_13_1C_Cycle.xlsx,0.0,0.00031538476386048164
A123_094,25C,30,4.069004535675049,1.0,4.069004535675049,2.3447775410772382,0.0,1,24.0,0.0,0.0,2.8855350017547607,11_18_13_1C_Cycle.xlsx,7.918477e-05,0.0013600544396456533
A123_094,25C,150,4.036085605621338,1.0,4.0680317878723145,2.3379690968801103,0.0,1,24.0,0.0,0.0,2.8855350017547607,7_19_13_1C_Cycle.xlsx,0.0,0.00819817770316968
A123_094,25C,120,2.5581440925598145,0.0,2.377171516418457,-2.499821557407885,-0.0,1,24.0,0.0,0.0,2.8855350017547607,10_07_13_1C_Cycle.xlsx,0.0,-3.908992505288762e-05
A123_094,25C,30,2.378468990325928,0.0,2.378468990325928,-2.499886620152104,-0.0,1,24.0,0.0,0.0,2.8855350017547607,11_6_13_1C_Cycle.xlsx,0.00027115643,0.00031597758152679054
A123_094,25C,60,2.484360456466675,0.0,2.3907930850982666,-2.499856853039465,-0.0,1,24.0,0.0,0.0,2.8855350017547607,3_4_14_1C_Cycle.xlsx,0.0005169511,0.0002663776533964107
A123_094,25C,90,4.047923564910889,1.0,4.067058563232422,2.32801557563934,0.0,1,24.0,0.0,0.0,2.8855350017547607,11_6_13_1C_Cycle.xlsx,0.0,0.0005237510741861255
A123_094,25C,90,4.0477614402771,1.0,4.067544937133789,2.323836901516188,0.0,1,24.0,0.0,0.0,2.8855350017547607,7_15_13_1C_Cycle.xlsx,0.0,0.00034677546302266205
A123_094,25C,30,2.401495933532715,0.0,2.401495933532715,-2.499614945912765,-0.0,1,24.0,0.0,0.0,2.8855350017547607,7_24_13_1C_Cycle.xlsx,0.0002796948,0.0016313646883450539
A123_094,25C,120,4.044517993927002,1.0,4.069328784942627,2.3444437810803875,0.0,1,24.0,0.0,0.0,2.8855350017547607,11_18_13_1C_Cycle.xlsx,0.0,-0.0009179244896775675
A123_094,25C,60,4.056518077850342,1.0,4.067220687866211,2.319537632522129,0.0,1,24.0,0.0,0.0,2.8855350017547607,8_1_13_1C_Cycle.xlsx,0.00049722195,0.0003689165633143964
A123_094,25C,30,4.067869663238525,1.0,4.067869663238525,2.3252143417248283,0.0,1,24.0,0.0,0.0,2.8855350017547607,12_4_13_1C_Cycle.xlsx,0.00028964877,0.00030151647762981823
A123_094,25C,60,2.536414384841919,0.0,2.482252359390259,-2.4997656479060093,-0.0,1,24.0,0.0,0.0,2.8855350017547607,3_4_14_1C_Cycle.xlsx,0.0010372996,0.00018026167288213377
A123_094,25C,90,4.047112941741943,1.0,4.066734313964844,2.318171117305756,0.0,1,24.0,0.0,0.0,2.8855350017547607,8_1_13_1C_Cycle.xlsx,0.00030946732,1.6453775662099984e-06
A123_094,25C,90,4.053923606872559,1.0,4.071112632751465,2.353499113380909,0.0,1,24.0,0.0,0.0,2.8855350017547607,7_24_13_1C_Cycle.xlsx,0.0,-0.010292437378537316
A123_094,25C,30,4.067707061767578,1.0,4.067707061767578,2.3254134089259777,0.0,1,24.0,0.0,0.0,2.8855350017547607,12_4_13_1C_Cycle.xlsx,0.0002783835,0.0010222604517822957
A123_094,25C,30,2.5039820671081543,0.0,2.5039820671081543,-2.4996811987083647,-0.0,1,24.0,0.0,0.0,2.8855350017547607,2_20_14_1C_Cycle.xlsx,0.0011538267,-0.006559306776146975
A123_094,25C,30,4.067058563232422,1.0,4.067058563232422,2.317283648073673,0.0,1,24.0,0.0,0.0,2.8855350017547607,8_12_13_1C_Cycle.xlsx,0.0005518794,0.0004978347607391142
A123_094,25C,90,2.526360273361206,0.0,2.3817121982574463,-2.4998823224970725,-0.0371692033574839,1,24.0,0.0,0.0,2.8855350017547607,10_07_13_1C_Cycle.xlsx,0.0,0.0020096916198251063
A123_094,25C,30,4.069004535675049,1.0,4.069004535675049,2.344702533304186,0.0,1,24.0,0.0,0.0,2.8855350017547607,11_18_13_1C_Cycle.xlsx,7.870793e-05,0.0013600544396456533
A123_094,25C,90,2.51209020614624,0.0,2.38722562789917,-2.4996862133344013,-0.0,1,24.0,0.0,0.0,2.8855350017547607,7_11_13_1C_Cycle.xlsx,0.0,0.0003675420130670811
A123_094,25C,150,4.035923480987549,1.0,4.067869663238525,2.324954058343576,0.0,1,24.0,0.0,0.0,2.8855350017547607,12_4_13_1C_Cycle.xlsx,0.00052413344,-0.00023834840374870481
A123_094,25C,60,4.056193828582764,1.0,4.066572189331055,2.314732508991308,0.0,1,24.0,0.0,0.0,2.8855350017547607,9_16_13_1C_Cycle.xlsx,0.0009615123,-6.35974118832797e-05
A123_094,25C,60,2.472684860229492,0.0,2.3755500316619877,-2.49993483803489,-0.0,1,24.0,0.0,0.0,2.8855350017547607,12_13_13_1C_Cycle.xlsx,0.00031080842,0.0002663776533964107
A123_094,25C,60,2.5313873291015625,0.0,2.476252317428589,-2.4773568139093447,-0.0,1,24.0,0.0,0.0,2.8855350017547607,12_4_13_1C_Cycle.xlsx,0.0004132986,0.0002814760463804901
A123_094,25C,90,2.540630578994751,0.0,2.40230655670166,-2.499713793135526,-0.0,1,24.0,0.0,0.0,2.8855350017547607,8_29_13_1C_Cycle.xlsx,0.00078547,0.0015600254932655617
A123_094,25C,90,2.527981996536255,0.0,2.398090362548828,-2.499701746371614,-0.0,1,24.0,0.0,0.0,2.8855350017547607,7_17_13_1C_Cycle.xlsx,0.00043590367,0.0004607529857466502
A123_094,25C,60,2.4760901927948,0.0,2.3841445446014404,-2.4997399992647424,-0.0,1,24.0,0.0,0.0,2.8855350017547607,10_07_13_1C_Cycle.xlsx,0.0002873242,0.00027461042349351164
A123_094,25C,30,2.4798200130462646,0.0,2.4798200130462646,-2.478799947227367,-0.0,1,24.0,0.0,0.0,2.8855350017547607,7_24_13_1C_Cycle.xlsx,0.0003286004,0.00029601475214002197
A123_094,25C,30,4.066572189331055,1.0,4.066572189331055,2.318160986185074,0.0,1,24.0,0.0,0.0,2.8855350017547607,8_12_13_1C_Cycle.xlsx,0.00049087405,7.026286834111276e-05
A123_094,25C,120,4.042085647583008,1.0,4.0680317878723145,2.3309737297355158,0.0,1,24.0,0.0,0.0,2.8855350017547607,9_16_13_1C_Cycle.xlsx,0.0,0.00017534030429190885
A123_094,25C,120,4.039329051971436,1.0,4.066572189331055,2.314825046474372,0.0,1,24.0,0.0,0.0,2.8855350017547607,9_16_13_1C_Cycle.xlsx,0.00031208992,-7.377479999630638e-05
A123_094,25C,30,2.474630832672119,0.0,2.3796041011810303,-2.499886080622673,-0.0380124247371382,1,24.0,0.0,0.0,2.8855350017547607,10_16_13_1C_Cycle.xlsx,0.0005491078,0.0002591117886332558
A123_094,25C,90,4.04484224319458,1.0,4.066247940063477,2.280309982037634,0.0,1,24.0,0.0,0.0,2.8855350017547607,7_5_13_1C_Cycle.xlsx,0.0026910603,0.00373248655580546
A123_094,25C,90,2.538684606552124,0.0,2.400198459625244,-2.4997301792429987,-0.0351605216525857,1,24.0,0.0,0.0,2.8855350017547607,3_4_14_1C_Cycle.xlsx,0.00033272803,-0.01701921227650561
A123_094,25C,90,4.0537614822387695,1.0,4.070626258850098,2.362491618810046,0.0,1,24.0,0.0,0.0,2.8855350017547607,12_4_13_1C_Cycle.xlsx,0.0,-0.0019375250157324037
A123_094,25C,90,4.048409938812256,1.0,4.067544937133789,2.319577768740673,0.0,1,24.0,0.0,0.0,2.8855350017547607,7_24_13_1C_Cycle.xlsx,0.0004978776,0.0004019580280158115
A123_094,25C,120,4.041275024414063,1.0,4.0680317878723145,2.3244932562459346,0.0,1,24.0,0.0,0.0,2.8855350017547607,7_11_13_1C_Cycle.xlsx,1.4841557e-05,-7.955005054725217e-05
A123_094,25C,30,4.06884241104126,1.0,4.06884241104126,2.344757640892166,0.0,1,24.0,0.0,0.0,2.8855350017547607,11_6_13_1C_Cycle.xlsx,7.9900026e-05,0.0006904199289377498
A123_094,25C,30,4.06884241104126,1.0,4.06884241104126,2.3417037974015398,0.0,1,24.0,0.0,0.0,2.8855350017547607,1_23_14_1C_Cycle.xlsx,6.841123e-05,0.0007774414737087954
A123_094,25C,90,2.5292792320251465,0.0,2.39322566986084,-2.4997157105454453,-0.0,1,24.0,0.0,0.0,2.8855350017547607,11_18_13_1C_Cycle.xlsx,0.00043736398,0.0001971375528118593
A123_094,25C,120,2.557819604873657,0.0,2.368901252746582,-2.499802372096914,-0.0,1,24.0,0.0,0.0,2.8855350017547607,9_25_13_1C_Cycle.xlsx,0.0,-3.908992505288762e-05
A123_094,25C,60,2.4749550819396973,0.0,2.3838202953338623,-2.4997201342331734,-0.0,1,24.0,0.0,0.0,2.8855350017547607,9_16_13_1C_Cycle.xlsx,0.00024460256,0.00027461042349351164
A123_094,25C,150,4.032680511474609,1.0,4.066247940063477,2.3118058396888173,0.0,1,24.0,0.0,0.0,2.8855350017547607,10_16_13_1C_Cycle.xlsx,0.00056125224,-5.634955075275213e-05
A123_094,25C,30,4.066734313964844,1.0,4.066734313964844,2.3131404781683544,0.0,1,24.0,0.0,0.0,2.8855350017547607,10_07_13_1C_Cycle.xlsx,0.0007362366,0.00022811992354537775
A123_094,25C,30,4.066896438598633,1.0,4.066896438598633,2.3159375169705,0.0,1,24.0,0.0,0.0,2.8855350017547607,8_29_13_1C_Cycle.xlsx,0.000605464,0.0004978347607391142
A123_094,25C,120,2.5609006881713867,0.0,2.3721444606781006,-2.49978081170503,-0.0,1,24.0,0.0,0.0,2.8855350017547607,11_6_13_1C_Cycle.xlsx,0.0,-3.908992505288762e-05
A123_094,25C,120,4.041437149047852,1.0,4.067544937133789,2.320986593287924,0.0,1,24.0,0.0,0.0,2.8855350017547607,2_4_14_1C_Cycle.xlsx,0.00048795342,0.0002663740094468993
A123_094,25C,30,2.478360414505005,0.0,2.478360414505005,-2.4779884992035752,-0.0,1,24.0,0.0,0.0,2.8855350017547607,9_16_13_1C_Cycle.xlsx,0.00028963387,0.00029601475214002197
A123_094,25C,60,4.061545372009277,1.0,4.070626258850098,2.362429856362506,0.0,1,24.0,0.0,0.0,2.8855350017547607,12_4_13_1C_Cycle.xlsx,0.0,-0.0012340349753835731
A123_094,25C,90,4.0477614402771,1.0,4.067058563232422,2.3296484018365544,0.0,1,24.0,0.0,0.0,2.8855350017547607,10_16_13_1C_Cycle.xlsx,0.0,0.0007589513975173904
A123_094,25C,30,4.066572189331055,1.0,4.066572189331055,2.3166441448153026,0.0,1,24.0,0.0,0.0,2.8855350017547607,8_12_13_1C_Cycle.xlsx,0.0005565882,2.3591747551615697e-05
A123_094,25C,150,4.033004760742188,1.0,4.067058563232422,2.315794729898053,0.0,1,24.0,0.0,0.0,2.8855350017547607,8_29_13_1C_Cycle.xlsx,0.00013405085,-8.901365631115468e-05
A123_094,25C,90,4.048896312713623,1.0,4.067707061767578,2.32430022330875,0.0,1,24.0,0.0,0.0,2.8855350017547607,1_23_14_1C_Cycle.xlsx,0.0003337562,0.00034677546302266205
A123_094,25C,30,2.478684902191162,0.0,2.478684902191162,-2.478602540650906,-0.0,1,24.0,0.0,0.0,2.8855350017547607,7_24_13_1C_Cycle.xlsx,0.00030845404,0.00029601475214002197
A123_094,25C,90,4.056518077850342,1.0,4.073707103729248,0.72495411708951,0.0,1,24.0,0.0,1.0,3.553644180297852,2_4_14_1C_Cycle.xlsx,0.9995533,1.1182813586525013
A123_094,25C,60,4.058139801025391,1.0,4.0680317878723145,2.3268434861753167,0.0,1,24.0,0.0,0.0,2.8855350017547607,12_4_13_1C_Cycle.xlsx,0.00043062866,0.00030319118956292766
A123_094,25C,60,2.5274953842163086,0.0,2.47754979133606,-2.477836584895972,-0.0,1,24.0,0.0,0.0,2.8855350017547607,9_25_13_1C_Cycle.xlsx,0.00021483004,0.0002814760463804901
A123_094,25C,30,4.071112632751465,1.0,4.071112632751465,2.353499113380909,0.0,1,24.0,0.0,0.0,2.8855350017547607,7_24_13_1C_Cycle.xlsx,0.0001643002,-0.016876399485091457
A123_094,25C,30,2.451766014099121,0.0,2.451766014099121,-2.499684367298095,-0.0,1,24.0,0.0,0.0,2.8855350017547607,7_8_13_1C_Cycle.xlsx,0.0005518496,0.0002681996024907797
A123_094,25C,120,4.039166927337647,1.0,4.066734313964844,2.320539942099934,0.0,1,24.0,0.0,0.0,2.8855350017547607,8_1_13_1C_Cycle.xlsx,0.0,3.437354491119752e-05
A123_094,25C,120,2.559117078781128,0.0,2.385279655456543,-2.499872739336132,-0.0,1,24.0,0.0,0.0,2.8855350017547607,10_07_13_1C_Cycle.xlsx,0.00010210276,-3.908992505288762e-05
A123_094,25C,30,2.4777119159698486,0.0,2.4777119159698486,-2.4781658372566797,-0.0,1,24.0,0.0,0.0,2.8855350017547607,8_29_13_1C_Cycle.xlsx,0.0002849698,0.00029601475214002197
A123_094,25C,60,4.056355953216553,1.0,4.067058563232422,2.319890379787437,0.0,1,24.0,0.0,0.0,2.8855350017547607,8_1_13_1C_Cycle.xlsx,0.0004620552,0.00027686507968000424
A123_094,25C,60,4.057004451751709,1.0,4.0673828125,2.3245703872197714,0.0,1,24.0,0.0,0.0,2.8855350017547607,12_13_13_1C_Cycle.xlsx,0.00032445788,0.0012952694749061486
A123_094,25C,150,4.033491134643555,1.0,4.066734313964844,2.314322692410248,0.0,1,24.0,0.0,0.0,2.8855350017547607,9_16_13_1C_Cycle.xlsx,0.00057528913,-2.9311470128476755e-05
A123_094,25C,30,4.067220687866211,1.0,4.067220687866211,2.332371746602117,0.0,1,24.0,0.0,0.0,2.8855350017547607,9_16_13_1C_Cycle.xlsx,0.00011590123,0.0014479840367354496
A123_094,25C,60,2.447711944580078,0.0,2.3697121143341064,-2.4996993029413144,-0.0,1,24.0,0.0,0.0,2.8855350017547607,7_5_13_1C_Cycle.xlsx,0.0,0.00027461042349351164
A123_094,25C,90,2.53025221824646,0.0,2.399387836456299,-2.499806214601566,-0.0,1,24.0,0.0,0.0,2.8855350017547607,8_1_13_1C_Cycle.xlsx,0.00050374866,0.0004607529857466502
A123_094,25C,30,2.3967931270599365,0.0,2.3967931270599365,-2.499689632707888,-0.0,1,24.0,0.0,0.0,2.8855350017547607,11_18_13_1C_Cycle.xlsx,0.00027294457,0.000541855500091499
A123_094,25C,30,2.4730091094970703,0.0,2.4730091094970703,-2.499916765906594,-0.0,1,24.0,0.0,0.0,2.8855350017547607,12_13_13_1C_Cycle.xlsx,0.00076416135,0.00024077066310884823
A123_094,25C,30,2.4029552936553955,0.0,2.4029552936553955,-2.4996637857260824,-0.0,1,24.0,0.0,0.0,2.8855350017547607,7_17_13_1C_Cycle.xlsx,0.00028464198,0.001727717479714134
A123_094,25C,90,4.0474371910095215,1.0,4.067058563232422,2.3157976491436845,0.0,1,24.0,0.0,0.0,2.8855350017547607,8_29_13_1C_Cycle.xlsx,0.00049704313,0.00019457285579222428
A123_094,25C,120,4.044031620025635,1.0,4.069166660308838,2.344779095912384,0.0,1,24.0,0.0,0.0,2.8855350017547607,11_18_13_1C_Cycle.xlsx,0.0,-0.0003804672777359341
A123_094,25C,150,4.036247730255127,1.0,4.0680317878723145,2.327013533656337,0.0,1,24.0,0.0,0.0,2.8855350017547607,12_4_13_1C_Cycle.xlsx,0.00046676397,0.0037770545790310355
A123_094,25C,60,4.061220645904541,1.0,4.07030200958252,2.3433919017976623,0.0,1,24.0,0.0,0.0,2.8855350017547607,12_4_13_1C_Cycle.xlsx,0.0,-0.00021961038562884255
A123_094,25C,60,4.055220603942871,1.0,4.066085815429688,2.313454413755996,0.0,1,24.0,0.0,0.0,2.8855350017547607,9_25_13_1C_Cycle.xlsx,0.0007661879,-3.499955132288657e-05
A123_094,25C,60,2.4773874282836914,0.0,2.391928195953369,-2.499559945073621,-0.0,1,24.0,0.0,0.0,2.8855350017547607,8_12_13_1C_Cycle.xlsx,0.00018393993,0.00027461042349351164
A123_094,25C,60,4.058626174926758,1.0,4.0680317878723145,2.339504904652897,0.0,1,24.0,0.0,0.0,2.8855350017547607,3_4_14_1C_Cycle.xlsx,0.0,0.0005151938377915142
A123_094,25C,60,4.057328701019287,1.0,4.067544937133789,2.319226768129228,0.0,1,24.0,0.0,0.0,2.8855350017547607,3_4_14_1C_Cycle.xlsx,0.000776574,0.0006491152495570785
A123_094,25C,90,2.519549608230591,0.0,2.3763606548309326,-2.499746865239637,-0.0,1,24.0,0.0,0.0,2.8855350017547607,8_12_13_1C_Cycle.xlsx,6.771088e-05,0.00035930924296998017
A123_094,25C,90,2.5313873291015625,0.0,2.389495849609375,-2.4997015432877974,-0.0,1,24.0,0.0,0.0,2.8855350017547607,12_13_13_1C_Cycle.xlsx,0.0004518032,0.0001971375528118593
A123_094,25C,90,4.048409938812256,1.0,4.067058563232422,2.321431213228599,0.0,1,24.0,0.0,0.0,2.8855350017547607,2_4_14_1C_Cycle.xlsx,0.0005622506,0.00023022225800687656
A123_094,25C,60,2.5273332595825195,0.0,2.4799821376800537,-2.4997819599352384,-0.0,1,24.0,0.0,0.0,2.8855350017547607,9_16_13_1C_Cycle.xlsx,0.0007106066,0.00018026167288213377
A123_094,25C,60,2.530576467514038,0.0,2.483063220977783,-2.4773664873272145,-0.0,1,24.0,0.0,0.0,2.8855350017547607,12_4_13_1C_Cycle.xlsx,0.00025111437,0.0002814760463804901
A123_094,25C,150,4.032680511474609,1.0,4.066410064697266,2.311311531658015,0.0,1,24.0,0.0,0.0,2.8855350017547607,10_16_13_1C_Cycle.xlsx,0.00053052604,-5.634955075275213e-05
A123_094,25C,30,4.0673828125,1.0,4.0673828125,2.321261030775825,0.0,1,24.0,0.0,0.0186053588834986,2.8954667075857605,7_24_13_1C_Cycle.xlsx,0.00040400028,0.0005720411300737934
A123_094,25C,90,2.5276577472686768,0.0,2.37668514251709,-2.4997824398246973,-0.0,1,24.0,0.0,0.0,2.8855350017547607,11_6_13_1C_Cycle.xlsx,0.00021979213,0.0001889047827147582
A123_094,25C,90,2.5255496501922607,0.0,2.3907930850982666,-2.49976661723593,-0.0,1,24.0,0.0,0.0,2.8855350017547607,8_29_13_1C_Cycle.xlsx,0.00033053756,0.0001889047827147582
A123_094,25C,120,4.04484224319458,1.0,4.069166660308838,2.338512801418179,0.0,1,24.0,0.0,0.0,2.8855350017547607,3_4_14_1C_Cycle.xlsx,0.00022912025,-0.00014958014533665652
A123_094,25C,90,4.047112941741943,1.0,4.066896438598633,2.317724516034126,0.0,1,24.0,0.0,0.0,2.8855350017547607,8_12_13_1C_Cycle.xlsx,0.00027893484,0.00017532333186676404
A123_094,25C,90,4.042085647583008,1.0,4.067869663238525,2.324161242725503,0.0,1,24.0,0.0,0.0,2.8855350017547607,1_23_14_1C_Cycle.xlsx,0.0,-7.665566916605219e-05
A123_094,25C,60,4.057653427124023,1.0,4.0680317878723145,2.3204174160253346,0.0,1,24.0,0.0,0.0,2.8855350017547607,7_24_13_1C_Cycle.xlsx,0.00064761937,0.0003583737545560771
A123_094,25C,30,2.476252317428589,0.0,2.476252317428589,-2.4997303335516303,-0.0,1,24.0,0.0,0.0,2.8855350017547607,12_4_13_1C_Cycle.xlsx,0.0007955134,0.00019480037864166557
A123_094,25C,90,4.045977592468262,1.0,4.066572189331055,2.2952544097647523,0.0,1,24.0,0.0,0.0,2.8855350017547607,7_5_13_1C_Cycle.xlsx,0.0016655326,-0.009011469481532593
A123_094,25C,120,4.043545246124268,1.0,4.0680317878723145,2.3393274109091675,0.0,1,24.0,0.0,0.0,2.8855350017547607,3_4_14_1C_Cycle.xlsx,3.8430095e-05,-7.72395436039806e-05
A123_094,25C,30,4.067220687866211,1.0,4.067220687866211,2.331896303801752,0.0,1,24.0,0.0,0.0,2.8855350017547607,9_16_13_1C_Cycle.xlsx,0.00012284517,0.0015916888953613996
A123_094,25C,60,2.472198247909546,0.0,2.375063419342041,-2.4997876435518265,-0.0,1,24.0,0.0,0.0,2.8855350017547607,10_16_13_1C_Cycle.xlsx,0.00029581785,0.0002663776533964107
A123_094,25C,120,4.041437149047852,1.0,4.067220687866211,2.327184933095665,0.0,1,24.0,0.0,0.0838225330841476,2.9302802144547084,11_6_13_1C_Cycle.xlsx,0.00019216537,0.0042317505280900485
A123_094,25C,150,4.040626049041748,1.0,4.0701398849487305,2.342589848571353,0.0,1,24.0,0.0,0.0,2.8855350017547607,12_13_13_1C_Cycle.xlsx,0.00060781837,0.0005494935971394194
A123_094,25C,30,2.3865768909454346,0.0,2.3865768909454346,-2.499742616306652,-0.0,1,24.0,0.0,0.0,2.8855350017547607,12_4_13_1C_Cycle.xlsx,0.00026465952,0.0003242103516238914
A123_094,25C,60,4.053923606872559,1.0,4.065274715423584,2.2665040891117125,0.0,1,24.0,0.0,0.0,2.8855350017547607,7_3_13_1C_Cycle.xlsx,0.006095022,-0.027694756759391953
A123_094,25C,90,4.049221038818359,1.0,4.067869663238525,2.324947928725663,0.0,1,24.0,0.0,0.0,2.8855350017547607,12_4_13_1C_Cycle.xlsx,0.00037525594,5.603396802165961e-05
A123_094,25C,90,4.051004409790039,1.0,4.068356037139893,2.339076983628043,0.0,1,24.0,0.0,0.0,2.8855350017547607,2_4_14_1C_Cycle.xlsx,6.827712e-05,0.0013265468419953106
A123_094,25C,60,2.524090051651001,0.0,2.47900915145874,-2.478847155032175,-0.0,1,24.0,0.0,0.0,2.8855350017547607,7_19_13_1C_Cycle.xlsx,7.562339e-05,0.0002814760463804901
A123_094,25C,30,4.066410064697266,1.0,4.066410064697266,2.329673951305449,0.0,1,24.0,0.0,0.0,2.8855350017547607,10_16_13_1C_Cycle.xlsx,0.0001438111,0.0005596409186680518
A123_094,25C,150,4.033004760742188,1.0,4.066896438598633,2.312928716545222,0.0,1,24.0,0.0,0.0,2.8855350017547607,9_25_13_1C_Cycle.xlsx,0.00037671626,-8.901365631115468e-05
A123_094,25C,120,4.039004802703857,1.0,4.069328784942627,2.3413268723364533,0.0,1,24.0,0.0,0.0,2.8855350017547607,1_23_14_1C_Cycle.xlsx,0.0,-0.0006479556554474361
A123_094,25C,30,2.4736578464508057,0.0,2.4736578464508057,-2.4778131226075617,-0.0,1,24.0,0.0,0.0,2.8855350017547607,10_16_13_1C_Cycle.xlsx,0.00022262335,0.00029601475214002197
A123_094,25C,120,4.038842678070068,1.0,4.066085815429688,2.3116997743933654,0.0,1,24.0,0.0,0.0,2.8855350017547607,10_16_13_1C_Cycle.xlsx,0.00049321353,-8.895877563420149e-05
A123_094,25C,90,2.5294413566589355,0.0,2.3963067531585693,-2.4997156804746337,-0.0,1,24.0,0.0,0.0,2.8855350017547607,11_18_13_1C_Cycle.xlsx,0.0004631281,0.0006159261457684516
A123_094,25C,90,4.0474371910095215,1.0,4.067058563232422,2.319878912575188,0.0,1,24.0,0.0,0.0,2.8855350017547607,8_1_13_1C_Cycle.xlsx,0.0002220273,0.00021942639833989088
A123_094,25C,30,4.067220687866211,1.0,4.067220687866211,2.3246815665028038,0.0,1,24.0,0.0,0.0,2.8855350017547607,12_13_13_1C_Cycle.xlsx,0.00028391182,0.00043709434368958305
A123_094,25C,30,4.067707061767578,1.0,4.067707061767578,2.3260136424106057,0.0,1,24.0,0.0,0.0,2.8855350017547607,12_13_13_1C_Cycle.xlsx,0.00026121736,0.0011535206624069525
A123_094,25C,90,2.5274953842163086,0.0,2.377982378005981,-2.499926415937288,-0.0,1,24.0,0.0,0.0,2.8855350017547607,10_16_13_1C_Cycle.xlsx,0.00023782253,0.0001889047827147582
A123_094,25C,30,4.067869663238525,1.0,4.067869663238525,2.3209978699332146,0.0,1,24.0,0.0,0.0,2.8855350017547607,7_19_13_1C_Cycle.xlsx,0.00043433905,0.0003566990426229677
A123_094,25C,150,4.033166885375977,1.0,4.067220687866211,2.304543843008871,0.0,1,24.0,0.0,0.0545551006601083,2.9146569990636837,8_1_13_1C_Cycle.xlsx,0.00096288323,0.005560600699293017
A123_094,25C,90,2.523765802383423,0.0,2.37668514251709,-2.499895131693477,-0.0,1,24.0,0.0,0.0,2.8855350017547607,9_25_13_1C_Cycle.xlsx,0.00015342236,0.0001889047827147582
A123_094,25C,60,4.058139801025391,1.0,4.0680317878723145,2.320324951269495,0.0,1,24.0,0.0,0.0,2.8855350017547607,7_24_13_1C_Cycle.xlsx,0.000899747,0.0003583737545560771
A123_094,25C,60,2.472198247909546,0.0,2.375874280929565,-2.499836167773685,-0.0,1,24.0,0.0,0.0,2.8855350017547607,11_6_13_1C_Cycle.xlsx,0.0002822578,0.0002663776533964107
A123_094,25C,90,4.047275066375732,1.0,4.067544937133789,2.309849733610948,0.0,1,24.0,0.0,0.0,2.8855350017547607,12_4_13_1C_Cycle.xlsx,0.00065407157,0.005752218539849573
A123_094,25C,120,2.570143938064575,0.0,2.4013335704803467,-2.499831518280172,-0.0350942420789471,1,24.0,0.0,0.0,2.8855350017547607,3_4_14_1C_Cycle.xlsx,0.0024503767,-0.002127269301356774
A123_094,25C,60,4.056355953216553,1.0,4.066734313964844,2.3325020545696624,0.0,1,24.0,0.0,0.0,2.8855350017547607,9_16_13_1C_Cycle.xlsx,0.0,0.00019149357046993972
A123_094,25C,60,2.4840362071990967,0.0,2.399712085723877,-2.4996933286840264,-0.0,1,24.0,0.0,0.0,2.8855350017547607,12_4_13_1C_Cycle.xlsx,0.00032110512,0.0005382258564283015
A123_094,25C,60,2.5210089683532715,0.0,2.476576805114746,-2.478809500791249,-0.0,1,24.0,0.0,0.0,2.8855350017547607,7_15_13_1C_Cycle.xlsx,0.0,0.0002814760463804901
A123_094,25C,30,4.0673828125,1.0,4.0673828125,2.3173125787973405,0.0,1,24.0,0.0,0.0,2.8855350017547607,8_12_13_1C_Cycle.xlsx,0.00056658685,0.0006884904548391903
A123_094,25C,30,4.067058563232422,1.0,4.067058563232422,2.314215436214354,0.0,1,24.0,0.0,0.0,2.8855350017547607,8_29_13_1C_Cycle.xlsx,0.00069880486,0.0004978347607391142
A123_094,25C,90,2.526522397994995,0.0,2.387387752532959,-2.4997423280749405,-0.0,1,24.0,0.0,0.0,2.8855350017547607,9_16_13_1C_Cycle.xlsx,0.00032496452,0.0001971375528118593
A123_094,25C,30,2.376523017883301,0.0,2.376523017883301,-2.49962618114712,-0.0,1,24.0,0.0,0.0,2.8855350017547607,11_6_13_1C_Cycle.xlsx,0.0002641678,0.0002782400671567091
A123_094,25C,90,4.047923564910889,1.0,4.067058563232422,2.327537327629177,0.0,1,24.0,0.0,0.0,2.8855350017547607,11_6_13_1C_Cycle.xlsx,0.0,0.0005237510741861255
A123_094,25C,150,4.033653259277344,1.0,4.067058563232422,2.319358384798444,0.0,1,24.0,0.0,0.0,2.8855350017547607,8_1_13_1C_Cycle.xlsx,0.0001821667,-6.416011376348814e-05
A123_094,25C,30,4.069004535675049,1.0,4.069004535675049,2.34010019859542,0.0,1,24.0,0.0,0.0,2.8855350017547607,2_4_14_1C_Cycle.xlsx,7.0273876e-05,0.0009709552581276138
A123_094,25C,120,2.557495355606079,0.0,2.374901294708252,-2.49987434074942,-0.0,1,24.0,0.0,0.0,2.8855350017547607,9_25_13_1C_Cycle.xlsx,0.0,-3.908992505288762e-05
A123_094,25C,30,2.374739170074463,0.0,2.374739170074463,-2.499668501518868,-0.0,1,24.0,0.0,0.0,2.8855350017547607,11_6_13_1C_Cycle.xlsx,0.00026753545,0.0002782400671567091
A123_094,25C,120,2.557657480239868,0.0,2.398090362548828,-2.499701746371614,-0.0,1,24.0,0.0,0.0,2.8855350017547607,7_17_13_1C_Cycle.xlsx,0.00042065978,0.00021495709271129117
A123_094,25C,150,4.033004760742188,1.0,4.066572189331055,2.3110980096557907,0.0,1,24.0,0.0,0.0,2.8855350017547607,10_16_13_1C_Cycle.xlsx,0.00064089894,0.0012828847229269216
A123_094,25C,150,4.03251838684082,1.0,4.066410064697266,2.3112801902673463,0.0,1,24.0,0.0,0.0,2.8855350017547607,10_16_13_1C_Cycle.xlsx,0.00045451522,-5.634955075275213e-05
A123_094,25C,60,4.056680202484131,1.0,4.067058563232422,2.3175437844991684,0.0,1,24.0,0.0,0.0,2.8855350017547607,8_1_13_1C_Cycle.xlsx,0.00078228116,0.00027686507968000424
A123_094,25C,150,4.035437107086182,1.0,4.067544937133789,2.320818490308264,0.0,1,24.0,0.0,0.0,2.8855350017547607,2_4_14_1C_Cycle.xlsx,0.0007288158,0.00010757565624544671
A123_094,25C,30,4.067058563232422,1.0,4.067058563232422,2.327704329701031,0.0,1,24.0,0.0,0.0,2.8855350017547607,11_6_13_1C_Cycle.xlsx,0.00019931793,0.001363206345052489
A123_094,25C,120,2.571441411972046,0.0,2.410738945007324,-2.499705952626688,-0.0,1,24.0,0.0,0.0,2.8855350017547607,2_4_14_1C_Cycle.xlsx,0.0009959638,0.00446135884089136
A123_094,25C,30,2.379279613494873,0.0,2.379279613494873,-2.4996999003670437,-0.0,1,24.0,0.0,0.0,2.8855350017547607,12_13_13_1C_Cycle.xlsx,0.0002644062,0.0002782400671567091
A123_094,25C,60,4.056680202484131,1.0,4.067058563232422,2.3296032729248206,0.0,1,24.0,0.0,0.0640814201970119,2.919742233048422,10_07_13_1C_Cycle.xlsx,2.5063753e-05,0.0008055942191905181
A123_094,25C,90,2.5276577472686768,0.0,2.391117572784424,-2.4997454986237644,-0.0,1,24.0,0.0,0.0,2.8855350017547607,9_16_13_1C_Cycle.xlsx,0.00038281083,0.0001971375528118593
A123_094,25C,30,4.0673828125,1.0,4.0673828125,2.3245349121399417,0.0,1,24.0,0.0,0.0,2.8855350017547607,12_13_13_1C_Cycle.xlsx,0.0002937317,0.000516858565080644
A123_094,25C,90,2.531873941421509,0.0,2.38268518447876,-2.499761758594338,-0.0,1,24.0,0.0,0.0,2.8855350017547607,1_23_14_1C_Cycle.xlsx,0.0003796816,0.0001889047827147582
A123_094,25C,60,4.057491302490234,1.0,4.067869663238525,2.324961701187037,0.0,1,24.0,0.0,0.0,2.8855350017547607,12_4_13_1C_Cycle.xlsx,0.00033277273,0.00030319118956292766
A123_094,25C,60,2.4773874282836914,0.0,2.3857662677764893,-2.4998647449290856,-0.0,1,24.0,0.0,0.0,2.8855350017547607,10_07_13_1C_Cycle.xlsx,0.0003145337,0.0002663776533964107
A123_094,25C,120,4.044193744659424,1.0,4.06884241104126,2.344676508552442,0.0,1,24.0,0.0,0.0,2.8855350017547607,11_18_13_1C_Cycle.xlsx,0.0,-0.00010825948275200408
A123_094,25C,30,4.0673828125,1.0,4.0673828125,2.310273904381817,0.0,1,24.0,0.0,0.0,2.8855350017547607,7_8_13_1C_Cycle.xlsx,0.0009380877,0.001045019101431537
A123_094,25C,120,4.039977550506592,1.0,4.066734313964844,2.3130368242864727,0.0,1,24.0,0.0,0.0,2.8855350017547607,10_07_13_1C_Cycle.xlsx,0.00069206953,-0.00028266656080440904
A123_094,25C,60,4.058950424194336,1.0,4.06884241104126,2.344103816644115,0.0,1,24.0,0.0,0.0,2.8855350017547607,11_6_13_1C_Cycle.xlsx,0.0,0.0006785179792141904
A123_094,25C,30,2.3823606967926025,0.0,2.3823606967926025,-2.4997091679959684,-0.0,1,24.0,0.0,0.0,2.8855350017547607,12_4_13_1C_Cycle.xlsx,0.00026339293,0.0002782400671567091
A123_094,25C,150,4.033329010009766,1.0,4.067058563232422,2.315647563566604,0.0,1,24.0,0.0,0.0,2.8855350017547607,8_29_13_1C_Cycle.xlsx,0.000279665,-8.901365631115468e-05
A123_094,25C,90,4.046788215637207,1.0,4.066572189331055,2.313094541002981,0.0,1,24.0,0.0,0.0,2.8855350017547607,9_25_13_1C_Cycle.xlsx,0.0005762726,-0.0001251186842285192
A123_094,25C,150,4.04030179977417,1.0,4.069328784942627,2.337407336628015,0.0,1,24.0,0.0,0.0,2.8855350017547607,2_20_14_1C_Cycle.xlsx,0.0012409687,0.011461761396756226
A123_094,25C,30,4.067058563232422,1.0,4.067058563232422,2.332216216037508,0.0,1,24.0,0.0,0.0,2.8855350017547607,9_16_13_1C_Cycle.xlsx,0.00011536479,0.001256402888150904
A123_094,25C,30,2.4812793731689453,0.0,2.4812793731689453,-2.4997819599352384,-0.0,1,24.0,0.0,0.0,2.8855350017547607,9_16_13_1C_Cycle.xlsx,0.00085532665,0.00024077066310884823
A123_094,25C,30,4.067544937133789,1.0,4.067544937133789,2.3196365532893983,0.0,1,24.0,0.0,0.0,2.8855350017547607,7_24_13_1C_Cycle.xlsx,0.00047421455,0.0010774430167754452
A123_094,25C,30,2.382847309112549,0.0,2.382847309112549,-2.499757591602022,-0.0,1,24.0,0.0,0.0,2.8855350017547607,9_25_13_1C_Cycle.xlsx,0.00026486814,0.00031597758152679054
A123_094,25C,90,4.046626091003418,1.0,4.066247940063477,2.311478773486023,0.0,1,24.0,0.0,0.0,2.8855350017547607,10_16_13_1C_Cycle.xlsx,0.0007569194,-0.0001251186842285192
A123_094,25C,60,2.527981996536255,0.0,2.47446870803833,-2.477763542092603,-0.0,1,24.0,0.0,0.0,2.8855350017547607,10_16_13_1C_Cycle.xlsx,0.00029164553,0.0002814760463804901
A123_094,25C,60,2.472360610961914,0.0,2.38722562789917,-2.499736681705764,-0.0,1,24.0,0.0,0.0,2.8855350017547607,7_15_13_1C_Cycle.xlsx,6.5773726e-05,0.00027461042349351164
A123_094,25C,120,2.563657522201538,0.0,2.4055497646331787,-2.499872320576718,-0.0,1,24.0,0.0,0.0,2.8855350017547607,9_16_13_1C_Cycle.xlsx,0.0007131398,0.00529343681318848
A123_094,25C,120,4.044355869293213,1.0,4.069328784942627,2.336953902410136,0.0,1,24.0,0.0,0.0,2.8855350017547607,7_24_13_1C_Cycle.xlsx,6.844103e-05,0.00150002032948667
A123_094,25C,60,2.529927968978882,0.0,2.484360456466675,-2.478847147084889,-0.0,1,24.0,0.0,0.0,2.8855350017547607,7_17_13_1C_Cycle.xlsx,0.00024017692,0.0002814760463804901
A123_094,25C,90,4.045815467834473,1.0,4.065761566162109,2.313799447761696,0.0,1,24.0,0.0,0.0,2.8855350017547607,9_25_13_1C_Cycle.xlsx,0.00038591027,-0.0004612468958596959
A123_094,25C,60,4.056355953216553,1.0,4.066896438598633,2.3158734103123986,0.0,1,24.0,0.0,0.0,2.8855350017547607,8_29_13_1C_Cycle.xlsx,0.0008137524,0.0002520115371323376
A123_094,25C,30,2.3817121982574463,0.0,2.3817121982574463,-2.4997208076240742,-0.0,1,24.0,0.0,0.0,2.8855350017547607,9_25_13_1C_Cycle.xlsx,0.00026395917,0.0002782400671567091
A123_094,25C,150,4.032842636108398,1.0,4.067058563232422,2.3224475176080945,0.0,1,24.0,0.0,0.0,2.8855350017547607,7_19_13_1C_Cycle.xlsx,0.0,-6.416011376348814e-05
A123_094,25C,90,2.5273332595825195,0.0,2.377333641052246,-2.499749881727201,-0.0,1,24.0,0.0,0.0,2.8855350017547607,11_6_13_1C_Cycle.xlsx,0.00022339821,0.0001889047827147582
A123_094,25C,120,2.5540900230407715,0.0,2.3865768909454346,-2.499729727876597,-0.0,1,24.0,0.0,0.0,2.8855350017547607,8_12_13_1C_Cycle.xlsx,6.724894e-05,8.964915667749628e-05
A123_094,25C,60,4.057328701019287,1.0,4.067544937133789,2.324463906960609,0.0,1,24.0,0.0,0.0,2.8855350017547607,1_23_14_1C_Cycle.xlsx,0.00041028857,0.000593932684563929
A123_094,25C,120,4.039977550506592,1.0,4.066896438598633,2.3309630622302207,0.0,1,24.0,0.0,0.0,2.8855350017547607,10_07_13_1C_Cycle.xlsx,0.0,0.00046355292582102504
A123_094,25C,30,4.066734313964844,1.0,4.066734313964844,2.3130382692105456,0.0,1,24.0,0.0,0.0,2.8855350017547607,9_25_13_1C_Cycle.xlsx,0.0007416159,0.00022811992354537775
A123_094,25C,30,4.068680286407471,1.0,4.068680286407471,2.33957623540048,0.0,1,24.0,0.0,0.0,2.8855350017547607,2_20_14_1C_Cycle.xlsx,7.021427e-05,0.0007774414737087954
A123_094,25C,60,4.059274673461914,1.0,4.06884241104126,2.338752104263557,0.0,1,24.0,0.0,0.0,2.8855350017547607,3_4_14_1C_Cycle.xlsx,0.0,0.0007809410821260966
A123_094,25C,90,4.0495452880859375,1.0,4.067869663238525,2.338480153442484,0.0,1,24.0,0.0,0.0,2.8855350017547607,3_4_14_1C_Cycle.xlsx,0.0,-0.0001181346138127866
A123_094,25C,30,2.3987390995025635,0.0,2.3987390995025635,-2.499734421907845,-0.0,1,24.0,0.0,0.0,2.8855350017547607,7_24_13_1C_Cycle.xlsx,0.00027783215,0.0005878257845586813
A123_094,25C,30,2.4006850719451904,0.0,2.4006850719451904,-2.4997160097139077,-0.0,1,24.0,0.0,0.0640814201970119,2.919742233048422,10_07_13_1C_Cycle.xlsx,0.0002811551,0.002046575904462277
A123_094,25C,150,4.052626132965088,1.0,4.073058605194092,0.9042866503198942,0.0,1,24.0,0.0,1.0,3.553644180297852,7_5_13_1C_Cycle.xlsx,0.9984845,0.995895203615928
A123_094,25C,30,2.4756038188934326,0.0,2.4756038188934326,-2.4777858561147905,-0.0,1,24.0,0.0,0.0,2.8855350017547607,10_07_13_1C_Cycle.xlsx,0.0002476871,0.00029601475214002197
A123_094,25C,30,4.068356037139893,1.0,4.068356037139893,2.3253368761201028,0.0,1,24.0,0.0,0.0,2.8855350017547607,12_4_13_1C_Cycle.xlsx,0.00030243397,0.007553008206137464
A123_094,25C,60,4.05684232711792,1.0,4.0673828125,2.318432056182434,0.0,1,24.0,0.0,0.0,2.8855350017547607,8_1_13_1C_Cycle.xlsx,0.0006621331,0.0003732014421387635
A123_094,25C,60,4.056355953216553,1.0,4.067220687866211,2.317860369563103,0.0,1,24.0,0.0,0.0,2.8855350017547607,8_12_13_1C_Cycle.xlsx,0.0005374551,0.0003689165633143964
A123_094,25C,120,4.041599273681641,1.0,4.067707061767578,2.3245271899633937,0.0,1,24.0,0.0,0.0,2.8855350017547607,12_13_13_1C_Cycle.xlsx,0.0002566576,0.00021119144445374999
A123_094,25C,120,4.042734146118164,1.0,4.067869663238525,2.3253430143251257,0.0,1,24.0,0.0,0.0,2.8855350017547607,12_13_13_1C_Cycle.xlsx,0.0006778687,-7.955005054725217e-05
A123_094,25C,120,4.039815425872803,1.0,4.066896438598633,2.312928716545222,0.0,1,24.0,0.0,0.0,2.8855350017547607,9_25_13_1C_Cycle.xlsx,0.00054754317,0.003775476990041296
A123_094,25C,150,4.033329010009766,1.0,4.066734313964844,2.3131404781683544,0.0,1,24.0,0.0,0.0,2.8855350017547607,10_07_13_1C_Cycle.xlsx,0.0005822778,-2.9311470128476755e-05
A123_094,25C,90,4.052464008331299,1.0,4.069328784942627,2.3373401879077464,0.0,1,24.0,0.0,0.0,2.8855350017547607,2_20_14_1C_Cycle.xlsx,0.00045490265,0.0020676435087992368
A123_094,25C,30,4.066410064697266,1.0,4.066410064697266,2.313356699452537,0.0,1,24.0,0.0,0.0,2.8855350017547607,10_07_13_1C_Cycle.xlsx,0.00070650876,2.3591747551615697e-05
A123_094,25C,150,4.033815383911133,1.0,4.067058563232422,2.3276344790052965,0.0,1,24.0,0.0,0.0,2.8855350017547607,11_6_13_1C_Cycle.xlsx,0.0,0.0002293687024157609
A123_094,25C,30,4.068518161773682,1.0,4.068518161773682,2.339506502083519,0.0,1,24.0,0.0,0.0,2.8855350017547607,2_20_14_1C_Cycle.xlsx,6.964803e-05,0.0007774414737087954
A123_094,25C,60,4.057977676391602,1.0,4.067869663238525,2.340170506387949,0.0,1,24.0,0.0,0.0,2.8855350017547607,2_20_14_1C_Cycle.xlsx,0.0,0.0005151938377915142
A123_094,25C,120,2.5729007720947266,0.0,2.3924148082733154,-2.4998895492193838,-0.0,1,24.0,0.0,0.0,2.8855350017547607,3_4_14_1C_Cycle.xlsx,0.0005055219,-0.00016142922816073468
A123_094,25C,150,4.032356262207031,1.0,4.066247940063477,2.3115459656542985,0.0,1,24.0,0.0,0.0,2.8855350017547607,10_16_13_1C_Cycle.xlsx,0.0004234612,-5.634955075275213e-05
A123_094,25C,60,2.481765985488892,0.0,2.3929011821746826,-2.4997294707731768,-0.0,1,24.0,0.0,0.0,2.8855350017547607,12_13_13_1C_Cycle.xlsx,0.00036001205,0.00027461042349351164
A123_094,25C,60,2.4814414978027344,0.0,2.387712001800537,-2.499772403841821,-0.0,1,24.0,0.0,0.0,2.8855350017547607,3_4_14_1C_Cycle.xlsx,0.00044831634,0.0002663776533964107
A123_094,25C,60,2.530414342880249,0.0,2.474792957305908,-2.477383956240767,-0.0,1,24.0,0.0,0.0,2.8855350017547607,12_13_13_1C_Cycle.xlsx,0.00039583445,0.0002814760463804901
A123_094,25C,90,2.5291171073913574,0.0,2.3878743648529053,-2.499887135176532,-0.0,1,24.0,0.0,0.0,2.8855350017547607,10_07_13_1C_Cycle.xlsx,0.00038862228,0.0001889047827147582
A123_094,25C,30,4.067544937133789,1.0,4.067544937133789,2.3388430885640923,0.0,1,24.0,0.0,0.0,2.8855350017547607,3_4_14_1C_Cycle.xlsx,6.7040324e-05,0.0013569983966223928
A123_094,25C,120,2.5537657737731934,0.0,2.387712001800537,-2.499728169934503,-0.0,1,24.0,0.0,0.0,2.8855350017547607,8_12_13_1C_Cycle.xlsx,9.280443e-05,8.964915667749628e-05
A123_094,25C,120,2.5662522315979004,0.0,2.3812255859375,-2.4997551266206512,-0.0,1,24.0,0.0,0.0,2.8855350017547607,1_23_14_1C_Cycle.xlsx,4.541874e-05,-3.908992505288762e-05
A123_094,25C,30,2.49717116355896,0.0,2.49717116355896,-2.476750027212109,-0.0,1,24.0,0.0,0.0,2.8855350017547607,2_4_14_1C_Cycle.xlsx,0.000541538,0.0039114243967167716
A123_094,25C,30,2.474792957305908,0.0,2.474792957305908,-2.477383956240767,-0.0,1,24.0,0.0,0.0,2.8855350017547607,12_13_13_1C_Cycle.xlsx,0.00022736192,0.00029601475214002197
A123_094,25C,30,4.071274757385254,1.0,4.071274757385254,2.362107118161825,0.0,1,24.0,0.0,0.0,2.8855350017547607,12_4_13_1C_Cycle.xlsx,0.00038720667,-0.0017034985937340542
A123_094,25C,30,4.066734313964844,1.0,4.066734313964844,2.313113821334526,0.0,1,24.0,0.0,0.0,2.8855350017547607,10_07_13_1C_Cycle.xlsx,0.0007376373,0.00022811992354537775
A123_094,25C,60,4.0558695793151855,1.0,4.066247940063477,2.31117415908447,0.0,1,24.0,0.0,0.0,2.8855350017547607,10_16_13_1C_Cycle.xlsx,0.0012325048,-6.35974118832797e-05
A123_094,25C,90,2.513387441635132,0.0,2.389495849609375,-2.4996440509955087,-0.0,1,24.0,0.0,0.0,2.8855350017547607,7_11_13_1C_Cycle.xlsx,1.5228987e-05,0.0003675420130670811
A123_094,25C,30,2.397117376327514,0.0,2.397117376327514,-2.4997183563553285,-0.0,1,24.0,0.0,0.0,2.8855350017547607,3_4_14_1C_Cycle.xlsx,0.00027441978,0.000541855500091499
A123_094,25C,60,4.056031703948975,1.0,4.066734313964844,2.318149402976036,0.0,1,24.0,0.0,0.0,2.8855350017547607,8_1_13_1C_Cycle.xlsx,0.0005560219,0.00010318712537945046
A123_094,25C,30,2.504955053329468,0.0,2.504955053329468,-2.476544738983244,-0.0,1,24.0,0.0,0.0,2.8855350017547607,2_20_14_1C_Cycle.xlsx,0.0006661266,0.01818059331586978
A123_094,25C,30,4.066896438598633,1.0,4.066896438598633,2.327941183658208,0.0,1,24.0,0.0,0.0,2.8855350017547607,11_6_13_1C_Cycle.xlsx,0.00018975139,0.001363206345052489
A123_094,25C,60,2.478847026824951,0.0,2.393549919128418,-2.499680493058277,-0.0,1,24.0,0.0,0.0,2.8855350017547607,7_15_13_1C_Cycle.xlsx,0.00021797419,0.00027461042349351164
A123_094,25C,60,4.0557074546813965,1.0,4.066572189331055,2.313346298564164,0.0,1,24.0,0.0,0.0,2.8855350017547607,9_25_13_1C_Cycle.xlsx,0.0008146018,-6.35974118832797e-05
A123_094,25C,60,3.2980878353118896,0.6912685749088389,3.298412084579468,0.0499574169516563,0.0,1,24.0,0.0,1.0,3.553644180297852,6_27_13_tricklecharge.xlsx,0.9903492,0.7230760836463244
A123_094,25C,60,4.057328701019287,1.0,4.067707061767578,2.317306799054146,0.0,1,24.0,0.0,0.0,2.8855350017547607,8_12_13_1C_Cycle.xlsx,0.00085425377,0.002288892884394128
A123_094,25C,30,4.067544937133789,1.0,4.067544937133789,2.32425849700076,0.0,1,24.0,0.0,0.0,2.8855350017547607,1_23_14_1C_Cycle.xlsx,0.0003077984,0.0010222604517822957
A123_094,25C,150,4.040139675140381,1.0,4.069653034210205,2.336858928796992,0.0,1,24.0,0.0,0.0,2.8855350017547607,2_4_14_1C_Cycle.xlsx,0.0010301471,-0.005729937698528858
A123_094,25C,60,2.531873941421509,0.0,2.476901054382324,-2.4770173015305774,-0.0,1,24.0,0.0,0.0,2.8855350017547607,1_23_14_1C_Cycle.xlsx,0.00041669607,0.0002814760463804901
A123_094,25C,120,4.039491176605225,1.0,4.066572189331055,2.3131582537269004,0.0,1,24.0,0.0,0.0,2.8855350017547607,10_07_13_1C_Cycle.xlsx,0.00050479174,-0.00023724337610536573
A123_094,25C,150,4.039329051971436,1.0,4.06884241104126,2.339376524156123,0.0,1,24.0,0.0,0.0,2.8855350017547607,2_20_14_1C_Cycle.xlsx,0.00074756145,0.00010708729212188599
A123_094,25C,90,4.051329135894775,1.0,4.069166660308838,2.344500427023839,0.0,1,24.0,0.0,0.0,2.8855350017547607,11_18_13_1C_Cycle.xlsx,0.0,5.6127582600088554e-05
A123_094,25C,30,4.0680317878723145,1.0,4.0680317878723145,2.3379690968801103,0.0,1,24.0,0.0,0.0,2.8855350017547607,7_19_13_1C_Cycle.xlsx,7.264316e-05,0.009149826018701006
A123_094,25C,30,4.066734313964844,1.0,4.066734313964844,2.314864716636456,0.0,1,24.0,0.0,0.0,2.8855350017547607,9_16_13_1C_Cycle.xlsx,0.00064852834,0.00022811992354537775
A123_094,25C,90,2.526198148727417,0.0,2.3878743648529053,-2.499755010270236,-0.0,1,24.0,0.0,0.0,2.8855350017547607,9_16_13_1C_Cycle.xlsx,0.0003222227,0.0001889047827147582
A123_094,25C,120,2.555225133895874,0.0,2.395009279251098,-2.499759910453079,-0.0,1,24.0,0.0,0.0,2.8855350017547607,8_1_13_1C_Cycle.xlsx,0.00030212104,8.141638658039517e-05
A123_094,25C,30,4.067869663238525,1.0,4.067869663238525,2.324195210622926,0.0,1,24.0,0.0,0.0,2.8855350017547607,1_23_14_1C_Cycle.xlsx,0.00032126904,0.00030151647762981823
A123_094,25C,90,2.526198148727417,0.0,2.387063503265381,-2.499724890056409,-0.0,1,24.0,0.0,0.0,2.8855350017547607,9_16_13_1C_Cycle.xlsx,0.0003145337,0.0001971375528118593
A123_094,25C,30,2.381874322891236,0.0,2.381874322891236,-2.4998455532884174,-0.0,1,24.0,0.0,0.0,2.8855350017547607,9_25_13_1C_Cycle.xlsx,0.00026801229,0.00031597758152679054
A123_094,25C,120,4.04030179977417,1.0,4.066896438598633,2.330725669922415,0.0,1,24.0,0.0,0.0,2.8855350017547607,10_07_13_1C_Cycle.xlsx,0.0,0.00046355292582102504
A123_094,25C,90,4.049707412719727,1.0,4.0680317878723145,2.327007474518624,0.0,1,24.0,0.0,0.0,2.8855350017547607,12_4_13_1C_Cycle.xlsx,0.0003951937,5.603396802165961e-05
A123_094,25C,30,4.067544937133789,1.0,4.067544937133789,2.3245086648270616,0.0,1,24.0,0.0,0.0,2.8855350017547607,12_13_13_1C_Cycle.xlsx,0.00030004978,0.0010222604517822957
A123_094,25C,60,2.505603551864624,0.0,2.4235498905181885,-2.499698088547894,-0.0,1,24.0,0.0,0.0,2.8855350017547607,2_20_14_1C_Cycle.xlsx,0.00080537796,0.0009842271545621559
A123_094,25C,120,2.559927701950073,0.0,2.3802525997161865,-2.4997607902087995,-0.0,1,24.0,0.0,0.0,2.8855350017547607,10_07_13_1C_Cycle.xlsx,0.0,-3.908992505288762e-05
A123_094,25C,120,2.5630087852478027,0.0,2.3969552516937256,-2.499698257446289,-0.0,1,24.0,0.0,0.0,2.8855350017547607,12_13_13_1C_Cycle.xlsx,0.0004911572,0.00021495709271129117
A123_094,25C,120,4.04030179977417,1.0,4.067220687866211,2.3139819120609664,0.0,1,24.0,0.0,0.0,2.8855350017547607,8_29_13_1C_Cycle.xlsx,0.0005765259,0.0007561939972671451
A123_094,25C,30,2.389171600341797,0.0,2.389171600341797,-2.4997858137919984,-0.0,1,24.0,0.0,0.0,2.8855350017547607,8_12_13_1C_Cycle.xlsx,0.00026732683,0.00031597758152679054
A123_094,25C,60,4.05684232711792,1.0,4.066896438598633,2.3244329436849327,0.0,1,24.0,0.0,0.0,2.8855350017547607,1_23_14_1C_Cycle.xlsx,0.00043712556,0.00022168251468685461
A123_094,25C,30,2.47446870803833,0.0,2.47446870803833,-2.4782110179979195,-0.0,1,24.0,0.0,0.0,2.8855350017547607,8_29_13_1C_Cycle.xlsx,0.00024273992,0.00029601475214002197
A123_094,25C,120,2.5609006881713867,0.0,2.394036293029785,-2.4997140502070523,-0.0,1,24.0,0.0,0.0,2.8855350017547607,11_18_13_1C_Cycle.xlsx,0.00037783384,-3.08571549557865e-05
A123_094,25C,120,4.039977550506592,1.0,4.066734313964844,2.3311019331709413,0.0,1,24.0,0.0,0.0,2.8855350017547607,9_25_13_1C_Cycle.xlsx,0.0,0.0002599869157024643
A123_094,25C,30,4.065923690795898,1.0,4.065923690795898,2.280034220084212,0.0,1,24.0,0.0,0.0,2.8855350017547607,7_5_13_1C_Cycle.xlsx,0.0035806447,-0.0030778902009781857
A123_094,25C,30,2.4730091094970703,0.0,2.4730091094970703,-2.4773890817450592,-0.0,1,24.0,0.0,0.0,2.8855350017547607,11_6_13_1C_Cycle.xlsx,0.0002040565,0.00029601475214002197
A123_094,25C,120,2.563171148300171,0.0,2.38268518447876,-2.4999019774523648,-0.0,1,24.0,0.0,0.0,2.8855350017547607,12_4_13_1C_Cycle.xlsx,6.7174435e-05,-3.908992505288762e-05
A123_094,25C,60,4.060410022735596,1.0,4.069977760314941,2.342997513393052,0.0,1,24.0,0.0,0.0,2.8855350017547607,12_4_13_1C_Cycle.xlsx,0.0,-0.00021961038562884255
A123_094,25C,90,4.048247814178467,1.0,4.067707061767578,2.31884360366634,0.0,1,24.0,0.0,0.0,2.8855350017547607,8_1_13_1C_Cycle.xlsx,0.00040861964,0.0004019580280158115
A123_094,25C,90,2.542089939117432,0.0,2.4138200283050537,-2.499709301524692,-0.0,1,24.0,0.0,0.0,2.8855350017547607,2_4_14_1C_Cycle.xlsx,0.0008969307,0.0015597982051611173
A123_094,25C,60,4.057491302490234,1.0,4.067707061767578,2.338799908361604,0.0,1,24.0,0.0,0.0,2.8855350017547607,3_4_14_1C_Cycle.xlsx,0.0,0.0010211634127143608
A123_094,25C,60,4.056355953216553,1.0,4.067058563232422,2.317831477046013,0.0,1,24.0,0.0,0.0,2.8855350017547607,8_12_13_1C_Cycle.xlsx,0.00060266256,0.00027686507968000424
A123_094,25C,60,4.057491302490234,1.0,4.067707061767578,2.3192204480108463,0.0,1,24.0,0.0,0.0,2.8855350017547607,3_4_14_1C_Cycle.xlsx,0.0007905364,0.0006491152495570785
A123_094,25C,60,2.5497117042541504,0.0,2.5047929286956787,-2.476539718947606,-0.0,1,24.0,0.0,0.0,2.8855350017547607,2_20_14_1C_Cycle.xlsx,0.0007427931,-0.019392412468445128
A123_094,25C,120,4.043869495391846,1.0,4.069004535675049,2.3445984177543955,0.0,1,24.0,0.0,0.0,2.8855350017547607,11_18_13_1C_Cycle.xlsx,0.0,-0.00010825948275200408
A123_094,25C,60,2.482576608657837,0.0,2.395495891571045,-2.49968675700101,-0.0,1,24.0,0.0,0.0,2.8855350017547607,12_13_13_1C_Cycle.xlsx,0.00034233928,0.00027461042349351164
A123_094,25C,60,2.5249009132385254,0.0,2.471063137054444,-2.499800772793525,-0.0,1,24.0,0.0,0.0,2.8855350017547607,9_25_13_1C_Cycle.xlsx,0.00073707104,0.00018026167288213377
A123_094,25C,30,2.482901096343994,0.0,2.482901096343994,-2.4771429949695967,-0.0,1,24.0,0.0,0.0,2.8855350017547607,12_13_13_1C_Cycle.xlsx,0.0003335178,0.00029601475214002197
A123_094,25C,30,4.066410064697266,1.0,4.066410064697266,2.3116056856907106,0.0,1,24.0,0.0,0.0,2.8855350017547607,10_16_13_1C_Cycle.xlsx,0.00079996884,2.3591747551615697e-05
A123_094,25C,30,4.067220687866211,1.0,4.067220687866211,2.316961306810379,0.0,1,24.0,0.0,0.0,2.8855350017547607,8_1_13_1C_Cycle.xlsx,0.00057446957,0.002746783859439967
A123_094,25C,30,4.066410064697266,1.0,4.066410064697266,2.3120163786879258,0.0,1,24.0,0.0,0.0,2.8855350017547607,10_16_13_1C_Cycle.xlsx,0.0007774532,2.3591747551615697e-05
A123_094,25C,60,4.056355953216553,1.0,4.067058563232422,2.3311826121831727,0.0,1,24.0,0.0,0.0,2.8855350017547607,9_25_13_1C_Cycle.xlsx,0.0,0.000645779766063065
A123_094,25C,60,4.058950424194336,1.0,4.0680317878723145,2.3395809849495426,0.0,1,24.0,0.0,0.0,2.8855350017547607,2_20_14_1C_Cycle.xlsx,1.40964985e-05,0.0004391138322331331
A123_094,25C,30,2.4511172771453857,0.0,2.4511172771453857,-2.479185115174795,-0.0,1,24.0,0.0,0.0,2.8855350017547607,7_8_13_1C_Cycle.xlsx,0.0,0.0010271408909217883
A123_094,25C,120,4.040139675140381,1.0,4.067058563232422,2.327881952105951,0.0,1,24.0,0.0,0.0,2.8855350017547607,11_6_13_1C_Cycle.xlsx,0.0,0.00038816705561721377
A123_094,25C,60,2.478684902191162,0.0,2.3865768909454346,-2.499742616306652,-0.0,1,24.0,0.0,0.0,2.8855350017547607,12_4_13_1C_Cycle.xlsx,0.00035130978,0.00027461042349351164
A123_094,25C,120,2.5662522315979004,0.0,2.382522821426392,-2.499746836653544,-0.0,1,24.0,0.0,0.0,2.8855350017547607,1_23_14_1C_Cycle.xlsx,9.198487e-05,-3.908992505288762e-05
A123_094,25C,60,2.532036066055298,0.0,2.47754979133606,-2.4770370148069394,-0.0,1,24.0,0.0,0.0,2.8855350017547607,1_23_14_1C_Cycle.xlsx,0.0004117489,0.0002814760463804901
A123_094,25C,120,4.044193744659424,1.0,4.068356037139893,2.339076983628043,0.0,1,24.0,0.0,0.0,2.8855350017547607,2_4_14_1C_Cycle.xlsx,0.00020639598,0.0013674419122041157
A123_094,25C,60,2.4772253036499023,0.0,2.382522821426392,-2.4998379057103937,-0.0,1,24.0,0.0,0.0,2.8855350017547607,12_4_13_1C_Cycle.xlsx,0.00036893785,0.0002663776533964107
A123_094,25C,30,4.068680286407471,1.0,4.068680286407471,2.3249357304835723,0.0,1,24.0,0.0,0.0,2.8855350017547607,12_13_13_1C_Cycle.xlsx,0.00032648444,0.006482566304286283
A123_094,25C,120,4.040788650512695,1.0,4.067869663238525,2.319527589198616,0.0,1,24.0,0.0,0.0,2.8855350017547607,8_1_13_1C_Cycle.xlsx,0.00016981363,-2.4367485554102837e-05
A123_094,25C,60,2.527819871902466,0.0,2.4799821376800537,-2.4779664987758934,-0.0,1,24.0,0.0,0.0,2.8855350017547607,9_16_13_1C_Cycle.xlsx,0.00019326806,0.0002814760463804901
A123_094,25C,30,2.395658016204834,0.0,2.395658016204834,-2.499807872504832,-0.0,1,24.0,0.0,0.0,2.8855350017547607,2_4_14_1C_Cycle.xlsx,0.00027497113,0.00031597758152679054
A123_094,25C,30,2.4138200283050537,0.0,2.4138200283050537,-2.4996908947273537,-0.0,1,24.0,0.0,0.0,2.8855350017547607,2_4_14_1C_Cycle.xlsx,0.00031927228,0.0015590288347873578
A123_094,25C,90,2.5266847610473637,0.0,2.38268518447876,-2.4999271029919647,-0.0367793317186396,1,24.0,0.0,0.0,2.8855350017547607,10_07_13_1C_Cycle.xlsx,0.0,0.0016152120547043712
A123_094,25C,60,4.056193828582764,1.0,4.066572189331055,2.3278591461291835,0.0,1,24.0,0.0,0.0,2.8855350017547607,11_6_13_1C_Cycle.xlsx,8.738041e-05,8.395638360006264e-05
A123_094,25C,150,4.034950733184815,1.0,4.067544937133789,2.3245086648270616,0.0,1,24.0,0.0,0.0,2.8855350017547607,12_13_13_1C_Cycle.xlsx,0.00023368001,5.239309125229723e-05
A123_094,25C,120,4.039653301239014,1.0,4.069166660308838,2.340002812445164,0.0,1,24.0,0.0,0.0,2.8855350017547607,2_4_14_1C_Cycle.xlsx,0.0,0.0005937285941054879
A123_094,25C,30,4.069490909576416,1.0,4.069490909576416,2.3370987191086723,0.0,1,24.0,0.0,0.0,2.8855350017547607,7_24_13_1C_Cycle.xlsx,9.2446804e-05,-0.01149128679325939
A123_094,25C,30,4.067869663238525,1.0,4.067869663238525,2.3241272627925262,0.0,1,24.0,0.0,0.0,2.8855350017547607,1_23_14_1C_Cycle.xlsx,0.0003234446,0.00030151647762981823
A123_094,25C,30,4.06884241104126,1.0,4.06884241104126,2.3401159089544543,0.0,1,24.0,0.0,0.0,2.8855350017547607,2_4_14_1C_Cycle.xlsx,6.954372e-05,0.0007774414737087954
A123_094,25C,60,4.056031703948975,1.0,4.066734313964844,2.312921283186459,0.0,1,24.0,0.0,0.0,2.8855350017547607,10_07_13_1C_Cycle.xlsx,0.0009470135,5.651600458995285e-05
A123_094,25C,120,2.553603410720825,0.0,2.3859283924102783,-2.4997562128922035,-0.0,1,24.0,0.0,0.0,2.8855350017547607,8_12_13_1C_Cycle.xlsx,4.222989e-05,8.141638658039517e-05
A123_094,25C,120,4.039329051971436,1.0,4.066247940063477,2.313384832112027,0.0,1,24.0,0.0,0.0,2.8855350017547607,10_07_13_1C_Cycle.xlsx,0.00054237247,-7.377479999630638e-05
A123_094,25C,60,4.0558695793151855,1.0,4.066734313964844,2.3161385854886425,0.0,1,24.0,0.0,0.0,2.8855350017547607,8_29_13_1C_Cycle.xlsx,0.000620991,5.651600458995285e-05
A123_094,25C,120,2.5545763969421387,0.0,2.3941986560821533,-2.4997228170052552,-0.0,1,24.0,0.0,0.0,2.8855350017547607,8_1_13_1C_Cycle.xlsx,0.0002706051,8.964915667749628e-05
A123_094,25C,120,4.039329051971436,1.0,4.066572189331055,2.313048663197971,0.0,1,24.0,0.0,0.0,2.8855350017547607,9_25_13_1C_Cycle.xlsx,0.00043433905,-7.377479999630638e-05
A123_094,25C,120,2.557819604873657,0.0,2.386901378631592,-2.499750254447,-0.0,1,24.0,0.0,0.0,2.8855350017547607,9_16_13_1C_Cycle.xlsx,0.00013178587,-3.908992505288762e-05
A123_094,25C,90,4.047275066375732,1.0,4.066896438598633,2.3112204986786056,0.0,1,24.0,0.0,0.0,2.8855350017547607,10_16_13_1C_Cycle.xlsx,0.0008342862,0.004369707905011975
A123_094,25C,120,2.5690088272094727,0.0,2.4027931690216064,-2.499709911435564,-0.0,1,24.0,0.0,0.0,2.8855350017547607,3_4_14_1C_Cycle.xlsx,0.000752002,0.0013687233362720916
A123_094,25C,120,4.039491176605225,1.0,4.066572189331055,2.3131700931269616,0.0,1,24.0,0.0,0.0,2.8855350017547607,10_07_13_1C_Cycle.xlsx,0.00050392747,-0.00023724337610536573
A123_094,25C,150,4.036247730255127,1.0,4.0680317878723145,2.326990776953577,0.0,1,24.0,0.0,0.0,2.8855350017547607,12_4_13_1C_Cycle.xlsx,0.0004684031,-0.00023834840374870481
A123_094,25C,90,4.045166969299316,1.0,4.069328784942627,2.3385032997711708,0.0,1,24.0,0.0,0.0,2.8855350017547607,3_4_14_1C_Cycle.xlsx,0.0,-0.0007767933140376544
A123_094,25C,120,4.0599236488342285,1.0,4.074518203735352,0.9077194258570672,0.0,1,24.0,0.0,1.0,3.553644180297852,9_25_13_1C_Cycle.xlsx,0.9977484,0.986485042968815
A123_094,25C,60,4.0557074546813965,1.0,4.066410064697266,2.3132915049791336,0.0,1,24.0,0.0,0.0,2.8855350017547607,9_25_13_1C_Cycle.xlsx,0.0008896291,-6.35974118832797e-05
A123_094,25C,150,4.033491134643555,1.0,4.067058563232422,2.328194734491721,0.0,1,24.0,0.0,0.0,2.8855350017547607,11_6_13_1C_Cycle.xlsx,0.0,0.00046456902574702573
A123_094,25C,120,2.5604143142700195,0.0,2.380577087402344,-2.4997383999613536,-0.0,1,24.0,0.0,0.0,2.8855350017547607,10_07_13_1C_Cycle.xlsx,0.0,-3.08571549557865e-05
A123_094,25C,30,4.067220687866211,1.0,4.067220687866211,2.305397005577106,0.0,1,24.0,0.0,0.0,2.8855350017547607,7_17_13_1C_Cycle.xlsx,0.0012455583,0.00148935687234346
A123_094,25C,120,2.561225175857544,0.0,2.3740904331207275,-2.5001909605094363,-0.0,1,24.0,0.0,0.0,2.8855350017547607,10_16_13_1C_Cycle.xlsx,0.0,-3.908992505288762e-05
A123_094,25C,90,4.046950817108154,1.0,4.066896438598633,2.317990465581417,0.0,1,24.0,0.0,0.0,2.8855350017547607,8_12_13_1C_Cycle.xlsx,0.00019294024,9.75326208191643e-05
A123_094,25C,150,4.033329010009766,1.0,4.067220687866211,2.3157830752071837,0.0,1,24.0,0.0,0.0,2.8855350017547607,8_29_13_1C_Cycle.xlsx,0.00021260977,2.7891369870903857e-05
A123_094,25C,120,4.039329051971436,1.0,4.067220687866211,2.310355277120612,0.0,1,24.0,0.0,0.0,2.8855350017547607,7_8_13_1C_Cycle.xlsx,0.0003670901,0.0003392640954558422
A123_094,25C,120,2.55733323097229,0.0,2.384955406188965,-2.49975818081906,-0.0,1,24.0,0.0,0.0,2.8855350017547607,9_16_13_1C_Cycle.xlsx,6.8068504e-05,-3.908992505288762e-05
A123_094,25C,60,4.056193828582764,1.0,4.066734313964844,2.313036817202314,0.0,1,24.0,0.0,0.0,2.8855350017547607,10_07_13_1C_Cycle.xlsx,0.0010259151,5.651600458995285e-05
A123_094,25C,90,4.046626091003418,1.0,4.066247940063477,2.3116146536651723,0.0,1,24.0,0.0,0.0,2.8855350017547607,10_16_13_1C_Cycle.xlsx,0.00074619055,-0.0001251186842285192
A123_094,25C,120,2.5753331184387207,0.0,2.3987390995025635,-2.499865078500339,-0.0,1,24.0,0.0,0.0,2.8855350017547607,10_16_13_1C_Cycle.xlsx,0.0007427633,-0.002559442805101793
A123_094,25C,60,4.056193828582764,1.0,4.066896438598633,2.3279487444948748,0.0,1,24.0,0.0,0.0,2.8855350017547607,11_6_13_1C_Cycle.xlsx,0.0,0.0005703938958592532
A123_094,25C,30,4.066896438598633,1.0,4.066896438598633,2.3281142575149776,0.0,1,24.0,0.0,0.0,2.8855350017547607,11_6_13_1C_Cycle.xlsx,0.00018590689,0.0015984066683837523
A123_094,25C,30,2.3774960041046143,0.0,2.3774960041046143,-2.499891933086699,-0.0,1,24.0,0.0,0.0,2.8855350017547607,9_25_13_1C_Cycle.xlsx,0.000272125,0.00031597758152679054
A123_094,25C,60,4.057491302490234,1.0,4.067869663238525,2.324400586832283,0.0,1,24.0,0.0,0.0,2.8855350017547607,1_23_14_1C_Cycle.xlsx,0.00036770105,0.00030319118956292766
A123_094,25C,120,4.043545246124268,1.0,4.068356037139893,2.3421134210095325,0.0,1,24.0,0.0,0.0,2.8855350017547607,1_23_14_1C_Cycle.xlsx,0.0,0.006605952517481497
A123_094,25C,30,2.3927390575408936,0.0,2.3927390575408936,-2.499792671649256,-0.0,1,24.0,0.0,0.0,2.8855350017547607,2_4_14_1C_Cycle.xlsx,0.0002706945,0.00031597758152679054
A123_094,25C,60,2.5270090103149414,0.0,2.474306344985962,-2.4777953824009997,-0.0,1,24.0,0.0,0.0,2.8855350017547607,10_07_13_1C_Cycle.xlsx,0.00024926662,0.0002814760463804901
A123_094,25C,30,4.069004535675049,1.0,4.069004535675049,2.344527972388571,0.0,1,24.0,0.0,0.0,2.8855350017547607,11_18_13_1C_Cycle.xlsx,7.764995e-05,0.0013600544396456533
A123_094,25C,30,4.067869663238525,1.0,4.067869663238525,2.324360435589766,0.0,1,24.0,0.0,0.0,2.8855350017547607,1_23_14_1C_Cycle.xlsx,0.00031599402,0.00030151647762981823
A123_094,25C,120,4.044355869293213,1.0,4.069004535675049,2.343531804207044,0.0,1,24.0,0.0,0.0,2.8855350017547607,12_13_13_1C_Cycle.xlsx,0.0,-0.0003463228819065331
A123_094,25C,150,4.032193660736084,1.0,4.067220687866211,2.310355277120612,0.0,1,24.0,0.0,0.0,2.8855350017547607,7_8_13_1C_Cycle.xlsx,7.972121e-05,0.0002619109552744906
A123_094,25C,120,2.5605764389038086,0.0,2.393549919128418,-2.4997401001217128,-0.0,1,24.0,0.0,0.0,2.8855350017547607,11_18_13_1C_Cycle.xlsx,0.0003594607,-3.08571549557865e-05
A123_094,25C,120,2.559279203414917,0.0,2.382198572158813,-2.499880737962976,-0.0,1,24.0,0.0,0.0,2.8855350017547607,10_07_13_1C_Cycle.xlsx,8.001924e-06,-3.908992505288762e-05
A123_094,25C,60,4.057004451751709,1.0,4.067707061767578,2.319506083689039,0.0,1,24.0,0.0,0.0,2.8855350017547607,8_1_13_1C_Cycle.xlsx,0.0005349517,0.001425851447449474
A123_094,25C,90,2.5273332595825195,0.0,2.374739170074463,-2.49996474626902,-0.0,1,24.0,0.0,0.0,2.8855350017547607,11_6_13_1C_Cycle.xlsx,0.00018692017,0.0001889047827147582
A123_094,25C,60,4.057977676391602,1.0,4.0680317878723145,2.3249509797384174,0.0,1,24.0,0.0,0.0,2.8855350017547607,12_4_13_1C_Cycle.xlsx,0.0004838109,0.00030319118956292766
A123_094,25C,120,2.557657480239868,0.0,2.381874322891236,-2.4997511943884656,-0.0,1,24.0,0.0,0.0,2.8855350017547607,9_25_13_1C_Cycle.xlsx,0.0,-3.908992505288762e-05
A123_094,25C,30,2.382522821426392,0.0,2.382522821426392,-2.4997495950850763,-0.0,1,24.0,0.0,0.0,2.8855350017547607,9_25_13_1C_Cycle.xlsx,0.00026467443,0.00031597758152679054
A123_094,25C,30,2.3984148502349854,0.0,2.3984148502349854,-2.4998019729648626,-0.0,1,24.0,0.0,0.0,2.8855350017547607,11_6_13_1C_Cycle.xlsx,0.00027936697,0.0005878257845586813
A123_094,25C,90,2.555063009262085,0.0,2.426955223083496,-2.4996559799842117,-0.0,1,24.0,0.0,0.0,2.8855350017547607,2_20_14_1C_Cycle.xlsx,0.0013326406,0.016399446320561104
A123_094,25C,30,4.066572189331055,1.0,4.066572189331055,2.315635863811739,0.0,1,24.0,0.0,0.0,2.8855350017547607,8_29_13_1C_Cycle.xlsx,0.0006029606,2.3591747551615697e-05
A123_094,25C,90,4.046950817108154,1.0,4.067058563232422,2.305317953112535,0.0,1,24.0,0.0,0.0,2.8855350017547607,7_19_13_1C_Cycle.xlsx,0.0010720491,0.005951207921716919
A123_094,25C,30,2.480955123901367,0.0,2.480955123901367,-2.477923774988628,-0.0,1,24.0,0.0,0.0,2.8855350017547607,10_07_13_1C_Cycle.xlsx,0.00032398105,0.00029601475214002197
A123_094,25C,120,4.044517993927002,1.0,4.069166660308838,2.3387822253270105,0.0,1,24.0,0.0,0.0,2.8855350017547607,3_4_14_1C_Cycle.xlsx,7.855892e-05,-0.00014958014533665652
A123_094,25C,120,4.042409896850586,1.0,4.0680317878723145,2.327007474518624,0.0,1,24.0,0.0,0.0,2.8855350017547607,12_4_13_1C_Cycle.xlsx,0.00033205748,-7.955005054725217e-05
A123_094,25C,60,2.530090093612671,0.0,2.480792999267578,-2.477389079180804,-0.0,1,24.0,0.0,0.0,2.8855350017547607,11_18_13_1C_Cycle.xlsx,0.00026652217,0.0002814760463804901
A123_094,25C,120,2.5628466606140137,0.0,2.3774960041046143,-2.499848955443927,-0.0,1,24.0,0.0,0.0,2.8855350017547607,10_16_13_1C_Cycle.xlsx,0.0,-3.908992505288762e-05
A123_094,25C,60,4.056193828582764,1.0,4.067058563232422,2.317922522187233,0.0,1,24.0,0.0,0.0,2.8855350017547607,8_12_13_1C_Cycle.xlsx,0.0005212724,0.00027686507968000424
A123_094,25C,30,2.48500919342041,0.0,2.48500919342041,-2.476651833076849,-0.0,1,24.0,0.0,0.0,2.8855350017547607,2_4_14_1C_Cycle.xlsx,0.0003528297,-0.0007793930577775415
A123_094,25C,90,4.041923522949219,1.0,4.067869663238525,2.322607472364325,0.0,1,24.0,0.0,0.0,2.8855350017547607,7_17_13_1C_Cycle.xlsx,0.0,-7.665566916605219e-05
A123_094,25C,120,2.5704684257507324,0.0,2.387712001800537,-2.499772403841821,-0.0,1,24.0,0.0,0.0,2.8855350017547607,3_4_14_1C_Cycle.xlsx,0.0003168881,-3.908992505288762e-05
A123_094,25C,60,4.057328701019287,1.0,4.067707061767578,2.331749741904071,0.0,1,24.0,0.0,0.0,2.8855350017547607,9_16_13_1C_Cycle.xlsx,0.0,0.0015691998547219877
A123_094,25C,60,2.481117248535156,0.0,2.393712043762207,-2.499724890056409,-0.0,1,24.0,0.0,0.0,2.8855350017547607,9_16_13_1C_Cycle.xlsx,0.00031527877,0.00027461042349351164
A123_094,25C,30,4.070464134216309,1.0,4.070464134216309,2.3422099667736607,0.0,1,24.0,0.0,0.0,2.8855350017547607,12_13_13_1C_Cycle.xlsx,7.1674585e-05,-0.005650274891246543
A123_094,25C,90,4.047112941741943,1.0,4.067058563232422,2.3055325008463115,0.0,1,24.0,0.0,0.0,2.8855350017547607,7_17_13_1C_Cycle.xlsx,0.0011494905,0.004996871108778769
A123_094,25C,30,2.395982265472412,0.0,2.395982265472412,-2.499729645879645,-0.0,1,24.0,0.0,0.0,2.8855350017547607,8_29_13_1C_Cycle.xlsx,0.00027295947,0.0002782400671567091
A123_094,25C,30,2.372468948364258,0.0,2.372468948364258,-2.4998768557299367,-0.0,1,24.0,0.0,0.0,2.8855350017547607,11_6_13_1C_Cycle.xlsx,0.00027766824,0.00031597758152679054
A123_094,25C,30,2.389009475708008,0.0,2.389009475708008,-2.4997808487615854,-0.0,1,24.0,0.0,0.0,2.8855350017547607,2_4_14_1C_Cycle.xlsx,0.0002670735,0.00031597758152679054
A123_094,25C,30,4.070788383483887,1.0,4.070788383483887,2.3533531363010405,0.0,1,24.0,0.0,0.0,2.8855350017547607,7_24_13_1C_Cycle.xlsx,0.00016742945,-0.019415614160344482
A123_094,25C,120,4.039653301239014,1.0,4.066734313964844,2.3155615339956936,0.0,1,24.0,0.0,0.0,2.8855350017547607,8_29_13_1C_Cycle.xlsx,0.000347808,0.0007246132306386722
A123_094,25C,120,2.563171148300171,0.0,2.4011714458465576,-2.499670079198934,-0.0,1,24.0,0.0,0.0,2.8855350017547607,7_19_13_1C_Cycle.xlsx,0.0006003082,0.0012723705449030123
A123_094,25C,90,4.047275066375732,1.0,4.066734313964844,2.3313677460570967,0.0,1,24.0,0.0,0.0,2.8855350017547607,10_07_13_1C_Cycle.xlsx,0.0,0.0002777597477557759
A123_094,25C,60,4.059274673461914,1.0,4.06884241104126,2.338771120432699,0.0,1,24.0,0.0,0.0,2.8855350017547607,3_4_14_1C_Cycle.xlsx,0.0,0.0007809410821260966
A123_094,25C,150,4.032680511474609,1.0,4.066572189331055,2.3161939542980923,0.0,1,24.0,0.0,0.0,2.8855350017547607,8_29_13_1C_Cycle.xlsx,0.0001436621,-5.634955075275213e-05
A123_094,25C,60,4.058788299560547,1.0,4.068680286407471,2.337735362528336,0.0,1,24.0,0.0,0.0,2.8855350017547607,7_24_13_1C_Cycle.xlsx,0.0,0.015197048325059036
A123_094,25C,60,4.056355953216553,1.0,4.067058563232422,2.315857383092084,0.0,1,24.0,0.0,0.0,2.8855350017547607,8_29_13_1C_Cycle.xlsx,0.00074608624,0.0002520115371323376
A123_094,25C,30,4.066572189331055,1.0,4.066572189331055,2.3113070558294777,0.0,1,24.0,0.0,0.0,2.8855350017547607,10_16_13_1C_Cycle.xlsx,0.0008264482,2.3591747551615697e-05
A123_094,25C,90,4.048734188079834,1.0,4.067544937133789,2.319161780047835,0.0,1,24.0,0.0,0.0,2.8855350017547607,3_4_14_1C_Cycle.xlsx,0.0006913245,0.0004019580280158115
A123_094,25C,30,4.068518161773682,1.0,4.068518161773682,2.344776034544585,0.0,1,24.0,0.0,0.0,2.8855350017547607,11_18_13_1C_Cycle.xlsx,8.188188e-05,0.0006904199289377498
A123_094,25C,90,2.5273332595825195,0.0,2.381549835205078,-2.4997559922986325,-0.0,1,24.0,0.0,0.0,2.8855350017547607,10_07_13_1C_Cycle.xlsx,0.0002797842,0.0001889047827147582
A123_094,25C,90,4.041923522949219,1.0,4.067869663238525,2.3242863182965507,0.0,1,24.0,0.0,0.0,2.8855350017547607,1_23_14_1C_Cycle.xlsx,0.0,-7.665566916605219e-05
A123_094,25C,90,4.051329135894775,1.0,4.06884241104126,2.343741808182154,0.0,1,24.0,0.0,0.0,2.8855350017547607,12_4_13_1C_Cycle.xlsx,0.0,9.027197842948979e-05
A123_094,25C,60,2.4773874282836914,0.0,2.390630960464477,-2.4997854751089346,-0.0,1,24.0,0.0,0.0,2.8855350017547607,8_29_13_1C_Cycle.xlsx,0.00021612644,0.0002663776533964107
A123_094,25C,60,4.057004451751709,1.0,4.067544937133789,2.324568876216554,0.0,1,24.0,0.0,0.0,2.8855350017547607,1_23_14_1C_Cycle.xlsx,0.0002696216,0.0013706688824563246
A123_094,25C,30,4.066572189331055,1.0,4.066572189331055,2.3131597340717667,0.0,1,24.0,0.0,0.0,2.8855350017547607,10_07_13_1C_Cycle.xlsx,0.00072592497,2.3591747551615697e-05
A123_094,25C,60,4.0557074546813965,1.0,4.066247940063477,2.311284657721677,0.0,1,24.0,0.0,0.0,2.8855350017547607,10_16_13_1C_Cycle.xlsx,0.0011291206,-6.35974118832797e-05
A123_094,25C,120,4.039166927337647,1.0,4.066410064697266,2.3112801902673463,0.0,1,24.0,0.0,0.0,2.8855350017547607,10_16_13_1C_Cycle.xlsx,0.00054979324,-3.299084074791079e-05
A123_094,25C,60,2.488738775253296,0.0,2.4053876399993896,-2.499808909600241,-0.0,1,24.0,0.0,0.0,2.8855350017547607,9_16_13_1C_Cycle.xlsx,0.00041684508,0.005503293523664959
A123_094,25C,60,2.473982095718384,0.0,2.377171516418457,-2.49991512298584,-0.0,1,24.0,0.0,0.0,2.8855350017547607,12_13_13_1C_Cycle.xlsx,0.00033438206,0.0002663776533964107
A123_094,25C,150,4.034139633178711,1.0,4.067220687866211,2.3246537713795647,0.0,1,24.0,0.0,0.0,2.8855350017547607,12_13_13_1C_Cycle.xlsx,9.23872e-06,-2.729119512224557e-05
A123_094,25C,120,2.557495355606079,0.0,2.39176607131958,-2.499741473405257,-0.0,1,24.0,0.0,0.0,2.8855350017547607,8_29_13_1C_Cycle.xlsx,0.00026080012,-3.08571549557865e-05
A123_094,25C,60,2.4773874282836914,0.0,2.3823606967926025,-2.4997091679959684,-0.0,1,24.0,0.0,0.0,2.8855350017547607,12_4_13_1C_Cycle.xlsx,0.00037553906,0.00027461042349351164
A123_094,25C,60,4.056193828582764,1.0,4.066896438598633,2.308824769636759,0.0,1,24.0,0.0,0.0,2.8855350017547607,7_8_13_1C_Cycle.xlsx,0.0013111532,0.0002447776330073867
A123_094,25C,30,4.068518161773682,1.0,4.068518161773682,2.3395603840288364,0.0,1,24.0,0.0,0.0,2.8855350017547607,2_20_14_1C_Cycle.xlsx,6.9499016e-05,0.0007774414737087954
A123_094,25C,90,2.49863076210022,0.0,2.376198530197144,-2.499681380169451,-0.0,1,24.0,0.0,0.0,2.8855350017547607,7_8_13_1C_Cycle.xlsx,0.0,0.0003675420130670811
A123_094,25C,120,2.570630550384521,0.0,2.396144390106201,-2.4997369351788103,-0.0,1,24.0,0.0,0.0,2.8855350017547607,3_4_14_1C_Cycle.xlsx,0.000592947,0.0003701302527330932
A123_094,25C,30,2.476738929748535,0.0,2.476738929748535,-2.478868221706944,-0.0,1,24.0,0.0,0.0,2.8855350017547607,7_15_13_1C_Cycle.xlsx,0.00028842688,0.00029601475214002197
A123_094,25C,60,2.5274953842163086,0.0,2.4730091094970703,-2.477586032075816,-0.0,1,24.0,0.0,0.0,2.8855350017547607,10_16_13_1C_Cycle.xlsx,0.00029292703,0.0002814760463804901
A123_094,25C,60,4.058950424194336,1.0,4.068680286407471,2.3446305729448795,0.0,1,24.0,0.0,0.0,2.8855350017547607,11_18_13_1C_Cycle.xlsx,0.0,0.0006785179792141904
A123_094,25C,120,4.041437149047852,1.0,4.067544937133789,2.3245086648270616,0.0,1,24.0,0.0,0.0,2.8855350017547607,12_13_13_1C_Cycle.xlsx,0.0002464652,0.00021119144445374999
A123_094,25C,30,4.067869663238525,1.0,4.067869663238525,2.3236592963465257,0.0,1,24.0,0.0,0.0,2.8855350017547607,1_23_14_1C_Cycle.xlsx,0.000338763,0.00030151647762981823
A123_094,25C,90,4.048734188079834,1.0,4.067869663238525,2.3242492559883328,0.0,1,24.0,0.0,0.0,2.8855350017547607,1_23_14_1C_Cycle.xlsx,0.00020766258,5.603396802165961e-05
A123_094,25C,30,4.068680286407471,1.0,4.068680286407471,2.33955404711397,0.0,1,24.0,0.0,0.0,2.8855350017547607,2_20_14_1C_Cycle.xlsx,7.0273876e-05,0.0007774414737087954
A123_094,25C,150,4.038193702697754,1.0,4.06884241104126,2.344344209753356,0.0,1,24.0,0.0,0.0,2.8855350017547607,11_18_13_1C_Cycle.xlsx,0.0,-6.917778092114987e-05
A123_094,25C,60,2.4801442623138428,0.0,2.3966310024261475,-2.499878820191082,-0.0,1,24.0,0.0,0.0,2.8855350017547607,8_1_13_1C_Cycle.xlsx,0.00021731853,0.0005382258564283015
A123_094,25C,90,2.534468412399292,0.0,2.396144390106201,-2.499861238199637,-0.0,1,24.0,0.0,0.0,2.8855350017547607,1_23_14_1C_Cycle.xlsx,0.0005865693,0.0006159261457684516
A123_094,25C,90,2.5255496501922607,0.0,2.382847309112549,-2.499757591602022,-0.0,1,24.0,0.0,0.0,2.8855350017547607,9_25_13_1C_Cycle.xlsx,0.0002592504,0.0001889047827147582
A123_094,25C,60,4.057491302490234,1.0,4.067869663238525,2.324457717120138,0.0,1,24.0,0.0,0.0,2.8855350017547607,1_23_14_1C_Cycle.xlsx,0.00036409497,0.00030319118956292766
A123_094,25C,60,2.4770631790161133,0.0,2.3860905170440674,-2.4997352013545755,-0.0,1,24.0,0.0,0.0,2.8855350017547607,10_07_13_1C_Cycle.xlsx,0.00029098988,0.00027461042349351164
A123_094,25C,60,2.5274953842163086,0.0,2.4734957218170166,-2.4777747393262253,-0.0,1,24.0,0.0,0.0,2.8855350017547607,10_16_13_1C_Cycle.xlsx,0.0002875626,0.0002814760463804901
A123_094,25C,90,4.047112941741943,1.0,4.066896438598633,2.3177288458943366,0.0,1,24.0,0.0,0.0,2.8855350017547607,8_12_13_1C_Cycle.xlsx,0.00027866662,0.00017532333186676404
A123_094,25C,150,4.044031620025635,1.0,4.07192325592041,2.361629956171044,0.0,1,24.0,0.0,0.0,2.8855350017547607,12_4_13_1C_Cycle.xlsx,0.00017891824,0.006133323957674243
A123_094,25C,120,4.045815467834473,1.0,4.069490909576416,2.3380833070137,0.0,1,24.0,0.0,0.0,2.8855350017547607,3_4_14_1C_Cycle.xlsx,0.00058719516,-0.0019061753868565786
A123_094,25C,30,4.066734313964844,1.0,4.066734313964844,2.3129420031900287,0.0,1,24.0,0.0,0.0,2.8855350017547607,9_25_13_1C_Cycle.xlsx,0.000746727,0.00022811992354537775
A123_094,25C,30,4.0680317878723145,1.0,4.0680317878723145,2.320835689918732,0.0,1,24.0,0.0,0.0,2.8855350017547607,7_19_13_1C_Cycle.xlsx,0.00044764578,0.0003566990426229677
A123_094,25C,120,4.048247814178467,1.0,4.071274757385254,2.3530770887732504,0.0,1,24.0,0.0,0.0,2.8855350017547607,7_24_13_1C_Cycle.xlsx,1.3679266e-05,-0.010292437378537316
A123_094,25C,60,4.058950424194336,1.0,4.068356037139893,2.3403091452691864,0.0,1,24.0,0.0,0.0,2.8855350017547607,2_4_14_1C_Cycle.xlsx,0.0,0.0017478658778449306
A123_094,25C,150,4.038680553436279,1.0,4.068193912506104,2.339527061960676,0.0,1,24.0,0.0,0.0,2.8855350017547607,2_20_14_1C_Cycle.xlsx,0.0006804317,-0.0003351638454017998
A123_094,25C,60,4.056518077850342,1.0,4.066896438598633,2.3276770031627487,0.0,1,24.0,0.0,0.0,2.8855350017547607,11_6_13_1C_Cycle.xlsx,0.000115677714,0.0005703938958592532
A123_094,25C,120,2.5609006881713867,0.0,2.3943607807159424,-2.4997905761271983,-0.0,1,24.0,0.0,0.0,2.8855350017547607,11_18_13_1C_Cycle.xlsx,0.00038671494,-3.908992505288762e-05
A123_094,25C,30,4.0673828125,1.0,4.0673828125,2.3215804485523184,0.0,1,24.0,0.0,0.0,2.8855350017547607,2_4_14_1C_Cycle.xlsx,0.00039225817,0.0005720411300737934
A123_094,25C,150,4.031545162200928,1.0,4.066410064697266,2.3185874039530754,0.0,1,24.0,0.0,0.0,2.8855350017547607,8_12_13_1C_Cycle.xlsx,0.0,-9.678429963254765e-06
A123_094,25C,120,2.5605764389038086,0.0,2.382522821426392,-2.4997591909054107,-0.0,1,24.0,0.0,0.0,2.8855350017547607,10_07_13_1C_Cycle.xlsx,3.3050776e-05,-3.908992505288762e-05
A123_094,25C,120,4.038842678070068,1.0,4.066410064697266,2.3151731669175915,0.0,1,24.0,0.0,0.0,2.8855350017547607,9_16_13_1C_Cycle.xlsx,0.00013893843,-3.299084074791079e-05
A123_094,25C,150,4.032842636108398,1.0,4.066572189331055,2.3131612116073974,0.0,1,24.0,0.0,0.0,2.8855350017547607,10_07_13_1C_Cycle.xlsx,0.00041136146,-5.634955075275213e-05
A123_094,25C,90,4.049707412719727,1.0,4.0680317878723145,2.32692699816798,0.0,1,24.0,0.0,0.0,2.8855350017547607,12_4_13_1C_Cycle.xlsx,0.00040072203,5.603396802165961e-05
A123_094,25C,30,4.0673828125,1.0,4.0673828125,2.317199843287468,0.0,1,24.0,0.0,0.0,2.8855350017547607,8_12_13_1C_Cycle.xlsx,0.00057169795,0.0006884904548391903
A123_094,25C,90,2.5234413146972656,0.0,2.3903067111968994,-2.499112943123127,-0.0,1,24.0,0.0,0.0,2.8855350017547607,8_12_13_1C_Cycle.xlsx,0.00026617944,0.0001971375528118593
A123_094,25C,90,2.5297658443450928,0.0,2.3760364055633545,-2.4999258999430807,-0.0389199348682731,1,24.0,0.0,0.0,2.8855350017547607,12_13_13_1C_Cycle.xlsx,0.0,0.001555208373193834
A123_094,25C,150,4.0343017578125,1.0,4.067058563232422,2.3212332464430645,0.0,1,24.0,0.0,0.0,2.8855350017547607,2_4_14_1C_Cycle.xlsx,0.00034204125,-6.416011376348814e-05
A123_094,25C,150,4.032680511474609,1.0,4.066410064697266,2.3281916840111507,0.0,1,24.0,0.0,0.0,2.8855350017547607,11_6_13_1C_Cycle.xlsx,0.0,0.00032640456806185556
A123_094,25C,90,4.047599315643311,1.0,4.067220687866211,2.315686910142821,0.0,1,24.0,0.0,0.0,2.8855350017547607,8_29_13_1C_Cycle.xlsx,0.00051766634,0.00032227374164126867
A123_094,25C,30,2.4759280681610107,0.0,2.4759280681610107,-2.478377204733646,-0.0,1,24.0,0.0,0.0,2.8855350017547607,8_12_13_1C_Cycle.xlsx,0.00026597083,0.00029601475214002197
A123_094,25C,150,4.033166885375977,1.0,4.067220687866211,2.317860369563103,0.0,1,24.0,0.0,0.0,2.8855350017547607,8_12_13_1C_Cycle.xlsx,2.4184585e-05,2.7891369870903857e-05
A123_094,25C,90,4.047599315643311,1.0,4.066896438598633,2.330715203149752,0.0,1,24.0,0.0,0.0,2.8855350017547607,10_07_13_1C_Cycle.xlsx,0.0,0.0007589513975173904
A123_094,25C,90,2.523279190063477,0.0,2.401982307434082,-2.49965783499055,-0.0,1,24.0,0.0,0.0,2.8855350017547607,7_24_13_1C_Cycle.xlsx,0.0003221929,0.0015600254932655617
A123_094,25C,150,4.032356262207031,1.0,4.066896438598633,2.308824769636759,0.0,1,24.0,0.0,0.0,2.8855350017547607,7_8_13_1C_Cycle.xlsx,0.00035959482,-9.624756043610554e-05
A123_094,25C,30,2.42484712600708,0.0,2.42484712600708,-2.499674442772553,-0.0,1,24.0,0.0,0.0,2.8855350017547607,2_20_14_1C_Cycle.xlsx,0.0003681779,0.0010271408909217883
A123_094,25C,60,4.056518077850342,1.0,4.067220687866211,2.319603585948547,0.0,1,24.0,0.0,0.0,2.8855350017547607,8_1_13_1C_Cycle.xlsx,0.0004927963,0.0003689165633143964
A123_094,25C,90,2.523765802383423,0.0,2.393387794494629,-2.499772269501645,-0.0,1,24.0,0.0,0.0,2.8855350017547607,8_1_13_1C_Cycle.xlsx,0.0003030002,0.0001889047827147582
A123_094,25C,120,4.040788650512695,1.0,4.067707061767578,2.3259914063490355,0.0,1,24.0,0.0,0.0,2.8855350017547607,7_8_13_1C_Cycle.xlsx,0.0,0.00021119144445374999
A123_094,25C,120,4.039329051971436,1.0,4.066410064697266,2.3112936219400613,0.0,1,24.0,0.0,0.0,2.8855350017547607,10_16_13_1C_Cycle.xlsx,0.0006310046,-7.377479999630638e-05
A123_094,25C,120,4.045166969299316,1.0,4.069815158843994,2.336450619179578,0.0,1,24.0,0.0,0.0,2.8855350017547607,7_24_13_1C_Cycle.xlsx,0.00026755035,-0.005729937698528858
A123_094,25C,120,4.039653301239014,1.0,4.067058563232422,2.3175872113704683,0.0,1,24.0,0.0,0.0,2.8855350017547607,8_12_13_1C_Cycle.xlsx,0.00010150671,0.0008379469788801086
A123_094,25C,60,4.058950424194336,1.0,4.068518161773682,2.341822156104548,0.0,1,24.0,0.0,0.0,2.8855350017547607,1_23_14_1C_Cycle.xlsx,0.0,0.006077876737449401
A123_094,25C,90,4.048409938812256,1.0,4.0673828125,2.320733630981134,0.0,1,24.0,0.0,0.0,2.8855350017547607,2_4_14_1C_Cycle.xlsx,0.00048050284,0.0003265586204656358
A123_094,25C,30,2.476576805114746,0.0,2.476576805114746,-2.477626018880339,-0.0,1,24.0,0.0,0.0,2.8855350017547607,10_16_13_1C_Cycle.xlsx,0.00025694072,0.00029601475214002197
A123_094,25C,30,2.4138200283050537,0.0,2.4138200283050537,-2.499709301524692,-0.0,1,24.0,0.0,0.0,2.8855350017547607,2_4_14_1C_Cycle.xlsx,0.00031985343,0.0014856296109382432
A123_094,25C,30,4.066572189331055,1.0,4.066572189331055,2.3131404781683544,0.0,1,24.0,0.0,0.0,2.8855350017547607,10_07_13_1C_Cycle.xlsx,0.00072692335,2.3591747551615697e-05
A123_094,25C,30,4.066734313964844,1.0,4.066734313964844,2.3127465379409125,0.0,1,24.0,0.0,0.0,2.8855350017547607,9_25_13_1C_Cycle.xlsx,0.0007571578,0.00022811992354537775
A123_094,25C,90,4.046950817108154,1.0,4.066410064697266,2.3112936219400613,0.0,1,24.0,0.0,0.0,2.8855350017547607,10_16_13_1C_Cycle.xlsx,0.00087442994,-0.0001251186842285192
A123_094,25C,60,4.055220603942871,1.0,4.066085815429688,2.311640026217157,0.0,1,24.0,0.0,0.0,2.8855350017547607,10_16_13_1C_Cycle.xlsx,0.00090670586,-5.296493392336898e-05
A123_094,25C,120,4.036409854888916,1.0,4.065761566162109,2.2798983641248896,0.0,1,24.0,0.0,0.0,2.8855350017547607,7_5_13_1C_Cycle.xlsx,0.0020736456,0.001264541156710389
A123_094,25C,120,2.557495355606079,0.0,2.397117376327514,-2.499820178296386,-0.0,1,24.0,0.0,0.0,2.8855350017547607,7_17_13_1C_Cycle.xlsx,0.0003951192,0.00021495709271129117
A123_094,25C,90,2.52425217628479,0.0,2.3778202533721924,-2.4998599470189187,-0.0,1,24.0,0.0,0.0,2.8855350017547607,9_25_13_1C_Cycle.xlsx,0.00017642975,0.0001889047827147582
A123_094,25C,30,4.066410064697266,1.0,4.066410064697266,2.3131552474787003,0.0,1,24.0,0.0,0.0,2.8855350017547607,10_07_13_1C_Cycle.xlsx,0.00071692467,2.3591747551615697e-05
A123_094,25C,60,4.058950424194336,1.0,4.0680317878723145,2.339618984217706,0.0,1,24.0,0.0,0.0,2.8855350017547607,2_20_14_1C_Cycle.xlsx,1.2218952e-05,0.0004391138322331331
A123_094,25C,30,4.066410064697266,1.0,4.066410064697266,2.311360814293061,0.0,1,24.0,0.0,0.0,2.8855350017547607,10_16_13_1C_Cycle.xlsx,0.0008135587,2.3591747551615697e-05
A123_094,25C,60,2.4736578464508057,0.0,2.377009391784668,-2.499870764125477,-0.0,1,24.0,0.0,0.0,2.8855350017547607,12_13_13_1C_Cycle.xlsx,0.00032277405,0.0002663776533964107
A123_094,25C,30,2.4770631790161133,0.0,2.4770631790161133,-2.4997612656773747,-0.0,1,24.0,0.0,0.0,2.8855350017547607,11_6_13_1C_Cycle.xlsx,0.0008055419,0.00024077066310884823
A123_094,25C,60,2.5268468856811523,0.0,2.472522735595703,-2.477784337256458,-0.0,1,24.0,0.0,0.0,2.8855350017547607,10_16_13_1C_Cycle.xlsx,0.00027567148,0.0002814760463804901
A123_094,25C,120,4.039491176605225,1.0,4.066896438598633,2.3127879946813232,0.0,1,24.0,0.0,0.0,2.8855350017547607,9_25_13_1C_Cycle.xlsx,0.00040078163,-1.1660516129803288e-05
A123_094,25C,30,4.067220687866211,1.0,4.067220687866211,2.3211499892499137,0.0,1,24.0,0.0,0.0,2.8855350017547607,2_4_14_1C_Cycle.xlsx,0.00040146708,0.0004922769086827322
A123_094,25C,60,2.48063063621521,0.0,2.3943607807159424,-2.4997905761271983,-0.0,1,24.0,0.0,0.0,2.8855350017547607,11_18_13_1C_Cycle.xlsx,0.00028254092,0.0002663776533964107
A123_094,25C,60,4.057328701019287,1.0,4.067707061767578,2.319041334419397,0.0,1,24.0,0.0,0.0,2.8855350017547607,3_4_14_1C_Cycle.xlsx,0.000722453,0.0006491152495570785
A123_094,25C,60,4.054734230041504,1.0,4.066085815429688,2.2940961237399637,0.0,1,24.0,0.0,0.0,2.8855350017547607,7_8_13_1C_Cycle.xlsx,0.002271384,-0.0017353828287321727
A123_094,25C,60,2.523765802383423,0.0,2.4773874282836914,-2.4786860913115207,-0.0,1,24.0,0.0,0.0,2.8855350017547607,8_1_13_1C_Cycle.xlsx,7.903576e-05,0.0002814760463804901
A123_094,25C,30,4.066734313964844,1.0,4.066734313964844,2.328099073294331,0.0,1,24.0,0.0,0.0,2.8855350017547607,11_6_13_1C_Cycle.xlsx,0.0001821965,0.0008449765215527718
A123_094,25C,60,4.057491302490234,1.0,4.067544937133789,2.322444534431333,0.0,1,24.0,0.0,0.0,2.8855350017547607,2_4_14_1C_Cycle.xlsx,0.00062032044,0.0006491152495570785
A123_094,25C,30,2.47317123413086,0.0,2.47317123413086,-2.477769939737823,-0.0,1,24.0,0.0,0.0,2.8855350017547607,10_16_13_1C_Cycle.xlsx,0.00021523237,0.00029601475214002197
A123_094,25C,60,4.0557074546813965,1.0,4.066572189331055,2.3149513626486304,0.0,1,24.0,0.0,0.0,2.8855350017547607,9_16_13_1C_Cycle.xlsx,0.0006940961,-6.35974118832797e-05
A123_094,25C,60,4.057328701019287,1.0,4.067544937133789,2.3245827879151726,0.0,1,24.0,0.0,0.0,2.8855350017547607,12_13_13_1C_Cycle.xlsx,0.00040267408,0.000593932684563929
A123_094,25C,150,4.034626483917236,1.0,4.067707061767578,2.317013395965099,0.0,1,24.0,0.0,0.0,2.8855350017547607,8_12_13_1C_Cycle.xlsx,0.0005353689,0.00170036975541075
A123_094,25C,150,4.032193660736084,1.0,4.066572189331055,2.313368523401804,0.0,1,24.0,0.0,0.0,2.8855350017547607,9_25_13_1C_Cycle.xlsx,0.000117093325,-5.634955075275213e-05
A123_094,25C,150,4.036247730255127,1.0,4.0680317878723145,2.3254884671483,0.0,1,24.0,0.0,0.0,2.8855350017547607,12_13_13_1C_Cycle.xlsx,0.0005778372,-0.00023834840374870481
A123_094,25C,30,4.066734313964844,1.0,4.066734313964844,2.320045227746642,0.0,1,24.0,0.0,0.0,2.8855350017547607,8_1_13_1C_Cycle.xlsx,0.00042277575,0.00027479104433487494
A123_094,25C,90,2.5310630798339844,0.0,2.399874210357666,-2.4996603244059794,-0.0,1,24.0,0.0,0.0,2.8855350017547607,12_4_13_1C_Cycle.xlsx,0.00052550435,0.0004607529857466502
A123_094,25C,90,4.051167011260986,1.0,4.06884241104126,2.344344209753356,0.0,1,24.0,0.0,0.0,2.8855350017547607,11_18_13_1C_Cycle.xlsx,0.0,0.00032833537758401887
A123_094,25C,30,2.379117488861084,0.0,2.379117488861084,-2.499907926120589,-0.0,1,24.0,0.0,0.0,2.8855350017547607,9_25_13_1C_Cycle.xlsx,0.00027140975,0.00031597758152679054
A123_094,25C,30,2.505603551864624,0.0,2.505603551864624,-2.476533026018404,-0.0,1,24.0,0.0,0.0,2.8855350017547607,2_20_14_1C_Cycle.xlsx,0.00067697465,0.01818059331586978
A123_094,25C,120,4.040139675140381,1.0,4.066896438598633,2.3280201248761987,0.0,1,24.0,0.0,0.0,2.8855350017547607,11_6_13_1C_Cycle.xlsx,0.0,0.00038816705561721377
A123_094,25C,60,2.538360357284546,0.0,2.4858198165893555,-2.4767087268140773,-0.0,1,24.0,0.0,0.0,2.8855350017547607,3_4_14_1C_Cycle.xlsx,0.0005501956,-0.0004924348983924284
A123_094,25C,60,2.468144178390503,0.0,2.3698742389678955,-2.499915930601928,-0.0,1,24.0,0.0,0.0,2.8855350017547607,11_6_13_1C_Cycle.xlsx,0.00022684038,0.0002663776533964107
A123_094,25C,90,4.0514912605285645,1.0,4.069004535675049,2.3442294097552865,0.0,1,24.0,0.0,0.0,2.8855350017547607,11_18_13_1C_Cycle.xlsx,0.0,0.0006043421009111376
A123_094,25C,30,2.4220902919769287,0.0,2.4220902919769287,-2.499742002130669,-0.0,1,24.0,0.0,0.0,2.8855350017547607,2_20_14_1C_Cycle.xlsx,0.00035646558,0.0009997119515398562
A123_094,25C,30,4.0673828125,1.0,4.0673828125,2.3349766064915927,0.0,1,24.0,0.0,0.0,2.8855350017547607,8_12_13_1C_Cycle.xlsx,8.7708235e-05,0.0011246678826777618
A123_094,25C,60,2.511441469192505,0.0,2.466522693634033,-2.47902797614917,-0.0,1,24.0,0.0,0.0,2.8855350017547607,7_11_13_1C_Cycle.xlsx,0.0,0.0002814760463804901
A123_094,25C,30,4.066572189331055,1.0,4.066572189331055,2.2952544097647523,0.0,1,24.0,0.0,0.0,2.8855350017547607,7_5_13_1C_Cycle.xlsx,0.002010107,-0.011157293044893086
A123_094,25C,30,4.069977760314941,1.0,4.069977760314941,2.342640799844367,0.0,1,24.0,0.0,0.0,2.8855350017547607,12_13_13_1C_Cycle.xlsx,7.0244074e-05,-0.0021514543231727443
A123_094,25C,90,4.047112941741943,1.0,4.066572189331055,2.327657221119945,0.0,1,24.0,0.0,0.0,2.8855350017547607,11_6_13_1C_Cycle.xlsx,0.0,-6.789504546191841e-06
A123_094,25C,120,4.039653301239014,1.0,4.066896438598633,2.3279487444948748,0.0,1,24.0,0.0,0.0,2.8855350017547607,11_6_13_1C_Cycle.xlsx,0.0,0.001131475795059359
A123_094,25C,30,2.474144220352173,0.0,2.474144220352173,-2.499912635995708,-0.0,1,24.0,0.0,0.0,2.8855350017547607,12_13_13_1C_Cycle.xlsx,0.0007765442,0.00024077066310884823
A123_094,25C,120,2.557657480239868,0.0,2.3812255859375,-2.4997495950850763,-0.0,1,24.0,0.0,0.0,2.8855350017547607,9_25_13_1C_Cycle.xlsx,0.0,-3.908992505288762e-05
A123_094,25C,60,4.056193828582764,1.0,4.066734313964844,2.312891662059749,0.0,1,24.0,0.0,0.0,2.8855350017547607,10_07_13_1C_Cycle.xlsx,0.0010379404,5.651600458995285e-05
A123_094,25C,60,2.524090051651001,0.0,2.4778740406036377,-2.4784778048090983,-0.0,1,24.0,0.0,0.0,2.8855350017547607,8_12_13_1C_Cycle.xlsx,8.058548e-05,0.0002814760463804901
A123_094,25C,30,4.066085815429688,1.0,4.066085815429688,2.311562387349684,0.0,1,24.0,0.0,0.0,2.8855350017547607,10_16_13_1C_Cycle.xlsx,0.000782907,3.4224225511526475e-05
A123_094,25C,60,2.531549453735352,0.0,2.476414442062378,-2.476994298867331,-0.0,1,24.0,0.0,0.0,2.8855350017547607,1_23_14_1C_Cycle.xlsx,0.00041012466,0.0002814760463804901
A123_094,25C,60,4.056355953216553,1.0,4.066734313964844,2.320178588172273,0.0,1,24.0,0.0,0.0,2.8855350017547607,8_1_13_1C_Cycle.xlsx,0.0005656332,0.00010318712537945046
A123_094,25C,120,2.5607385635375977,0.0,2.375063419342041,-2.499794080853462,-0.0,1,24.0,0.0,0.0,2.8855350017547607,10_16_13_1C_Cycle.xlsx,0.0,-3.908992505288762e-05
A123_094,25C,90,2.5266847610473637,0.0,2.397441864013672,-2.4996884535934965,-0.0,1,24.0,0.0,0.0,2.8855350017547607,7_19_13_1C_Cycle.xlsx,0.00039844215,0.0004607529857466502
A123_094,25C,150,4.034139633178711,1.0,4.067220687866211,2.332302138209343,0.0,1,24.0,0.0,0.0,2.8855350017547607,9_16_13_1C_Cycle.xlsx,0.0,0.00031243954694801273
A123_094,25C,90,4.047275066375732,1.0,4.067058563232422,2.3296770149221024,0.0,1,24.0,0.0,0.0,2.8855350017547607,10_16_13_1C_Cycle.xlsx,0.0,0.0007481555378504051
A123_094,25C,120,2.5537657737731934,0.0,2.39776611328125,-2.499721493039812,-0.0,1,24.0,0.0,0.0,2.8855350017547607,7_19_13_1C_Cycle.xlsx,0.0003373623,0.00035326458961228727
A123_094,25C,90,2.5579819679260254,0.0,2.4816036224365234,-2.4788441314963467,-0.0,1,24.0,0.0,0.0,2.8855350017547607,7_19_13_1C_Cycle.xlsx,0.0010587126,0.01229156317615404
A123_094,25C,120,2.557495355606079,0.0,2.395333766937256,-2.499924634632311,-0.0,1,24.0,0.0,0.0,2.8855350017547607,9_16_13_1C_Cycle.xlsx,0.00035235286,-3.908992505288762e-05
A123_094,25C,90,4.048409938812256,1.0,4.0673828125,2.3243526550184965,0.0,1,24.0,0.0,0.0,2.8855350017547607,12_13_13_1C_Cycle.xlsx,0.00023671985,0.00027137605547248634
A123_094,25C,60,4.059112548828125,1.0,4.068680286407471,2.3389090127066563,0.0,1,24.0,0.0,0.0,2.8855350017547607,3_4_14_1C_Cycle.xlsx,0.0,0.0007809410821260966
A123_094,25C,30,2.4801442623138428,0.0,2.4801442623138428,-2.4774132829240574,-0.0,1,24.0,0.0,0.0,2.8855350017547607,11_18_13_1C_Cycle.xlsx,0.00030085444,0.00029601475214002197
A123_094,25C,30,2.4816036224365234,0.0,2.4816036224365234,-2.4998794761272745,-0.0,1,24.0,0.0,0.0,2.8855350017547607,1_23_14_1C_Cycle.xlsx,0.00086164474,0.00024077066310884823
A123_094,25C,30,2.47754979133606,0.0,2.47754979133606,-2.499692636377671,-0.0,1,24.0,0.0,0.0,2.8855350017547607,7_15_13_1C_Cycle.xlsx,0.0008093715,0.0002681996024907797
A123_094,25C,120,2.561225175857544,0.0,2.3732798099517822,-2.499911895820073,-0.0,1,24.0,0.0,0.0,2.8855350017547607,10_16_13_1C_Cycle.xlsx,0.0,-3.908992505288762e-05
A123_094,25C,30,2.3886849880218506,0.0,2.3886849880218506,-2.499876160140431,-0.0,1,24.0,0.0,0.0,2.8855350017547607,1_23_14_1C_Cycle.xlsx,0.00027000904,0.00031597758152679054
A123_094,25C,150,4.035437107086182,1.0,4.067869663238525,2.3252143417248283,0.0,1,24.0,0.0,0.0,2.8855350017547607,12_4_13_1C_Cycle.xlsx,0.00028082728,-0.00023834840374870481
A123_094,25C,30,4.0701398849487305,1.0,4.0701398849487305,2.3425651367785583,0.0,1,24.0,0.0,0.0,2.8855350017547607,12_13_13_1C_Cycle.xlsx,7.0512295e-05,-0.0021514543231727443
A123_094,25C,30,2.4736578464508057,0.0,2.4736578464508057,-2.477800123584497,-0.0,1,24.0,0.0,0.0,2.8855350017547607,9_25_13_1C_Cycle.xlsx,0.00022232533,0.00029601475214002197
A123_094,25C,120,2.564306259155273,0.0,2.393063545227051,-2.499683477661826,-0.0,1,24.0,0.0,0.0,2.8855350017547607,12_13_13_1C_Cycle.xlsx,0.00040575862,-3.08571549557865e-05
A123_094,25C,90,4.047923564910889,1.0,4.067544937133789,2.308969160698297,0.0,1,24.0,0.0,0.0,2.8855350017547607,7_8_13_1C_Cycle.xlsx,0.0010842979,0.005763014399516558
A123_094,25C,60,4.0557074546813965,1.0,4.066247940063477,2.3132840993463017,0.0,1,24.0,0.0,0.0,2.8855350017547607,10_07_13_1C_Cycle.xlsx,0.00096283853,-6.35974118832797e-05
A123_094,25C,90,2.5544142723083496,0.0,2.480468511581421,-2.4786860496725325,-0.0,1,24.0,0.0,0.0,2.8855350017547607,7_24_13_1C_Cycle.xlsx,0.0009379983,-0.0028076102774658215
A123_094,25C,90,2.5378737449646,0.0,2.3860905170440674,-2.499918532821368,-0.0,1,24.0,0.0,0.0,2.8855350017547607,3_4_14_1C_Cycle.xlsx,0.00053806603,0.0001889047827147582
A123_094,25C,120,4.04030179977417,1.0,4.0673828125,2.315468361721404,0.0,1,24.0,0.0,0.0,2.8855350017547607,8_29_13_1C_Cycle.xlsx,0.00040271878,0.0008299446651851627
A123_094,25C,60,2.507549524307251,0.0,2.426630973815918,-2.499691332612082,-0.0,1,24.0,0.0,0.0,2.8855350017547607,2_20_14_1C_Cycle.xlsx,0.00083072484,0.0010576263784112703
A123_094,25C,120,4.041112899780273,1.0,4.067220687866211,2.324403602916461,0.0,1,24.0,0.0,0.0,2.8855350017547607,12_13_13_1C_Cycle.xlsx,0.00023053586,0.000131507158079207
A123_094,25C,150,4.03251838684082,1.0,4.066410064697266,2.311393671230344,0.0,1,24.0,0.0,0.0,2.8855350017547607,10_16_13_1C_Cycle.xlsx,0.0004464984,-5.634955075275213e-05
A123_094,25C,30,2.4715497493743896,0.0,2.4715497493743896,-2.477915848616568,-0.0,1,24.0,0.0,0.0,2.8855350017547607,9_25_13_1C_Cycle.xlsx,0.00019778311,0.00029601475214002197
A123_094,25C,30,2.3841445446014404,0.0,2.3841445446014404,-2.499774033563179,-0.0,1,24.0,0.0,0.0,2.8855350017547607,9_16_13_1C_Cycle.xlsx,0.00026531518,0.00031597758152679054
A123_094,25C,60,2.473982095718384,0.0,2.3823606967926025,-2.499714410410518,-0.0,1,24.0,0.0,0.0,2.8855350017547607,9_25_13_1C_Cycle.xlsx,0.00023135543,0.00027461042349351164
A123_094,25C,90,2.534306287765503,0.0,2.4053876399993896,-2.499808909600241,-0.0,1,24.0,0.0,0.0,2.8855350017547607,9_16_13_1C_Cycle.xlsx,0.0006428361,0.00558109176155103
A123_094,25C,30,4.067058563232422,1.0,4.067058563232422,2.3085537561430383,0.0,1,24.0,0.0,0.0,2.8855350017547607,7_11_13_1C_Cycle.xlsx,0.0010226071,0.0006131099178029209
A123_094,25C,150,4.033815383911133,1.0,4.0673828125,2.3173183589577677,0.0,1,24.0,0.0,0.0,2.8855350017547607,8_12_13_1C_Cycle.xlsx,0.00026476383,0.00010164203778892156
A123_094,25C,90,4.044031620025635,1.0,4.06884241104126,2.339225968313322,0.0,1,24.0,0.0,0.0,2.8855350017547607,3_4_14_1C_Cycle.xlsx,0.0,0.00019142688652318672
A123_094,25C,60,2.523279190063477,0.0,2.474792957305908,-2.478327788917037,-0.0,1,24.0,0.0,0.0,2.8855350017547607,8_12_13_1C_Cycle.xlsx,8.663535e-05,0.0002814760463804901
A123_094,25C,60,4.057977676391602,1.0,4.067869663238525,2.326851077565626,0.0,1,24.0,0.0,0.0,2.8855350017547607,12_4_13_1C_Cycle.xlsx,0.00041881204,0.00030319118956292766
A123_094,25C,90,4.0474371910095215,1.0,4.067220687866211,2.3157830752071837,0.0,1,24.0,0.0,0.0,2.8855350017547607,8_29_13_1C_Cycle.xlsx,0.00043338537,0.0003114778819742831
A123_094,25C,30,4.067220687866211,1.0,4.067220687866211,2.317126069843769,0.0,1,24.0,0.0,0.0,2.8855350017547607,8_1_13_1C_Cycle.xlsx,0.0005669594,0.002746783859439967
A123_094,25C,120,2.536900758743286,0.0,2.3723068237304688,-2.499660339511809,-0.0,1,24.0,0.0,0.0,2.8855350017547607,7_3_13_1C_Cycle.xlsx,0.0,8.964915667749628e-05
A123_094,25C,60,4.055220603942871,1.0,4.066410064697266,2.293649280116758,0.0,1,24.0,0.0,0.0,2.8855350017547607,7_8_13_1C_Cycle.xlsx,0.0024849176,-0.005402103925138051
A123_094,25C,30,4.065761566162109,1.0,4.065761566162109,2.313799447761696,0.0,1,24.0,0.0,0.0,2.8855350017547607,9_25_13_1C_Cycle.xlsx,0.00064855814,0.0004377734745225644
A123_094,25C,120,4.042896747589111,1.0,4.0680317878723145,2.339785423783357,0.0,1,24.0,0.0,0.0,2.8855350017547607,3_4_14_1C_Cycle.xlsx,0.0,-0.00025371863238169876
A123_094,25C,120,4.033329010009766,1.0,4.067058563232422,2.3130308997313507,0.0,1,24.0,0.0,0.0,2.8855350017547607,9_25_13_1C_Cycle.xlsx,0.0,-8.901365631115468e-05
A123_094,25C,30,4.067058563232422,1.0,4.067058563232422,2.3263535295628897,0.0,1,24.0,0.0,0.0,2.8855350017547607,11_6_13_1C_Cycle.xlsx,0.00023241341,0.00042052220262188503
A123_094,25C,120,4.039977550506592,1.0,4.067058563232422,2.3158311578294923,0.0,1,24.0,0.0,0.0,2.8855350017547607,8_29_13_1C_Cycle.xlsx,0.00035342574,6.978469689029781e-05
A123_094,25C,30,4.066085815429688,1.0,4.066085815429688,2.3171992688890426,0.0,1,24.0,0.0,0.0,2.8855350017547607,8_12_13_1C_Cycle.xlsx,0.00050887465,5.2189608112008894e-05
A123_094,25C,90,2.5414414405822754,0.0,2.394036293029785,-2.499720045339281,-0.0,1,24.0,0.0,0.0,2.8855350017547607,2_4_14_1C_Cycle.xlsx,0.00071536005,0.0001971375528118593
A123_094,25C,60,2.4895496368408203,0.0,2.404252529144287,-2.499848541460539,-0.0,1,24.0,0.0,0.0,2.8855350017547607,9_16_13_1C_Cycle.xlsx,0.0004775524,0.005503293523664959
A123_094,25C,30,4.0680317878723145,1.0,4.0680317878723145,2.325133239503129,0.0,1,24.0,0.0,0.0,2.8855350017547607,12_4_13_1C_Cycle.xlsx,0.0002975762,0.00030151647762981823
A123_094,25C,60,4.056193828582764,1.0,4.066734313964844,2.3147648199786985,0.0,1,24.0,0.0,0.0,2.8855350017547607,9_16_13_1C_Cycle.xlsx,0.0008864105,5.651600458995285e-05
A123_094,25C,30,4.067869663238525,1.0,4.067869663238525,2.3208015224361045,0.0,1,24.0,0.0,0.0,2.8855350017547607,7_19_13_1C_Cycle.xlsx,0.00044198334,0.0003566990426229677
A123_094,25C,150,4.033329010009766,1.0,4.067220687866211,2.319603585948547,0.0,1,24.0,0.0,0.0,2.8855350017547607,8_1_13_1C_Cycle.xlsx,0.0,2.7891369870903857e-05
A123_094,25C,120,4.039004802703857,1.0,4.066247940063477,2.3116191241982555,0.0,1,24.0,0.0,0.0,2.8855350017547607,10_16_13_1C_Cycle.xlsx,0.0005118698,-3.299084074791079e-05
A123_094,25C,90,4.038842678070068,1.0,4.066085815429688,2.312159718622353,0.0,1,24.0,0.0,0.0,2.8855350017547607,10_16_13_1C_Cycle.xlsx,0.0,0.006403246979537001
A123_094,25C,60,2.483874082565308,0.0,2.3990633487701416,-2.499671608714734,-0.0,1,24.0,0.0,0.0,2.8855350017547607,7_19_13_1C_Cycle.xlsx,0.00032666326,0.0005382258564283015
A123_094,25C,30,4.067707061767578,1.0,4.067707061767578,2.3386112515509656,0.0,1,24.0,0.0,0.0,2.8855350017547607,3_4_14_1C_Cycle.xlsx,6.8321824e-05,0.0013569983966223928
A123_094,25C,60,4.056193828582764,1.0,4.066896438598633,2.3279867312487434,0.0,1,24.0,0.0,0.0,2.8855350017547607,11_6_13_1C_Cycle.xlsx,0.0,0.0005703938958592532
A123_094,25C,120,4.036896705627441,1.0,4.066085815429688,2.252560145601078,0.0,1,24.0,0.0,0.0,2.8855350017547607,7_3_13_1C_Cycle.xlsx,0.0062382817,0.06386125181982931
A123_094,25C,60,4.059112548828125,1.0,4.06884241104126,2.344757640892166,0.0,1,24.0,0.0,0.0,2.8855350017547607,11_6_13_1C_Cycle.xlsx,0.0,0.0006785179792141904
A123_094,25C,120,4.042247772216797,1.0,4.0680317878723145,2.3379690968801103,0.0,1,24.0,0.0,0.0,2.8855350017547607,7_19_13_1C_Cycle.xlsx,0.0,0.00835697605637113
A123_094,25C,30,4.066896438598633,1.0,4.066896438598633,2.314268348178244,0.0,1,24.0,0.0,0.0,2.8855350017547607,9_16_13_1C_Cycle.xlsx,0.00068709254,0.0004978347607391142
A123_094,25C,90,2.5296034812927246,0.0,2.3943607807159424,-2.4997905761271983,-0.0,1,24.0,0.0,0.0,2.8855350017547607,11_18_13_1C_Cycle.xlsx,0.00045475364,0.0001889047827147582
A123_094,25C,90,4.047923564910889,1.0,4.067707061767578,2.3173111329674723,0.0,1,24.0,0.0,0.0,2.8855350017547607,8_12_13_1C_Cycle.xlsx,0.0003644824,0.0019947521271811135
A123_094,25C,30,2.4749550819396973,0.0,2.4749550819396973,-2.477795368189139,-0.0,1,24.0,0.0,0.0,2.8855350017547607,9_25_13_1C_Cycle.xlsx,0.00023928285,0.00029601475214002197
A123_094,25C,90,4.045166969299316,1.0,4.069490909576416,2.3372842313441557,0.0,1,24.0,0.0,0.0,2.8855350017547607,2_4_14_1C_Cycle.xlsx,0.0,-0.011390920661290728
A123_094,25C,30,4.0673828125,1.0,4.0673828125,2.320733630981134,0.0,1,24.0,0.0,0.0,2.8855350017547607,2_4_14_1C_Cycle.xlsx,0.00042381883,0.0005720411300737934
A123_094,25C,60,2.53025221824646,0.0,2.480955123901367,-2.477923774988628,-0.0,1,24.0,0.0,0.0,2.8855350017547607,10_07_13_1C_Cycle.xlsx,0.00028339028,0.0002814760463804901
A123_094,25C,90,2.549225091934204,0.0,2.4222524166107178,-2.4997335572109045,-0.0,1,24.0,0.0,0.0,2.8855350017547607,2_20_14_1C_Cycle.xlsx,0.0011394918,0.0012415750827753722
A123_094,25C,60,4.056680202484131,1.0,4.067220687866211,2.327727109819901,0.0,1,24.0,0.0,0.0,2.8855350017547607,11_6_13_1C_Cycle.xlsx,7.4222684e-05,0.0006385212367298869
A123_094,25C,60,4.060734272003174,1.0,4.0701398849487305,2.342589848571353,0.0,1,24.0,0.0,0.0,2.8855350017547607,12_13_13_1C_Cycle.xlsx,0.0,-0.00021961038562884255
A123_094,25C,60,2.5231170654296875,0.0,2.468144178390503,-2.477854022914503,-0.0,1,24.0,0.0,0.0,2.8855350017547607,9_25_13_1C_Cycle.xlsx,0.00018429756,0.0002814760463804901
A123_094,25C,60,4.056193828582764,1.0,4.066734313964844,2.311495247458624,0.0,1,24.0,0.0,0.0,2.8855350017547607,10_16_13_1C_Cycle.xlsx,0.0011559576,5.651600458995285e-05
A123_094,25C,150,4.033329010009766,1.0,4.066896438598633,2.314501899529279,0.0,1,24.0,0.0,0.0,2.8855350017547607,9_16_13_1C_Cycle.xlsx,0.0004183352,-8.901365631115468e-05
A123_094,25C,150,4.033329010009766,1.0,4.066734313964844,2.3313677460570967,0.0,1,24.0,0.0,0.0,2.8855350017547607,10_07_13_1C_Cycle.xlsx,0.0,0.00024937095437746004
A123_094,25C,30,2.472360610961914,0.0,2.3744149208068848,-2.499893765016036,-0.0391799409741721,1,24.0,0.0,0.0,2.8855350017547607,12_13_13_1C_Cycle.xlsx,0.00148651,-0.00020266443177362556
A123_094,25C,60,2.5255496501922607,0.0,2.479657888412476,-2.4785314244652263,-0.0,1,24.0,0.0,0.0,2.8855350017547607,8_1_13_1C_Cycle.xlsx,0.00011727214,0.0002814760463804901
A123_094,25C,90,4.05084228515625,1.0,4.069004535675049,2.344831130388429,0.0,1,24.0,0.0,0.0,2.8855350017547607,11_18_13_1C_Cycle.xlsx,0.0,0.00032833537758401887
A123_094,25C,60,2.482738733291626,0.0,2.395009279251098,-2.4997229012576017,-0.0,1,24.0,0.0,0.0,2.8855350017547607,12_4_13_1C_Cycle.xlsx,0.00036019087,0.00027461042349351164
A123_094,25C,150,4.037058830261231,1.0,4.0680317878723145,2.3393765056603835,0.0,1,24.0,0.0,0.0,2.8855350017547607,3_4_14_1C_Cycle.xlsx,2.5361776e-05,-0.00019191478349656922
A123_094,25C,150,4.037869453430176,1.0,4.069004535675049,2.344831130388429,0.0,1,24.0,0.0,0.0,2.8855350017547607,11_18_13_1C_Cycle.xlsx,0.0,7.40712809840807e-05
A123_094,25C,60,2.5249009132385254,0.0,2.4730091094970703,-2.4779649921233373,-0.0,1,24.0,0.0,0.0,2.8855350017547607,9_25_13_1C_Cycle.xlsx,0.00017896295,0.0002814760463804901
A123_094,25C,60,4.058464050292969,1.0,4.068193912506104,2.326930031242992,0.0,1,24.0,0.0,0.0,2.8855350017547607,12_4_13_1C_Cycle.xlsx,0.000508219,0.002233418817761766
A123_094,25C,30,2.49717116355896,0.0,2.49717116355896,-2.4997076281794794,-0.0,1,24.0,0.0,0.0,2.8855350017547607,2_4_14_1C_Cycle.xlsx,0.0010578781,0.003216415924726236
A123_094,25C,60,2.4793334007263184,0.0,2.389009475708008,-2.4998296911066227,-0.0,1,24.0,0.0,0.0,2.8855350017547607,12_4_13_1C_Cycle.xlsx,0.00033396482,0.0002663776533964107
A123_094,25C,30,4.066247940063477,1.0,4.066247940063477,2.31659900811651,0.0,1,24.0,0.0,0.0,2.8855350017547607,8_29_13_1C_Cycle.xlsx,0.0005427301,2.3591747551615697e-05
A123_094,25C,120,4.039653301239014,1.0,4.067058563232422,2.305313720542472,0.0,1,24.0,0.0,0.0,2.8855350017547607,7_19_13_1C_Cycle.xlsx,0.0009980351,0.009974390189949696
A123_094,25C,90,2.5330090522766118,0.0,2.399712085723877,-2.499699397130056,-0.0,1,24.0,0.0,0.0,2.8855350017547607,11_18_13_1C_Cycle.xlsx,0.00057534873,0.0004607529857466502
A123_094,25C,60,4.058950424194336,1.0,4.06884241104126,2.344546314202628,0.0,1,24.0,0.0,0.0,2.8855350017547607,11_18_13_1C_Cycle.xlsx,0.0,0.0006785179792141904
A123_094,25C,30,2.3880364894866943,0.0,2.3880364894866943,-2.499768188725347,-0.0,1,24.0,0.0,0.0,2.8855350017547607,8_29_13_1C_Cycle.xlsx,0.00026609004,0.00031597758152679054
A123_094,25C,120,2.5544142723083496,0.0,2.399549961090088,-2.4997497453527937,-0.0,1,24.0,0.0,0.0,2.8855350017547607,7_24_13_1C_Cycle.xlsx,0.00038969517,0.00035326458961228727
A123_094,25C,60,4.05684232711792,1.0,4.067220687866211,2.3247000978797927,0.0,1,24.0,0.0,0.0,2.8855350017547607,12_13_13_1C_Cycle.xlsx,0.00030586123,0.000313733998321247
A123_094,25C,90,4.048896312713623,1.0,4.067707061767578,2.3241751388224783,0.0,1,24.0,0.0,0.0,2.8855350017547607,1_23_14_1C_Cycle.xlsx,0.00034210086,0.00034677546302266205
A123_094,25C,150,4.039329051971436,1.0,4.069328784942627,2.3385032997711708,0.0,1,24.0,0.0,0.0,2.8855350017547607,3_4_14_1C_Cycle.xlsx,0.0006041527,-0.0008611329084389557
A123_094,25C,30,4.066734313964844,1.0,4.066734313964844,2.3155732181283737,0.0,1,24.0,0.0,0.0,2.8855350017547607,8_29_13_1C_Cycle.xlsx,0.0006143153,0.00022811992354537775
A123_094,25C,30,2.480468511581421,0.0,2.480468511581421,-2.4786860496725325,-0.0,1,24.0,0.0,0.0,2.8855350017547607,7_24_13_1C_Cycle.xlsx,0.0003348887,0.00029601475214002197
A123_094,25C,120,2.5602521896362305,0.0,2.39322566986084,-2.4997157105454453,-0.0,1,24.0,0.0,0.0,2.8855350017547607,11_18_13_1C_Cycle.xlsx,0.0003453195,-3.08571549557865e-05
A123_094,25C,120,4.039491176605225,1.0,4.066410064697266,2.3131063937163745,0.0,1,24.0,0.0,0.0,2.8855350017547607,10_07_13_1C_Cycle.xlsx,0.000576213,-0.00023724337610536573
A123_094,25C,90,4.046950817108154,1.0,4.066410064697266,2.313355210435684,0.0,1,24.0,0.0,0.0,2.8855350017547607,10_07_13_1C_Cycle.xlsx,0.00070899725,-0.0001251186842285192
A123_094,25C,150,4.03251838684082,1.0,4.066572189331055,2.316021990571772,0.0,1,24.0,0.0,0.0,2.8855350017547607,8_29_13_1C_Cycle.xlsx,8.9138746e-05,-5.634955075275213e-05
A123_094,25C,30,2.3992254734039307,0.0,2.3992254734039307,-2.499844668275219,-0.0,1,24.0,0.0,0.0,2.8855350017547607,7_24_13_1C_Cycle.xlsx,0.0002822727,0.0005878257845586813
A123_094,25C,90,4.046463966369629,1.0,4.066410064697266,2.316730145004488,0.0,1,24.0,0.0,0.0,2.8855350017547607,8_29_13_1C_Cycle.xlsx,0.00023882091,-0.0001251186842285192
A123_094,25C,120,4.036734580993652,1.0,4.0680317878723145,2.3425978117718778,0.0,1,24.0,0.0,0.0,2.8855350017547607,1_23_14_1C_Cycle.xlsx,0.0,0.010923776711891974
A123_094,25C,150,4.033004760742188,1.0,4.066896438598633,2.225547779575888,0.0,1,24.0,0.0,1.0,3.553644180297852,8_12_13_1C_Cycle.xlsx,0.015290126,0.6314846810587927
A123_094,25C,90,4.047112941741943,1.0,4.066896438598633,2.316001630117816,0.0,1,24.0,0.0,0.0,2.8855350017547607,8_29_13_1C_Cycle.xlsx,0.0003939718,0.00015046978931909739
A123_094,25C,120,2.561387300491333,0.0,2.374739170074463,-2.499902214322771,-0.0,1,24.0,0.0,0.0,2.8855350017547607,10_16_13_1C_Cycle.xlsx,0.0,-3.908992505288762e-05
A123_094,25C,90,2.5205225944519043,0.0,2.393387794494629,-2.499685051060524,-0.0,1,24.0,0.0,0.0,2.8855350017547607,7_15_13_1C_Cycle.xlsx,0.00021803379,0.0003675420130670811
A123_094,25C,90,4.048572063446045,1.0,4.0673828125,2.324564272840308,0.0,1,24.0,0.0,0.0,2.8855350017547607,1_23_14_1C_Cycle.xlsx,0.00029316545,0.00027137605547248634
A123_094,25C,150,4.032842636108398,1.0,4.066734313964844,2.314584151758411,0.0,1,24.0,0.0,0.0,2.8855350017547607,9_16_13_1C_Cycle.xlsx,0.0002551973,-2.9311470128476755e-05
A123_094,25C,150,4.03576135635376,1.0,4.067869663238525,2.325241931098497,0.0,1,24.0,0.0,0.0,2.8855350017547607,12_4_13_1C_Cycle.xlsx,0.0004259348,-0.00023834840374870481
A123_094,25C,60,2.525873899459839,0.0,2.4749550819396973,-2.477795368189139,-0.0,1,24.0,0.0,0.0,2.8855350017547607,9_25_13_1C_Cycle.xlsx,0.00018507242,0.0002814760463804901
A123_094,25C,30,2.5067386627197266,0.0,2.5067386627197266,-2.4779047516956845,-0.0,1,24.0,0.0,0.0621274969985087,2.918699211489665,9_16_13_1C_Cycle.xlsx,0.00072461367,0.05475374151210913
A123_094,25C,30,4.0673828125,1.0,4.0673828125,2.327569208475722,0.0,1,24.0,0.0,0.0,2.8855350017547607,11_6_13_1C_Cycle.xlsx,0.00021120906,0.0014356185647474886
A123_094,25C,30,2.3903067111968994,0.0,2.3903067111968994,-2.499112943123127,-0.0,1,24.0,0.0,0.0,2.8855350017547607,8_12_13_1C_Cycle.xlsx,0.0002463162,0.0002782400671567091
A123_094,25C,30,2.3865768909454346,0.0,2.3865768909454346,-2.4997328437607864,-0.0,1,24.0,0.0,0.0,2.8855350017547607,8_12_13_1C_Cycle.xlsx,0.0002643466,0.0003242103516238914
A123_094,25C,90,4.046950817108154,1.0,4.066896438598633,2.314565052407059,0.0,1,24.0,0.0,0.0,2.8855350017547607,8_29_13_1C_Cycle.xlsx,0.00041797757,7.26790782714976e-05
A123_094,25C,60,4.056355953216553,1.0,4.067220687866211,2.310300081456436,0.0,1,24.0,0.0,0.0,2.8855350017547607,7_5_13_1C_Cycle.xlsx,0.0011178255,0.0006029361487179826
A123_094,25C,60,4.060247898101807,1.0,4.069490909576416,2.3385365724955736,0.0,1,24.0,0.0,0.0,2.8855350017547607,2_4_14_1C_Cycle.xlsx,9.2446804e-05,0.0012753269123017977
A123_094,25C,60,2.53025221824646,0.0,2.48063063621521,-2.477403599733537,-0.0,1,24.0,0.0,0.0,2.8855350017547607,11_18_13_1C_Cycle.xlsx,0.00027689338,0.0002814760463804901
A123_094,25C,60,4.058139801025391,1.0,4.068356037139893,2.320344860628834,0.0,1,24.0,0.0,0.0,2.8855350017547607,7_24_13_1C_Cycle.xlsx,0.0007582307,0.007609865483063721
A123_094,25C,60,2.5266847610473637,0.0,2.478684902191162,-2.499921464083488,-0.0,1,24.0,0.0,0.0,2.8855350017547607,9_16_13_1C_Cycle.xlsx,0.0007054359,0.00018026167288213377
A123_094,25C,120,2.5558738708496094,0.0,2.388522863388061,-2.4997367589370065,-0.0,1,24.0,0.0,0.0,2.8855350017547607,8_29_13_1C_Cycle.xlsx,0.00014787912,8.964915667749628e-05
A123_094,25C,60,4.057653427124023,1.0,4.067869663238525,2.324195210622926,0.0,1,24.0,0.0,0.0,2.8855350017547607,1_23_14_1C_Cycle.xlsx,0.0004504919,0.00030319118956292766
A123_094,25C,120,4.03576135635376,1.0,4.065436840057373,2.2814442440867424,0.0,1,24.0,0.0,0.0,2.8855350017547607,7_3_13_1C_Cycle.xlsx,0.0016397983,-0.000497863183953062
A123_094,25C,30,2.4773874282836914,0.0,2.4773874282836914,-2.477037015250376,-0.0,1,24.0,0.0,0.0,2.8855350017547607,1_23_14_1C_Cycle.xlsx,0.0002541244,0.00029601475214002197
A123_094,25C,30,4.067220687866211,1.0,4.067220687866211,2.327831862290868,0.0,1,24.0,0.0,0.0,2.8855350017547607,11_6_13_1C_Cycle.xlsx,0.00020062923,0.0017589347188051764
A123_094,25C,30,4.066085815429688,1.0,4.066085815429688,2.311640026217157,0.0,1,24.0,0.0,0.0,2.8855350017547607,10_16_13_1C_Cycle.xlsx,0.0007786751,3.4224225511526475e-05
A123_094,25C,30,4.066734313964844,1.0,4.066734313964844,2.312891662059749,0.0,1,24.0,0.0,0.0,2.8855350017547607,10_07_13_1C_Cycle.xlsx,0.0007494092,0.00022811992354537775
A123_094,25C,30,2.3989012241363525,0.0,2.3989012241363525,-2.499704844483705,-0.0,1,24.0,0.0,0.0,2.8855350017547607,3_4_14_1C_Cycle.xlsx,0.0002771914,0.000541855500091499
A123_094,25C,30,4.0673828125,1.0,4.0673828125,2.3189683580209337,0.0,1,24.0,0.0,0.0,2.8855350017547607,8_1_13_1C_Cycle.xlsx,0.00049443543,0.0005720411300737934
A123_094,25C,60,4.059274673461914,1.0,4.06884241104126,2.3446367033836197,0.0,1,24.0,0.0,0.0,2.8855350017547607,11_18_13_1C_Cycle.xlsx,0.0,0.0006785179792141904
A123_094,25C,150,4.035437107086182,1.0,4.067707061767578,2.324292501132203,0.0,1,24.0,0.0,0.0,2.8855350017547607,1_23_14_1C_Cycle.xlsx,0.0004042387,5.239309125229723e-05
A123_094,25C,60,2.532036066055298,0.0,2.4772253036499023,-2.4771125891616315,-0.0,1,24.0,0.0,0.0,2.8855350017547607,1_23_14_1C_Cycle.xlsx,0.00042012334,0.0002814760463804901
A123_094,25C,150,4.035437107086182,1.0,4.067707061767578,2.325947799798796,0.0,1,24.0,0.0,0.0,2.8855350017547607,12_13_13_1C_Cycle.xlsx,0.000292629,5.239309125229723e-05
A123_094,25C,90,2.5297658443450928,0.0,2.393874168395996,-2.4996928867993056,-0.0,1,24.0,0.0,0.0,2.8855350017547607,11_18_13_1C_Cycle.xlsx,0.00045368075,0.0001971375528118593
A123_094,25C,120,4.039653301239014,1.0,4.066734313964844,2.3266168900970685,0.0,1,24.0,0.0,0.0,2.8855350017547607,11_6_13_1C_Cycle.xlsx,0.0,0.0007523781919853373
A123_094,25C,60,2.540630578994751,0.0,2.486468553543091,-2.47681414756247,-0.0,1,24.0,0.0,0.0,2.8855350017547607,2_4_14_1C_Cycle.xlsx,0.00065359473,-0.000604056700123094
A123_094,25C,60,2.5224685668945312,0.0,2.4712252616882324,-2.478187648446002,-0.0,1,24.0,0.0,0.0,2.8855350017547607,8_29_13_1C_Cycle.xlsx,0.00010514259,0.0002814760463804901
A123_094,25C,30,4.065761566162109,1.0,4.065761566162109,2.2799486306152845,0.0,1,24.0,0.0,0.0,2.8855350017547607,7_5_13_1C_Cycle.xlsx,0.0035696328,-0.027774716310733714
A123_094,25C,60,2.478360414505005,0.0,2.4008471965789795,-2.499608850075026,-0.0,1,24.0,0.0,0.0,2.8855350017547607,7_24_13_1C_Cycle.xlsx,4.5895576e-05,0.0020429462607990797
A123_094,25C,90,4.040788650512695,1.0,4.067220687866211,2.3246537713795647,0.0,1,24.0,0.0,0.0,2.8855350017547607,12_13_13_1C_Cycle.xlsx,0.0,0.00013440153946040693
A123_094,25C,30,4.0680317878723145,1.0,4.0680317878723145,2.323707247328045,0.0,1,24.0,0.0,0.0,2.8855350017547607,1_23_14_1C_Cycle.xlsx,0.00034315884,0.00030151647762981823
A123_094,25C,90,2.527819871902466,0.0,2.3841445446014404,-2.4997399992647424,-0.0,1,24.0,0.0,0.0,2.8855350017547607,10_07_13_1C_Cycle.xlsx,0.0003196895,0.0001971375528118593
A123_094,25C,60,4.0558695793151855,1.0,4.066572189331055,2.3162536930533184,0.0,1,24.0,0.0,0.0,2.8855350017547607,8_29_13_1C_Cycle.xlsx,0.00067810714,-6.35974118832797e-05
A123_094,25C,30,2.476252317428589,0.0,2.476252317428589,-2.499877335808494,-0.0,1,24.0,0.0,0.0,2.8855350017547607,12_4_13_1C_Cycle.xlsx,0.0007992685,0.00024077066310884823
A123_094,25C,60,2.4799821376800537,0.0,2.3927390575408936,-2.4997454986237644,-0.0,1,24.0,0.0,0.0,2.8855350017547607,9_16_13_1C_Cycle.xlsx,0.00028572977,0.00027461042349351164
A123_094,25C,120,2.555063009262085,0.0,2.3941986560821533,-2.499698119285779,-0.0,1,24.0,0.0,0.0,2.8855350017547607,8_1_13_1C_Cycle.xlsx,0.00027938187,8.964915667749628e-05
A123_094,25C,90,4.047275066375732,1.0,4.067058563232422,2.317189687669277,0.0,1,24.0,0.0,0.0,2.8855350017547607,8_12_13_1C_Cycle.xlsx,0.00032556057,0.00019457285579222428
A123_094,25C,120,4.047275066375732,1.0,4.070626258850098,2.362429856362506,0.0,1,24.0,0.0,0.0,2.8855350017547607,12_4_13_1C_Cycle.xlsx,0.0,-0.0019375250157324037
A123_094,25C,90,2.5245766639709477,0.0,2.376198530197144,-2.499879138659587,-0.0,1,24.0,0.0,0.0,2.8855350017547607,9_25_13_1C_Cycle.xlsx,0.00016126037,0.0001889047827147582
A123_094,25C,60,2.524090051651001,0.0,2.4772253036499023,-2.4782860880811164,-0.0,1,24.0,0.0,0.0,2.8855350017547607,8_12_13_1C_Cycle.xlsx,8.454919e-05,0.0002814760463804901
A123_094,25C,30,4.067544937133789,1.0,4.067544937133789,2.331650514277767,0.0,1,24.0,0.0,0.0,2.8855350017547607,9_16_13_1C_Cycle.xlsx,0.00013260543,0.0019050348386300197
A123_094,25C,30,4.066734313964844,1.0,4.066734313964844,2.332387980989745,0.0,1,24.0,0.0,0.0,2.8855350017547607,9_16_13_1C_Cycle.xlsx,0.0001078248,0.0005414572097993696
A123_094,25C,60,2.48063063621521,0.0,2.3989012241363525,-2.499698713046162,-0.0326957051473059,1,24.0,0.0,0.0,2.8855350017547607,7_17_13_1C_Cycle.xlsx,0.0003335029,-0.033192316512054225
A123_094,25C,90,2.5268468856811523,0.0,2.3757121562957764,-2.49991512298584,-0.0,1,24.0,0.0,0.0,2.8855350017547607,10_16_13_1C_Cycle.xlsx,0.00019347668,0.0001889047827147582
A123_094,25C,30,2.479657888412476,0.0,2.479657888412476,-2.4772667316247934,-0.0,1,24.0,0.0,0.0,2.8855350017547607,12_4_13_1C_Cycle.xlsx,0.00029069185,0.00029601475214002197
A123_094,25C,30,2.451441526412964,0.0,2.451441526412964,-2.479158447870267,-0.0,1,24.0,0.0,0.0,2.8855350017547607,7_8_13_1C_Cycle.xlsx,0.0,0.0010271408909217883
A123_094,25C,30,4.073707103729248,1.0,4.073707103729248,0.72495411708951,0.0,1,24.0,0.0,1.0,3.553644180297852,2_4_14_1C_Cycle.xlsx,1.0,1.049270375187975
A123_094,25C,150,4.033653259277344,1.0,4.0673828125,2.315468361721404,0.0,1,24.0,0.0,0.0,2.8855350017547607,8_29_13_1C_Cycle.xlsx,0.00031465292,0.0006711463119837114
A123_094,25C,60,2.5249009132385254,0.0,2.478684902191162,-2.5000563972016687,-0.0,1,24.0,0.0,0.0,2.8855350017547607,8_1_13_1C_Cycle.xlsx,0.0006468892,0.00018026167288213377
A123_094,25C,60,4.056193828582764,1.0,4.066572189331055,2.313174540940367,0.0,1,24.0,0.0,0.0,2.8855350017547607,10_07_13_1C_Cycle.xlsx,0.0010902137,-6.35974118832797e-05
A123_094,25C,60,2.523927927017212,0.0,2.476901054382324,-2.47828917122052,-0.0,1,24.0,0.0,0.0,2.8855350017547607,8_12_13_1C_Cycle.xlsx,8.2433224e-05,0.0002814760463804901
A123_094,25C,120,4.04176139831543,1.0,4.067707061767578,2.3242863261292124,0.0,1,24.0,0.0,0.0,2.8855350017547607,1_23_14_1C_Cycle.xlsx,0.0003451705,0.00021119144445374999
A123_094,25C,60,2.4717118740081787,0.0,2.377171516418457,-2.499821557407885,-0.0,1,24.0,0.0,0.0,2.8855350017547607,10_07_13_1C_Cycle.xlsx,0.00023750961,0.0002663776533964107
A123_094,25C,30,4.067058563232422,1.0,4.067058563232422,2.3175785146951675,0.0,1,24.0,0.0,0.0,2.8855350017547607,8_12_13_1C_Cycle.xlsx,0.0005387962,0.0005226883032867808
A123_094,25C,90,2.5252251625061035,0.0,2.396144390106201,-2.499599310067984,-0.0,1,24.0,0.0,0.0,2.8855350017547607,8_1_13_1C_Cycle.xlsx,0.00035238266,0.0006159261457684516
A123_094,25C,90,2.5185766220092773,0.0,2.38722562789917,-2.499736681705764,-0.0,1,24.0,0.0,0.0,2.8855350017547607,7_15_13_1C_Cycle.xlsx,0.00013765693,0.0003675420130670811
A123_094,25C,60,2.476414442062378,0.0,2.385441780090332,-2.499874336529622,-0.0,1,24.0,0.0,0.0,2.8855350017547607,10_07_13_1C_Cycle.xlsx,0.00027942657,0.0002663776533964107
A123_094,25C,60,2.5273332595825195,0.0,2.4736578464508057,-2.4774116672124364,-0.0,1,24.0,0.0,0.0,2.8855350017547607,11_6_13_1C_Cycle.xlsx,0.0002683699,0.0002814760463804901
A123_094,25C,90,4.047112941741943,1.0,4.067058563232422,2.317662365198135,0.0,1,24.0,0.0,0.0,2.8855350017547607,8_12_13_1C_Cycle.xlsx,0.00022444129,0.00017532333186676404
A123_094,25C,60,2.527819871902466,0.0,2.4738199710845947,-2.4777475541418386,-0.0,1,24.0,0.0,0.0,2.8855350017547607,10_16_13_1C_Cycle.xlsx,0.00029619038,0.0002814760463804901
A123_094,25C,60,4.056355953216553,1.0,4.067058563232422,2.332096236101428,0.0,1,24.0,0.0,0.0,2.8855350017547607,9_16_13_1C_Cycle.xlsx,0.0,0.000645779766063065
A123_094,25C,30,4.071112632751465,1.0,4.071112632751465,2.3532519830465315,0.0,1,24.0,0.0,0.0,2.8855350017547607,7_24_13_1C_Cycle.xlsx,0.00015974045,-0.016876399485091457
A123_094,25C,30,2.399387836456299,0.0,2.399387836456299,-2.499806214601566,-0.0,1,24.0,0.0,0.0,2.8855350017547607,8_1_13_1C_Cycle.xlsx,0.00028136373,0.0005878257845586813
A123_094,25C,60,4.057004451751709,1.0,4.0673828125,2.3306450362909925,0.0,1,24.0,0.0,0.0,2.8855350017547607,9_16_13_1C_Cycle.xlsx,0.0,0.002430351098191659
A123_094,25C,30,2.4939279556274414,0.0,2.4939279556274414,-2.499728709727794,-0.0,1,24.0,0.0,0.0,2.8855350017547607,11_18_13_1C_Cycle.xlsx,0.0010142773,0.000715885713113365
A123_094,25C,90,2.557819604873657,0.0,2.4759280681610107,-2.477977498777656,-0.0,1,24.0,0.0,0.0,2.8855350017547607,9_16_13_1C_Cycle.xlsx,0.0010412335,0.01229156317615404
A123_094,25C,60,2.4545226097106934,0.0,2.376198530197144,-2.4996380746857194,-0.0,1,24.0,0.0,0.0,2.8855350017547607,7_8_13_1C_Cycle.xlsx,0.0,0.00027461042349351164
A123_094,25C,30,2.4754414558410645,0.0,2.4754414558410645,-2.477974355798822,-0.0,1,24.0,0.0,0.0,2.8855350017547607,9_16_13_1C_Cycle.xlsx,0.00024998188,0.00029601475214002197
A123_094,25C,120,4.039329051971436,1.0,4.066572189331055,2.311675936476258,0.0,1,24.0,0.0,0.0,2.8855350017547607,10_16_13_1C_Cycle.xlsx,0.0005335212,-7.377479999630638e-05
A123_094,25C,60,4.058788299560547,1.0,4.06884241104126,2.344996488005933,0.0,1,24.0,0.0,0.0,2.8855350017547607,11_18_13_1C_Cycle.xlsx,0.0,-0.00017502980954634616
A123_094,25C,60,2.474306344985962,0.0,2.382847309112549,-2.499757591602022,-0.0,1,24.0,0.0,0.0,2.8855350017547607,9_25_13_1C_Cycle.xlsx,0.00023683906,0.0002663776533964107
A123_094,25C,120,2.561387300491333,0.0,2.376198530197144,-2.4997531250790432,-0.0,1,24.0,0.0,0.0,2.8855350017547607,11_6_13_1C_Cycle.xlsx,0.0,-3.908992505288762e-05
A123_094,25C,30,2.480792999267578,0.0,2.480792999267578,-2.4785406135478434,-0.0,1,24.0,0.0,0.0,2.8855350017547607,8_1_13_1C_Cycle.xlsx,0.00033602118,0.00029601475214002197
A123_094,25C,30,2.379279613494873,0.0,2.379279613494873,-2.4997368886930134,-0.0,1,24.0,0.0,0.0,2.8855350017547607,1_23_14_1C_Cycle.xlsx,0.0002656281,0.0003242103516238914
A123_094,25C,30,2.377333641052246,0.0,2.377333641052246,-2.499919165362109,-0.0,1,24.0,0.0,0.0,2.8855350017547607,11_6_13_1C_Cycle.xlsx,0.0002731681,0.00031597758152679054
A123_094,25C,30,4.070464134216309,1.0,4.070464134216309,2.341585825017669,0.0,1,24.0,0.0,0.0,2.8855350017547607,2_4_14_1C_Cycle.xlsx,7.300079e-05,-0.004316423370573334
A123_094,25C,150,4.033653259277344,1.0,4.067220687866211,2.315669425372635,0.0,1,24.0,0.0,0.0,2.8855350017547607,8_29_13_1C_Cycle.xlsx,0.00036233664,2.7891369870903857e-05
A123_094,25C,90,4.045977592468262,1.0,4.066572189331055,2.294917705384168,0.0,1,24.0,0.0,0.0,2.8855350017547607,7_5_13_1C_Cycle.xlsx,0.0016998947,-0.009011469481532593
A123_094,25C,60,4.056031703948975,1.0,4.066572189331055,2.3146090931524106,0.0,1,24.0,0.0,0.0,2.8855350017547607,8_29_13_1C_Cycle.xlsx,0.00088489056,-6.35974118832797e-05
A123_094,25C,30,2.47446870803833,0.0,2.47446870803833,-2.4997484231817317,-0.0,1,24.0,0.0,0.0,2.8855350017547607,8_12_13_1C_Cycle.xlsx,0.00077591836,0.00024077066310884823
A123_094,25C,120,4.040788650512695,1.0,4.067058563232422,2.319358255060618,0.0,1,24.0,0.0,0.0,2.8855350017547607,3_4_14_1C_Cycle.xlsx,0.0004887879,9.463823943796443e-05
A123_094,25C,120,4.039815425872803,1.0,4.066572189331055,2.32773010564201,0.0,1,24.0,0.0,0.0,2.8855350017547607,11_6_13_1C_Cycle.xlsx,0.0,-8.244367601921694e-06
A123_094,25C,30,4.067220687866211,1.0,4.067220687866211,2.319553394639303,0.0,1,24.0,0.0,0.0,2.8855350017547607,8_1_13_1C_Cycle.xlsx,0.0004630834,0.0004922769086827322
A123_094,25C,90,4.051004409790039,1.0,4.06884241104126,2.344580047653388,0.0,1,24.0,0.0,0.0,2.8855350017547607,11_18_13_1C_Cycle.xlsx,0.0,0.00032833537758401887
A123_094,25C,30,4.067869663238525,1.0,4.067869663238525,2.3395603786042907,0.0,1,24.0,0.0,0.0,2.8855350017547607,3_4_14_1C_Cycle.xlsx,6.696582e-05,0.0005391313299481793
A123_094,25C,60,2.534468412399292,0.0,2.484522581100464,-2.499861238199637,-0.0,1,24.0,0.0,0.0,2.8855350017547607,1_23_14_1C_Cycle.xlsx,0.0009236336,0.00018026167288213377
A123_094,25C,30,4.067220687866211,1.0,4.067220687866211,2.317860369563103,0.0,1,24.0,0.0,0.0,2.8855350017547607,8_12_13_1C_Cycle.xlsx,0.00053423643,0.002699800323768221
A123_094,25C,30,2.4777119159698486,0.0,2.4777119159698486,-2.478324696005712,-0.0,1,24.0,0.0,0.0,2.8855350017547607,8_12_13_1C_Cycle.xlsx,0.0002886951,0.00029601475214002197
A123_094,25C,90,4.048409938812256,1.0,4.0673828125,2.3426289620712915,0.0,1,24.0,0.0,0.0,2.8855350017547607,1_23_14_1C_Cycle.xlsx,0.0,0.011183337318507597
A123_094,25C,60,2.4773874282836914,0.0,2.3880364894866943,-2.499732816428469,-0.0,1,24.0,0.0,0.0,2.8855350017547607,9_16_13_1C_Cycle.xlsx,0.00026661158,0.00027461042349351164
A123_094,25C,30,2.374739170074463,0.0,2.374739170074463,-2.499902214322771,-0.0,1,24.0,0.0,0.0,2.8855350017547607,10_16_13_1C_Cycle.xlsx,0.00027538836,0.00031597758152679054
A123_094,25C,90,2.549387216567993,0.0,2.4220902919769287,-2.499679509724412,-0.0,1,24.0,0.0,0.0,2.8855350017547607,2_20_14_1C_Cycle.xlsx,0.001143083,0.0013149743066244864
A123_094,25C,150,4.029112815856934,1.0,4.065923690795898,2.280034220084212,0.0,1,24.0,0.0,0.0,2.8855350017547607,7_5_13_1C_Cycle.xlsx,0.0013721287,0.004770173236599155
A123_094,25C,60,2.470576763153076,0.0,2.372468948364258,-2.4998768557299367,-0.0,1,24.0,0.0,0.0,2.8855350017547607,11_6_13_1C_Cycle.xlsx,0.0002784133,0.0002663776533964107
A123_094,25C,30,2.3969552516937256,0.0,2.3969552516937256,-2.4996961153159707,-0.0,1,24.0,0.0,0.0,2.8855350017547607,7_19_13_1C_Cycle.xlsx,0.0002734363,0.000541855500091499
A123_094,25C,120,4.038842678070068,1.0,4.066572189331055,2.3146090931524106,0.0,1,24.0,0.0,0.0,2.8855350017547607,8_29_13_1C_Cycle.xlsx,0.00011768937,-3.299084074791079e-05
A123_094,25C,30,4.0680317878723145,1.0,4.0680317878723145,2.320565383441336,0.0,1,24.0,0.0,0.0,2.8855350017547607,7_24_13_1C_Cycle.xlsx,0.00045837462,0.0003566990426229677
A123_094,25C,30,2.389333724975586,0.0,2.389333724975586,-2.499710045690122,-0.0,1,24.0,0.0,0.0,2.8855350017547607,8_29_13_1C_Cycle.xlsx,0.00026500225,0.0002782400671567091
A123_094,25C,30,4.067869663238525,1.0,4.067869663238525,2.3242816901487164,0.0,1,24.0,0.0,0.0,2.8855350017547607,1_23_14_1C_Cycle.xlsx,0.00031849742,0.00030151647762981823
A123_094,25C,60,4.056355953216553,1.0,4.067058563232422,2.327721016685001,0.0,1,24.0,0.0,0.0,2.8855350017547607,11_6_13_1C_Cycle.xlsx,1.0535121e-05,0.0005703938958592532
A123_094,25C,60,4.057004451751709,1.0,4.067220687866211,2.3276511961672486,0.0,1,24.0,0.0,0.0,2.8855350017547607,11_6_13_1C_Cycle.xlsx,0.0001963675,0.0022513082625782183
A123_094,25C,30,2.4754414558410645,0.0,2.4754414558410645,-2.477367675044104,-0.0,1,24.0,0.0,0.0,2.8855350017547607,12_4_13_1C_Cycle.xlsx,0.00023564696,0.00029601475214002197
A123_094,25C,120,4.040139675140381,1.0,4.067220687866211,2.315649023519889,0.0,1,24.0,0.0,0.0,2.8855350017547607,8_29_13_1C_Cycle.xlsx,0.00037798285,0.0007561939972671451
A123_094,25C,60,4.056355953216553,1.0,4.066896438598633,2.3280201248761987,0.0,1,24.0,0.0,0.0,2.8855350017547607,11_6_13_1C_Cycle.xlsx,4.1157007e-05,0.0005703938958592532
A123_094,25C,60,4.057491302490234,1.0,4.067544937133789,2.330171708910426,0.0,1,24.0,0.0,0.0,2.8855350017547607,9_16_13_1C_Cycle.xlsx,0.00013640523,0.0017290143078494413
A123_094,25C,60,2.5292792320251465,0.0,2.4752793312072754,-2.477393928879922,-0.0,1,24.0,0.0,0.0,2.8855350017547607,11_6_13_1C_Cycle.xlsx,0.00033007562,0.0002814760463804901
A123_094,25C,60,4.056355953216553,1.0,4.066896438598633,2.314428460973549,0.0,1,24.0,0.0,0.0,2.8855350017547607,9_16_13_1C_Cycle.xlsx,0.00092697144,0.0002520115371323376
A123_094,25C,150,4.038031578063965,1.0,4.06884241104126,2.3446611849180723,0.0,1,24.0,0.0,0.0,2.8855350017547607,11_18_13_1C_Cycle.xlsx,0.0,-6.917778092114987e-05
A123_094,25C,150,4.036247730255127,1.0,4.0680317878723145,2.3268465293305263,0.0,1,24.0,0.0,0.0,2.8855350017547607,12_4_13_1C_Cycle.xlsx,0.0004786849,-0.00023834840374870481
A123_094,25C,90,4.047112941741943,1.0,4.066572189331055,2.3129790377055035,0.0,1,24.0,0.0,0.0,2.8855350017547607,10_07_13_1C_Cycle.xlsx,0.0007523,-2.795715471979555e-05
A123_094,25C,60,2.4798200130462646,0.0,2.3963067531585693,-2.499539079829159,-0.0,1,24.0,0.0,0.0,2.8855350017547607,8_1_13_1C_Cycle.xlsx,0.00020073354,0.0006933990164501038
A123_094,25C,90,4.051004409790039,1.0,4.069004535675049,2.344702533304186,0.0,1,24.0,0.0,0.0,2.8855350017547607,11_18_13_1C_Cycle.xlsx,0.0,0.00032833537758401887
A123_094,25C,60,2.48809027671814,0.0,2.400198459625244,-2.4997301792429987,-0.0351605216525857,1,24.0,0.0,0.0,2.8855350017547607,3_4_14_1C_Cycle.xlsx,0.0,0.002292947126044651
A123_094,25C,60,4.057004451751709,1.0,4.0673828125,2.3170682701468466,0.0,1,24.0,0.0,0.0,2.8855350017547607,8_1_13_1C_Cycle.xlsx,0.0008456111,0.0014669013646646965
A123_094,25C,30,4.067220687866211,1.0,4.067220687866211,2.322098975399817,0.0,1,24.0,0.0,0.0,2.8855350017547607,7_19_13_1C_Cycle.xlsx,0.00036734343,0.0004922769086827322
A123_094,25C,90,2.527819871902466,0.0,2.387712001800537,-2.4997719853325227,-0.0,1,24.0,0.0,0.0,2.8855350017547607,9_25_13_1C_Cycle.xlsx,0.00035715103,0.0001889047827147582
A123_094,25C,30,4.0673828125,1.0,4.0673828125,2.3197441107578696,0.0,1,24.0,0.0,0.0,2.8855350017547607,8_1_13_1C_Cycle.xlsx,0.00046260655,0.0005720411300737934
A123_094,25C,30,4.067058563232422,1.0,4.067058563232422,2.320045225854431,0.0,1,24.0,0.0,0.0,2.8855350017547607,8_1_13_1C_Cycle.xlsx,0.00043654442,0.00047570476761503433
A123_094,25C,150,4.035274982452393,1.0,4.067544937133789,2.330171708910426,0.0,1,24.0,0.0,0.0,2.8855350017547607,9_16_13_1C_Cycle.xlsx,2.4497509e-05,0.0005519382864500097
A123_094,25C,150,4.035437107086182,1.0,4.067707061767578,2.325917197549242,0.0,1,24.0,0.0,0.0,2.8855350017547607,12_13_13_1C_Cycle.xlsx,0.00029462576,5.239309125229723e-05
A123_094,25C,120,4.039653301239014,1.0,4.0673828125,2.308196581670871,0.0,1,24.0,0.0,0.0,2.8855350017547607,7_11_13_1C_Cycle.xlsx,0.0006149709,0.0006839866094308368
A123_094,25C,30,2.378468990325928,0.0,2.378468990325928,-2.4997368610657014,-0.0,1,24.0,0.0,0.0,2.8855350017547607,12_4_13_1C_Cycle.xlsx,0.00026616454,0.0003242103516238914
A123_094,25C,30,2.393712043762207,0.0,2.393712043762207,-2.4997336159581725,-0.0,1,24.0,0.0,0.0,2.8855350017547607,8_29_13_1C_Cycle.xlsx,0.00026994944,0.0003242103516238914
A123_094,25C,60,2.5253872871398926,0.0,2.47754979133606,-2.4997084721275,-0.0,1,24.0,0.0,0.0,2.8855350017547607,8_29_13_1C_Cycle.xlsx,0.0006663352,0.00018026167288213377
A123_094,25C,60,2.531549453735352,0.0,2.4770631790161133,-2.499730258906653,-0.0,1,24.0,0.0,0.0,2.8855350017547607,1_23_14_1C_Cycle.xlsx,0.0009153187,0.00018026167288213377
A123_094,25C,30,4.069328784942627,1.0,4.069328784942627,2.337312998695184,0.0,1,24.0,0.0,0.0,2.8855350017547607,2_20_14_1C_Cycle.xlsx,8.863211e-05,0.0018086750595022402
A123_094,25C,120,4.040463924407959,1.0,4.067058563232422,2.327607167994275,0.0,1,24.0,0.0,0.0,2.8855350017547607,11_6_13_1C_Cycle.xlsx,0.0,0.00038816705561721377
A123_094,25C,30,2.3927390575408936,0.0,2.3927390575408936,-2.499821506105028,-0.0,1,24.0,0.0,0.0,2.8855350017547607,11_18_13_1C_Cycle.xlsx,0.00027164817,0.00031597758152679054
A123_094,25C,60,2.532360315322876,0.0,2.4773874282836914,-2.477037015250376,-0.0,1,24.0,0.0,0.0,2.8855350017547607,1_23_14_1C_Cycle.xlsx,0.0004313141,0.0002814760463804901
A123_094,25C,60,4.057166576385498,1.0,4.0673828125,2.3192933227278685,0.0,1,24.0,0.0,0.0,2.8855350017547607,3_4_14_1C_Cycle.xlsx,0.0007583797,0.0005737158420069028
A123_094,25C,30,2.383657932281494,0.0,2.383657932281494,-2.4997288041410197,-0.0,1,24.0,0.0,0.0,2.8855350017547607,10_07_13_1C_Cycle.xlsx,0.00026383996,0.0002782400671567091
A123_094,25C,60,4.058950424194336,1.0,4.068680286407471,2.3435240793559284,0.0,1,24.0,0.0,0.0,2.8855350017547607,12_4_13_1C_Cycle.xlsx,0.0,0.0004404545800596611
A123_094,25C,60,2.534468412399292,0.0,2.4780361652374268,-2.477453620367409,-0.0,1,24.0,0.0,0.0,2.8855350017547607,11_6_13_1C_Cycle.xlsx,0.00053328276,0.0002814760463804901
A123_094,25C,60,2.474630832672119,0.0,2.386901378631592,-2.499740633471258,-0.0,1,24.0,0.0,0.0,2.8855350017547607,8_12_13_1C_Cycle.xlsx,0.00017035007,0.00027461042349351164
A123_094,25C,120,2.5870087146759038,0.0,2.40830659866333,-2.4997586054461345,-0.0,1,24.0,0.0,0.0673531844196503,2.9214887298513648,9_25_13_1C_Cycle.xlsx,0.0012234449,0.09009004554301975
A123_094,25C,30,4.069166660308838,1.0,4.069166660308838,2.3444912020053903,0.0,1,24.0,0.0,0.0,2.8855350017547607,11_18_13_1C_Cycle.xlsx,7.672608e-05,0.0005912011770079602
A123_094,25C,30,4.075653076171875,1.0,4.075653076171875,0.9003720606366793,0.0,1,24.0,0.0,1.0,3.553644180297852,8_1_13_1C_Cycle.xlsx,0.99448097,1.0194550030401355
A123_094,25C,30,4.066572189331055,1.0,4.066572189331055,2.3131612116073974,0.0,1,24.0,0.0,0.0,2.8855350017547607,10_07_13_1C_Cycle.xlsx,0.00072585046,2.3591747551615697e-05
A123_094,25C,150,4.031869411468506,1.0,4.066410064697266,2.316699546311171,0.0,1,24.0,0.0,0.0,2.8855350017547607,8_29_13_1C_Cycle.xlsx,0.0,-5.634955075275213e-05
A123_094,25C,60,2.47754979133606,0.0,2.389171600341797,-2.499769399831961,-0.0,1,24.0,0.0,0.0,2.8855350017547607,11_18_13_1C_Cycle.xlsx,0.00025197864,0.0002663776533964107
A123_094,25C,30,2.386739015579224,0.0,2.386739015579224,-2.4998637108967223,-0.0,1,24.0,0.0,0.0,2.8855350017547607,8_12_13_1C_Cycle.xlsx,0.00026869774,0.00031597758152679054
A123_094,25C,150,4.032842636108398,1.0,4.066247940063477,2.31117415908447,0.0,1,24.0,0.0,0.0,2.8855350017547607,10_16_13_1C_Cycle.xlsx,0.0006917417,-5.634955075275213e-05
A123_094,25C,90,2.532360315322876,0.0,2.395495891571045,-2.49968675700101,-0.0,1,24.0,0.0,0.0,2.8855350017547607,12_13_13_1C_Cycle.xlsx,0.0005286485,0.0001971375528118593
A123_094,25C,30,4.068518161773682,1.0,4.068518161773682,2.3419779155018,0.0,1,24.0,0.0,0.0,2.8855350017547607,1_23_14_1C_Cycle.xlsx,6.869435e-05,0.006074377129032102
A123_094,25C,120,2.557657480239868,0.0,2.393712043762207,-2.4997100436169166,-0.0,1,24.0,0.0,0.0,2.8855350017547607,8_29_13_1C_Cycle.xlsx,0.00031374395,-3.08571549557865e-05
A123_094,25C,60,2.4770631790161133,0.0,2.389820098876953,-2.499890764899876,-0.0,1,24.0,0.0,0.0,2.8855350017547607,8_29_13_1C_Cycle.xlsx,0.00022110343,0.0002663776533964107
A123_094,25C,120,4.040139675140381,1.0,4.066734313964844,2.321457881772,0.0,1,24.0,0.0,0.0,2.8855350017547607,2_4_14_1C_Cycle.xlsx,0.00017644465,2.7975611986025626e-05
A123_094,25C,60,4.05684232711792,1.0,4.0673828125,2.3173183589577677,0.0,1,24.0,0.0,0.0,2.8855350017547607,8_12_13_1C_Cycle.xlsx,0.000744015,0.000442667231232414
A123_094,25C,60,4.060572147369385,1.0,4.069977760314941,2.342640799844367,0.0,1,24.0,0.0,0.0,2.8855350017547607,12_13_13_1C_Cycle.xlsx,0.0,-0.00021961038562884255
A123_094,25C,60,2.4799821376800537,0.0,2.3946850299835205,-2.4998770763999536,-0.0,1,24.0,0.0,0.0,2.8855350017547607,9_16_13_1C_Cycle.xlsx,0.00024980307,0.0002663776533964107
A123_094,25C,90,4.0477614402771,1.0,4.0673828125,2.319225042407948,0.0,1,24.0,0.0,0.0,2.8855350017547607,8_1_13_1C_Cycle.xlsx,0.00028640032,0.0003265586204656358
A123_094,25C,90,4.039491176605225,1.0,4.066410064697266,2.3129138539804788,0.0,1,24.0,0.0,0.0,2.8855350017547607,10_07_13_1C_Cycle.xlsx,0.0,0.006183039226644034
A123_094,25C,30,4.067707061767578,1.0,4.067707061767578,2.324292501132203,0.0,1,24.0,0.0,0.0,2.8855350017547607,1_23_14_1C_Cycle.xlsx,0.00031241775,0.0010222604517822957
A123_094,25C,120,4.04030179977417,1.0,4.067058563232422,2.33207106223849,0.0,1,24.0,0.0,0.0,2.8855350017547607,9_16_13_1C_Cycle.xlsx,0.0,0.00046355292582102504
A123_094,25C,30,2.4914956092834477,0.0,2.4914956092834477,-2.4767371780978498,-0.0,1,24.0,0.0,0.0,2.8855350017547607,2_4_14_1C_Cycle.xlsx,0.00045198202,0.002214701107882885
A123_094,25C,60,2.5500359535217285,0.0,2.505279302597046,-2.4997014665158,-0.0,1,24.0,0.0,0.0,2.8855350017547607,2_20_14_1C_Cycle.xlsx,0.0012562126,0.05786588543097042
A123_094,25C,60,4.057491302490234,1.0,4.067707061767578,2.324281655634061,0.0,1,24.0,0.0,0.0,2.8855350017547607,1_23_14_1C_Cycle.xlsx,0.000433594,0.000593932684563929
A123_094,25C,120,4.044517993927002,1.0,4.068356037139893,2.3395286877557897,0.0,1,24.0,0.0,0.0,2.8855350017547607,2_20_14_1C_Cycle.xlsx,0.00031889975,0.0013674419122041157
A123_094,25C,60,2.4799821376800537,0.0,2.387387752532959,-2.499712018791689,-0.0,1,24.0,0.0,0.0,2.8855350017547607,1_23_14_1C_Cycle.xlsx,0.00039049983,0.00027461042349351164
A123_094,25C,60,2.4879279136657715,0.0,2.3927390575408936,-2.4997319147127484,-0.0,1,24.0,0.0,0.0,2.8855350017547607,1_23_14_1C_Cycle.xlsx,0.00063057244,0.00027461042349351164
A123_094,25C,30,4.066896438598633,1.0,4.066896438598633,2.30542804900324,0.0,1,24.0,0.0,0.0,2.8855350017547607,7_17_13_1C_Cycle.xlsx,0.0012187362,-0.003587370713629238
A123_094,25C,60,2.525873899459839,0.0,2.4754414558410645,-2.4997423280749405,-0.0,1,24.0,0.0,0.0,2.8855350017547607,9_16_13_1C_Cycle.xlsx,0.0007107854,0.00018026167288213377
A123_094,25C,30,4.067220687866211,1.0,4.067220687866211,2.3320296390256923,0.0,1,24.0,0.0,0.0,2.8855350017547607,9_16_13_1C_Cycle.xlsx,0.000120833516,0.0015916888953613996
A123_094,25C,30,4.067058563232422,1.0,4.067058563232422,2.319702218433744,0.0,1,24.0,0.0,0.0,2.8855350017547607,3_4_14_1C_Cycle.xlsx,0.00044998527,0.00047570476761503433
A123_094,25C,150,4.033329010009766,1.0,4.066896438598633,2.3199090223818546,0.0,1,24.0,0.0,0.0,2.8855350017547607,8_1_13_1C_Cycle.xlsx,7.337332e-05,-6.416011376348814e-05
A123_094,25C,60,4.056355953216553,1.0,4.066734313964844,2.31808724462986,0.0,1,24.0,0.0,0.0,2.8855350017547607,8_1_13_1C_Cycle.xlsx,0.00071541965,0.00010318712537945046
A123_094,25C,120,4.042572021484375,1.0,4.0680317878723145,2.324921920832436,0.0,1,24.0,0.0,0.0,2.8855350017547607,12_4_13_1C_Cycle.xlsx,0.00055745244,-7.955005054725217e-05
A123_094,25C,30,4.0680317878723145,1.0,4.0680317878723145,2.3254517102771897,0.0,1,24.0,0.0,0.0,2.8855350017547607,12_4_13_1C_Cycle.xlsx,0.00028797984,0.00030151647762981823
A123_094,25C,60,4.061545372009277,1.0,4.070626258850098,2.342042255297042,0.0,1,24.0,0.0,0.0,2.8855350017547607,2_4_14_1C_Cycle.xlsx,3.1739473e-05,0.09607922967753717
A123_094,25C,60,4.057491302490234,1.0,4.067544937133789,2.32084048597709,0.0,1,24.0,0.0,0.0,2.8855350017547607,2_4_14_1C_Cycle.xlsx,0.00073696673,0.0006491152495570785
A123_094,25C,90,4.047275066375732,1.0,4.067058563232422,2.3144122901243893,0.0,1,24.0,0.0,0.0,2.8855350017547607,9_16_13_1C_Cycle.xlsx,0.0005184412,0.00019457285579222428
A123_094,25C,60,4.056680202484131,1.0,4.067058563232422,2.324663045378322,0.0,1,24.0,0.0,0.0,2.8855350017547607,12_13_13_1C_Cycle.xlsx,0.00029747188,0.00022168251468685461
A123_094,25C,150,4.033977508544922,1.0,4.0673828125,2.315599490858374,0.0,1,24.0,0.0,0.0,2.8855350017547607,8_29_13_1C_Cycle.xlsx,0.00045484304,0.0006711463119837114
A123_094,25C,90,4.047112941741943,1.0,4.067058563232422,2.317831477046013,0.0,1,24.0,0.0,0.0,2.8855350017547607,8_12_13_1C_Cycle.xlsx,0.00021380186,0.00017532333186676404
A123_094,25C,30,4.068680286407471,1.0,4.068680286407471,2.3390548122687296,0.0,1,24.0,0.0,0.0,2.8855350017547607,3_4_14_1C_Cycle.xlsx,7.203221e-05,0.0007774414737087954
A123_094,25C,60,4.0558695793151855,1.0,4.066410064697266,2.3113190069302054,0.0,1,24.0,0.0,0.0,2.8855350017547607,10_16_13_1C_Cycle.xlsx,0.0011411011,-6.35974118832797e-05
A123_094,25C,30,4.067544937133789,1.0,4.067544937133789,2.34005955201492,0.0,1,24.0,0.0,0.0,2.8855350017547607,2_4_14_1C_Cycle.xlsx,6.598234e-05,0.0013569983966223928
A123_094,25C,30,2.488738775253296,0.0,2.488738775253296,-2.47653804650569,-0.0,1,24.0,0.0,0.0,2.8855350017547607,3_4_14_1C_Cycle.xlsx,0.0004055947,-0.01978523549030439
A123_094,25C,90,4.051004409790039,1.0,4.069166660308838,2.343485481846027,0.0,1,24.0,0.0,0.0,2.8855350017547607,12_13_13_1C_Cycle.xlsx,0.0,0.00443171715318724
A123_094,25C,90,2.5500359535217285,0.0,2.4222524166107178,-2.499708222451611,-0.0,1,24.0,0.0,0.0,2.8855350017547607,2_20_14_1C_Cycle.xlsx,0.0011634678,0.0012415750827753722
A123_094,25C,120,4.041437149047852,1.0,4.067544937133789,2.324312568220318,0.0,1,24.0,0.0,0.0,2.8855350017547607,1_23_14_1C_Cycle.xlsx,0.0002591908,0.00021119144445374999
A123_094,25C,60,2.5276577472686768,0.0,2.4738199710845947,-2.477448783876233,-0.0,1,24.0,0.0,0.0,2.8855350017547607,11_6_13_1C_Cycle.xlsx,0.00028163195,0.0002814760463804901
A123_094,25C,30,4.067544937133789,1.0,4.067544937133789,2.309849733610948,0.0,1,24.0,0.0,0.0,2.8855350017547607,12_4_13_1C_Cycle.xlsx,0.00097468495,0.002432856935916946
A123_094,25C,90,4.047112941741943,1.0,4.066734313964844,2.314584151758411,0.0,1,24.0,0.0,0.0,2.8855350017547607,9_16_13_1C_Cycle.xlsx,0.0005598068,-4.502574322328785e-05
A123_094,25C,30,4.067869663238525,1.0,4.067869663238525,2.322425372665748,0.0,1,24.0,0.0,0.0,2.8855350017547607,7_17_13_1C_Cycle.xlsx,0.0003812313,0.0003566990426229677
A123_094,25C,30,4.067220687866211,1.0,4.067220687866211,2.310300081456436,0.0,1,24.0,0.0,0.0,2.8855350017547607,7_5_13_1C_Cycle.xlsx,0.00092592835,0.003103312506032313
A123_094,25C,60,2.4778740406036377,0.0,2.3927390575408936,-2.4990572603339825,-0.0,1,24.0,0.0,0.0,2.8855350017547607,8_12_13_1C_Cycle.xlsx,0.00017544627,0.00027461042349351164
A123_094,25C,120,4.039653301239014,1.0,4.067058563232422,2.319890379787437,0.0,1,24.0,0.0,0.0,2.8855350017547607,8_1_13_1C_Cycle.xlsx,0.0,0.0008379469788801086
A123_094,25C,30,4.067544937133789,1.0,4.067544937133789,2.3244592360196967,0.0,1,24.0,0.0,0.0,2.8855350017547607,1_23_14_1C_Cycle.xlsx,0.0003015697,0.0010222604517822957
A123_094,25C,60,4.058139801025391,1.0,4.0680317878723145,2.327013533656337,0.0,1,24.0,0.0,0.0,2.8855350017547607,12_4_13_1C_Cycle.xlsx,0.0004196465,0.004633832372341551
A123_094,25C,30,4.071274757385254,1.0,4.071274757385254,2.3615558453095264,0.0,1,24.0,0.0,0.0,2.8855350017547607,12_4_13_1C_Cycle.xlsx,0.00036871433,-0.0017034985937340542
A123_094,25C,60,4.058950424194336,1.0,4.068193912506104,2.3394604986043355,0.0,1,24.0,0.0,0.0,2.8855350017547607,2_20_14_1C_Cycle.xlsx,0.0,0.0004391138322331331
A123_094,25C,60,2.478847026824951,0.0,2.387549877166748,-2.4997368438823804,-0.0,1,24.0,0.0,0.0,2.8855350017547607,12_4_13_1C_Cycle.xlsx,0.00033921003,0.00027461042349351164
A123_094,25C,120,4.040950775146484,1.0,4.067544937133789,2.316985919237137,0.0,1,24.0,0.0,0.0,2.8855350017547607,8_12_13_1C_Cycle.xlsx,0.000541538,0.0003358397985405497
A123_094,25C,120,4.044517993927002,1.0,4.068193912506104,2.339539780297823,0.0,1,24.0,0.0,0.0,2.8855350017547607,2_20_14_1C_Cycle.xlsx,0.00038023293,-7.72395436039806e-05
A123_094,25C,90,4.046139717102051,1.0,4.066085815429688,2.313618776922832,0.0,1,24.0,0.0,0.0,2.8855350017547607,9_25_13_1C_Cycle.xlsx,0.00042253733,-0.00010916346669300782
A123_094,25C,60,2.474306344985962,0.0,2.380577087402344,-2.4997383999613536,-0.0,1,24.0,0.0,0.0,2.8855350017547607,10_07_13_1C_Cycle.xlsx,0.00027996302,0.00027461042349351164
A123_094,25C,90,2.527819871902466,0.0,2.3987390995025635,-2.4998108607072096,-0.0,1,24.0,0.0,0.0,2.8855350017547607,8_1_13_1C_Cycle.xlsx,0.00043661892,0.0004607529857466502
A123_094,25C,60,4.056193828582764,1.0,4.066896438598633,2.327974549737297,0.0,1,24.0,0.0,0.0,2.8855350017547607,11_6_13_1C_Cycle.xlsx,0.0,0.0005703938958592532
A123_094,25C,30,2.485171318054199,0.0,2.485171318054199,-2.499922723413628,-0.0,1,24.0,0.0,0.0,2.8855350017547607,3_4_14_1C_Cycle.xlsx,0.0009061247,0.0005550319331119449
A123_094,25C,90,2.528144121170044,0.0,2.384793281555176,-2.499863145625697,-0.0,1,24.0,0.0,0.0,2.8855350017547607,10_07_13_1C_Cycle.xlsx,0.00033524632,0.0001889047827147582
A123_094,25C,60,4.057166576385498,1.0,4.0673828125,2.324564272840308,0.0,1,24.0,0.0,0.0,2.8855350017547607,1_23_14_1C_Cycle.xlsx,0.0003926456,0.0005185332770137534
A123_094,25C,30,4.067869663238525,1.0,4.067869663238525,2.330111975327504,0.0,1,24.0,0.0,0.0,2.8855350017547607,9_16_13_1C_Cycle.xlsx,0.00016731024,0.0013101940468546365
A123_094,25C,30,2.3878743648529053,0.0,2.3878743648529053,-2.4996987190567146,-0.0,1,24.0,0.0,0.0,2.8855350017547607,7_15_13_1C_Cycle.xlsx,0.00026375055,0.0002782400671567091
A123_094,25C,60,4.059274673461914,1.0,4.068680286407471,2.33955404711397,0.0,1,24.0,0.0,0.0,2.8855350017547607,2_20_14_1C_Cycle.xlsx,0.0,0.0007809410821260966
A123_094,25C,60,2.5274953842163086,0.0,2.4756038188934326,-2.4777858561147905,-0.0,1,24.0,0.0,0.0,2.8855350017547607,10_07_13_1C_Cycle.xlsx,0.0002477765,0.0002814760463804901
A123_094,25C,60,4.058788299560547,1.0,4.068193912506104,2.339292532976782,0.0,1,24.0,0.0,0.0,2.8855350017547607,3_4_14_1C_Cycle.xlsx,0.0,0.0004391138322331331
A123_094,25C,120,4.042409896850586,1.0,4.067869663238525,2.338441765809481,0.0,1,24.0,0.0,0.0,2.8855350017547607,3_4_14_1C_Cycle.xlsx,0.0,-0.00025371863238169876
A123_094,25C,90,4.039491176605225,1.0,4.066896438598633,2.316137142299164,0.0,1,24.0,0.0,0.0,2.8855350017547607,8_29_13_1C_Cycle.xlsx,0.0,7.26790782714976e-05
A123_094,25C,90,4.046950817108154,1.0,4.066410064697266,2.3281916840111507,0.0,1,24.0,0.0,0.0,2.8855350017547607,11_6_13_1C_Cycle.xlsx,0.0,0.0002576354345860881
A123_094,25C,30,2.505765914916992,0.0,2.505765914916992,-2.4765464123284566,-0.0,1,24.0,0.0,0.0,2.8855350017547607,2_20_14_1C_Cycle.xlsx,0.0006800294,0.01818059331586978
A123_094,25C,60,2.5518198013305664,0.0,2.507063150405884,-2.4764928657333023,-0.0,1,24.0,0.0,0.0,2.8855350017547607,2_20_14_1C_Cycle.xlsx,0.0008016676,0.10935194275093917
A123_094,25C,120,2.554900884628296,0.0,2.3920905590057373,-2.4998939078787097,-0.0,1,24.0,0.0,0.0,2.8855350017547607,8_29_13_1C_Cycle.xlsx,0.00022558868,8.141638658039517e-05
A123_094,25C,30,4.067058563232422,1.0,4.067058563232422,2.3176869381666183,0.0,1,24.0,0.0,0.0,2.8855350017547607,8_12_13_1C_Cycle.xlsx,0.0005340278,0.00047570476761503433
A123_094,25C,60,2.530738592147827,0.0,2.4773874282836914,-2.477351383107865,-0.0,1,24.0,0.0,0.0,2.8855350017547607,12_4_13_1C_Cycle.xlsx,0.00035822392,0.0002814760463804901
A123_094,25C,30,2.478198289871216,0.0,2.478198289871216,-2.478159605488301,-0.0,1,24.0,0.0,0.0,2.8855350017547607,8_29_13_1C_Cycle.xlsx,0.0002914369,0.00029601475214002197
A123_094,25C,90,4.049383163452148,1.0,4.0680317878723145,2.3275570764887235,0.0,1,24.0,0.0,0.0,2.8855350017547607,12_4_13_1C_Cycle.xlsx,0.00021623075,0.0002959808191992026
A123_094,25C,90,4.048409938812256,1.0,4.067058563232422,2.305035104846646,0.0,1,24.0,0.0,0.0,2.8855350017547607,2_4_14_1C_Cycle.xlsx,0.0020688772,0.01121154526629479
A123_094,25C,30,4.067707061767578,1.0,4.067707061767578,2.338779138384667,0.0,1,24.0,0.0,0.0,2.8855350017547607,3_4_14_1C_Cycle.xlsx,6.787479e-05,0.0013569983966223928
A123_094,25C,30,2.4780361652374268,0.0,2.4780361652374268,-2.499897050857544,-0.0,1,24.0,0.0,0.0,2.8855350017547607,8_29_13_1C_Cycle.xlsx,0.0008201748,0.00024077066310884823
A123_094,25C,60,2.4773874282836914,0.0,2.3820364475250244,-2.4997418626732784,-0.0,1,24.0,0.0,0.0,2.8855350017547607,1_23_14_1C_Cycle.xlsx,0.0003824532,0.00027461042349351164
A123_094,25C,120,4.044355869293213,1.0,4.069004535675049,2.344336559901298,0.0,1,24.0,0.0,0.0,2.8855350017547607,11_18_13_1C_Cycle.xlsx,0.0,-0.00010825948275200408
A123_094,25C,120,4.040950775146484,1.0,4.067220687866211,2.327666375253881,0.0,1,24.0,0.0,0.0,2.8855350017547607,11_6_13_1C_Cycle.xlsx,0.0,0.00045629439648784694
A123_094,25C,30,2.4793334007263184,0.0,2.4793334007263184,-2.4998154864351974,-0.0,1,24.0,0.0,0.0,2.8855350017547607,8_1_13_1C_Cycle.xlsx,0.0008331686,0.00024077066310884823
A123_094,25C,120,2.557008981704712,0.0,2.3878743648529053,-2.49979939795377,-0.0,1,24.0,0.0,0.0,2.8855350017547607,9_16_13_1C_Cycle.xlsx,0.00014770031,8.141638658039517e-05
A123_094,25C,120,2.555549383163452,0.0,2.3989012241363525,-2.499683524380211,-0.0,1,24.0,0.0,0.0,2.8855350017547607,7_19_13_1C_Cycle.xlsx,0.0003978312,0.00035326458961228727
A123_094,25C,30,4.067869663238525,1.0,4.067869663238525,2.32517146817961,0.0,1,24.0,0.0,0.0,2.8855350017547607,12_4_13_1C_Cycle.xlsx,0.00029093027,0.00030151647762981823
A123_094,25C,120,4.033166885375977,1.0,4.065923690795898,2.1758319679503293,0.0,1,24.0,0.0,0.0,2.8855350017547607,12_4_13_1C_Cycle.xlsx,0.01908496,0.0553300050745705
A123_094,25C,60,2.527981996536255,0.0,2.474792957305908,-2.477914263342156,-0.0,1,24.0,0.0,0.0,2.8855350017547607,10_07_13_1C_Cycle.xlsx,0.0002888143,0.0002814760463804901
A123_094,25C,60,4.05830192565918,1.0,4.0680317878723145,2.33981395891884,0.0,1,24.0,0.0,0.0,2.8855350017547607,3_4_14_1C_Cycle.xlsx,0.0,0.0005151938377915142
A123_094,25C,120,2.559279203414917,0.0,2.3943607807159424,-2.4997090373122903,-0.0,1,24.0,0.0,0.0,2.8855350017547607,9_16_13_1C_Cycle.xlsx,0.00035861135,-3.08571549557865e-05
A123_094,25C,120,4.040626049041748,1.0,4.067220687866211,2.331896303801752,0.0,1,24.0,0.0,0.0,2.8855350017547607,9_16_13_1C_Cycle.xlsx,0.0,0.0004712379001494653
A123_094,25C,90,2.5255496501922607,0.0,2.3776581287384038,-2.4998215552979866,-0.0,1,24.0,0.0,0.0,2.8855350017547607,10_07_13_1C_Cycle.xlsx,0.00019749999,0.0001889047827147582
A123_094,25C,90,2.5247387886047363,0.0,2.3920905590057373,-2.4998939078787097,-0.0,1,24.0,0.0,0.0,2.8855350017547607,8_29_13_1C_Cycle.xlsx,0.00032153726,0.0001889047827147582
A123_094,25C,90,4.051167011260986,1.0,4.068356037139893,2.3396633912466074,0.0,1,24.0,0.0,0.0,2.8855350017547607,2_20_14_1C_Cycle.xlsx,9.74834e-05,0.0013265468419953106
A123_094,25C,30,2.3781445026397705,0.0,2.3781445026397705,-2.499910282237189,-0.0,1,24.0,0.0,0.0,2.8855350017547607,10_16_13_1C_Cycle.xlsx,0.0002721995,0.00031597758152679054
A123_094,25C,90,2.530576467514038,0.0,2.3799283504486084,-2.4997229012576017,-0.0,1,24.0,0.0,0.0,2.8855350017547607,12_13_13_1C_Cycle.xlsx,0.00031666458,0.0001971375528118593
A123_094,25C,90,2.5497117042541504,0.0,2.4217660427093506,-2.4997588919701976,-0.0,1,24.0,0.0,0.0,2.8855350017547607,2_20_14_1C_Cycle.xlsx,0.0011525005,0.0012415750827753722
A123_094,25C,90,4.05084228515625,1.0,4.06884241104126,2.344676508552442,0.0,1,24.0,0.0,0.0,2.8855350017547607,11_18_13_1C_Cycle.xlsx,0.0,0.00032833537758401887
A123_094,25C,90,4.048409938812256,1.0,4.067707061767578,2.3213577781488577,0.0,1,24.0,0.0,0.0,2.8855350017547607,7_17_13_1C_Cycle.xlsx,0.00031234324,0.0004019580280158115
A123_094,25C,90,2.5292792320251465,0.0,2.393549919128418,-2.499793828070701,-0.0,1,24.0,0.0,0.0,2.8855350017547607,11_18_13_1C_Cycle.xlsx,0.00044094026,0.0001889047827147582
A123_094,25C,120,2.5604143142700195,0.0,2.3841445446014404,-2.4997399992647424,-0.0,1,24.0,0.0,0.0,2.8855350017547607,10_07_13_1C_Cycle.xlsx,8.305907e-05,-3.08571549557865e-05
A123_094,25C,30,4.066410064697266,1.0,4.066410064697266,2.3131063937163745,0.0,1,24.0,0.0,0.0,2.8855350017547607,10_07_13_1C_Cycle.xlsx,0.00071947277,2.3591747551615697e-05
A123_094,25C,30,2.377009391784668,0.0,2.377009391784668,-2.499860906600952,-0.0,1,24.0,0.0,0.0,2.8855350017547607,12_13_13_1C_Cycle.xlsx,0.00027152896,0.00031597758152679054
A123_094,25C,120,4.046139717102051,1.0,4.069328784942627,2.3373401879077464,0.0,1,24.0,0.0,0.0,2.8855350017547607,2_20_14_1C_Cycle.xlsx,0.0008916855,0.00150002032948667
A123_094,25C,60,2.469765901565552,0.0,2.373117446899414,-2.4999973065144308,-0.0386594235178948,1,24.0,0.0,0.0,2.8855350017547607,11_6_13_1C_Cycle.xlsx,0.00018192828,-0.00020266443177362556
A123_094,25C,60,4.056193828582764,1.0,4.066896438598633,2.3174657627940176,0.0,1,24.0,0.0,0.0,2.8855350017547607,8_12_13_1C_Cycle.xlsx,0.0006161481,0.00027686507968000424
A123_094,25C,120,4.042409896850586,1.0,4.0680317878723145,2.323617645053782,0.0,1,24.0,0.0,0.0,2.8855350017547607,12_4_13_1C_Cycle.xlsx,0.0005735159,-7.955005054725217e-05
A123_094,25C,30,4.066734313964844,1.0,4.066734313964844,2.31303681830158,0.0,1,24.0,0.0,0.0,2.8855350017547607,9_25_13_1C_Cycle.xlsx,0.0007417053,0.00022811992354537775
A123_094,25C,30,2.4773874282836914,0.0,2.4773874282836914,-2.478863701688048,-0.0,1,24.0,0.0,0.0,2.8855350017547607,7_15_13_1C_Cycle.xlsx,0.00029700994,0.00029601475214002197
A123_094,25C,60,4.056680202484131,1.0,4.067058563232422,2.327687610347732,0.0,1,24.0,0.0,0.0,2.8855350017547607,11_6_13_1C_Cycle.xlsx,0.0001245439,0.0005703938958592532
A123_094,25C,60,4.056680202484131,1.0,4.067058563232422,2.3197354999812028,0.0,1,24.0,0.0,0.0,2.8855350017547607,3_4_14_1C_Cycle.xlsx,0.000621289,0.00027686507968000424
A123_094,25C,60,4.057491302490234,1.0,4.067707061767578,2.3242863261292124,0.0,1,24.0,0.0,0.0,2.8855350017547607,1_23_14_1C_Cycle.xlsx,0.00043328106,0.000593932684563929
A123_094,25C,30,4.067869663238525,1.0,4.067869663238525,2.324093296614468,0.0,1,24.0,0.0,0.0,2.8855350017547607,1_23_14_1C_Cycle.xlsx,0.0003245473,0.00030151647762981823
A123_094,25C,60,2.472360610961914,0.0,2.3796041011810303,-2.4997639888155776,-0.0,1,24.0,0.0,0.0,2.8855350017547607,9_25_13_1C_Cycle.xlsx,0.00021708012,0.0002663776533964107
A123_094,25C,30,4.067058563232422,1.0,4.067058563232422,2.327526680248625,0.0,1,24.0,0.0,0.0,2.8855350017547607,11_6_13_1C_Cycle.xlsx,0.00020344555,0.001363206345052489
A123_094,25C,30,4.067058563232422,1.0,4.067058563232422,2.332156955401917,0.0,1,24.0,0.0,0.0,2.8855350017547607,9_16_13_1C_Cycle.xlsx,0.000116214156,0.001256402888150904
A123_094,25C,60,4.056031703948975,1.0,4.066734313964844,2.316205608267938,0.0,1,24.0,0.0,0.0,2.8855350017547607,8_29_13_1C_Cycle.xlsx,0.0006943941,5.651600458995285e-05
A123_094,25C,150,4.034950733184815,1.0,4.067544937133789,2.326036607625626,0.0,1,24.0,0.0,0.0,2.8855350017547607,12_13_13_1C_Cycle.xlsx,0.00013884902,5.239309125229723e-05
A123_094,25C,90,2.5317115783691406,0.0,2.381063461303711,-2.499726940732484,-0.0,1,24.0,0.0,0.0,2.8855350017547607,1_23_14_1C_Cycle.xlsx,0.0003530681,0.0001971375528118593
A123_094,25C,60,2.474306344985962,0.0,2.378468990325928,-2.4997368610657014,-0.0,1,24.0,0.0,0.0,2.8855350017547607,12_4_13_1C_Cycle.xlsx,0.0003194511,0.00027461042349351164
A123_094,25C,120,2.5644683837890625,0.0,2.378631114959717,-2.4997081149708142,-0.038274560719007,1,24.0,0.0,0.0,2.8855350017547607,12_13_13_1C_Cycle.xlsx,0.0,0.017953852074614647
A123_094,25C,30,2.378468990325928,0.0,2.378468990325928,-2.499950606908117,-0.0,1,24.0,0.0,0.0,2.8855350017547607,10_16_13_1C_Cycle.xlsx,0.0002733022,0.00031597758152679054
A123_094,25C,30,2.379441738128662,0.0,2.379441738128662,-2.499728722615285,-0.0,1,24.0,0.0,0.0,2.8855350017547607,11_6_13_1C_Cycle.xlsx,0.00026524067,0.0002782400671567091
A123_094,25C,120,4.038842678070068,1.0,4.066410064697266,2.3132130207463364,0.0,1,24.0,0.0,0.0,2.8855350017547607,9_25_13_1C_Cycle.xlsx,0.00026285648,-3.299084074791079e-05
A123_094,25C,60,2.486468553543091,0.0,2.3943607807159424,-2.499848631193053,-0.0368453400249238,1,24.0,0.0,0.0,2.8855350017547607,3_4_14_1C_Cycle.xlsx,0.0,0.007244170311673911
A123_094,25C,90,2.5109550952911377,0.0,2.382198572158813,-2.499696759382884,-0.0,1,24.0,0.0,0.0,2.8855350017547607,7_11_13_1C_Cycle.xlsx,0.0,0.0003675420130670811
A123_094,25C,120,2.555549383163452,0.0,2.3945229053497314,-2.4996826607956844,-0.0,1,24.0,0.0,0.0,2.8855350017547607,8_1_13_1C_Cycle.xlsx,0.00029602647,8.964915667749628e-05
A123_094,25C,60,2.47317123413086,0.0,2.3774960041046143,-2.499883359616941,-0.0,1,24.0,0.0,0.0,2.8855350017547607,11_6_13_1C_Cycle.xlsx,0.0002939403,0.0002663776533964107
A123_094,25C,150,4.034464359283447,1.0,4.066896438598633,2.320936286708583,0.0,1,24.0,0.0,0.0,2.8855350017547607,2_4_14_1C_Cycle.xlsx,0.00050237775,-6.416011376348814e-05
A123_094,25C,30,2.4709010124206543,0.0,2.4709010124206543,-2.4776307961231807,-0.0,1,24.0,0.0,0.0,2.8855350017547607,10_16_13_1C_Cycle.xlsx,0.00018262863,0.00029601475214002197
A123_094,25C,30,4.069815158843994,1.0,4.069815158843994,2.3428261073736043,0.0,1,24.0,0.0,0.0,2.8855350017547607,12_13_13_1C_Cycle.xlsx,7.018447e-05,4.979325842005945e-05
A123_094,25C,60,4.057491302490234,1.0,4.067869663238525,2.3258804304493688,0.0,1,24.0,0.0,0.0,2.8855350017547607,12_13_13_1C_Cycle.xlsx,0.0002770424,0.00030319118956292766
A123_094,25C,90,4.046788215637207,1.0,4.066734313964844,2.314654649818331,0.0,1,24.0,0.0,0.0,2.8855350017547607,8_29_13_1C_Cycle.xlsx,0.00039944053,-1.5801127422272285e-05
A123_094,25C,150,4.031707286834717,1.0,4.066410064697266,2.3169326665661027,0.0,1,24.0,0.0,0.0,2.8855350017547607,8_29_13_1C_Cycle.xlsx,0.0,-5.634955075275213e-05
A123_094,25C,60,2.4833874702453613,0.0,2.389171600341797,-2.499703215286795,-0.0,1,24.0,0.0,0.0,2.8855350017547607,10_07_13_1C_Cycle.xlsx,0.00050221384,0.00027461042349351164
A123_094,25C,30,2.481765985488892,0.0,2.481765985488892,-2.478835099405842,-0.0,1,24.0,0.0,0.0,2.8855350017547607,7_17_13_1C_Cycle.xlsx,0.00035640597,0.00029601475214002197
A123_094,25C,120,4.039166927337647,1.0,4.067058563232422,2.305317953112535,0.0,1,24.0,0.0,0.0,2.8855350017547607,7_19_13_1C_Cycle.xlsx,0.0007265061,0.005179972892335506
A123_094,25C,30,4.066572189331055,1.0,4.066572189331055,2.3132648469238983,0.0,1,24.0,0.0,0.0,2.8855350017547607,9_25_13_1C_Cycle.xlsx,0.00072044134,2.3591747551615697e-05
A123_094,25C,90,4.047112941741943,1.0,4.066734313964844,2.319883184773581,0.0,1,24.0,0.0,0.0,2.8855350017547607,8_1_13_1C_Cycle.xlsx,0.00019979477,1.6453775662099984e-06
A123_094,25C,150,4.033329010009766,1.0,4.067220687866211,2.319537632522129,0.0,1,24.0,0.0,0.0,2.8855350017547607,8_1_13_1C_Cycle.xlsx,0.0,2.7891369870903857e-05
A123_094,25C,60,2.4798200130462646,0.0,2.3969552516937256,-2.4997969631455903,-0.0,1,24.0,0.0,0.0,2.8855350017547607,8_1_13_1C_Cycle.xlsx,0.00019428134,0.0005382258564283015
A123_094,25C,90,4.040463924407959,1.0,4.067220687866211,2.33057784110554,0.0,1,24.0,0.0,0.0,2.8855350017547607,10_07_13_1C_Cycle.xlsx,0.0,0.0006339467346581192
A123_094,25C,60,4.066896438598633,1.0,4.073220729827881,0.9028412699699402,0.0,1,24.0,0.0,1.0,3.553644180297852,7_8_13_1C_Cycle.xlsx,0.99428356,0.975685403042522
A123_094,25C,120,2.5665764808654785,0.0,2.379279613494873,-2.499896056061491,-0.0,1,24.0,0.0,0.0,2.8855350017547607,1_23_14_1C_Cycle.xlsx,0.0,-3.908992505288762e-05
A123_094,25C,60,4.057491302490234,1.0,4.067869663238525,2.327739270106584,0.0,1,24.0,0.0,0.0,2.8855350017547607,12_4_13_1C_Cycle.xlsx,0.00016985834,0.0011786744688282685
A123_094,25C,90,2.542900800704956,0.0,2.3987390995025635,-2.499865078500339,-0.0,1,24.0,0.0,0.0,2.8855350017547607,10_16_13_1C_Cycle.xlsx,0.000804767,0.0006744178072264744
A123_094,25C,120,4.039491176605225,1.0,4.066410064697266,2.320010803758152,0.0,1,24.0,0.0,0.0,2.8855350017547607,8_1_13_1C_Cycle.xlsx,0.00011001527,-0.00019057225531586845
A123_094,25C,120,2.573549509048462,0.0,2.3907930850982666,-2.49995312512478,-0.0,1,24.0,0.0,0.0,2.8855350017547607,2_4_14_1C_Cycle.xlsx,0.00045785308,-0.00016142922816073468
A123_094,25C,30,2.37830662727356,0.0,2.37830662727356,-2.4996929211659475,-0.0,1,24.0,0.0,0.0,2.8855350017547607,11_6_13_1C_Cycle.xlsx,0.00026482344,0.0002782400671567091
A123_094,25C,120,4.045166969299316,1.0,4.069328784942627,2.3442523977640324,0.0,1,24.0,0.0,0.0,2.8855350017547607,11_18_13_1C_Cycle.xlsx,0.0,-0.0009179244896775675
A123_094,25C,120,4.042409896850586,1.0,4.0680317878723145,2.325316968863293,0.0,1,24.0,0.0,0.0,2.8855350017547607,12_4_13_1C_Cycle.xlsx,0.00044935942,-7.955005054725217e-05
A123_094,25C,30,4.067058563232422,1.0,4.067058563232422,2.314266877869765,0.0,1,24.0,0.0,0.0,2.8855350017547607,9_16_13_1C_Cycle.xlsx,0.00069618225,0.0004978347607391142
A123_094,25C,30,2.469928026199341,0.0,2.469928026199341,-2.477654783995781,-0.0,1,24.0,0.0,0.0,2.8855350017547607,10_16_13_1C_Cycle.xlsx,0.00017087162,0.00029601475214002197
A123_094,25C,150,4.035599231719971,1.0,4.067869663238525,2.3241982980925813,0.0,1,24.0,0.0,0.0,2.8855350017547607,1_23_14_1C_Cycle.xlsx,0.00042289495,-0.00023834840374870481
A123_094,25C,150,4.032842636108398,1.0,4.066734313964844,2.3133211604884414,0.0,1,24.0,0.0,0.0,2.8855350017547607,10_07_13_1C_Cycle.xlsx,0.00033819675,-2.9311470128476755e-05
A123_094,25C,60,2.4773874282836914,0.0,2.3907930850982666,-2.499901765325795,-0.0,1,24.0,0.0,0.0,2.8855350017547607,8_29_13_1C_Cycle.xlsx,0.00021593273,0.0002663776533964107
A123_094,25C,90,2.549387216567993,0.0,2.422576904296875,-2.499674442772553,-0.0,1,24.0,0.0,0.0,2.8855350017547607,2_20_14_1C_Cycle.xlsx,0.0011447966,0.0013149743066244864
A123_094,25C,60,4.057977676391602,1.0,4.067869663238525,2.324954058343576,0.0,1,24.0,0.0,0.0,2.8855350017547607,12_4_13_1C_Cycle.xlsx,0.0005450547,0.00030319118956292766
A123_094,25C,120,4.041599273681641,1.0,4.067544937133789,2.319226768129228,0.0,1,24.0,0.0,0.0,2.8855350017547607,3_4_14_1C_Cycle.xlsx,0.0007031113,0.0002663740094468993
A123_094,25C,150,4.03251838684082,1.0,4.066247940063477,2.3115160887645296,0.0,1,24.0,0.0,0.0,2.8855350017547607,10_16_13_1C_Cycle.xlsx,0.0005028844,-5.634955075275213e-05
A123_094,25C,150,4.035599231719971,1.0,4.067707061767578,2.32430022330875,0.0,1,24.0,0.0,0.0,2.8855350017547607,1_23_14_1C_Cycle.xlsx,0.00048027933,5.239309125229723e-05
A123_094,25C,90,4.049869537353516,1.0,4.0680317878723145,2.325294012487945,0.0,1,24.0,0.0,0.0,2.8855350017547607,12_4_13_1C_Cycle.xlsx,0.00059580803,5.603396802165961e-05
A123_094,25C,60,2.5088469982147217,0.0,2.42030668258667,-2.4996951885943144,-0.0,1,24.0,0.0,0.0,2.8855350017547607,2_4_14_1C_Cycle.xlsx,0.0010243207,0.0015161150984277253
A123_094,25C,90,4.046139717102051,1.0,4.066085815429688,2.311640026217157,0.0,1,24.0,0.0,0.0,2.8855350017547607,10_16_13_1C_Cycle.xlsx,0.0005643964,-0.00012712884929349025
A123_094,25C,30,2.4760901927948,0.0,2.4760901927948,-2.4783262548964218,-0.0,1,24.0,0.0,0.0,2.8855350017547607,8_12_13_1C_Cycle.xlsx,0.0002669543,0.00029601475214002197
A123_094,25C,60,4.059436798095703,1.0,4.068680286407471,2.33957623540048,0.0,1,24.0,0.0,0.0,2.8855350017547607,2_20_14_1C_Cycle.xlsx,0.0,0.0007809410821260966
A123_094,25C,120,2.5561981201171875,0.0,2.399387836456299,-2.4995939571316503,-0.0,1,24.0,0.0,0.0,2.8855350017547607,7_19_13_1C_Cycle.xlsx,0.00042119622,0.00035326458961228727
A123_094,25C,90,2.532036066055298,0.0,2.397928237915039,-2.499678542397239,-0.0,1,24.0,0.0,0.0,2.8855350017547607,12_13_13_1C_Cycle.xlsx,0.00053855777,0.0004607529857466502
A123_094,25C,90,4.050680160522461,1.0,4.068356037139893,2.3403091452691864,0.0,1,24.0,0.0,0.0,2.8855350017547607,2_4_14_1C_Cycle.xlsx,0.0,0.0013265468419953106
A123_094,25C,120,2.5733871459960938,0.0,2.39176607131958,-2.499807872504832,-0.0,1,24.0,0.0,0.0,2.8855350017547607,2_4_14_1C_Cycle.xlsx,0.00048941374,-0.00016142922816073468
A123_094,25C,150,4.038517951965332,1.0,4.069166660308838,2.3387822253270105,0.0,1,24.0,0.0,0.0,2.8855350017547607,3_4_14_1C_Cycle.xlsx,0.00026771426,-0.00011049844350580245
A123_094,25C,90,4.047112941741943,1.0,4.066572189331055,2.3131612116073974,0.0,1,24.0,0.0,0.0,2.8855350017547607,10_07_13_1C_Cycle.xlsx,0.0007379204,-0.00015434330002953465
A123_094,25C,120,2.525873899459839,0.0,2.364198684692383,-2.4996736675012308,-0.0,1,24.0,0.0,0.0,2.8855350017547607,7_5_13_1C_Cycle.xlsx,0.0,8.964915667749628e-05
A123_094,25C,120,2.5519819259643555,0.0,2.400036334991455,-2.49964405318438,-0.0,1,24.0,0.0,0.0,2.8855350017547607,7_24_13_1C_Cycle.xlsx,0.00034937263,0.00035326458961228727
A123_094,25C,30,4.068518161773682,1.0,4.068518161773682,2.3396475535343613,0.0,1,24.0,0.0,0.0,2.8855350017547607,2_20_14_1C_Cycle.xlsx,6.92755e-05,0.0007774414737087954
A123_094,25C,120,4.040463924407959,1.0,4.067869663238525,2.2813017326059626,0.0,1,24.0,0.0,0.0,2.8855350017547607,7_3_13_1C_Cycle.xlsx,0.003853172,0.04709710198801853
A123_094,25C,120,2.571765661239624,0.0,2.393063545227051,-2.4999142784938635,-0.0,1,24.0,0.0,0.0,2.8855350017547607,3_4_14_1C_Cycle.xlsx,0.00051254034,-0.00016142922816073468
A123_094,25C,120,4.039653301239014,1.0,4.066572189331055,2.3131849091561114,0.0,1,24.0,0.0,0.0,2.8855350017547607,10_07_13_1C_Cycle.xlsx,0.0005835593,0.0005875105763568797
A123_094,25C,30,2.3796041011810303,0.0,2.3796041011810303,-2.499726342303412,-0.0,1,24.0,0.0,0.0,2.8855350017547607,10_16_13_1C_Cycle.xlsx,0.00026509166,0.0002782400671567091
A123_094,25C,30,4.067220687866211,1.0,4.067220687866211,2.318754676965967,0.0,1,24.0,0.0,0.0,2.8855350017547607,8_1_13_1C_Cycle.xlsx,0.00049591064,0.002699800323768221
A123_094,25C,60,2.4752793312072754,0.0,2.3776581287384038,-2.4999441378707186,-0.0,1,24.0,0.0,0.0,2.8855350017547607,1_23_14_1C_Cycle.xlsx,0.0003798902,0.0002663776533964107
A123_094,25C,30,4.066734313964844,1.0,4.066734313964844,2.312950922573199,0.0,1,24.0,0.0,0.0,2.8855350017547607,10_07_13_1C_Cycle.xlsx,0.00074625015,0.00022811992354537775
A123_094,25C,120,2.5620357990264893,0.0,2.377009391784668,-2.4997482450158746,-0.0,1,24.0,0.0,0.0,2.8855350017547607,11_6_13_1C_Cycle.xlsx,0.0,-3.908992505288762e-05
A123_094,25C,150,4.036247730255127,1.0,4.067869663238525,2.338441765809481,0.0,1,24.0,0.0,0.0,2.8855350017547607,3_4_14_1C_Cycle.xlsx,0.0,-0.0004125169855831522
A123_094,25C,90,4.0453290939331055,1.0,4.069653034210205,2.343145764536328,0.0,1,24.0,0.0,0.0,2.8855350017547607,12_13_13_1C_Cycle.xlsx,0.0,0.0003166778352967808
A123_094,25C,60,2.539981842041016,0.0,2.4858198165893555,-2.476668566528975,-0.0,1,24.0,0.0,0.0,2.8855350017547607,2_4_14_1C_Cycle.xlsx,0.0006312132,-0.000604056700123094
A123_094,25C,30,2.472522735595703,0.0,2.472522735595703,-2.477784337256458,-0.0,1,24.0,0.0,0.0,2.8855350017547607,10_16_13_1C_Cycle.xlsx,0.00020715594,0.00029601475214002197
A123_094,25C,90,4.0474371910095215,1.0,4.067058563232422,2.328194734491721,0.0,1,24.0,0.0,0.0,2.8855350017547607,11_6_13_1C_Cycle.xlsx,0.0,0.0007481555378504051
A123_094,25C,60,2.525873899459839,0.0,2.478198289871216,-2.478159605488301,-0.0,1,24.0,0.0,0.0,2.8855350017547607,8_29_13_1C_Cycle.xlsx,0.00014173985,0.0002814760463804901
A123_094,25C,30,2.380090475082397,0.0,2.380090475082397,-2.499869542839253,-0.0,1,24.0,0.0,0.0,2.8855350017547607,9_25_13_1C_Cycle.xlsx,0.0002695322,0.00031597758152679054
A123_094,25C,30,4.075977325439453,1.0,4.075977325439453,0.8951325739423434,0.0,1,24.0,0.0,1.0,3.553644180297852,8_29_13_1C_Cycle.xlsx,0.99531734,0.9846958469089349
A123_094,25C,30,2.474792957305908,0.0,2.474792957305908,-2.477167418081867,-0.0,1,24.0,0.0,0.0,2.8855350017547607,12_13_13_1C_Cycle.xlsx,0.00022226572,0.00029601475214002197
A123_094,25C,60,2.4799821376800537,0.0,2.3920905590057373,-2.499737572251705,-0.0,1,24.0,0.0,0.0,2.8855350017547607,9_16_13_1C_Cycle.xlsx,0.00029855967,0.00027461042349351164
A123_094,25C,60,4.055383205413818,1.0,4.066247940063477,2.313584728380208,0.0,1,24.0,0.0,0.0,2.8855350017547607,9_25_13_1C_Cycle.xlsx,0.0007698089,-6.667075254771883e-05
A123_094,25C,120,2.5602521896362305,0.0,2.3841445446014404,-2.4997399992647424,-0.0,1,24.0,0.0,0.0,2.8855350017547607,10_07_13_1C_Cycle.xlsx,8.112192e-05,-3.08571549557865e-05
A123_094,25C,30,4.066572189331055,1.0,4.066572189331055,2.294917705384168,0.0,1,24.0,0.0,0.0,2.8855350017547607,7_5_13_1C_Cycle.xlsx,0.0020410568,-0.011157293044893086
A123_094,25C,30,2.4733333587646484,0.0,2.3760364055633545,-2.4999258999430807,-0.0389199348682731,1,24.0,0.0,0.0,2.8855350017547607,12_13_13_1C_Cycle.xlsx,0.0012548268,-0.00020266443177362556
A123_094,25C,30,2.40376615524292,0.0,2.40376615524292,-2.499948058172921,-0.0,1,24.0,0.0,0.0,2.8855350017547607,2_4_14_1C_Cycle.xlsx,0.00029563904,0.0017736877641813165
A123_094,25C,120,2.5711169242858887,0.0,2.3925769329071045,-2.499841652183889,-0.0,1,24.0,0.0,0.0,2.8855350017547607,3_4_14_1C_Cycle.xlsx,0.00048825145,-0.00016142922816073468
A123_094,25C,150,4.035274982452393,1.0,4.067869663238525,2.3209978699332146,0.0,1,24.0,0.0,0.0,2.8855350017547607,7_19_13_1C_Cycle.xlsx,0.0004956126,-0.00018316583875555535
A123_094,25C,60,4.057328701019287,1.0,4.067544937133789,2.3243635263707905,0.0,1,24.0,0.0,0.0,2.8855350017547607,1_23_14_1C_Cycle.xlsx,0.00041675568,0.000593932684563929
A123_094,25C,30,4.067058563232422,1.0,4.067058563232422,2.307566058843635,0.0,1,24.0,0.0,0.0085787791809643,2.890114430281131,7_11_13_1C_Cycle.xlsx,0.0010861754,0.0034656564403368686
A123_094,25C,150,4.03251838684082,1.0,4.066410064697266,2.3132989151922407,0.0,1,24.0,0.0,0.0,2.8855350017547607,9_25_13_1C_Cycle.xlsx,0.00031614304,-5.634955075275213e-05
A123_094,25C,90,4.051167011260986,1.0,4.069004535675049,2.338752110472374,0.0,1,24.0,0.0,0.0,2.8855350017547607,3_4_14_1C_Cycle.xlsx,0.0,0.0003596220462764771
A123_094,25C,30,2.472198247909546,0.0,2.472198247909546,-2.499755378280367,-0.0,1,24.0,0.0,0.0,2.8855350017547607,10_16_13_1C_Cycle.xlsx,0.00075113773,0.00024077066310884823
A123_094,25C,60,4.056193828582764,1.0,4.066572189331055,2.3201197965277567,0.0,1,24.0,0.0,0.0,2.8855350017547607,8_1_13_1C_Cycle.xlsx,0.00055760145,-1.69262910937824e-05
A123_094,25C,30,2.478684902191162,0.0,2.478684902191162,-2.499705822039873,-0.0,1,24.0,0.0,0.0,2.8855350017547607,8_1_13_1C_Cycle.xlsx,0.0008228123,0.00019480037864166557
A123_094,25C,150,4.033166885375977,1.0,4.066572189331055,2.3131582537269004,0.0,1,24.0,0.0,0.0,2.8855350017547607,10_07_13_1C_Cycle.xlsx,0.00056783855,-5.634955075275213e-05
A123_094,25C,120,4.041923522949219,1.0,4.067869663238525,2.3311840217010897,0.0,1,24.0,0.0,0.0,2.8855350017547607,9_16_13_1C_Cycle.xlsx,0.0,0.00017534030429190885
A123_094,25C,120,4.042572021484375,1.0,4.0680317878723145,2.326779713462882,0.0,1,24.0,0.0,0.0,2.8855350017547607,12_4_13_1C_Cycle.xlsx,0.00042288005,-7.955005054725217e-05
A123_094,25C,120,4.044193744659424,1.0,4.069004535675049,2.344601478995913,0.0,1,24.0,0.0,0.0,2.8855350017547607,11_18_13_1C_Cycle.xlsx,0.0,-0.00010825948275200408
A123_094,25C,60,2.474630832672119,0.0,2.3817121982574463,-2.4998823224970725,-0.0371692033574839,1,24.0,0.0,0.0,2.8855350017547607,10_07_13_1C_Cycle.xlsx,0.0,0.00025231085221535715
A123_094,25C,90,2.5297658443450928,0.0,2.3924148082733154,-2.499767773860209,-0.0,1,24.0,0.0,0.0,2.8855350017547607,11_18_13_1C_Cycle.xlsx,0.00044317544,0.0001889047827147582
A123_094,25C,30,4.067058563232422,1.0,4.067058563232422,2.3195849438863143,0.0,1,24.0,0.0,0.0,2.8855350017547607,8_1_13_1C_Cycle.xlsx,0.00045466423,0.00047570476761503433
A123_094,25C,60,4.05684232711792,1.0,4.067707061767578,2.3173111329674723,0.0,1,24.0,0.0,0.0,2.8855350017547607,8_12_13_1C_Cycle.xlsx,0.0006122589,0.0020413949488542415
A123_094,25C,30,4.066896438598633,1.0,4.066896438598633,2.3334533790868472,0.0,1,24.0,0.0,0.0,2.8855350017547607,8_29_13_1C_Cycle.xlsx,9.7215176e-05,0.001112698029524954
A123_094,25C,150,4.033166885375977,1.0,4.067058563232422,2.317283648073673,0.0,1,24.0,0.0,0.0,2.8855350017547607,8_12_13_1C_Cycle.xlsx,0.00011008978,-8.901365631115468e-05
A123_094,25C,60,2.5214955806732178,0.0,2.472198247909546,-2.4997749081973373,-0.0,1,24.0,0.0,0.0,2.8855350017547607,8_12_13_1C_Cycle.xlsx,0.00058978796,0.00018026167288213377
A123_094,25C,90,4.040463924407959,1.0,4.0673828125,2.321284148428175,0.0,1,24.0,0.0,0.0217086577939232,2.8971232761086787,7_17_13_1C_Cycle.xlsx,0.0,0.00019386898327792342
A123_094,25C,120,2.573549509048462,0.0,2.3907930850982666,-2.499915967477816,-0.0,1,24.0,0.0,0.0,2.8855350017547607,2_4_14_1C_Cycle.xlsx,0.00045785308,-0.00016142922816073468
A123_094,25C,60,4.056031703948975,1.0,4.066734313964844,2.3145238932191843,0.0,1,24.0,0.0,0.0,2.8855350017547607,8_19_13_1C_Cycle6.xlsx,0.00082078576,5.651600458995285e-05
A123_094,25C,60,2.4712252616882324,0.0,2.3739283084869385,-2.4999199637344907,-0.0,1,24.0,0.0,0.0,2.8855350017547607,10_16_13_1C_Cycle.xlsx,0.000279814,0.0002663776533964107
A123_094,25C,60,4.054896354675293,1.0,4.066085815429688,2.3171992688890426,0.0,1,24.0,0.0,0.0,2.8855350017547607,8_12_13_1C_Cycle.xlsx,0.0003579259,-3.499955132288657e-05
A123_094,25C,90,4.047599315643311,1.0,4.066572189331055,2.321413890434348,0.0,1,24.0,0.0,0.0,2.8855350017547607,2_4_14_1C_Cycle.xlsx,0.0003721118,-6.356911276691005e-05
A123_094,25C,120,4.042409896850586,1.0,4.0680317878723145,2.3270499804565885,0.0,1,24.0,0.0,0.0,2.8855350017547607,12_4_13_1C_Cycle.xlsx,0.00032918155,0.003935852932232491
A123_094,25C,150,4.033815383911133,1.0,4.0673828125,2.3172301446199417,0.0,1,24.0,0.0,0.0,2.8855350017547607,8_1_13_1C_Cycle.xlsx,0.00027047098,0.00010164203778892156
A123_094,25C,30,2.391117572784424,0.0,2.391117572784424,-2.4991144990098886,-0.0,1,24.0,0.0,0.0,2.8855350017547607,8_12_13_1C_Cycle.xlsx,0.00024706125,0.0002782400671567091
A123_094,25C,30,4.066734313964844,1.0,4.066734313964844,2.320539942099934,0.0,1,24.0,0.0,0.0,2.8855350017547607,8_1_13_1C_Cycle.xlsx,0.0004041493,0.00027479104433487494
A123_094,25C,150,4.039491176605225,1.0,4.069166660308838,2.339980810556723,0.0,1,24.0,0.0,0.0,2.8855350017547607,2_4_14_1C_Cycle.xlsx,0.00064340234,-0.00011049844350580245
A123_094,25C,150,4.038355827331543,1.0,4.069004535675049,2.3446259765680564,0.0,1,24.0,0.0,0.0,2.8855350017547607,11_18_13_1C_Cycle.xlsx,0.0,-6.917778092114987e-05
A123_094,25C,90,4.049707412719727,1.0,4.0680317878723145,2.320324951269495,0.0,1,24.0,0.0,0.0,2.8855350017547607,7_24_13_1C_Cycle.xlsx,0.0009022057,0.00011121653301480903
A123_094,25C,90,4.039166927337647,1.0,4.066572189331055,2.316021990571772,0.0,1,24.0,0.0,0.0,2.8855350017547607,8_29_13_1C_Cycle.xlsx,0.0,0.0063872917620014895
A123_094,25C,60,2.485171318054199,0.0,2.3903067111968994,-2.4999413022371098,-0.0,1,24.0,0.0,0.0,2.8855350017547607,2_4_14_1C_Cycle.xlsx,0.00056296587,0.0002663776533964107
A123_094,25C,30,4.067058563232422,1.0,4.067058563232422,2.319358255060618,0.0,1,24.0,0.0,0.0,2.8855350017547607,3_4_14_1C_Cycle.xlsx,0.00046375394,0.00047570476761503433
A123_094,25C,90,4.040950775146484,1.0,4.067707061767578,2.317006162405014,0.0,1,24.0,0.0,0.0,2.8855350017547607,8_12_13_1C_Cycle.xlsx,0.0,0.0018620624899934027
A123_094,25C,120,4.036572456359863,1.0,4.065761566162109,2.279948638906156,0.0,1,24.0,0.0,0.0,2.8855350017547607,7_5_13_1C_Cycle.xlsx,0.0021909922,0.000827566032400541
A123_094,25C,120,4.039653301239014,1.0,4.066734313964844,2.312933157152328,0.0,1,24.0,0.0,0.0,2.8855350017547607,9_25_13_1C_Cycle.xlsx,0.0005341768,0.0046942765757906095
A123_094,25C,60,2.474144220352173,0.0,2.3774960041046143,-2.499848955443927,-0.0,1,24.0,0.0,0.0,2.8855350017547607,10_16_13_1C_Cycle.xlsx,0.000333488,0.0002663776533964107
A123_094,25C,120,2.5868465900421143,0.0,2.410252571105957,-2.499692461320332,-0.0,1,24.0,0.0,0.074450751271654,2.925277474079915,10_16_13_1C_Cycle.xlsx,0.0012817085,0.06465511654969461
A123_094,25C,30,4.067058563232422,1.0,4.067058563232422,2.3067033030959063,0.0,1,24.0,0.0,0.0,2.8855350017547607,7_15_13_1C_Cycle.xlsx,0.0011434108,0.0034656564403368686
A123_094,25C,60,2.47754979133606,0.0,2.3903067111968994,-2.4997477593629256,-0.0,1,24.0,0.0,0.0,2.8855350017547607,8_29_13_1C_Cycle.xlsx,0.00022867322,0.0002663776533964107
A123_094,25C,30,4.066734313964844,1.0,4.066734313964844,2.324431402178911,0.0,1,24.0,0.0,0.0,2.8855350017547607,1_23_14_1C_Cycle.xlsx,0.00027528405,0.00022802028634086644
A123_094,25C,60,4.056193828582764,1.0,4.066896438598633,2.314612061269884,0.0,1,24.0,0.0,0.0,2.8855350017547607,8_29_13_1C_Cycle.xlsx,0.0008274615,0.0002520115371323376
A123_094,25C,30,4.067707061767578,1.0,4.067707061767578,2.3401198013963405,0.0,1,24.0,0.0,0.0,2.8855350017547607,2_4_14_1C_Cycle.xlsx,6.625056e-05,0.0013569983966223928
A123_094,25C,30,2.39176607131958,0.0,2.39176607131958,-2.499718938861881,-0.0,1,24.0,0.0,0.0,2.8855350017547607,11_18_13_1C_Cycle.xlsx,0.00026729703,0.0002782400671567091
A123_094,25C,30,4.067869663238525,1.0,4.067869663238525,2.320482850602762,0.0,1,24.0,0.0,0.0,2.8855350017547607,7_24_13_1C_Cycle.xlsx,0.00045451522,0.0003566990426229677
A123_094,25C,120,4.038517951965332,1.0,4.066572189331055,2.316574203751741,0.0,1,24.0,0.0,0.0,2.8855350017547607,8_12_13_1C_Cycle.xlsx,0.0,-3.299084074791079e-05
A123_094,25C,60,2.476738929748535,0.0,2.3812255859375,-2.4997551266206512,-0.0,1,24.0,0.0,0.0,2.8855350017547607,1_23_14_1C_Cycle.xlsx,0.00037062168,0.0002663776533964107
A123_094,25C,30,4.066572189331055,1.0,4.066572189331055,2.312998314983532,0.0,1,24.0,0.0,0.0,2.8855350017547607,9_25_13_1C_Cycle.xlsx,0.0007343888,2.3591747551615697e-05
A123_094,25C,90,2.531873941421509,0.0,2.379279613494873,-2.499896056061491,-0.0,1,24.0,0.0,0.0,2.8855350017547607,1_23_14_1C_Cycle.xlsx,0.00033059716,0.0001889047827147582
A123_094,25C,60,2.470738887786865,0.0,2.3732798099517822,-2.499911895820073,-0.0,1,24.0,0.0,0.0,2.8855350017547607,10_16_13_1C_Cycle.xlsx,0.00027135015,0.0002663776533964107
A123_094,25C,60,2.5253872871398926,0.0,2.479657888412476,-2.4771932252964906,-0.0,1,24.0,0.0,0.0,2.8855350017547607,8_1_13_1C_Cycle.xlsx,7.82907e-05,0.0002814760463804901
A123_094,25C,30,2.486468553543091,0.0,2.486468553543091,-2.476633426731159,-0.0,1,24.0,0.0,0.0,2.8855350017547607,2_4_14_1C_Cycle.xlsx,0.00037384033,-0.0007793930577775415
A123_094,25C,60,2.528144121170044,0.0,2.4798200130462646,-2.4779916421824093,-0.0,1,24.0,0.0,0.0,2.8855350017547607,9_16_13_1C_Cycle.xlsx,0.00021032989,0.0002814760463804901
A123_094,25C,30,4.068356037139893,1.0,4.068356037139893,2.3396633912466074,0.0,1,24.0,0.0,0.0,2.8855350017547607,2_20_14_1C_Cycle.xlsx,6.854534e-05,0.0018478833755599768
A123_094,25C,120,2.555063009262085,0.0,2.393549919128418,-2.499680493058277,-0.0,1,24.0,0.0,0.0,2.8855350017547607,7_15_13_1C_Cycle.xlsx,0.00026352704,8.964915667749628e-05
A123_094,25C,120,4.044193744659424,1.0,4.069004535675049,2.34442995652809,0.0,1,24.0,0.0,0.0,2.8855350017547607,11_18_13_1C_Cycle.xlsx,0.0,-0.00010825948275200408
A123_094,25C,120,2.5704684257507324,0.0,2.395658016204834,-2.4996963995639407,-0.0,1,24.0,0.0,0.0,2.8855350017547607,3_4_14_1C_Cycle.xlsx,0.00057576597,-3.08571549557865e-05
A123_094,25C,120,4.038680553436279,1.0,4.066247940063477,2.313531414773621,0.0,1,24.0,0.0,0.0,2.8855350017547607,9_25_13_1C_Cycle.xlsx,0.00023081899,-3.299084074791079e-05
A123_094,25C,90,4.039491176605225,1.0,4.066572189331055,2.312869452795044,0.0,1,24.0,0.0,0.0,2.8855350017547607,10_07_13_1C_Cycle.xlsx,0.0,0.006183039226644034
A123_094,25C,90,2.4958739280700684,0.0,2.3578743934631348,-2.499614432209828,-0.0,1,24.0,0.0,0.0,2.8855350017547607,7_3_13_1C_Cycle.xlsx,0.0,0.0003675420130670811
A123_094,25C,30,4.067220687866211,1.0,4.067220687866211,2.315649023519889,0.0,1,24.0,0.0,0.0,2.8855350017547607,8_29_13_1C_Cycle.xlsx,0.0006362498,0.0033162881336347583
A123_094,25C,60,2.4791712760925293,0.0,2.3922526836395264,-2.4997803746608267,-0.0,1,24.0,0.0,0.0,2.8855350017547607,9_16_13_1C_Cycle.xlsx,0.00026100874,0.0002663776533964107
A123_094,25C,60,2.48063063621521,0.0,2.398252487182617,-2.4996668210550514,-0.0,1,24.0,0.0,0.0,2.8855350017547607,7_19_13_1C_Cycle.xlsx,0.00019991398,0.0005382258564283015
A123_094,25C,120,4.039329051971436,1.0,4.066572189331055,2.316153154017464,0.0,1,24.0,0.0,0.0,2.8855350017547607,8_29_13_1C_Cycle.xlsx,0.00022508204,-7.377479999630638e-05
A123_094,25C,90,4.046950817108154,1.0,4.067058563232422,2.3104283680556383,0.0,1,24.0,0.0,0.0,2.8855350017547607,7_8_13_1C_Cycle.xlsx,0.0006528795,0.001421674295271037
A123_094,25C,120,2.5542521476745605,0.0,2.3904688358306885,-2.499683004001091,-0.0,1,24.0,0.0,0.0,2.8855350017547607,8_12_13_1C_Cycle.xlsx,0.00017242134,8.964915667749628e-05
A123_094,25C,150,4.033166885375977,1.0,4.0673828125,2.322013613276594,0.0,1,24.0,0.0,0.0,2.8855350017547607,7_19_13_1C_Cycle.xlsx,0.0,3.2176248695271e-05
A123_094,25C,60,4.064950466156006,1.0,4.072085857391357,0.6999309714883566,-0.0004639401854811,1,24.0,0.0,1.0,3.553644180297852,7_1_13_1C_Cycle.xlsx,0.99499667,0.9110056123240893
A123_094,25C,60,2.5328469276428223,0.0,2.4876036643981934,-2.47810793239927,-0.0,1,24.0,0.0,0.0,2.8855350017547607,9_16_13_1C_Cycle.xlsx,0.0002990663,0.0005957373163835869
A123_094,25C,150,4.03722095489502,1.0,4.0680317878723145,2.3450852960221846,0.0,1,24.0,0.0,0.0,2.8855350017547607,11_6_13_1C_Cycle.xlsx,0.0,-0.00021943284363100483
A123_094,25C,90,2.557171106338501,0.0,2.472198247909546,-2.4997192083206854,-0.0,1,24.0,0.0,0.0,2.8855350017547607,9_25_13_1C_Cycle.xlsx,0.0013936162,0.014366395620458284
A123_094,25C,150,4.035437107086182,1.0,4.067707061767578,2.324281655634061,0.0,1,24.0,0.0,0.0,2.8855350017547607,1_23_14_1C_Cycle.xlsx,0.00040501356,5.239309125229723e-05
A123_094,25C,60,2.4738199710845947,0.0,2.3860905170440674,-2.49972349610822,-0.0,1,24.0,0.0,0.0,2.8855350017547607,8_12_13_1C_Cycle.xlsx,0.00015115738,0.00027461042349351164
A123_094,25C,60,4.058626174926758,1.0,4.0680317878723145,2.339568261645342,0.0,1,24.0,0.0,0.0,2.8855350017547607,2_20_14_1C_Cycle.xlsx,0.0,0.0005151938377915142
A123_094,25C,30,4.067707061767578,1.0,4.067707061767578,2.324371248547338,0.0,1,24.0,0.0,0.0,2.8855350017547607,1_23_14_1C_Cycle.xlsx,0.00030994415,0.0010222604517822957
A123_094,25C,120,2.5644683837890625,0.0,2.399874210357666,-2.499709172291799,-0.0,1,24.0,0.0,0.0,2.8855350017547607,11_18_13_1C_Cycle.xlsx,0.0005927831,0.00021495709271129117
A123_094,25C,120,2.559279203414917,0.0,2.384793281555176,-2.499843943435534,-0.0,1,24.0,0.0,0.0,2.8855350017547607,10_07_13_1C_Cycle.xlsx,8.931756e-05,-3.908992505288762e-05
A123_094,25C,30,2.455820083618164,0.0,2.455820083618164,-2.479493230636675,-0.0,1,24.0,0.0,0.0,2.8855350017547607,7_3_13_1C_Cycle.xlsx,5.1870942e-05,0.00029601475214002197
A123_094,25C,30,2.4858198165893555,0.0,2.4858198165893555,-2.4767087268140773,-0.0,1,24.0,0.0,0.0,2.8855350017547607,3_4_14_1C_Cycle.xlsx,0.00036597252,-0.0007793930577775415
A123_094,25C,150,4.038517951965332,1.0,4.069004535675049,2.344462144930484,0.0,1,24.0,0.0,0.0,2.8855350017547607,11_18_13_1C_Cycle.xlsx,0.0,-6.917778092114987e-05
A123_094,25C,30,2.504955053329468,0.0,2.504955053329468,-2.499693021596035,-0.0,1,24.0,0.0,0.0,2.8855350017547607,2_20_14_1C_Cycle.xlsx,0.0011683106,0.04771410758363002
A123_094,25C,60,2.549225091934204,0.0,2.504468441009521,-2.476504581809018,-0.0,1,24.0,0.0,0.0,2.8855350017547607,2_20_14_1C_Cycle.xlsx,0.0007251352,0.04846905699984582
A123_094,25C,30,4.066896438598633,1.0,4.066896438598633,2.321659005530502,0.0,1,24.0,0.0,0.0,2.8855350017547607,2_4_14_1C_Cycle.xlsx,0.00037017465,0.00047570476761503433
A123_094,25C,120,2.5651168823242188,0.0,2.3737661838531494,-2.499916765906594,-0.0,1,24.0,0.0,0.0,2.8855350017547607,12_13_13_1C_Cycle.xlsx,0.0,-3.908992505288762e-05
A123_094,25C,60,2.4734957218170166,0.0,2.3778202533721924,-2.4997311158613726,-0.0,1,24.0,0.0,0.0,2.8855350017547607,12_13_13_1C_Cycle.xlsx,0.0002975464,0.00027461042349351164
A123_094,25C,60,2.4709010124206543,0.0,2.3736040592193604,-2.499931256685938,-0.0,1,24.0,0.0,0.0,2.8855350017547607,10_16_13_1C_Cycle.xlsx,0.00027264655,0.0002663776533964107
A123_094,25C,90,2.549225091934204,0.0,2.421603918075561,-2.4997065334676583,-0.0,1,24.0,0.0,0.0,2.8855350017547607,2_20_14_1C_Cycle.xlsx,0.0011367351,0.0012415750827753722
A123_094,25C,60,4.0557074546813965,1.0,4.066247940063477,2.311365315798393,0.0,1,24.0,0.0,0.0,2.8855350017547607,10_16_13_1C_Cycle.xlsx,0.0011222214,-6.35974118832797e-05
A123_094,25C,90,4.048734188079834,1.0,4.067544937133789,2.3244592360196967,0.0,1,24.0,0.0,0.0,2.8855350017547607,1_23_14_1C_Cycle.xlsx,0.00031159818,0.00034677546302266205
A123_094,25C,30,4.066896438598633,1.0,4.066896438598633,2.3173009828329088,0.0,1,24.0,0.0,0.0,2.8855350017547607,8_12_13_1C_Cycle.xlsx,0.000543192,0.0004978347607391142
A123_094,25C,60,4.05830192565918,1.0,4.067869663238525,2.3395603786042907,0.0,1,24.0,0.0,0.0,2.8855350017547607,3_4_14_1C_Cycle.xlsx,0.0,0.0005151938377915142
A123_094,25C,30,4.066896438598633,1.0,4.066896438598633,2.315513450051508,0.0,1,24.0,0.0,0.0,2.8855350017547607,8_29_13_1C_Cycle.xlsx,0.00062565506,0.0004978347607391142
A123_094,25C,150,4.033004760742188,1.0,4.066896438598633,2.312884281648964,0.0,1,24.0,0.0,0.0,2.8855350017547607,9_25_13_1C_Cycle.xlsx,0.000379771,-8.901365631115468e-05
A123_094,25C,30,2.389657974243164,0.0,2.389657974243164,-2.499782424789291,-0.0,1,24.0,0.0,0.0,2.8855350017547607,11_18_13_1C_Cycle.xlsx,0.00026756525,0.00031597758152679054
A123_094,25C,120,4.039166927337647,1.0,4.066410064697266,2.311405605459509,0.0,1,24.0,0.0,0.0,2.8855350017547607,10_16_13_1C_Cycle.xlsx,0.0005405247,-3.299084074791079e-05
A123_094,25C,120,4.041599273681641,1.0,4.067869663238525,2.321350694054693,0.0,1,24.0,0.0,0.0,2.8855350017547607,7_17_13_1C_Cycle.xlsx,0.0004093647,-2.4367485554102837e-05
A123_094,25C,60,4.056518077850342,1.0,4.067058563232422,2.327793899328769,0.0,1,24.0,0.0,0.0,2.8855350017547607,11_6_13_1C_Cycle.xlsx,6.1661005e-05,0.0005703938958592532
A123_094,25C,90,2.5276577472686768,0.0,2.3781445026397705,-2.499910282237189,-0.0,1,24.0,0.0,0.0,2.8855350017547607,10_16_13_1C_Cycle.xlsx,0.00024273992,0.0001889047827147582
A123_094,25C,90,2.553279161453247,0.0,2.47446870803833,-2.4783679471643736,-0.0,1,24.0,0.0,0.0,2.8855350017547607,8_12_13_1C_Cycle.xlsx,0.0008865893,-0.0035756455884786926
A123_094,25C,120,2.559117078781128,0.0,2.381549835205078,-2.499915914197939,-0.0,1,24.0,0.0,0.0,2.8855350017547607,10_07_13_1C_Cycle.xlsx,0.0,-3.908992505288762e-05
A123_094,25C,60,4.056193828582764,1.0,4.066734313964844,2.3308271557585267,0.0,1,24.0,0.0,0.0,2.8855350017547607,10_07_13_1C_Cycle.xlsx,0.0,0.0003351984290958893
A123_094,25C,150,4.029274940490723,1.0,4.065761566162109,2.2800410211758506,0.0,1,24.0,0.0,0.0,2.8855350017547607,7_5_13_1C_Cycle.xlsx,0.0015668869,0.004456790370606392
A123_094,25C,30,2.414144515991211,0.0,2.414144515991211,-2.478614702411857,-0.0,1,24.0,0.0,0.0545551006601083,2.9146569990636837,8_1_13_1C_Cycle.xlsx,0.0,0.0015590288347873578
A123_094,25C,120,4.044355869293213,1.0,4.069004535675049,2.3447301118176878,0.0,1,24.0,0.0,0.0,2.8855350017547607,11_18_13_1C_Cycle.xlsx,0.0,-0.00010825948275200408
A123_094,25C,120,4.039653301239014,1.0,4.066572189331055,2.327657221119945,0.0,1,24.0,0.0,0.0,2.8855350017547607,11_6_13_1C_Cycle.xlsx,0.0,0.0007350643718402226
A123_094,25C,150,4.036409854888916,1.0,4.0680317878723145,2.326779713462882,0.0,1,24.0,0.0,0.0,2.8855350017547607,12_4_13_1C_Cycle.xlsx,0.00056268275,-0.00023834840374870481
A123_094,25C,30,2.381387710571289,0.0,2.381387710571289,-2.499892122095281,-0.0,1,24.0,0.0,0.0,2.8855350017547607,12_4_13_1C_Cycle.xlsx,0.00026971102,0.00031597758152679054
A123_094,25C,30,2.4773874282836914,0.0,2.4773874282836914,-2.499901765325795,-0.0,1,24.0,0.0,0.0,2.8855350017547607,8_29_13_1C_Cycle.xlsx,0.00081282854,0.00024077066310884823
A123_094,25C,90,2.5292792320251465,0.0,2.3967931270599365,-2.499732816428469,-0.0,1,24.0,0.0,0.0,2.8855350017547607,9_16_13_1C_Cycle.xlsx,0.00046236813,0.0004607529857466502
A123_094,25C,90,4.054572105407715,1.0,4.071112632751465,2.362196680635978,0.0,1,24.0,0.0,0.0,2.8855350017547607,12_4_13_1C_Cycle.xlsx,0.0,0.0041578698234726146
A123_094,25C,120,4.042085647583008,1.0,4.067869663238525,2.325241931098497,0.0,1,24.0,0.0,0.0,2.8855350017547607,12_4_13_1C_Cycle.xlsx,0.00036615133,-7.955005054725217e-05
A123_094,25C,60,2.4770631790161133,0.0,2.386739015579224,-2.499767187422356,-0.0,1,24.0,0.0,0.0,2.8855350017547607,9_25_13_1C_Cycle.xlsx,0.00027909875,0.0002663776533964107
A123_094,25C,30,4.066734313964844,1.0,4.066734313964844,2.3155615339956936,0.0,1,24.0,0.0,0.0,2.8855350017547607,8_29_13_1C_Cycle.xlsx,0.0006148815,0.00022811992354537775
A123_094,25C,30,4.067544937133789,1.0,4.067544937133789,2.3245827879151726,0.0,1,24.0,0.0,0.0,2.8855350017547607,12_13_13_1C_Cycle.xlsx,0.0002977848,0.0010222604517822957
A123_094,25C,60,2.4794955253601074,0.0,2.39176607131958,-2.499718938861881,-0.0,1,24.0,0.0,0.0,2.8855350017547607,11_18_13_1C_Cycle.xlsx,0.00028336048,0.00027461042349351164
A123_094,25C,60,2.4819281101226807,0.0,2.395171642303467,-2.499737572251705,-0.0,1,24.0,0.0,0.0,2.8855350017547607,9_16_13_1C_Cycle.xlsx,0.00032167137,0.00027461042349351164
A123_094,25C,60,2.4819281101226807,0.0,2.398090362548828,-2.499701746371614,-0.0,1,24.0,0.0,0.0,2.8855350017547607,7_17_13_1C_Cycle.xlsx,0.00026133657,0.0005382258564283015
A123_094,25C,30,4.067058563232422,1.0,4.067058563232422,2.327686118728974,0.0,1,24.0,0.0,0.0,2.8855350017547607,11_6_13_1C_Cycle.xlsx,0.00019973516,0.001363206345052489
A123_094,25C,120,2.555549383163452,0.0,2.3812255859375,-2.4997336159581725,-0.0,1,24.0,0.0,0.0,2.8855350017547607,8_29_13_1C_Cycle.xlsx,0.0,8.964915667749628e-05
A123_094,25C,60,2.527819871902466,0.0,2.4794955253601074,-2.478184532561813,-0.0,1,24.0,0.0,0.0,2.8855350017547607,8_29_13_1C_Cycle.xlsx,0.00020585954,0.0002814760463804901
A123_094,25C,90,4.047275066375732,1.0,4.066896438598633,2.331121349445552,0.0,1,24.0,0.0,0.0,2.8855350017547607,10_07_13_1C_Cycle.xlsx,0.0,0.0005883410847229519
A123_094,25C,120,4.041112899780273,1.0,4.0673828125,2.324564272840308,0.0,1,24.0,0.0,0.0,2.8855350017547607,1_23_14_1C_Cycle.xlsx,0.00016275048,0.00013579203690357414
A123_094,25C,60,4.055383205413818,1.0,4.066247940063477,2.317053597059942,0.0,1,24.0,0.0,0.0,2.8855350017547607,8_29_13_1C_Cycle.xlsx,0.0005208254,-6.667075254771883e-05
A123_094,25C,30,4.066410064697266,1.0,4.066410064697266,2.2526725782288444,0.0,1,24.0,0.0,0.0,2.8855350017547607,7_3_13_1C_Cycle.xlsx,0.008000135,0.14435726011031524
A123_094,25C,60,4.057328701019287,1.0,4.067707061767578,2.31884360366634,0.0,1,24.0,0.0,0.0,2.8855350017547607,8_1_13_1C_Cycle.xlsx,0.00073713064,0.0006491152495570785
A123_094,25C,30,4.067058563232422,1.0,4.067058563232422,2.320254577412492,0.0,1,24.0,0.0,0.0,2.8855350017547607,8_1_13_1C_Cycle.xlsx,0.000428468,0.00047570476761503433
A123_094,25C,30,4.067220687866211,1.0,4.067220687866211,2.32755251491771,0.0,1,24.0,0.0,0.0,2.8855350017547607,11_6_13_1C_Cycle.xlsx,0.00020718575,0.0017589347188051764
A123_094,25C,30,2.393549919128418,0.0,2.393549919128418,-2.499834526766528,-0.0,1,24.0,0.0,0.0,2.8855350017547607,11_18_13_1C_Cycle.xlsx,0.00027298927,0.00031597758152679054
A123_094,25C,120,2.5690088272094727,0.0,2.4008471965789795,-2.499698088547894,-0.0,1,24.0,0.0,0.0,2.8855350017547607,3_4_14_1C_Cycle.xlsx,0.0007005334,0.001687581761020235
A123_094,25C,120,4.039815425872803,1.0,4.066734313964844,2.3129997742591333,0.0,1,24.0,0.0,0.0,2.8855350017547607,10_07_13_1C_Cycle.xlsx,0.0006108582,-0.00028266656080440904
A123_094,25C,60,4.055220603942871,1.0,4.066247940063477,2.313531414773621,0.0,1,24.0,0.0,0.0,2.8855350017547607,9_25_13_1C_Cycle.xlsx,0.0006928593,-6.667075254771883e-05
A123_094,25C,30,4.065761566162109,1.0,4.065761566162109,2.2799214675350297,0.0,1,24.0,0.0,0.0,2.8855350017547607,7_5_13_1C_Cycle.xlsx,0.0035730004,-0.027774716310733714
A123_094,25C,30,2.478522539138794,0.0,2.478522539138794,-2.478601010373457,-0.0,1,24.0,0.0,0.0,2.8855350017547607,7_24_13_1C_Cycle.xlsx,0.00030617416,0.00029601475214002197
A123_094,25C,90,2.5273332595825195,0.0,2.385441780090332,-2.499874336529622,-0.0,1,24.0,0.0,0.0,2.8855350017547607,10_07_13_1C_Cycle.xlsx,0.00032545626,0.0001889047827147582
A123_094,25C,150,4.032356262207031,1.0,4.066410064697266,2.311457866725843,0.0,1,24.0,0.0,0.0,2.8855350017547607,10_16_13_1C_Cycle.xlsx,0.00036668777,-5.634955075275213e-05
A123_094,25C,90,4.050518035888672,1.0,4.068193912506104,2.339292532976782,0.0,1,24.0,0.0,0.0,2.8855350017547607,3_4_14_1C_Cycle.xlsx,0.0,-0.0001181346138127866
A123_094,25C,150,4.034626483917236,1.0,4.0673828125,2.3244314087379694,0.0,1,24.0,0.0,0.0,2.8855350017547607,12_13_13_1C_Cycle.xlsx,0.00015962124,-2.3006316297878463e-05
A123_094,25C,90,4.052139759063721,1.0,4.069653034210205,2.343040755352913,0.0,1,24.0,0.0,0.0,2.8855350017547607,12_13_13_1C_Cycle.xlsx,0.0,0.0003166778352967808
A123_094,25C,90,4.0495452880859375,1.0,4.0680317878723145,2.326342447715647,0.0,1,24.0,0.0,0.0,2.8855350017547607,11_18_13_1C_Cycle.xlsx,0.00036635995,5.603396802165961e-05
A123_094,25C,120,2.5609006881713867,0.0,2.393063545227051,-2.4998117352391147,-0.0,1,24.0,0.0,0.0,2.8855350017547607,11_18_13_1C_Cycle.xlsx,0.00035196543,-3.908992505288762e-05
A123_094,25C,60,2.522306203842163,0.0,2.473982095718384,-2.4783818488015243,-0.0,1,24.0,0.0,0.0,2.8855350017547607,8_12_13_1C_Cycle.xlsx,5.8978796e-05,0.0002814760463804901
A123_094,25C,120,2.5732250213623047,0.0,2.395658016204834,-2.499807872504832,-0.0,1,24.0,0.0,0.0,2.8855350017547607,2_4_14_1C_Cycle.xlsx,0.00061550736,-0.00016142922816073468
A123_094,25C,150,4.038355827331543,1.0,4.069166660308838,2.343485481846027,0.0,1,24.0,0.0,0.0,2.8855350017547607,12_13_13_1C_Cycle.xlsx,0.0,0.004034203994682073
A123_094,25C,60,4.058788299560547,1.0,4.068680286407471,2.344665788429773,0.0,1,24.0,0.0,0.0,2.8855350017547607,11_18_13_1C_Cycle.xlsx,0.0,0.0006785179792141904
A123_094,25C,30,4.065761566162109,1.0,4.065761566162109,2.3138483091578133,0.0,1,24.0,0.0,0.0,2.8855350017547607,9_25_13_1C_Cycle.xlsx,0.00064615905,0.0004377734745225644
A123_094,25C,30,2.472684860229492,0.0,2.472684860229492,-2.477812805779793,-0.0,1,24.0,0.0,0.0,2.8855350017547607,9_25_13_1C_Cycle.xlsx,0.00020992756,0.00029601475214002197
A123_094,25C,150,4.032842636108398,1.0,4.066572189331055,2.314732508991308,0.0,1,24.0,0.0,0.0,2.8855350017547607,9_16_13_1C_Cycle.xlsx,0.00030499697,-5.634955075275213e-05
A123_094,25C,90,2.530414342880249,0.0,2.37976622581482,-2.499777542578208,-0.0,1,24.0,0.0,0.0,2.8855350017547607,12_4_13_1C_Cycle.xlsx,0.00031216443,0.0001889047827147582
A123_094,25C,30,4.065923690795898,1.0,4.065923690795898,2.3139208818434693,0.0,1,24.0,0.0,0.0,2.8855350017547607,9_25_13_1C_Cycle.xlsx,0.00065131485,0.0004377734745225644
A123_094,25C,30,2.3817121982574463,0.0,2.3817121982574463,-2.499856264219372,-0.0,1,24.0,0.0,0.0,2.8855350017547607,1_23_14_1C_Cycle.xlsx,0.00026842952,0.00031597758152679054
A123_094,25C,120,4.040463924407959,1.0,4.0673828125,2.306725719293883,0.0,1,24.0,0.0,0.0,2.8855350017547607,7_11_13_1C_Cycle.xlsx,0.0011946857,0.0012852703824749766
A123_094,25C,120,4.039329051971436,1.0,4.066410064697266,2.3118969241449654,0.0,1,24.0,0.0,0.0,2.8855350017547607,10_16_13_1C_Cycle.xlsx,0.0005851984,-7.377479999630638e-05
A123_094,25C,30,4.066410064697266,1.0,4.066410064697266,2.311311531658015,0.0,1,24.0,0.0,0.0,2.8855350017547607,10_16_13_1C_Cycle.xlsx,0.0008162856,2.3591747551615697e-05
A123_094,25C,120,4.039653301239014,1.0,4.066896438598633,2.313147894488495,0.0,1,24.0,0.0,0.0,2.8855350017547607,10_07_13_1C_Cycle.xlsx,0.00045229495,0.0008130934363324418
A123_094,25C,90,4.05084228515625,1.0,4.06884241104126,2.343459189001821,0.0,1,24.0,0.0,0.0,2.8855350017547607,12_4_13_1C_Cycle.xlsx,0.0,0.00470392494817117
A123_094,25C,120,2.5620357990264893,0.0,2.37668514251709,-2.4997824398246973,-0.0,1,24.0,0.0,0.0,2.8855350017547607,11_6_13_1C_Cycle.xlsx,0.0,-3.908992505288762e-05
A123_094,25C,60,2.4978199005126958,0.0,2.452576875686645,-2.479177703101905,-0.0,1,24.0,0.0,0.0,2.8855350017547607,7_8_13_1C_Cycle.xlsx,0.0,0.00031538476386048164
A123_094,25C,30,4.0673828125,1.0,4.0673828125,2.322015011345777,0.0,1,24.0,0.0,0.0,2.8855350017547607,7_17_13_1C_Cycle.xlsx,0.00037664175,0.0005720411300737934
A123_094,25C,60,4.057491302490234,1.0,4.067544937133789,2.325961582867776,0.0,1,24.0,0.0,0.0,2.8855350017547607,12_13_13_1C_Cycle.xlsx,0.00038412213,0.000593932684563929
A123_094,25C,90,4.039329051971436,1.0,4.066410064697266,2.3111248899959334,0.0,1,24.0,0.0,0.0,2.8855350017547607,10_16_13_1C_Cycle.xlsx,0.0,0.007685742076432765
A123_094,25C,30,2.383333683013916,0.0,2.383333683013916,-2.499893765016036,-0.0,1,24.0,0.0,0.0,2.8855350017547607,12_4_13_1C_Cycle.xlsx,0.0002693087,0.00031597758152679054
A123_094,25C,90,4.048247814178467,1.0,4.067707061767578,2.3171839477419853,0.0,1,24.0,0.0,0.030822834951636,2.90198850483062,8_12_13_1C_Cycle.xlsx,0.0005262047,0.0019947521271811135
A123_094,25C,30,2.4759280681610107,0.0,2.4759280681610107,-2.477354650086774,-0.0,1,24.0,0.0,0.0,2.8855350017547607,12_4_13_1C_Cycle.xlsx,0.00024184585,0.00029601475214002197
A123_094,25C,60,2.474792957305908,0.0,2.381549835205078,-2.4997559922986325,-0.0,1,24.0,0.0,0.0,2.8855350017547607,10_07_13_1C_Cycle.xlsx,0.0002824664,0.0002663776533964107
A123_094,25C,60,2.524090051651001,0.0,2.4029552936553955,-2.4995874004848933,-0.0307509628892985,1,24.0,0.0,0.0,2.8855350017547607,7_24_13_1C_Cycle.xlsx,0.004631251,0.10737844761919493
A123_094,25C,120,4.040139675140381,1.0,4.0673828125,2.322015011345777,0.0,1,24.0,0.0,0.0,2.8855350017547607,7_17_13_1C_Cycle.xlsx,0.0,0.00019097460189672355
A123_094,25C,90,2.5249009132385254,0.0,2.394036293029785,-2.4997141484556527,-0.0,1,24.0,0.0,0.0,2.8855350017547607,8_12_13_1C_Cycle.xlsx,0.00033459067,0.0001971375528118593
A123_094,25C,60,2.4668469429016118,0.0,2.3732798099517822,-2.4997686764289595,-0.0,1,24.0,0.0,0.0,2.8855350017547607,8_12_13_1C_Cycle.xlsx,0.00010675192,0.0002663776533964107
A123_094,25C,90,2.518090009689331,0.0,2.389333724975586,-2.499683205286662,-0.0,1,24.0,0.0,0.0,2.8855350017547607,7_11_13_1C_Cycle.xlsx,0.00013630092,0.0003675420130670811
A123_094,25C,30,4.066734313964844,1.0,4.066734313964844,2.3131301125786345,0.0,1,24.0,0.0,0.0,2.8855350017547607,10_07_13_1C_Cycle.xlsx,0.000736773,0.00022811992354537775
A123_094,25C,90,2.538198232650757,0.0,2.40230655670166,-2.499704844483705,-0.0,1,24.0,0.0,0.0,2.8855350017547607,3_4_14_1C_Cycle.xlsx,0.000725016,0.0015600254932655617
A123_094,25C,30,4.066247940063477,1.0,4.066247940063477,2.311628089586565,0.0,1,24.0,0.0,0.0,2.8855350017547607,10_16_13_1C_Cycle.xlsx,0.0007889867,2.3591747551615697e-05
A123_094,25C,30,4.067058563232422,1.0,4.067058563232422,2.3176638137698173,0.0,1,24.0,0.0,0.0,2.8855350017547607,8_12_13_1C_Cycle.xlsx,0.0005350411,0.00047570476761503433
A123_094,25C,60,4.056518077850342,1.0,4.066896438598633,2.319478827099952,0.0,1,24.0,0.0,0.0,2.8855350017547607,8_1_13_1C_Cycle.xlsx,0.00062711537,0.00027686507968000424
A123_094,25C,60,2.5377116203308105,0.0,2.4833874702453613,-2.4767037067784394,-0.0,1,24.0,0.0,0.0,2.8855350017547607,3_4_14_1C_Cycle.xlsx,0.00056788325,-0.0004924348983924284
A123_094,25C,60,2.4799821376800537,0.0,2.393387794494629,-2.499741730389294,-0.0,1,24.0,0.0,0.0,2.8855350017547607,11_18_13_1C_Cycle.xlsx,0.00027255714,0.00027461042349351164
A123_094,25C,150,4.03122091293335,1.0,4.065761566162109,2.314033436421,0.0,1,24.0,0.0,0.0,2.8855350017547607,9_25_13_1C_Cycle.xlsx,0.0,0.0016739692004916857
A123_094,25C,30,2.393063545227051,0.0,2.393063545227051,-2.4996950137309537,-0.0,1,24.0,0.0,0.0,2.8855350017547607,8_12_13_1C_Cycle.xlsx,0.00026789308,0.0002782400671567091
A123_094,25C,150,4.033977508544922,1.0,4.067220687866211,2.327617794776163,0.0,1,24.0,0.0,0.0,2.8855350017547607,11_6_13_1C_Cycle.xlsx,0.0,0.00029749604328639445
A123_094,25C,150,4.03251838684082,1.0,4.066247940063477,2.311284657721677,0.0,1,24.0,0.0,0.0,2.8855350017547607,10_16_13_1C_Cycle.xlsx,0.0005196482,-5.634955075275213e-05
A123_094,25C,60,2.4760901927948,0.0,2.3880364894866943,-2.499768188725347,-0.0,1,24.0,0.0,0.0,2.8855350017547607,8_29_13_1C_Cycle.xlsx,0.00021144748,0.0002663776533964107
A123_094,25C,60,2.53025221824646,0.0,2.4772253036499023,-2.4771625337228684,-0.0,1,24.0,0.0,0.0,2.8855350017547607,12_13_13_1C_Cycle.xlsx,0.0003336817,0.0002814760463804901
A123_094,25C,60,2.472198247909546,0.0,2.3760364055633545,-2.499668514406359,-0.0,1,24.0,0.0,0.0,2.8855350017547607,11_6_13_1C_Cycle.xlsx,0.00027495623,0.00027461042349351164
A123_094,25C,30,4.066572189331055,1.0,4.066572189331055,2.3131345398113377,0.0,1,24.0,0.0,0.0,2.8855350017547607,9_25_13_1C_Cycle.xlsx,0.0007272363,2.3591747551615697e-05
A123_094,25C,60,4.057004451751709,1.0,4.067544937133789,2.3196365532893983,0.0,1,24.0,0.0,0.0,2.8855350017547607,7_24_13_1C_Cycle.xlsx,0.0005888641,0.001425851447449474
A123_094,25C,60,2.5294413566589355,0.0,2.47317123413086,-2.499719615416093,-0.0,1,24.0,0.0,0.0,2.8855350017547607,12_13_13_1C_Cycle.xlsx,0.00089111924,0.00018026167288213377
A123_094,25C,120,2.553279161453247,0.0,2.386739015579224,-2.4998637108967223,-0.0,1,24.0,0.0,0.0,2.8855350017547607,8_12_13_1C_Cycle.xlsx,5.978346e-05,8.141638658039517e-05
A123_094,25C,30,4.0680317878723145,1.0,4.0680317878723145,2.345141954846301,0.0,1,24.0,0.0,0.0,2.8855350017547607,11_6_13_1C_Cycle.xlsx,8.827448e-05,0.00046537061129670087
A123_094,25C,120,2.5621981620788574,0.0,2.399712085723877,-2.4996933286840264,-0.0,1,24.0,0.0,0.0,2.8855350017547607,12_4_13_1C_Cycle.xlsx,0.00054618716,0.00021495709271129117
A123_094,25C,60,4.057491302490234,1.0,4.067707061767578,2.3259891426285444,0.0,1,24.0,0.0,0.0,2.8855350017547607,12_13_13_1C_Cycle.xlsx,0.00032569468,0.000593932684563929
A123_094,25C,150,4.038517951965332,1.0,4.069166660308838,2.344500427023839,0.0,1,24.0,0.0,0.0,2.8855350017547607,11_18_13_1C_Cycle.xlsx,0.0,-0.00034138557590508
A123_094,25C,150,4.036247730255127,1.0,4.0680317878723145,2.324921920832436,0.0,1,24.0,0.0,0.0,2.8855350017547607,12_4_13_1C_Cycle.xlsx,0.00062040985,-0.00023834840374870481
A123_094,25C,90,2.526522397994995,0.0,2.3820364475250244,-2.4998759400528088,-0.0,1,24.0,0.0,0.0,2.8855350017547607,9_25_13_1C_Cycle.xlsx,0.00027137995,0.0001889047827147582
A123_094,25C,120,4.04176139831543,1.0,4.067544937133789,2.3219040912130606,0.0,1,24.0,0.0,0.0,2.8855350017547607,2_4_14_1C_Cycle.xlsx,0.0005809963,0.0002663740094468993
A123_094,25C,30,4.066896438598633,1.0,4.066896438598633,2.315541158039724,0.0,1,24.0,0.0,0.0,2.8855350017547607,8_29_13_1C_Cycle.xlsx,0.00062432885,0.0004978347607391142
A123_094,25C,120,2.574198007583618,0.0,2.412684917449951,-2.499695914762992,-0.0,1,24.0,0.0,0.0,2.8855350017547607,2_4_14_1C_Cycle.xlsx,0.001100719,-0.026737082586678087
A123_094,25C,120,4.042085647583008,1.0,4.0680317878723145,2.339815534520568,0.0,1,24.0,0.0,0.0,2.8855350017547607,3_4_14_1C_Cycle.xlsx,0.0,-0.00025371863238169876
A123_094,25C,150,4.033653259277344,1.0,4.067220687866211,2.319286686619596,0.0,1,24.0,0.0,0.0,2.8855350017547607,8_1_13_1C_Cycle.xlsx,0.0001309514,2.7891369870903857e-05
A123_094,25C,30,2.482414484024048,0.0,2.482414484024048,-2.4765534925211448,-0.0,1,24.0,0.0,0.0,2.8855350017547607,3_4_14_1C_Cycle.xlsx,0.0003130883,-0.01978523549030439
A123_094,25C,90,2.5273332595825195,0.0,2.381387710571289,-2.4998247581245625,-0.0,1,24.0,0.0,0.0,2.8855350017547607,10_07_13_1C_Cycle.xlsx,0.00027871132,0.0001889047827147582
A123_094,25C,60,4.057004451751709,1.0,4.0673828125,2.3349766064915927,0.0,1,24.0,0.0,0.0,2.8855350017547607,8_12_13_1C_Cycle.xlsx,0.0,0.002126831786438256
A123_094,25C,150,4.031707286834717,1.0,4.066247940063477,2.313584728380208,0.0,1,24.0,0.0,0.0,2.8855350017547607,9_25_13_1C_Cycle.xlsx,2.130866e-05,-5.634955075275213e-05
A123_094,25C,60,4.056031703948975,1.0,4.066734313964844,2.31303681830158,0.0,1,24.0,0.0,0.0,2.8855350017547607,9_25_13_1C_Cycle.xlsx,0.0009377152,5.651600458995285e-05
A123_094,25C,150,4.033491134643555,1.0,4.066734313964844,2.331001882772308,0.0,1,24.0,0.0,0.0,2.8855350017547607,9_25_13_1C_Cycle.xlsx,0.0,0.00024937095437746004
A123_094,25C,90,2.5250630378723145,0.0,2.3817121982574463,-2.4997208076240742,-0.0,1,24.0,0.0,0.0,2.8855350017547607,9_25_13_1C_Cycle.xlsx,0.00023637712,0.0001971375528118593
A123_094,25C,120,2.557657480239868,0.0,2.3838202953338623,-2.4997201342331734,-0.0,1,24.0,0.0,0.0,2.8855350017547607,9_16_13_1C_Cycle.xlsx,3.8206577e-05,-3.08571549557865e-05
A123_094,25C,150,4.034464359283447,1.0,4.067707061767578,2.3171839477419853,0.0,1,24.0,0.0,0.030822834951636,2.90198850483062,8_12_13_1C_Cycle.xlsx,0.00044493377,0.00170036975541075
A123_094,25C,30,2.3967931270599365,0.0,2.3967931270599365,-2.4999311638769703,-0.0,1,24.0,0.0,0.0,2.8855350017547607,2_4_14_1C_Cycle.xlsx,0.00028070807,0.0005878257845586813
A123_094,25C,120,4.039329051971436,1.0,4.066896438598633,2.3200896897368013,0.0,1,24.0,0.0,0.0,2.8855350017547607,8_1_13_1C_Cycle.xlsx,0.0,1.319302641786328e-05
A123_094,25C,120,4.039491176605225,1.0,4.066572189331055,2.314667873872005,0.0,1,24.0,0.0,0.0,2.8855350017547607,9_16_13_1C_Cycle.xlsx,0.00039723516,-0.00023724337610536573
A123_094,25C,60,2.4773874282836914,0.0,2.3820364475250244,-2.499735230699592,-0.0,1,24.0,0.0,0.0,2.8855350017547607,1_23_14_1C_Cycle.xlsx,0.0003822744,0.00027461042349351164
A123_094,25C,60,4.059436798095703,1.0,4.069004535675049,2.343544162491448,0.0,1,24.0,0.0,0.0,2.8855350017547607,12_13_13_1C_Cycle.xlsx,0.0,0.0004404545800596611
A123_094,25C,30,2.4773874282836914,0.0,2.4773874282836914,-2.477911092793332,-0.0,1,24.0,0.0,0.0,2.8855350017547607,10_07_13_1C_Cycle.xlsx,0.0002745986,0.00029601475214002197
A123_094,25C,60,2.4752793312072754,0.0,2.3799283504486084,-2.499716329574585,-0.0,1,24.0,0.0,0.0,2.8855350017547607,12_13_13_1C_Cycle.xlsx,0.0003325343,0.00027461042349351164
A123_094,25C,120,4.044193744659424,1.0,4.06884241104126,2.3390865164498487,0.0,1,24.0,0.0,0.0,2.8855350017547607,3_4_14_1C_Cycle.xlsx,4.0337443e-05,6.800559029103179e-05
A123_094,25C,60,2.471873998641968,0.0,2.374901294708252,-2.4998312898584314,-0.0,1,24.0,0.0,0.0,2.8855350017547607,11_6_13_1C_Cycle.xlsx,0.00028651953,0.0002663776533964107
A123_094,25C,60,4.05684232711792,1.0,4.067220687866211,2.327631460455786,0.0,1,24.0,0.0,0.0,2.8855350017547607,11_6_13_1C_Cycle.xlsx,0.00013712049,0.0006385212367298869
A123_094,25C,150,4.042085647583008,1.0,4.0701398849487305,2.341937664308046,0.0,1,24.0,0.0,0.0,2.8855350017547607,2_4_14_1C_Cycle.xlsx,0.0015135705,0.00010705910769043833
A123_094,25C,120,2.5754952430725098,0.0,2.3927390575408936,-2.4997319147127484,-0.0,1,24.0,0.0,0.0,2.8855350017547607,1_23_14_1C_Cycle.xlsx,0.00054746866,-0.0027591297055640646
A123_094,25C,30,2.482414484024048,0.0,2.482414484024048,-2.477142994530155,-0.0,1,24.0,0.0,0.0,2.8855350017547607,12_13_13_1C_Cycle.xlsx,0.00032660365,0.00029601475214002197
A123_094,25C,30,2.474630832672119,0.0,2.474630832672119,-2.478184532561813,-0.0,1,24.0,0.0,0.0,2.8855350017547607,8_29_13_1C_Cycle.xlsx,0.00024423003,0.00029601475214002197
A123_094,25C,30,4.068193912506104,1.0,4.068193912506104,2.339539780297823,0.0,1,24.0,0.0,0.0,2.8855350017547607,2_20_14_1C_Cycle.xlsx,6.815791e-05,0.0005391313299481793
A123_094,25C,120,4.041112899780273,1.0,4.067544937133789,2.324445311776084,0.0,1,24.0,0.0,0.0,2.8855350017547607,12_13_13_1C_Cycle.xlsx,0.0001142323,0.00021119144445374999
A123_094,25C,30,4.06884241104126,1.0,4.06884241104126,2.338752104263557,0.0,1,24.0,0.0,0.0,2.8855350017547607,3_4_14_1C_Cycle.xlsx,7.44313e-05,0.0007774414737087954
A123_094,25C,30,2.4770631790161133,0.0,2.4770631790161133,-2.499906479794046,-0.0,1,24.0,0.0,0.0,2.8855350017547607,8_29_13_1C_Cycle.xlsx,0.00080925226,0.00024077066310884823
A123_094,25C,30,4.066734313964844,1.0,4.066734313964844,2.311344426956551,0.0,1,24.0,0.0,0.0,2.8855350017547607,10_16_13_1C_Cycle.xlsx,0.000834316,0.00022811992354537775
A123_094,25C,90,2.526522397994995,0.0,2.3859283924102783,-2.4998593351115352,-0.0,1,24.0,0.0,0.0,2.8855350017547607,8_29_13_1C_Cycle.xlsx,0.00031283498,0.0001889047827147582
A123_094,25C,30,4.0673828125,1.0,4.0673828125,2.3176247905492784,0.0,1,24.0,0.0,0.0,2.8855350017547607,8_12_13_1C_Cycle.xlsx,0.00055253506,0.0006884904548391903
A123_094,25C,150,4.034626483917236,1.0,4.067544937133789,2.324568876216554,0.0,1,24.0,0.0,0.0,2.8855350017547607,1_23_14_1C_Cycle.xlsx,9.6708536e-05,5.239309125229723e-05
A123_094,25C,30,4.06884241104126,1.0,4.06884241104126,2.3416664089108337,0.0,1,24.0,0.0,0.0,2.8855350017547607,1_23_14_1C_Cycle.xlsx,6.836653e-05,0.0007774414737087954
A123_094,25C,60,2.4780361652374268,0.0,2.387387752532959,-2.4997775490219527,-0.0362625917413868,1,24.0,0.0,0.0,2.8855350017547607,11_18_13_1C_Cycle.xlsx,0.0,-0.0008386084064929049
A123_094,25C,120,4.041437149047852,1.0,4.067544937133789,2.3244592360196967,0.0,1,24.0,0.0,0.0,2.8855350017547607,1_23_14_1C_Cycle.xlsx,0.00024965405,0.00021119144445374999
A123_094,25C,30,2.4801442623138428,0.0,2.4801442623138428,-2.478679996636352,-0.0,1,24.0,0.0,0.0,2.8855350017547607,7_24_13_1C_Cycle.xlsx,0.00033026934,0.00029601475214002197
A123_094,25C,90,4.050680160522461,1.0,4.06884241104126,2.3390865164498487,0.0,1,24.0,0.0,0.0,2.8855350017547607,3_4_14_1C_Cycle.xlsx,0.0,0.0003596220462764771
A123_094,25C,120,4.041923522949219,1.0,4.067869663238525,2.324947928725663,0.0,1,24.0,0.0,0.0,2.8855350017547607,12_4_13_1C_Cycle.xlsx,0.00031223893,-7.955005054725217e-05
A123_094,25C,60,2.4770631790161133,0.0,2.381549835205078,-2.499726940732484,-0.0,1,24.0,0.0,0.0,2.8855350017547607,1_23_14_1C_Cycle.xlsx,0.00037747622,0.00027461042349351164
A123_094,25C,120,2.5607385635375977,0.0,2.384955406188965,-2.4997463964782987,-0.0,1,24.0,0.0,0.0,2.8855350017547607,10_07_13_1C_Cycle.xlsx,0.000112608075,-3.908992505288762e-05
A123_094,25C,60,2.5252251625061035,0.0,2.480306386947632,-2.4788227192069474,-0.0,1,24.0,0.0,0.0,2.8855350017547607,7_24_13_1C_Cycle.xlsx,0.00010365248,0.0002814760463804901
A123_094,25C,60,4.059436798095703,1.0,4.069004535675049,2.344397806388847,0.0,1,24.0,0.0,0.0,2.8855350017547607,11_18_13_1C_Cycle.xlsx,0.0,0.0006785179792141904
A123_094,25C,90,2.540954828262329,0.0,2.3948471546173096,-2.4997909826653024,-0.0,1,24.0,0.0,0.0,2.8855350017547607,2_4_14_1C_Cycle.xlsx,0.0007164329,0.0001889047827147582
A123_094,25C,150,4.035923480987549,1.0,4.0680317878723145,2.3275570764887235,0.0,1,24.0,0.0,0.0,2.8855350017547607,12_4_13_1C_Cycle.xlsx,0.00028136373,1.5984474288375022e-06
A123_094,25C,30,2.4791712760925293,0.0,2.4791712760925293,-2.478431880945671,-0.0,1,24.0,0.0,0.0,2.8855350017547607,8_1_13_1C_Cycle.xlsx,0.00031110644,0.00029601475214002197
A123_094,25C,30,4.066896438598633,1.0,4.066896438598633,2.331331913505704,0.0,1,24.0,0.0,0.0,2.8855350017547607,10_07_13_1C_Cycle.xlsx,0.00012564659,0.001256402888150904
A123_094,25C,120,2.5649547576904297,0.0,2.377171516418457,-2.4998428344726564,-0.0,1,24.0,0.0,0.0,2.8855350017547607,12_13_13_1C_Cycle.xlsx,0.0,-3.908992505288762e-05
A123_094,25C,30,4.066572189331055,1.0,4.066572189331055,2.3080492455136867,0.0,1,24.0,0.0,0.0,2.8855350017547607,7_11_13_1C_Cycle.xlsx,0.0010210872,6.596900106799763e-06
A123_094,25C,150,4.032680511474609,1.0,4.066572189331055,2.3129138799964406,0.0,1,24.0,0.0,0.0,2.8855350017547607,10_07_13_1C_Cycle.xlsx,0.00035373867,-5.634955075275213e-05
A123_094,25C,30,2.389495849609375,0.0,2.389495849609375,-2.4996622650563216,-0.0,1,24.0,0.0,0.0,2.8855350017547607,7_15_13_1C_Cycle.xlsx,0.00026352704,0.0002782400671567091
A123_094,25C,150,4.032356262207031,1.0,4.066247940063477,2.311478773486023,0.0,1,24.0,0.0,0.0,2.8855350017547607,10_16_13_1C_Cycle.xlsx,0.00042816997,-5.634955075275213e-05
A123_094,25C,90,2.527819871902466,0.0,2.3737661838531494,-2.4997661500363737,-0.0,1,24.0,0.0,0.0,2.8855350017547607,11_6_13_1C_Cycle.xlsx,0.00017610192,0.0001889047827147582
A123_094,25C,150,4.035923480987549,1.0,4.067869663238525,2.324961701187037,0.0,1,24.0,0.0,0.0,2.8855350017547607,12_4_13_1C_Cycle.xlsx,0.0005235672,-0.00023834840374870481
A123_094,25C,30,2.4801442623138428,0.0,2.4801442623138428,-2.499731231154057,-0.0,1,24.0,0.0,0.0,2.8855350017547607,9_16_13_1C_Cycle.xlsx,0.0008405745,0.00024077066310884823
A123_094,25C,120,4.039491176605225,1.0,4.066896438598633,2.3130723618459506,0.0,1,24.0,0.0,0.0,2.8855350017547607,9_25_13_1C_Cycle.xlsx,0.0003810525,-1.1660516129803288e-05
A123_094,25C,60,4.055383205413818,1.0,4.066247940063477,2.313415903231648,0.0,1,24.0,0.0,0.0,2.8855350017547607,9_25_13_1C_Cycle.xlsx,0.0007825941,-6.667075254771883e-05
A123_094,25C,60,2.4770631790161133,0.0,2.387387752532959,-2.4997423280749405,-0.0,1,24.0,0.0,0.0,2.8855350017547607,9_16_13_1C_Cycle.xlsx,0.0002657026,0.00027461042349351164
A123_094,25C,90,2.535765647888184,0.0,2.387549877166748,-2.4998181906613435,-0.0,1,24.0,0.0,0.0,2.8855350017547607,12_4_13_1C_Cycle.xlsx,0.0005194098,0.0001889047827147582
A123_094,25C,60,2.5500359535217285,0.0,2.505441427230835,-2.476502905804577,-0.0,1,24.0,0.0,0.0,2.8855350017547607,2_20_14_1C_Cycle.xlsx,0.00074645877,0.10935194275093917
A123_094,25C,120,4.043383121490479,1.0,4.068193912506104,2.344066096804081,0.0,1,24.0,0.0,0.0,2.8855350017547607,12_13_13_1C_Cycle.xlsx,0.0,0.0008295965359846736
A123_094,25C,30,4.069004535675049,1.0,4.069004535675049,2.343386646073598,0.0,1,24.0,0.0,0.0,2.8855350017547607,12_13_13_1C_Cycle.xlsx,7.212162e-05,0.006717186129716749
A123_094,25C,30,2.376198530197144,0.0,2.376198530197144,-2.4997763569865907,-0.0,1,24.0,0.0,0.0,2.8855350017547607,10_16_13_1C_Cycle.xlsx,0.0002695173,0.00031597758152679054
A123_094,25C,90,2.538198232650757,0.0,2.3925769329071045,-2.499841652183889,-0.0,1,24.0,0.0,0.0,2.8855350017547607,3_4_14_1C_Cycle.xlsx,0.00063219666,0.0001889047827147582
A123_094,25C,60,4.058626174926758,1.0,4.068193912506104,2.33950966165254,0.0,1,24.0,0.0,0.0,2.8855350017547607,3_4_14_1C_Cycle.xlsx,0.0,0.0005151938377915142
A123_094,25C,60,4.056355953216553,1.0,4.066896438598633,2.315541158039724,0.0,1,24.0,0.0,0.0,2.8855350017547607,8_29_13_1C_Cycle.xlsx,0.0008393824,0.0002520115371323376
A123_094,25C,60,2.528630495071411,0.0,2.47900915145874,-2.4781658372566797,-0.0,1,24.0,0.0,0.0,2.8855350017547607,8_29_13_1C_Cycle.xlsx,0.0002488494,0.0002814760463804901
A123_094,25C,60,4.059274673461914,1.0,4.068680286407471,2.344748472005634,0.0,1,24.0,0.0,0.0,2.8855350017547607,11_18_13_1C_Cycle.xlsx,0.0,0.0006785179792141904
A123_094,25C,60,4.058788299560547,1.0,4.068356037139893,2.3390769753931906,0.0,1,24.0,0.0,0.0,2.8855350017547607,3_4_14_1C_Cycle.xlsx,0.0,0.0017478658778449306
A123_094,25C,30,4.066734313964844,1.0,4.066734313964844,2.3278576315951947,0.0,1,24.0,0.0,0.0,2.8855350017547607,11_6_13_1C_Cycle.xlsx,0.00018748641,0.0006451382803394268
A123_094,25C,60,2.538522481918335,0.0,2.488738775253296,-2.47653804650569,-0.0,1,24.0,0.0,0.0,2.8855350017547607,3_4_14_1C_Cycle.xlsx,0.0004980266,-0.012387580840774176
A123_094,25C,30,2.4780361652374268,0.0,2.4780361652374268,-2.47862378034952,-0.0,1,24.0,0.0,0.0,2.8855350017547607,7_24_13_1C_Cycle.xlsx,0.0003001392,0.00029601475214002197
A123_094,25C,30,2.393549919128418,0.0,2.393549919128418,-2.499793828070701,-0.0,1,24.0,0.0,0.0,2.8855350017547607,11_18_13_1C_Cycle.xlsx,0.00027169287,0.00031597758152679054
A123_094,25C,90,4.0477614402771,1.0,4.067220687866211,2.315669425372635,0.0,1,24.0,0.0,0.0,2.8855350017547607,8_29_13_1C_Cycle.xlsx,0.0005991161,0.00032227374164126867
A123_094,25C,90,2.523765802383423,0.0,2.393874168395996,-2.499089675071912,-0.0,1,24.0,0.0,0.0,2.8855350017547607,8_12_13_1C_Cycle.xlsx,0.0002949834,0.0001971375528118593
A123_094,25C,120,4.040463924407959,1.0,4.0673828125,2.3173183589577677,0.0,1,24.0,0.0,0.0,2.8855350017547607,8_12_13_1C_Cycle.xlsx,0.0003503263,0.000260440390990374
A123_094,25C,60,2.4958739280700684,0.0,2.445279598236084,-2.4793014986406465,-0.0,1,24.0,0.0,0.0,2.8855350017547607,7_3_13_1C_Cycle.xlsx,0.0,0.001046510902642248
A123_094,25C,30,4.066572189331055,1.0,4.066572189331055,2.3161939542980923,0.0,1,24.0,0.0,0.0,2.8855350017547607,8_29_13_1C_Cycle.xlsx,0.00057703257,2.3591747551615697e-05
A123_094,25C,120,4.039977550506592,1.0,4.066734313964844,2.3113429473697646,0.0,1,24.0,0.0,0.0,2.8855350017547607,10_16_13_1C_Cycle.xlsx,0.0008278787,0.003686996784347527
A123_094,25C,30,4.06884241104126,1.0,4.06884241104126,2.3394209192902373,0.0,1,24.0,0.0,0.0,2.8855350017547607,2_20_14_1C_Cycle.xlsx,7.157028e-05,0.0007774414737087954
A123_094,25C,60,4.0557074546813965,1.0,4.066247940063477,2.311628089586565,0.0,1,24.0,0.0,0.0,2.8855350017547607,10_16_13_1C_Cycle.xlsx,0.0010998994,-6.35974118832797e-05
A123_094,25C,90,2.530090093612671,0.0,2.395820140838623,-2.499736841734465,-0.0,1,24.0,0.0,0.0,2.8855350017547607,11_18_13_1C_Cycle.xlsx,0.00047636032,0.0001971375528118593
A123_094,25C,90,4.042734146118164,1.0,4.068193912506104,2.326930031242992,0.0,1,24.0,0.0,0.0,2.8855350017547607,12_4_13_1C_Cycle.xlsx,0.0,0.0018535719590327894
A123_094,25C,30,4.070464134216309,1.0,4.070464134216309,2.343274013975919,0.0,1,24.0,0.0,0.0,2.8855350017547607,12_4_13_1C_Cycle.xlsx,7.1153045e-05,-0.001967278513273361
A123_094,25C,120,2.565765619277954,0.0,2.3799283504486084,-2.499738546686435,-0.0,1,24.0,0.0,0.0,2.8855350017547607,1_23_14_1C_Cycle.xlsx,0.0,-3.08571549557865e-05
A123_094,25C,90,2.525873899459839,0.0,2.3841445446014404,-2.499774033563179,-0.0,1,24.0,0.0,0.0,2.8855350017547607,9_16_13_1C_Cycle.xlsx,0.0002798736,0.0001889047827147582
A123_094,25C,90,2.5294413566589355,0.0,2.401982307434082,-2.499698717053197,-0.0,1,24.0,0.0,0.0,2.8855350017547607,7_17_13_1C_Cycle.xlsx,0.00049334764,0.0015600254932655617
A123_094,25C,30,2.385117530822754,0.0,2.385117530822754,-2.499746865239637,-0.0,1,24.0,0.0,0.0,2.8855350017547607,8_12_13_1C_Cycle.xlsx,0.0002644956,0.00031597758152679054
A123_094,25C,30,2.4734957218170166,0.0,2.4734957218170166,-2.477439104507669,-0.0,1,24.0,0.0,0.0,2.8855350017547607,11_6_13_1C_Cycle.xlsx,0.00021159649,0.00029601475214002197
A123_094,25C,90,4.042734146118164,1.0,4.0680317878723145,2.3425978117718778,0.0,1,24.0,0.0,0.0,2.8855350017547607,1_23_14_1C_Cycle.xlsx,2.3707747e-05,0.011085469446474629
A123_094,25C,30,4.068680286407471,1.0,4.068680286407471,2.341943656511862,0.0,1,24.0,0.0,0.0,2.8855350017547607,1_23_14_1C_Cycle.xlsx,6.861985e-05,0.006074377129032102
A123_094,25C,90,4.0495452880859375,1.0,4.0680317878723145,2.339785423783357,0.0,1,24.0,0.0,0.0,2.8855350017547607,3_4_14_1C_Cycle.xlsx,0.0,-0.0001181346138127866
A123_094,25C,60,4.056355953216553,1.0,4.067058563232422,2.3193598106385225,0.0,1,24.0,0.0,0.0,2.8855350017547607,8_1_13_1C_Cycle.xlsx,0.00049740076,0.00027686507968000424
A123_094,25C,60,4.05959939956665,1.0,4.069328784942627,2.3444437810803875,0.0,1,24.0,0.0,0.0,2.8855350017547607,11_18_13_1C_Cycle.xlsx,0.0,0.00036619409707914894
A123_094,25C,90,4.048896312713623,1.0,4.067544937133789,2.325961582867776,0.0,1,24.0,0.0,0.0,2.8855350017547607,12_13_13_1C_Cycle.xlsx,0.00028446317,0.00034677546302266205
A123_094,25C,30,4.066572189331055,1.0,4.066572189331055,2.314897015811951,0.0,1,24.0,0.0,0.0,2.8855350017547607,9_16_13_1C_Cycle.xlsx,0.00063830614,2.3591747551615697e-05
A123_094,25C,150,4.031545162200928,1.0,4.066734313964844,2.307823756579743,0.0,1,24.0,0.0,0.0,2.8855350017547607,7_15_13_1C_Cycle.xlsx,0.00013369322,-3.015784418282554e-05
A123_094,25C,30,4.065436840057373,1.0,4.065436840057373,2.2814442440867424,0.0,1,24.0,0.0,0.0,2.8855350017547607,7_3_13_1C_Cycle.xlsx,0.0033435374,-0.004467580340514443
A123_094,25C,120,2.539657592773437,0.0,2.3656580448150635,-2.499713663195,-0.0,1,24.0,0.0,0.0,2.8855350017547607,7_5_13_1C_Cycle.xlsx,0.0,8.964915667749628e-05
A123_094,25C,90,4.047275066375732,1.0,4.0673828125,2.322144489823364,0.0,1,24.0,0.0,0.0,2.8855350017547607,7_19_13_1C_Cycle.xlsx,0.0,0.00031576276079865024
A123_094,25C,90,2.532360315322876,0.0,2.399549961090088,-2.49968476553221,-0.0,1,24.0,0.0,0.0,2.8855350017547607,11_6_13_1C_Cycle.xlsx,0.00055748224,0.0004607529857466502
A123_094,25C,90,4.047112941741943,1.0,4.066896438598633,2.31748889452219,0.0,1,24.0,0.0,0.0,2.8855350017547607,8_12_13_1C_Cycle.xlsx,0.00029429793,0.00017532333186676404
A123_094,25C,30,4.067544937133789,1.0,4.067544937133789,2.339910575695205,0.0,1,24.0,0.0,0.0,2.8855350017547607,2_4_14_1C_Cycle.xlsx,6.595254e-05,0.0013569983966223928
A123_094,25C,30,4.070626258850098,1.0,4.070626258850098,2.322025652648064,0.0,1,24.0,0.0,0.0,2.8855350017547607,2_20_14_1C_Cycle.xlsx,0.0005160868,0.08370269305381348
A123_094,25C,120,4.041275024414063,1.0,4.067707061767578,2.316939670324325,0.0,1,24.0,0.0,0.0,2.8855350017547607,8_12_13_1C_Cycle.xlsx,0.0006404817,0.0018591681086122028
A123_094,25C,120,2.5665764808654785,0.0,2.381387710571289,-2.499776680535133,-0.0382087506275114,1,24.0,0.0,0.0,2.8855350017547607,1_23_14_1C_Cycle.xlsx,0.0,0.020554548789037553
A123_094,25C,120,4.043869495391846,1.0,4.06884241104126,2.344103816644115,0.0,1,24.0,0.0,0.0,2.8855350017547607,11_6_13_1C_Cycle.xlsx,0.0,-0.00010825948275200408
A123_094,25C,90,4.047112941741943,1.0,4.067058563232422,2.3176869381666183,0.0,1,24.0,0.0,0.0,2.8855350017547607,8_12_13_1C_Cycle.xlsx,0.00022290647,0.00017532333186676404
A123_094,25C,120,4.04030179977417,1.0,4.066734313964844,2.3211845121305923,0.0,1,24.0,0.0,0.0,2.8855350017547607,2_4_14_1C_Cycle.xlsx,0.00026348233,2.7975611986025626e-05
A123_094,25C,90,2.539008855819702,0.0,2.389333724975586,-2.499906598397021,-0.0379472604769028,1,24.0,0.0,0.0,2.8855350017547607,3_4_14_1C_Cycle.xlsx,0.0,-0.017215965376955546
A123_094,25C,60,4.057328701019287,1.0,4.067544937133789,2.3244592360196967,0.0,1,24.0,0.0,0.0,2.8855350017547607,1_23_14_1C_Cycle.xlsx,0.0004105866,0.000593932684563929
A123_094,25C,30,4.069004535675049,1.0,4.069004535675049,2.3447009798581315,0.0,1,24.0,0.0,0.0,2.8855350017547607,11_18_13_1C_Cycle.xlsx,7.870793e-05,0.0013600544396456533
A123_094,25C,120,4.0558695793151855,1.0,4.072896480560303,0.7073385454714298,0.0,1,24.0,0.0,1.0,3.553644180297852,7_15_13_1C_Cycle.xlsx,1.0,0.9162877435031359
A123_094,25C,150,4.031545162200928,1.0,4.066896438598633,2.2970921245396587,0.0,1,24.0,0.0,0.0,2.8855350017547607,7_3_13_1C_Cycle.xlsx,0.0008277297,0.008984350950330792
A123_094,25C,120,4.04030179977417,1.0,4.066734313964844,2.3213683292917584,0.0,1,24.0,0.0,0.0,2.8855350017547607,2_4_14_1C_Cycle.xlsx,0.0002515316,2.7975611986025626e-05
A123_094,25C,120,2.557171106338501,0.0,2.3796041011810303,-2.4997639888155776,-0.0,1,24.0,0.0,0.0,2.8855350017547607,9_25_13_1C_Cycle.xlsx,0.0,8.141638658039517e-05
A123_094,25C,90,4.051004409790039,1.0,4.069004535675049,2.3443595250531777,0.0,1,24.0,0.0,0.0,2.8855350017547607,11_18_13_1C_Cycle.xlsx,0.0,0.00032833537758401887
A123_094,25C,90,4.048409938812256,1.0,4.067544937133789,2.3196365532893983,0.0,1,24.0,0.0,0.0,2.8855350017547607,7_24_13_1C_Cycle.xlsx,0.00049364567,0.0004019580280158115
A123_094,25C,120,2.587819576263428,0.0,2.3964688777923584,-2.499801761453802,-0.0,1,24.0,0.0,0.0838225330841476,2.9302802144547084,11_6_13_1C_Cycle.xlsx,0.0008123815,0.08641917547471467
A123_094,25C,60,2.526198148727417,0.0,2.478198289871216,-2.478164279314585,-0.0,1,24.0,0.0,0.0,2.8855350017547607,8_29_13_1C_Cycle.xlsx,0.00015556812,0.0002814760463804901
A123_094,25C,30,4.068518161773682,1.0,4.068518161773682,2.3394922333066925,0.0,1,24.0,0.0,0.0,2.8855350017547607,2_20_14_1C_Cycle.xlsx,6.967783e-05,0.0007774414737087954
A123_094,25C,30,4.068680286407471,1.0,4.068680286407471,2.3435240793559284,0.0,1,24.0,0.0,0.0,2.8855350017547607,12_4_13_1C_Cycle.xlsx,7.3581934e-05,0.001091705292635365
A123_094,25C,30,2.382847309112549,0.0,2.382847309112549,-2.4996999003670437,-0.0,1,24.0,0.0,0.0,2.8855350017547607,12_13_13_1C_Cycle.xlsx,0.0002629906,0.0002782400671567091
A123_094,25C,60,2.5224685668945312,0.0,2.47446870803833,-2.4783679471643736,-0.0,1,24.0,0.0,0.0,2.8855350017547607,8_12_13_1C_Cycle.xlsx,5.8352947e-05,0.0002814760463804901
A123_094,25C,30,2.472846984863281,0.0,2.472846984863281,-2.499928266351873,-0.0,1,24.0,0.0,0.0,2.8855350017547607,12_13_13_1C_Cycle.xlsx,0.00076267123,0.00024077066310884823
A123_094,25C,60,4.057491302490234,1.0,4.067869663238525,2.3242816901487164,0.0,1,24.0,0.0,0.0,2.8855350017547607,1_23_14_1C_Cycle.xlsx,0.00037518144,0.00030319118956292766
A123_094,25C,90,4.052626132965088,1.0,4.069977760314941,2.3436567898902854,0.0,1,24.0,0.0,0.0,2.8855350017547607,11_18_13_1C_Cycle.xlsx,0.0,0.00022855542973309397
A123_094,25C,90,4.045166969299316,1.0,4.068680286407471,2.3392434133249416,0.0,1,24.0,0.0,0.0,2.8855350017547607,2_20_14_1C_Cycle.xlsx,0.0,0.00019142688652318672
A123_094,25C,60,2.521657705307007,0.0,2.4668469429016118,-2.499805570703692,-0.0,1,24.0,0.0,0.0,2.8855350017547607,9_25_13_1C_Cycle.xlsx,0.0006711185,0.00018026167288213377
A123_094,25C,90,2.5294413566589355,0.0,2.377171516418457,-2.4998428344726564,-0.0,1,24.0,0.0,0.0,2.8855350017547607,12_13_13_1C_Cycle.xlsx,0.00025731325,0.0001889047827147582
A123_094,25C,30,2.37830662727356,0.0,2.37830662727356,-2.4997130459005183,-0.0,1,24.0,0.0,0.0,2.8855350017547607,12_13_13_1C_Cycle.xlsx,0.0002655238,0.0002782400671567091
A123_094,25C,60,2.472198247909546,0.0,2.3776581287384038,-2.4998215552979866,-0.0,1,24.0,0.0,0.0,2.8855350017547607,10_07_13_1C_Cycle.xlsx,0.00024870038,0.0002663776533964107
A123_094,25C,60,2.4503064155578613,0.0,2.362576961517334,-2.4996795927891964,-0.0,1,24.0,0.0,0.0,2.8855350017547607,7_3_13_1C_Cycle.xlsx,0.0,0.00027461042349351164
A123_094,25C,60,2.48809027671814,0.0,2.395658016204834,-2.499807872504832,-0.0,1,24.0,0.0,0.0,2.8855350017547607,2_4_14_1C_Cycle.xlsx,0.0005838722,0.0002663776533964107
A123_094,25C,60,2.471063137054444,0.0,2.373117446899414,-2.499748249311705,-0.0,1,24.0,0.0,0.0,2.8855350017547607,11_6_13_1C_Cycle.xlsx,0.00028334558,0.0002663776533964107
A123_094,25C,30,4.0673828125,1.0,4.0673828125,2.320003659124412,0.0,1,24.0,0.0,0.0,2.8855350017547607,8_1_13_1C_Cycle.xlsx,0.00045225024,0.0005720411300737934
A123_094,25C,30,2.390630960464477,0.0,2.390630960464477,-2.4997854751089346,-0.0,1,24.0,0.0,0.0,2.8855350017547607,8_29_13_1C_Cycle.xlsx,0.00026839972,0.00031597758152679054
A123_094,25C,30,4.067058563232422,1.0,4.067058563232422,2.3144122901243893,0.0,1,24.0,0.0,0.0,2.8855350017547607,9_16_13_1C_Cycle.xlsx,0.0006887913,0.0004978347607391142
A123_094,25C,60,4.056193828582764,1.0,4.066410064697266,2.313356699452537,0.0,1,24.0,0.0,0.0,2.8855350017547607,10_07_13_1C_Cycle.xlsx,0.0011519939,-6.35974118832797e-05
A123_094,25C,30,2.4734957218170166,0.0,2.4734957218170166,-2.477463299735973,-0.0,1,24.0,0.0,0.0,2.8855350017547607,11_18_13_1C_Cycle.xlsx,0.00021216273,0.00029601475214002197
A123_094,25C,30,4.067058563232422,1.0,4.067058563232422,2.315857383092084,0.0,1,24.0,0.0,0.0,2.8855350017547607,8_29_13_1C_Cycle.xlsx,0.00061768293,0.0004978347607391142
A123_094,25C,120,4.040463924407959,1.0,4.067707061767578,2.3173111329674723,0.0,1,24.0,0.0,0.0,2.8855350017547607,8_12_13_1C_Cycle.xlsx,0.00022983551,0.0018591681086122028
A123_094,25C,90,4.051329135894775,1.0,4.069166660308838,2.3387822253270105,0.0,1,24.0,0.0,0.0,2.8855350017547607,3_4_14_1C_Cycle.xlsx,0.0,0.00014203631064878887
A123_094,25C,120,2.5605764389038086,0.0,2.397117376327514,-2.499853049153867,-0.0,1,24.0,0.0,0.0,2.8855350017547607,8_29_13_1C_Cycle.xlsx,0.00045235455,0.00021495709271129117
A123_094,25C,90,4.045815467834473,1.0,4.066410064697266,2.2526725782288444,0.0,1,24.0,0.0,0.0,2.8855350017547607,7_3_13_1C_Cycle.xlsx,0.008087844,0.1301041777729119
A123_094,25C,60,4.05976152420044,1.0,4.069328784942627,2.3369782828977184,0.0,1,24.0,0.0,0.0,2.8855350017547607,7_24_13_1C_Cycle.xlsx,5.1617622e-05,0.002710296946112255
A123_094,25C,150,4.03576135635376,1.0,4.067869663238525,2.3241442479511614,0.0,1,24.0,0.0,0.0,2.8855350017547607,1_23_14_1C_Cycle.xlsx,0.0005039871,-0.00023834840374870481
A123_094,25C,60,4.05684232711792,1.0,4.0673828125,2.3174296391010283,0.0,1,24.0,0.0,0.0,2.8855350017547607,8_12_13_1C_Cycle.xlsx,0.00073571503,0.000442667231232414
A123_094,25C,30,4.066410064697266,1.0,4.066410064697266,2.3112891351511657,0.0,1,24.0,0.0,0.0,2.8855350017547607,10_16_13_1C_Cycle.xlsx,0.0008175671,2.3591747551615697e-05
A123_094,25C,60,2.525873899459839,0.0,2.4749550819396973,-2.477844511268031,-0.0,1,24.0,0.0,0.0,2.8855350017547607,9_25_13_1C_Cycle.xlsx,0.00018623471,0.0002814760463804901
A123_094,25C,120,2.561549425125122,0.0,2.377333641052246,-2.499919165362109,-0.0,1,24.0,0.0,0.0,2.8855350017547607,11_6_13_1C_Cycle.xlsx,0.0,-3.908992505288762e-05
A123_094,25C,60,4.057328701019287,1.0,4.067544937133789,2.3244592687513075,0.0,1,24.0,0.0,0.0,2.8855350017547607,1_23_14_1C_Cycle.xlsx,0.0004105866,0.000593932684563929
A123_094,25C,120,2.5711169242858887,0.0,2.411063432693481,-2.49971432156033,-0.0,1,24.0,0.0,0.0,2.8855350017547607,2_4_14_1C_Cycle.xlsx,0.0009964705,0.0010239912993517245
A123_094,25C,120,4.039815425872803,1.0,4.066734313964844,2.3278576315951947,0.0,1,24.0,0.0,0.0,2.8855350017547607,11_6_13_1C_Cycle.xlsx,0.0,0.0001846010454986528
A123_094,25C,60,2.5273332595825195,0.0,2.474792957305908,-2.4779253602630398,-0.0,1,24.0,0.0,0.0,2.8855350017547607,10_07_13_1C_Cycle.xlsx,0.00025837123,0.0002814760463804901
A123_094,25C,30,4.067869663238525,1.0,4.067869663238525,2.324226097100311,0.0,1,24.0,0.0,0.0,2.8855350017547607,1_23_14_1C_Cycle.xlsx,0.00032028556,0.00030151647762981823
A123_094,25C,90,2.5330090522766118,0.0,2.383657932281494,-2.499879478314601,-0.0,1,24.0,0.0,0.0,2.8855350017547607,1_23_14_1C_Cycle.xlsx,0.00041532516,0.0001889047827147582
A123_094,25C,30,2.3799283504486084,0.0,2.3799283504486084,-2.499788943711702,-0.0,1,24.0,0.0,0.0,2.8855350017547607,11_6_13_1C_Cycle.xlsx,0.0002669394,0.00031597758152679054
A123_094,25C,120,2.5518198013305664,0.0,2.399874210357666,-2.4996425216480835,-0.0,1,24.0,0.0,0.0,2.8855350017547607,7_24_13_1C_Cycle.xlsx,0.0003426522,0.00035326458961228727
A123_094,25C,30,2.4730091094970703,0.0,2.37522554397583,-2.4999109780022857,-0.0391148190402285,1,24.0,0.0,0.0,2.8855350017547607,12_13_13_1C_Cycle.xlsx,0.0014252067,-0.00020266443177362556
A123_094,25C,90,2.548900842666626,0.0,2.4217660427093506,-2.4997656479060093,-0.032824636914964,1,24.0,0.0,0.0,2.8855350017547607,2_20_14_1C_Cycle.xlsx,0.0027737617,0.020871972171224697
A123_094,25C,90,4.048572063446045,1.0,4.067544937133789,2.3218302617254465,0.0,1,24.0,0.0,0.0,2.8855350017547607,2_4_14_1C_Cycle.xlsx,0.0004157424,0.0004019580280158115
A123_094,25C,120,2.557495355606079,0.0,2.391279697418213,-2.499908781888192,-0.0,1,24.0,0.0,0.0,2.8855350017547607,9_16_13_1C_Cycle.xlsx,0.00024859607,-3.908992505288762e-05
A123_094,25C,60,4.05830192565918,1.0,4.0680317878723145,2.3241365991208864,0.0,1,24.0,0.0,0.0,2.8855350017547607,2_4_14_1C_Cycle.xlsx,0.00069208443,0.00030319118956292766
A123_094,25C,120,2.566738605499268,0.0,2.381063461303711,-2.49984465826542,-0.0,1,24.0,0.0,0.0,2.8855350017547607,1_23_14_1C_Cycle.xlsx,4.377961e-05,-3.908992505288762e-05
A123_094,25C,120,2.572252035140991,0.0,2.414630889892578,-2.499689221382141,-0.0,1,24.0,0.0,0.0,2.8855350017547607,2_4_14_1C_Cycle.xlsx,0.0011013448,0.001097390523200839
A123_094,25C,30,2.400036334991455,0.0,2.400036334991455,-2.49964405318438,-0.0,1,24.0,0.0,0.0,2.8855350017547607,7_24_13_1C_Cycle.xlsx,0.00027748942,0.000541855500091499
A123_094,25C,30,2.4773874282836914,0.0,2.4773874282836914,-2.477002513471102,-0.0,1,24.0,0.0,0.0,2.8855350017547607,1_23_14_1C_Cycle.xlsx,0.00025331974,0.00029601475214002197
A123_094,25C,120,2.5480899810791016,0.0,2.389333724975586,-2.499683205286662,-0.0,1,24.0,0.0,0.0,2.8855350017547607,7_11_13_1C_Cycle.xlsx,3.7670135e-05,8.964915667749628e-05
A123_094,25C,60,4.059274673461914,1.0,4.068680286407471,2.3394050547820435,0.0,1,24.0,0.0,0.0,2.8855350017547607,2_20_14_1C_Cycle.xlsx,0.0,0.0007809410821260966
A123_094,25C,120,4.042085647583008,1.0,4.067869663238525,2.324189036957219,0.0,1,24.0,0.0,0.0,2.8855350017547607,1_23_14_1C_Cycle.xlsx,0.00043962896,-7.955005054725217e-05
A123_094,25C,90,4.046950817108154,1.0,4.066572189331055,2.311602756257885,0.0,1,24.0,0.0,0.0,2.8855350017547607,10_16_13_1C_Cycle.xlsx,0.000775218,-0.0001251186842285192
A123_094,25C,120,4.040139675140381,1.0,4.066896438598633,2.314275683547423,0.0,1,24.0,0.0,0.0,2.8855350017547607,9_16_13_1C_Cycle.xlsx,0.00061005354,6.978469689029781e-05
A123_094,25C,60,2.538846731185913,0.0,2.4833874702453613,-2.499906598397021,-0.0,1,24.0,0.0,0.0,2.8855350017547607,3_4_14_1C_Cycle.xlsx,0.001127392,0.00018026167288213377
A123_094,25C,120,4.039166927337647,1.0,4.066247940063477,2.3137047100262564,0.0,1,24.0,0.0,0.0,2.8855350017547607,10_07_13_1C_Cycle.xlsx,0.0004401803,-3.299084074791079e-05
A123_094,25C,60,2.497333288192749,0.0,2.414630889892578,-2.499689221382141,-0.0,1,24.0,0.0,0.0,2.8855350017547607,2_4_14_1C_Cycle.xlsx,0.0006108582,0.0015783988465078178
A123_094,25C,120,4.044517993927002,1.0,4.068356037139893,2.3396633912466074,0.0,1,24.0,0.0,0.0,2.8855350017547607,2_20_14_1C_Cycle.xlsx,0.00030988455,0.0013674419122041157
A123_094,25C,30,2.396144390106201,0.0,2.396144390106201,-2.499861238199637,-0.0,1,24.0,0.0,0.0,2.8855350017547607,1_23_14_1C_Cycle.xlsx,0.00027742982,0.0007429989445804836
A123_094,25C,90,4.054572105407715,1.0,4.071274757385254,2.3530770887732504,0.0,1,24.0,0.0,0.0,2.8855350017547607,7_24_13_1C_Cycle.xlsx,0.0,-0.010292437378537316
A123_094,25C,60,4.060896396636963,1.0,4.0701398849487305,2.340722084306834,0.0,1,24.0,0.0,0.0,2.8855350017547607,2_4_14_1C_Cycle.xlsx,1.7002225e-05,-0.0003618613363557109
A123_094,25C,30,2.4759280681610107,0.0,2.4759280681610107,-2.4770074444484305,-0.0,1,24.0,0.0,0.0,2.8855350017547607,1_23_14_1C_Cycle.xlsx,0.00023365021,0.00029601475214002197
A123_094,25C,120,4.040139675140381,1.0,4.066734313964844,2.330749519354056,0.0,1,24.0,0.0,0.0,2.8855350017547607,10_07_13_1C_Cycle.xlsx,0.0,0.0002599869157024643
A123_094,25C,30,4.067544937133789,1.0,4.067544937133789,2.3243635263707905,0.0,1,24.0,0.0,0.0,2.8855350017547607,1_23_14_1C_Cycle.xlsx,0.00030454993,0.0010222604517822957
A123_094,25C,60,2.4979820251464844,0.0,2.453711986541748,-2.479179186378148,-0.0,1,24.0,0.0,0.0,2.8855350017547607,7_8_13_1C_Cycle.xlsx,0.0,0.00031538476386048164
A123_094,25C,30,4.066734313964844,1.0,4.066734313964844,2.318171117305756,0.0,1,24.0,0.0,0.0,2.8855350017547607,8_1_13_1C_Cycle.xlsx,0.0004979372,0.00027479104433487494
A123_094,25C,30,2.411063432693481,0.0,2.411063432693481,-2.49971432156033,-0.0,1,24.0,0.0,0.0,2.8855350017547607,2_4_14_1C_Cycle.xlsx,0.00031003356,0.0014856296109382432
A123_094,25C,60,4.057166576385498,1.0,4.0673828125,2.324491652795392,0.0,1,24.0,0.0,0.0,2.8855350017547607,1_23_14_1C_Cycle.xlsx,0.00039729476,0.0005185332770137534
A123_094,25C,120,2.557171106338501,0.0,2.376523017883301,-2.499880737962976,-0.0,1,24.0,0.0,0.0,2.8855350017547607,9_25_13_1C_Cycle.xlsx,0.0,8.141638658039517e-05
A123_094,25C,30,4.067707061767578,1.0,4.067707061767578,2.3192014258943106,0.0,1,24.0,0.0,0.0,2.8855350017547607,3_4_14_1C_Cycle.xlsx,0.00049963593,0.0010774430167754452
A123_094,25C,30,2.4833874702453613,0.0,2.4833874702453613,-2.4767037067784394,-0.0,1,24.0,0.0,0.0,2.8855350017547607,3_4_14_1C_Cycle.xlsx,0.00033047795,-0.0007793930577775415
A123_094,25C,90,4.049383163452148,1.0,4.067869663238525,2.329380322340106,0.0,1,24.0,0.0,0.0,2.8855350017547607,9_25_13_1C_Cycle.xlsx,0.00015999377,0.00047073877598827565
A123_094,25C,60,4.056680202484131,1.0,4.067220687866211,2.324749518727136,0.0,1,24.0,0.0,0.0,2.8855350017547607,12_13_13_1C_Cycle.xlsx,0.00023832917,0.000313733998321247
A123_094,25C,60,2.534144163131714,0.0,2.481117248535156,-2.4772830128214567,-0.0,1,24.0,0.0,0.0,2.8855350017547607,12_4_13_1C_Cycle.xlsx,0.00044885278,0.0002814760463804901
A123_094,25C,90,4.045653343200684,1.0,4.066247940063477,2.2949560236072903,0.0,1,24.0,0.0,0.0,2.8855350017547607,7_8_13_1C_Cycle.xlsx,0.0016603023,0.0022204542909540163
A123_094,25C,30,2.38722562789917,0.0,2.38722562789917,-2.499754392995244,-0.0,1,24.0,0.0,0.0,2.8855350017547607,10_07_13_1C_Cycle.xlsx,0.00026530027,0.00031597758152679054
A123_094,25C,90,4.05084228515625,1.0,4.069004535675049,2.34453100679537,0.0,1,24.0,0.0,0.0,2.8855350017547607,11_18_13_1C_Cycle.xlsx,0.0,0.00032833537758401887
A123_094,25C,90,2.5276577472686768,0.0,2.393063545227051,-2.499738330426424,-0.0,1,24.0,0.0,0.0,2.8855350017547607,8_29_13_1C_Cycle.xlsx,0.00039732456,0.0001971375528118593
A123_094,25C,30,2.3886849880218506,0.0,2.3886849880218506,-2.49988894373457,-0.0,1,24.0,0.0,0.0,2.8855350017547607,3_4_14_1C_Cycle.xlsx,0.00027039647,0.00031597758152679054
A123_094,25C,150,4.034950733184815,1.0,4.067869663238525,2.3347114217016967,0.0,1,24.0,0.0,0.0,2.8855350017547607,8_12_13_1C_Cycle.xlsx,0.0,-0.00012716290753549364
A123_094,25C,60,4.060247898101807,1.0,4.069815158843994,2.3428261073736043,0.0,1,24.0,0.0,0.0,2.8855350017547607,12_13_13_1C_Cycle.xlsx,0.0,0.0012962863731036558
A123_094,25C,30,4.066734313964844,1.0,4.066734313964844,2.315602326525315,0.0,1,24.0,0.0,0.0,2.8855350017547607,8_29_13_1C_Cycle.xlsx,0.00061294436,0.00022811992354537775
A123_094,25C,30,4.066572189331055,1.0,4.066572189331055,2.313346298564164,0.0,1,24.0,0.0,0.0,2.8855350017547607,9_25_13_1C_Cycle.xlsx,0.0007162094,2.3591747551615697e-05
A123_094,25C,60,2.484846830368042,0.0,2.397279739379883,-2.499856264219372,-0.0,1,24.0,0.0,0.0,2.8855350017547607,1_23_14_1C_Cycle.xlsx,0.0004106164,0.0005382258564283015
A123_094,25C,150,4.03251838684082,1.0,4.066247940063477,2.3119461819036933,0.0,1,24.0,0.0,0.0,2.8855350017547607,10_16_13_1C_Cycle.xlsx,0.00047200918,-5.634955075275213e-05
A123_094,25C,60,4.05976152420044,1.0,4.069328784942627,2.3442523977640324,0.0,1,24.0,0.0,0.0,2.8855350017547607,11_18_13_1C_Cycle.xlsx,0.0,0.00036619409707914894
A123_094,25C,60,4.055545330047607,1.0,4.066572189331055,2.3074833794619685,0.0,1,24.0,0.0,0.0,2.8855350017547607,7_11_13_1C_Cycle.xlsx,0.001207158,-0.00017466287527632417
A123_094,25C,60,4.061058521270752,1.0,4.07030200958252,2.342339690233397,0.0,1,24.0,0.0,0.0,2.8855350017547607,12_13_13_1C_Cycle.xlsx,0.0,-0.0014250177297716047
A123_094,25C,30,2.3945229053497314,0.0,2.3945229053497314,-2.499574731503214,-0.0,1,24.0,0.0,0.0,2.8855350017547607,10_16_13_1C_Cycle.xlsx,0.00026586652,0.0002782400671567091
A123_094,25C,120,2.556846857070923,0.0,2.397279739379883,-2.499707825043622,-0.0,1,24.0,0.0,0.0085787791809643,2.890114430281131,7_11_13_1C_Cycle.xlsx,0.0003861189,0.00035326458961228727
A123_094,25C,120,4.04484224319458,1.0,4.068518161773682,2.339462124138025,0.0,1,24.0,0.0,0.0,2.8855350017547607,2_20_14_1C_Cycle.xlsx,0.00041009486,6.800559029103179e-05
A123_094,25C,120,2.565441370010376,0.0,2.37976622581482,-2.499777542578208,-0.0,1,24.0,0.0,0.0,2.8855350017547607,12_4_13_1C_Cycle.xlsx,0.0,-3.908992505288762e-05
A123_094,25C,60,2.4738199710845947,0.0,2.37830662727356,-2.4997130459005183,-0.0,1,24.0,0.0,0.0,2.8855350017547607,12_13_13_1C_Cycle.xlsx,0.0003015846,0.00027461042349351164
A123_094,25C,30,4.066896438598633,1.0,4.066896438598633,2.3158734103123986,0.0,1,24.0,0.0,0.0,2.8855350017547607,8_29_13_1C_Cycle.xlsx,0.0006085187,0.0004978347607391142
A123_094,25C,90,4.047923564910889,1.0,4.067220687866211,2.33187557787436,0.0,1,24.0,0.0,0.0,2.8855350017547607,9_16_13_1C_Cycle.xlsx,0.0,0.0006068219187183775
A123_094,25C,30,2.395333766937256,0.0,2.395333766937256,-2.499924634632311,-0.0,1,24.0,0.0,0.0,2.8855350017547607,9_16_13_1C_Cycle.xlsx,0.00027826428,0.00031597758152679054
A123_094,25C,60,2.53025221824646,0.0,2.474144220352173,-2.499912635995708,-0.0,1,24.0,0.0,0.0,2.8855350017547607,12_13_13_1C_Cycle.xlsx,0.0009138286,0.00018026167288213377
A123_094,25C,60,4.057166576385498,1.0,4.0673828125,2.3215804485523184,0.0,1,24.0,0.0,0.0,2.8855350017547607,2_4_14_1C_Cycle.xlsx,0.00059226155,0.0005737158420069028
A123_094,25C,90,4.0474371910095215,1.0,4.067058563232422,2.3224475176080945,0.0,1,24.0,0.0,0.0,2.8855350017547607,7_19_13_1C_Cycle.xlsx,6.727874e-05,0.00021942639833989088
A123_094,25C,30,2.3755500316619877,0.0,2.3755500316619877,-2.4998654438568666,-0.0,1,24.0,0.0,0.0,2.8855350017547607,11_6_13_1C_Cycle.xlsx,0.0002731979,0.00031597758152679054
A123_094,25C,120,2.559279203414917,0.0,2.385441780090332,-2.499874336529622,-0.0,1,24.0,0.0,0.0,2.8855350017547607,10_07_13_1C_Cycle.xlsx,0.00010916591,-3.908992505288762e-05
A123_094,25C,90,4.047275066375732,1.0,4.066734313964844,2.31274356070112,0.0,1,24.0,0.0,0.0,2.8855350017547607,9_25_13_1C_Cycle.xlsx,0.000785023,0.002990072113691018
A123_094,25C,60,2.4756038188934326,0.0,2.3799283504486084,-2.499735220058544,-0.0,1,24.0,0.0,0.0,2.8855350017547607,11_6_13_1C_Cycle.xlsx,0.000346601,0.00027461042349351164
A123_094,25C,90,2.5253872871398926,0.0,2.385441780090332,-2.4997978126793576,-0.0,1,24.0,0.0,0.0,2.8855350017547607,9_16_13_1C_Cycle.xlsx,0.00028266013,0.0001889047827147582
A123_094,25C,90,2.5317115783691406,0.0,2.381387710571289,-2.499756784614073,-0.0,1,24.0,0.0,0.0,2.8855350017547607,1_23_14_1C_Cycle.xlsx,0.0003581941,0.0001889047827147582
A123_094,25C,90,4.0432209968566895,1.0,4.0680317878723145,2.325133239503129,0.0,1,24.0,0.0,0.0,2.8855350017547607,12_4_13_1C_Cycle.xlsx,0.0,-7.665566916605219e-05
A123_094,25C,30,4.067869663238525,1.0,4.067869663238525,2.3244824250284424,0.0,1,24.0,0.0,0.0,2.8855350017547607,1_23_14_1C_Cycle.xlsx,0.00031214952,0.00030151647762981823
A123_094,25C,60,2.428090333938598,0.0,2.362576961517334,-2.499772664662954,-0.0,1,24.0,0.0,0.0,2.8855350017547607,11_18_13_1C_Cycle.xlsx,0.0,0.0002663776533964107
A123_094,25C,150,4.039329051971436,1.0,4.069653034210205,2.343145764536328,0.0,1,24.0,0.0,0.0,2.8855350017547607,12_13_13_1C_Cycle.xlsx,0.0001630187,0.00031300423286318807
A123_094,25C,90,4.048247814178467,1.0,4.067707061767578,2.334852759395876,0.0,1,24.0,0.0,0.0,2.8855350017547607,8_12_13_1C_Cycle.xlsx,0.0,0.0005428013464669708
A123_094,25C,30,2.47900915145874,0.0,2.47900915145874,-2.4996687876872525,-0.0,1,24.0,0.0,0.0,2.8855350017547607,8_1_13_1C_Cycle.xlsx,0.00082567334,0.00029601475214002197
A123_094,25C,30,4.066410064697266,1.0,4.066410064697266,2.320010803758152,0.0,1,24.0,0.0,0.0,2.8855350017547607,8_1_13_1C_Cycle.xlsx,0.0004104972,7.026286834111276e-05
A123_094,25C,60,2.4801442623138428,0.0,2.393549919128418,-2.499793828070701,-0.0,1,24.0,0.0,0.0,2.8855350017547607,11_18_13_1C_Cycle.xlsx,0.00027772784,0.0002663776533964107
A123_094,25C,60,2.526522397994995,0.0,2.47900915145874,-2.4781876488665024,-0.0,1,24.0,0.0,0.0,2.8855350017547607,8_29_13_1C_Cycle.xlsx,0.0001578778,0.0002814760463804901
A123_094,25C,90,2.523765802383423,0.0,2.3862526416778564,-2.499753097008014,-0.0,1,24.0,0.0,0.0,2.8855350017547607,8_12_13_1C_Cycle.xlsx,0.00025326014,0.0001889047827147582
A123_094,25C,120,4.03251838684082,1.0,4.066572189331055,2.3201197965277567,0.0,1,24.0,0.0,0.0,2.8855350017547607,8_1_13_1C_Cycle.xlsx,0.0,-9.678429963254765e-06
A123_094,25C,120,4.041275024414063,1.0,4.067869663238525,2.3347114217016967,0.0,1,24.0,0.0,0.0,2.8855350017547607,8_12_13_1C_Cycle.xlsx,0.0,3.163544566595919e-05
A123_094,25C,60,2.505117177963257,0.0,2.4232254028320312,-2.4997301792429987,-0.0327602458102198,1,24.0,0.0,0.0,2.8855350017547607,2_20_14_1C_Cycle.xlsx,0.000391528,-0.02875204954569675
A123_094,25C,60,4.057491302490234,1.0,4.067544937133789,2.324312568220318,0.0,1,24.0,0.0,0.0,2.8855350017547607,1_23_14_1C_Cycle.xlsx,0.0004915595,0.000593932684563929
A123_094,25C,90,2.5289549827575684,0.0,2.397603988647461,-2.4998614767850458,-0.0,1,24.0,0.0,0.0,2.8855350017547607,7_19_13_1C_Cycle.xlsx,0.0004608333,0.0004607529857466502
A123_094,25C,60,4.056193828582764,1.0,4.066734313964844,2.31704515260458,0.0,1,24.0,0.0,0.0,2.8855350017547607,8_12_13_1C_Cycle.xlsx,0.00071235,5.651600458995285e-05
A123_094,25C,120,4.040463924407959,1.0,4.067220687866211,2.3276511961672486,0.0,1,24.0,0.0,0.0,2.8855350017547607,11_6_13_1C_Cycle.xlsx,0.0,0.00045629439648784694
A123_094,25C,60,2.474306344985962,0.0,2.378631114959717,-2.4997081149708142,-0.038274560719007,1,24.0,0.0,0.0,2.8855350017547607,12_13_13_1C_Cycle.xlsx,0.0,0.000164248100735349
A123_094,25C,60,4.057653427124023,1.0,4.0680317878723145,2.339815534520568,0.0,1,24.0,0.0,0.0,2.8855350017547607,3_4_14_1C_Cycle.xlsx,0.0,0.0005151938377915142
A123_094,25C,60,2.523603677749634,0.0,2.470414638519287,-2.499799173490136,-0.0,1,24.0,0.0,0.0,2.8855350017547607,9_25_13_1C_Cycle.xlsx,0.0006946027,0.00018026167288213377
A123_094,25C,90,2.531873941421509,0.0,2.3966310024261475,-2.499694971604781,-0.0,1,24.0,0.0,0.0,2.8855350017547607,12_13_13_1C_Cycle.xlsx,0.00052562356,0.0004607529857466502
A123_094,25C,30,4.069004535675049,1.0,4.069004535675049,2.34442995652809,0.0,1,24.0,0.0,0.0,2.8855350017547607,11_18_13_1C_Cycle.xlsx,7.7068806e-05,0.0013600544396456533
A123_094,25C,60,2.476414442062378,0.0,2.3823606967926025,-2.499783180456246,-0.0,1,24.0,0.0,0.0,2.8855350017547607,10_07_13_1C_Cycle.xlsx,0.000336349,0.0002663776533964107
A123_094,25C,120,4.041599273681641,1.0,4.0673828125,2.3208986206547078,0.0,1,24.0,0.0,0.0,2.8855350017547607,2_4_14_1C_Cycle.xlsx,0.0006440878,0.00019097460189672355
A123_094,25C,60,2.5227928161621094,0.0,2.4749550819396973,-2.4784590801190283,-0.0,1,24.0,0.0,0.0,2.8855350017547607,8_12_13_1C_Cycle.xlsx,6.7055225e-05,0.0002814760463804901
A123_094,25C,90,2.5276577472686768,0.0,2.378955364227295,-2.4998957578625,-0.0,1,24.0,0.0,0.0,2.8855350017547607,10_16_13_1C_Cycle.xlsx,0.00025388598,0.0001889047827147582
A123_094,25C,60,2.482414484024048,0.0,2.399387836456299,-2.499728275557696,-0.0,1,24.0,0.0,0.0,2.8855350017547607,7_24_13_1C_Cycle.xlsx,0.00025688112,0.0005382258564283015
A123_094,25C,60,4.056193828582764,1.0,4.066734313964844,2.311344426956551,0.0,1,24.0,0.0,0.0,2.8855350017547607,10_16_13_1C_Cycle.xlsx,0.0011689663,5.651600458995285e-05
A123_094,25C,30,4.067058563232422,1.0,4.067058563232422,2.319890379787437,0.0,1,24.0,0.0,0.0,2.8855350017547607,8_1_13_1C_Cycle.xlsx,0.0004425943,0.00047570476761503433
A123_094,25C,30,4.0680317878723145,1.0,4.0680317878723145,2.339465249003025,0.0,1,24.0,0.0,0.0,2.8855350017547607,2_20_14_1C_Cycle.xlsx,6.771088e-05,0.0005391313299481793
A123_094,25C,120,4.039004802703857,1.0,4.066572189331055,2.313368523401804,0.0,1,24.0,0.0,0.0,2.8855350017547607,9_25_13_1C_Cycle.xlsx,0.0002641827,-3.299084074791079e-05
A123_094,25C,30,2.380414724349976,0.0,2.380414724349976,-2.49968675700101,-0.0,1,24.0,0.0,0.0,2.8855350017547607,12_4_13_1C_Cycle.xlsx,0.00026333332,0.0002782400671567091
A123_094,25C,60,2.472198247909546,0.0,2.376198530197144,-2.4997531250790432,-0.0,1,24.0,0.0,0.0,2.8855350017547607,11_6_13_1C_Cycle.xlsx,0.00027413666,0.0002663776533964107
A123_094,25C,150,4.033977508544922,1.0,4.067220687866211,2.332278449637968,0.0,1,24.0,0.0,0.0,2.8855350017547607,9_16_13_1C_Cycle.xlsx,0.0,0.00031243954694801273
A123_094,25C,60,4.061545372009277,1.0,4.070788383483887,2.353510686933994,0.0,1,24.0,0.0,0.0,2.8855350017547607,7_24_13_1C_Cycle.xlsx,0.0,-0.01668613490554383
A123_094,25C,90,4.048247814178467,1.0,4.067544937133789,2.317113120853901,0.0,1,24.0,0.0,0.0,2.8855350017547607,8_12_13_1C_Cycle.xlsx,0.00059875846,0.0004714238171094619
A123_094,25C,60,4.056518077850342,1.0,4.066896438598633,2.3324502338884305,0.0,1,24.0,0.0,0.0,2.8855350017547607,9_16_13_1C_Cycle.xlsx,0.0,0.0005020749074371154
A123_094,25C,30,2.4773874282836914,0.0,2.4773874282836914,-2.4769893766073934,-0.0,1,24.0,0.0,0.0,2.8855350017547607,1_23_14_1C_Cycle.xlsx,0.00025300682,-0.0007793930577775415
A123_094,25C,120,4.04176139831543,1.0,4.067707061767578,2.3259416804096458,0.0,1,24.0,0.0,0.0,2.8855350017547607,12_13_13_1C_Cycle.xlsx,0.00023561716,0.00021119144445374999
A123_094,25C,30,2.3817121982574463,0.0,2.3817121982574463,-2.4997335876430475,-0.0,1,24.0,0.0,0.0,2.8855350017547607,12_4_13_1C_Cycle.xlsx,0.0002643615,0.0003242103516238914
A123_094,25C,90,2.5296034812927246,0.0,2.3927390575408936,-2.4997107939677194,-0.0,1,24.0,0.0,0.0,2.8855350017547607,11_18_13_1C_Cycle.xlsx,0.00044119358,0.0001971375528118593
A123_094,25C,60,4.0558695793151855,1.0,4.066572189331055,2.3132204276005752,0.0,1,24.0,0.0,0.0,2.8855350017547607,9_25_13_1C_Cycle.xlsx,0.00090909004,-6.35974118832797e-05
A123_094,25C,30,2.426144361495972,0.0,2.426144361495972,-2.4997183585835394,-0.0,1,24.0,0.0,0.0,2.8855350017547607,2_20_14_1C_Cycle.xlsx,0.00037631392,0.0009537416670726744
A123_094,25C,30,2.484360456466675,0.0,2.484360456466675,-2.499899778725966,-0.0,1,24.0,0.0,0.0,2.8855350017547607,3_4_14_1C_Cycle.xlsx,0.0008955598,0.00024077066310884823
A123_094,25C,60,4.05976152420044,1.0,4.069490909576416,2.343253841830625,0.0,1,24.0,0.0,0.0,2.8855350017547607,12_13_13_1C_Cycle.xlsx,0.0,0.000983202167714447
A123_094,25C,150,4.039653301239014,1.0,4.069166660308838,2.340067219734192,0.0,1,24.0,0.0,0.0,2.8855350017547607,2_4_14_1C_Cycle.xlsx,0.0007208288,0.0005937285941054879
A123_094,25C,30,2.389333724975586,0.0,2.389333724975586,-2.4997933325560195,-0.0,1,24.0,0.0,0.0,2.8855350017547607,8_29_13_1C_Cycle.xlsx,0.00026768446,0.00031597758152679054
A123_094,25C,30,2.395820140838623,0.0,2.395820140838623,-2.4999230493578994,-0.0,1,24.0,0.0,0.0,2.8855350017547607,9_16_13_1C_Cycle.xlsx,0.00027891994,0.00031597758152679054
A123_094,25C,60,2.482576608657837,0.0,2.400198459625244,-2.499847923588549,-0.0,1,24.0,0.0,0.0,2.8855350017547607,8_1_13_1C_Cycle.xlsx,0.00025054812,0.0005382258564283015
A123_094,25C,120,4.045004844665527,1.0,4.06884241104126,2.339376524156123,0.0,1,24.0,0.0,0.0,2.8855350017547607,2_20_14_1C_Cycle.xlsx,0.00036527216,6.800559029103179e-05
A123_094,25C,90,4.047112941741943,1.0,4.066734313964844,2.331001882772308,0.0,1,24.0,0.0,0.0,2.8855350017547607,9_25_13_1C_Cycle.xlsx,0.0,0.00023365668128264876
A123_094,25C,120,4.039329051971436,1.0,4.066734313964844,2.320178588172273,0.0,1,24.0,0.0,0.0,2.8855350017547607,8_1_13_1C_Cycle.xlsx,0.0,-6.410414337198082e-06
A123_094,25C,30,4.066896438598633,1.0,4.066896438598633,2.3172084820270538,0.0,1,24.0,0.0,0.0,2.8855350017547607,8_12_13_1C_Cycle.xlsx,0.00054728985,0.0004978347607391142
A123_094,25C,60,2.476901054382324,0.0,2.3886849880218506,-2.4997367589370065,-0.0,1,24.0,0.0,0.0,2.8855350017547607,8_29_13_1C_Cycle.xlsx,0.00023275614,0.00027461042349351164
A123_094,25C,90,4.051167011260986,1.0,4.068518161773682,2.339476384745355,0.0,1,24.0,0.0,0.0,2.8855350017547607,2_20_14_1C_Cycle.xlsx,5.567074e-05,0.0003596220462764771
A123_094,25C,120,4.039004802703857,1.0,4.066896438598633,2.3093278856231616,0.0,1,24.0,0.0,0.0,2.8855350017547607,7_11_13_1C_Cycle.xlsx,0.00041396916,-1.889442025475428e-05
A123_094,25C,30,2.3941986560821533,0.0,2.3941986560821533,-2.499698119285779,-0.0,1,24.0,0.0,0.0,2.8855350017547607,8_1_13_1C_Cycle.xlsx,0.0002694279,0.0002782400671567091
A123_094,25C,90,4.046788215637207,1.0,4.066410064697266,2.3112891351511657,0.0,1,24.0,0.0,0.0,2.8855350017547607,10_16_13_1C_Cycle.xlsx,0.00078600645,-0.0001251186842285192
A123_094,25C,60,2.474792957305908,0.0,2.3799283504486084,-2.4997015432877974,-0.0,1,24.0,0.0,0.0,2.8855350017547607,12_4_13_1C_Cycle.xlsx,0.0003117472,0.00027461042349351164
A123_094,25C,30,2.47754979133606,0.0,2.47754979133606,-2.4771853299845046,-0.0,1,24.0,0.0,0.0,2.8855350017547607,12_4_13_1C_Cycle.xlsx,0.00025978684,0.00029601475214002197
A123_094,25C,120,2.5621981620788574,0.0,2.400036334991455,-2.49970647205006,-0.0,1,24.0,0.0,0.0,2.8855350017547607,12_4_13_1C_Cycle.xlsx,0.0005541742,0.00021495709271129117
A123_094,25C,60,2.5296034812927246,0.0,2.4752793312072754,-2.499711402979764,-0.0,1,24.0,0.0,0.0,2.8855350017547607,12_13_13_1C_Cycle.xlsx,0.0008621067,0.00018026167288213377
A123_094,25C,120,4.042409896850586,1.0,4.0680317878723145,2.326863221949389,0.0,1,24.0,0.0,0.0,2.8855350017547607,12_4_13_1C_Cycle.xlsx,0.00034183264,-7.955005054725217e-05
A123_094,25C,60,2.4717118740081787,0.0,2.3737661838531494,-2.499916765906594,-0.0,1,24.0,0.0,0.0,2.8855350017547607,12_13_13_1C_Cycle.xlsx,0.00030258298,0.0002663776533964107
A123_094,25C,90,2.5313873291015625,0.0,2.382522821426392,-2.4998379057103937,-0.0,1,24.0,0.0,0.0,2.8855350017547607,12_4_13_1C_Cycle.xlsx,0.0003695339,0.0001889047827147582
A123_094,25C,120,4.040139675140381,1.0,4.066896438598633,2.3332844262685235,0.0,1,24.0,0.0,0.0,2.8855350017547607,8_29_13_1C_Cycle.xlsx,0.0,0.0003198480671950756
A123_094,25C,60,4.056680202484131,1.0,4.0673828125,2.322013613276594,0.0,1,24.0,0.0,0.0,2.8855350017547607,7_19_13_1C_Cycle.xlsx,0.00034832954,0.0003732014421387635
A123_094,25C,120,2.561549425125122,0.0,2.378955364227295,-2.4998957578625,-0.0,1,24.0,0.0,0.0,2.8855350017547607,10_16_13_1C_Cycle.xlsx,0.0,-3.908992505288762e-05
A123_094,25C,60,2.472684860229492,0.0,2.379279613494873,-2.499866344232475,-0.0,1,24.0,0.0,0.0,2.8855350017547607,9_25_13_1C_Cycle.xlsx,0.00023964047,0.0002663776533964107
A123_094,25C,150,4.034788608551025,1.0,4.067869663238525,2.3170119374394416,0.0,1,24.0,0.0,0.0,2.8855350017547607,8_12_13_1C_Cycle.xlsx,0.0005481839,-0.007964797108641236
A123_094,25C,60,4.0620317459106445,1.0,4.071112632751465,2.3532519830465315,0.0,1,24.0,0.0,0.0,2.8855350017547607,7_24_13_1C_Cycle.xlsx,0.0,-0.015833451215625603
A123_094,25C,60,4.05684232711792,1.0,4.0673828125,2.315468361721404,0.0,1,24.0,0.0,0.0,2.8855350017547607,8_29_13_1C_Cycle.xlsx,0.00088605285,0.0010121715054272039
A123_094,25C,120,2.5709547996521,0.0,2.3989012241363525,-2.499704844483705,-0.0,1,24.0,0.0,0.0,2.8855350017547607,3_4_14_1C_Cycle.xlsx,0.00067940354,0.0001450115798550774
A123_094,25C,120,2.578089952468872,0.0,2.422901153564453,-2.499693021596035,-0.0,1,24.0,0.0,0.0,2.8855350017547607,2_20_14_1C_Cycle.xlsx,0.0014148355,-0.028529767532757436
A123_094,25C,30,4.066410064697266,1.0,4.066410064697266,2.2677286233614997,0.0,1,24.0,0.0,0.0,2.8855350017547607,7_3_13_1C_Cycle.xlsx,0.0053790063,-0.07588796006808254
A123_094,25C,120,4.044193744659424,1.0,4.069004535675049,2.3443212493370145,0.0,1,24.0,0.0,0.0,2.8855350017547607,11_18_13_1C_Cycle.xlsx,0.0,-0.00010825948275200408
A123_094,25C,60,4.057166576385498,1.0,4.067544937133789,2.3193598905284154,0.0,1,24.0,0.0,0.0,2.8855350017547607,3_4_14_1C_Cycle.xlsx,0.00068615377,0.0006491152495570785
A123_094,25C,150,4.032842636108398,1.0,4.066572189331055,2.31115624111546,0.0,1,24.0,0.0,0.0,2.8855350017547607,10_16_13_1C_Cycle.xlsx,0.00055488944,-5.634955075275213e-05
A123_094,25C,90,2.5317115783691406,0.0,2.3989012241363525,-2.499668684872714,-0.0,1,24.0,0.0,0.0,2.8855350017547607,12_13_13_1C_Cycle.xlsx,0.0005365461,0.0004607529857466502
A123_094,25C,30,2.403928279876709,0.0,2.403928279876709,-2.499708224679822,-0.0,1,24.0,0.0,0.0,2.8855350017547607,3_4_14_1C_Cycle.xlsx,0.00028847158,0.00467484519503104
A123_094,25C,60,4.056193828582764,1.0,4.066896438598633,2.3280702317211808,0.0,1,24.0,0.0,0.0,2.8855350017547607,11_6_13_1C_Cycle.xlsx,0.0,0.0008055942191905181
A123_094,25C,90,4.051977634429932,1.0,4.069490909576416,2.3435924298808737,0.0,1,24.0,0.0,0.0,2.8855350017547607,11_6_13_1C_Cycle.xlsx,0.0,0.0006122126620642149
A123_094,25C,120,4.0343017578125,1.0,4.067220687866211,2.324768040042657,0.0,1,24.0,0.0,0.0,2.8855350017547607,12_13_13_1C_Cycle.xlsx,0.0,-2.729119512224557e-05
A123_094,25C,150,4.038355827331543,1.0,4.068680286407471,2.3389090127066563,0.0,1,24.0,0.0,0.0,2.8855350017547607,3_4_14_1C_Cycle.xlsx,0.00036852062,0.00010708729212188599
A123_094,25C,30,2.472846984863281,0.0,2.472846984863281,-2.4997922020989494,-0.0,1,24.0,0.0,0.0,2.8855350017547607,11_6_13_1C_Cycle.xlsx,0.00075915456,0.00024077066310884823
A123_094,25C,30,4.067058563232422,1.0,4.067058563232422,2.315772878126271,0.0,1,24.0,0.0,0.0,2.8855350017547607,8_29_13_1C_Cycle.xlsx,0.00062172115,0.0004978347607391142
A123_094,25C,60,2.470576763153076,0.0,2.3740904331207275,-2.4999377131462097,-0.0,1,24.0,0.0,0.0,2.8855350017547607,10_16_13_1C_Cycle.xlsx,0.00025062263,0.0002663776533964107
A123_094,25C,90,2.528468370437622,0.0,2.39776611328125,-2.499685061078112,-0.0,1,24.0,0.0,0.0,2.8855350017547607,7_15_13_1C_Cycle.xlsx,0.0004465878,0.0004607529857466502
A123_094,25C,60,4.057004451751709,1.0,4.067220687866211,2.3278273116139805,0.0,1,24.0,0.0,0.0,2.8855350017547607,10_16_13_1C_Cycle.xlsx,0.00018641353,0.0022513082625782183
A123_094,25C,30,2.47317123413086,0.0,2.47317123413086,-2.477873866597759,-0.0,1,24.0,0.0,0.0,2.8855350017547607,10_16_13_1C_Cycle.xlsx,0.00021773577,0.00029601475214002197
A123_094,25C,90,4.039977550506592,1.0,4.066734313964844,2.313090141923701,0.0,1,24.0,0.0,0.0,2.8855350017547607,10_07_13_1C_Cycle.xlsx,0.0,-1.5801127422272285e-05
A123_094,25C,150,4.039166927337647,1.0,4.068518161773682,2.339476384745355,0.0,1,24.0,0.0,0.0,2.8855350017547607,2_20_14_1C_Cycle.xlsx,0.0007982403,0.00010708729212188599
A123_094,25C,60,2.5292792320251465,0.0,2.478360414505005,-2.4774229622926214,-0.0,1,24.0,0.0,0.0,2.8855350017547607,11_18_13_1C_Cycle.xlsx,0.00027242303,0.0002814760463804901
A123_094,25C,30,2.378955364227295,0.0,2.378955364227295,-2.4998894240878045,-0.0,1,24.0,0.0,0.0,2.8855350017547607,1_23_14_1C_Cycle.xlsx,0.0002709031,0.00031597758152679054
A123_094,25C,60,4.056031703948975,1.0,4.066572189331055,2.3114534422508943,0.0,1,24.0,0.0,0.0,2.8855350017547607,10_16_13_1C_Cycle.xlsx,0.0011445433,-6.35974118832797e-05
A123_094,25C,30,2.4799821376800537,0.0,2.4799821376800537,-2.4781907647506918,-0.0,1,24.0,0.0,0.0,2.8855350017547607,8_29_13_1C_Cycle.xlsx,0.00031666458,0.00029601475214002197
A123_094,25C,60,4.056355953216553,1.0,4.066734313964844,2.324431402178911,0.0,1,24.0,0.0,0.0,2.8855350017547607,1_23_14_1C_Cycle.xlsx,0.00029030442,8.428096593661798e-05
A123_094,25C,30,2.394036293029785,0.0,2.394036293029785,-2.4997141484556527,-0.0,1,24.0,0.0,0.0,2.8855350017547607,8_12_13_1C_Cycle.xlsx,0.00026971102,0.0002782400671567091
A123_094,25C,90,2.5276577472686768,0.0,2.393712043762207,-2.499714760158373,-0.0,1,24.0,0.0,0.0,2.8855350017547607,8_29_13_1C_Cycle.xlsx,0.0004015416,0.0001971375528118593
A123_094,25C,90,2.5539278984069824,0.0,2.40830659866333,-2.4997586054461345,-0.0,1,24.0,0.0,0.0673531844196503,2.9214887298513648,9_25_13_1C_Cycle.xlsx,0.0011608303,0.006562791894043726
A123_094,25C,30,2.3929011821746826,0.0,2.3929011821746826,-2.4997423280749405,-0.0,1,24.0,0.0,0.0,2.8855350017547607,9_16_13_1C_Cycle.xlsx,0.00026926398,0.0003242103516238914
A123_094,25C,60,4.061058521270752,1.0,4.070464134216309,2.3433888397984584,0.0,1,24.0,0.0,0.0,2.8855350017547607,12_4_13_1C_Cycle.xlsx,0.0,-0.0001358007076981226
A123_094,25C,90,2.525873899459839,0.0,2.395171642303467,-2.4997398078951063,-0.0,1,24.0,0.0,0.0,2.8855350017547607,8_1_13_1C_Cycle.xlsx,0.00036618114,0.0001971375528118593
A123_094,25C,30,4.0680317878723145,1.0,4.0680317878723145,2.327007474518624,0.0,1,24.0,0.0,0.0,2.8855350017547607,12_4_13_1C_Cycle.xlsx,0.00024402142,0.00030151647762981823
A123_094,25C,150,4.042247772216797,1.0,4.070464134216309,2.341550955058713,0.0,1,24.0,0.0,0.0,2.8855350017547607,2_4_14_1C_Cycle.xlsx,0.0014796704,0.0009414914705813886
A123_094,25C,120,4.039977550506592,1.0,4.067220687866211,2.319603585948547,0.0,1,24.0,0.0,0.0,2.8855350017547607,8_1_13_1C_Cycle.xlsx,5.7280064e-05,0.0001866897230723564
A123_094,25C,90,4.046788215637207,1.0,4.066247940063477,2.3149616523850254,0.0,1,24.0,0.0,0.0,2.8855350017547607,9_16_13_1C_Cycle.xlsx,0.0005732477,-0.0001251186842285192
A123_094,25C,90,4.047112941741943,1.0,4.066896438598633,2.312928716545222,0.0,1,24.0,0.0,0.0,2.8855350017547607,9_25_13_1C_Cycle.xlsx,0.00061510503,0.0002768559346288365
A123_094,25C,30,4.066734313964844,1.0,4.066734313964844,2.316161894509869,0.0,1,24.0,0.0,0.0,2.8855350017547607,8_29_13_1C_Cycle.xlsx,0.0005867183,0.00022811992354537775
A123_094,25C,90,4.048409938812256,1.0,4.0673828125,2.3193487970060422,0.0,1,24.0,0.0,0.0,2.8855350017547607,3_4_14_1C_Cycle.xlsx,0.0005812645,0.0003265586204656358
A123_094,25C,30,2.4794955253601074,0.0,2.4794955253601074,-2.478150257835735,-0.0,1,24.0,0.0,0.0,2.8855350017547607,8_29_13_1C_Cycle.xlsx,0.00030899048,0.00029601475214002197
A123_094,25C,30,4.067220687866211,1.0,4.067220687866211,2.3205545216150907,0.0,1,24.0,0.0,0.0,2.8855350017547607,2_4_14_1C_Cycle.xlsx,0.00042381883,0.0004922769086827322
A123_094,25C,120,4.043869495391846,1.0,4.0680317878723145,2.3392909539111875,0.0,1,24.0,0.0,0.0,2.8855350017547607,2_4_14_1C_Cycle.xlsx,0.00017082691,-7.72395436039806e-05
A123_094,25C,90,2.5249009132385254,0.0,2.451279401779175,-2.4996828796449773,-0.0,1,24.0,0.0,0.0,2.8855350017547607,7_8_13_1C_Cycle.xlsx,0.0004826486,-6.788671989928655e-05
A123_094,25C,30,4.067220687866211,1.0,4.067220687866211,2.3245333208997025,0.0,1,24.0,0.0,0.0,2.8855350017547607,12_13_13_1C_Cycle.xlsx,0.00028832257,0.00043709434368958305
A123_094,25C,60,4.062193870544434,1.0,4.071112632751465,2.3621426365441747,0.0,1,24.0,0.0,0.0,2.8855350017547607,12_4_13_1C_Cycle.xlsx,0.0,-0.0002618954162704977
A123_094,25C,30,2.472360610961914,0.0,2.472360610961914,-2.4778207321518524,-0.0,1,24.0,0.0,0.0,2.8855350017547607,9_25_13_1C_Cycle.xlsx,0.00020593405,0.00029601475214002197
A123_094,25C,60,4.056031703948975,1.0,4.066572189331055,2.313229336785,0.0,1,24.0,0.0,0.0,2.8855350017547607,10_07_13_1C_Cycle.xlsx,0.0009957105,-6.35974118832797e-05
A123_094,25C,120,4.039166927337647,1.0,4.066896438598633,2.314565052407059,0.0,1,24.0,0.0,0.0,2.8855350017547607,8_29_13_1C_Cycle.xlsx,0.00014175475,-1.1660516129803288e-05
A123_094,25C,90,4.046950817108154,1.0,4.066734313964844,2.313051603673423,0.0,1,24.0,0.0,0.0,2.8855350017547607,10_07_13_1C_Cycle.xlsx,0.0005927533,-1.5801127422272285e-05
A123_094,25C,30,2.485171318054199,0.0,2.485171318054199,-2.4999362352852508,-0.0,1,24.0,0.0,0.0,2.8855350017547607,2_4_14_1C_Cycle.xlsx,0.00090646744,0.0005550319331119449
A123_094,25C,90,2.529927968978882,0.0,2.378793239593506,-2.499758011585957,-0.0,1,24.0,0.0,0.0,2.8855350017547607,11_6_13_1C_Cycle.xlsx,0.00028915703,0.0001889047827147582
A123_094,25C,60,2.5268468856811523,0.0,2.4794955253601074,-2.499717903137207,-0.0,1,24.0,0.0,0.0,2.8855350017547607,8_29_13_1C_Cycle.xlsx,0.0006970465,0.00018026167288213377
A123_094,25C,60,2.4751172065734863,0.0,2.3817121982574463,-2.499733602051186,-0.0,1,24.0,0.0,0.0,2.8855350017547607,10_07_13_1C_Cycle.xlsx,0.0002925098,0.00027461042349351164
A123_094,25C,150,4.0343017578125,1.0,4.067544937133789,2.317113120853901,0.0,1,24.0,0.0,0.0,2.8855350017547607,8_12_13_1C_Cycle.xlsx,0.00043730438,0.00017704144533909732
A123_094,25C,60,4.05959939956665,1.0,4.069004535675049,2.338657018777571,0.0,1,24.0,0.0,0.0,2.8855350017547607,3_4_14_1C_Cycle.xlsx,4.6789646e-06,0.0013492152369807703
A123_094,25C,30,4.067058563232422,1.0,4.067058563232422,2.314620878880586,0.0,1,24.0,0.0,0.0,2.8855350017547607,8_19_13_1C_Cycle6.xlsx,0.00067824125,0.0004978347607391142
A123_094,25C,60,4.057491302490234,1.0,4.0680317878723145,2.334693940356374,0.0,1,24.0,0.0,0.0,2.8855350017547607,8_12_13_1C_Cycle.xlsx,0.0,0.0010499131138639374
A123_094,25C,30,4.067220687866211,1.0,4.067220687866211,2.340671308338642,0.0,1,24.0,0.0,0.0,2.8855350017547607,2_20_14_1C_Cycle.xlsx,6.657839e-05,0.0010436524533537724
A123_094,25C,30,4.066896438598633,1.0,4.066896438598633,2.312724312187218,0.0,1,24.0,0.0,0.0,2.8855350017547607,9_25_13_1C_Cycle.xlsx,0.00076785684,0.0006203438219278718
A123_094,25C,90,4.047275066375732,1.0,4.066734313964844,2.31808724462986,0.0,1,24.0,0.0,0.0,2.8855350017547607,8_1_13_1C_Cycle.xlsx,0.00038823485,4.5748444039337305e-05
A123_094,25C,60,2.4861443042755127,0.0,2.3922526836395264,-2.4997909826653024,-0.0,1,24.0,0.0,0.0,2.8855350017547607,2_4_14_1C_Cycle.xlsx,0.0005644113,0.0002663776533964107
A123_094,25C,30,4.067220687866211,1.0,4.067220687866211,2.329351816885173,0.0,1,24.0,0.0,0.0,2.8855350017547607,10_16_13_1C_Cycle.xlsx,0.00016763806,0.001933692675594248
A123_094,25C,120,2.577765703201294,0.0,2.4222524166107178,-2.499834896248078,-0.0,1,24.0,0.0,0.0,2.8855350017547607,2_20_14_1C_Cycle.xlsx,0.0013938546,-0.002831119530534715
A123_094,25C,90,2.52425217628479,0.0,2.39776611328125,-2.499721493039812,-0.0,1,24.0,0.0,0.0,2.8855350017547607,7_19_13_1C_Cycle.xlsx,0.00033597648,0.0004607529857466502
A123_094,25C,150,4.033166885375977,1.0,4.066572189331055,2.31306494546474,0.0,1,24.0,0.0,0.0,2.8855350017547607,10_07_13_1C_Cycle.xlsx,0.0005747676,-5.634955075275213e-05
A123_094,25C,60,4.056518077850342,1.0,4.067058563232422,2.327686118728974,0.0,1,24.0,0.0,0.0,2.8855350017547607,11_6_13_1C_Cycle.xlsx,6.723404e-05,0.0005703938958592532
A123_094,25C,150,4.033004760742188,1.0,4.066734313964844,2.31317010576852,0.0,1,24.0,0.0,0.0,2.8855350017547607,9_25_13_1C_Cycle.xlsx,0.00042299926,-2.9311470128476755e-05
A123_094,25C,120,4.044517993927002,1.0,4.069004535675049,2.34010019859542,0.0,1,24.0,0.0,0.0,2.8855350017547607,2_4_14_1C_Cycle.xlsx,5.4836273e-05,6.800559029103179e-05
A123_094,25C,30,2.386739015579224,0.0,2.386739015579224,-2.499830994112738,-0.0,1,24.0,0.0,0.0,2.8855350017547607,8_12_13_1C_Cycle.xlsx,0.00026760995,0.00031597758152679054
A123_094,25C,150,4.03251838684082,1.0,4.066410064697266,2.31308269054919,0.0,1,24.0,0.0,0.0,2.8855350017547607,9_25_13_1C_Cycle.xlsx,0.00033053756,-5.634955075275213e-05
A123_094,25C,30,2.481765985488892,0.0,2.481765985488892,-2.4998844501075395,-0.0,1,24.0,0.0,0.0,2.8855350017547607,1_23_14_1C_Cycle.xlsx,0.0008637011,0.00024077066310884823
A123_094,25C,30,4.068680286407471,1.0,4.068680286407471,2.339067494986873,0.0,1,24.0,0.0,0.0,2.8855350017547607,3_4_14_1C_Cycle.xlsx,7.197261e-05,0.0007774414737087954
A123_094,25C,30,2.476252317428589,0.0,2.476252317428589,-2.477830243798324,-0.0,1,24.0,0.0,0.0,2.8855350017547607,9_25_13_1C_Cycle.xlsx,0.00025740266,0.00029601475214002197
A123_094,25C,60,4.05830192565918,1.0,4.0680317878723145,2.3247856226260377,0.0,1,24.0,0.0,0.0,2.8855350017547607,12_4_13_1C_Cycle.xlsx,0.0006451309,0.00030319118956292766
A123_094,25C,60,4.0558695793151855,1.0,4.066734313964844,2.314654649818331,0.0,1,24.0,0.0,0.0,2.8855350017547607,8_29_13_1C_Cycle.xlsx,0.0007289201,5.651600458995285e-05
A123_094,25C,90,2.531549453735352,0.0,2.389009475708008,-2.499721258336848,-0.0,1,24.0,0.0,0.0,2.8855350017547607,12_4_13_1C_Cycle.xlsx,0.0004504323,0.0001971375528118593
A123_094,25C,150,4.034139633178711,1.0,4.067220687866211,2.327505438079854,0.0,1,24.0,0.0,0.0,2.8855350017547607,11_6_13_1C_Cycle.xlsx,0.0,0.00029749604328639445
A123_094,25C,30,2.3820364475250244,0.0,2.3820364475250244,-2.499735230699592,-0.0,1,24.0,0.0,0.0,2.8855350017547607,1_23_14_1C_Cycle.xlsx,0.0002643168,0.0003242103516238914
A123_094,25C,30,2.504468441009521,0.0,2.504468441009521,-2.47657485919707,-0.0,1,24.0,0.0,0.0,2.8855350017547607,2_20_14_1C_Cycle.xlsx,0.0006584823,-0.007300165151007277
A123_094,25C,60,4.057491302490234,1.0,4.067869663238525,2.3252143417248283,0.0,1,24.0,0.0,0.0,2.8855350017547607,12_4_13_1C_Cycle.xlsx,0.00031726062,0.00030319118956292766
A123_094,25C,150,4.032842636108398,1.0,4.066572189331055,2.316153154017464,0.0,1,24.0,0.0,0.0,2.8855350017547607,8_29_13_1C_Cycle.xlsx,0.00021335483,-5.634955075275213e-05
A123_094,25C,90,4.048734188079834,1.0,4.067544937133789,2.3219040912130606,0.0,1,24.0,0.0,0.0,2.8855350017547607,2_4_14_1C_Cycle.xlsx,0.00048711896,0.0004019580280158115
A123_094,25C,150,4.03251838684082,1.0,4.066572189331055,2.313094541002981,0.0,1,24.0,0.0,0.0,2.8855350017547607,9_25_13_1C_Cycle.xlsx,0.00026972592,-5.634955075275213e-05
A123_094,25C,90,2.5229549407958984,0.0,2.401495933532715,-2.4995506638187472,-0.0,1,24.0,0.0,0.0,2.8855350017547607,7_24_13_1C_Cycle.xlsx,0.00031000376,0.0015600254932655617
A123_094,25C,60,2.478198289871216,0.0,2.393387794494629,-2.499662611219618,-0.0,1,24.0,0.0,0.0,2.8855350017547607,8_1_13_1C_Cycle.xlsx,0.0001924336,0.00027461042349351164
A123_094,25C,30,2.398252487182617,0.0,2.398252487182617,-2.4996668210550514,-0.0,1,24.0,0.0,0.0,2.8855350017547607,7_19_13_1C_Cycle.xlsx,0.0002747476,0.000541855500091499
A123_094,25C,60,2.505117177963257,0.0,2.422739028930664,-2.499720045339281,-0.0,1,24.0,0.0,0.0,2.8855350017547607,2_20_14_1C_Cycle.xlsx,0.000800401,0.0009842271545621559
A123_094,25C,30,2.3820364475250244,0.0,2.3820364475250244,-2.4997418626732784,-0.0,1,24.0,0.0,0.0,2.8855350017547607,1_23_14_1C_Cycle.xlsx,0.0002645254,0.0003242103516238914
A123_094,25C,60,4.056193828582764,1.0,4.066896438598633,2.3159958030427656,0.0,1,24.0,0.0,0.0,2.8855350017547607,8_29_13_1C_Cycle.xlsx,0.0007227659,0.0002520115371323376
A123_094,25C,60,4.056193828582764,1.0,4.066572189331055,2.3134559201168234,0.0,1,24.0,0.0,0.0,2.8855350017547607,10_07_13_1C_Cycle.xlsx,0.0010665655,-6.35974118832797e-05
A123_094,25C,60,4.056193828582764,1.0,4.066896438598633,2.320101161561315,0.0,1,24.0,0.0,0.0,2.8855350017547607,8_1_13_1C_Cycle.xlsx,0.00043672323,0.00027686507968000424
A123_094,25C,120,4.039653301239014,1.0,4.066896438598633,2.3280702317211808,0.0,1,24.0,0.0,0.0,2.8855350017547607,11_6_13_1C_Cycle.xlsx,0.0,0.001366676118390624
A123_094,25C,90,2.52571177482605,0.0,2.3929011821746826,-2.4999174781467604,-0.0,1,24.0,0.0,0.0,2.8855350017547607,8_29_13_1C_Cycle.xlsx,0.00035113096,0.0001889047827147582
A123_094,25C,60,2.4874415397644043,0.0,2.3943607807159424,-2.4999092115420045,-0.0,1,24.0,0.0,0.0,2.8855350017547607,2_4_14_1C_Cycle.xlsx,0.00058309734,0.0002663776533964107
A123_094,25C,30,2.47900915145874,0.0,2.47900915145874,-2.4781658372566797,-0.0,1,24.0,0.0,0.0,2.8855350017547607,8_29_13_1C_Cycle.xlsx,0.00030265749,0.00029601475214002197
A123_094,25C,90,2.5274953842163086,0.0,2.376198530197144,-2.4998280078441173,-0.0,1,24.0,0.0,0.0,2.8855350017547607,11_6_13_1C_Cycle.xlsx,0.00021034479,0.0001889047827147582
A123_094,25C,60,2.48500919342041,0.0,2.399712085723877,-2.499699397130056,-0.0,1,24.0,0.0,0.0,2.8855350017547607,11_18_13_1C_Cycle.xlsx,0.0003644079,0.0005382258564283015
A123_094,25C,60,2.5213332176208496,0.0,2.466036081314087,-2.49979277627658,-0.0,1,24.0,0.0,0.0,2.8855350017547607,9_25_13_1C_Cycle.xlsx,0.00067043304,0.00018026167288213377
A123_094,25C,150,4.033815383911133,1.0,4.067058563232422,2.332096236101428,0.0,1,24.0,0.0,0.0,2.8855350017547607,9_16_13_1C_Cycle.xlsx,0.0,0.00030475457261957216
A123_094,25C,60,2.4799821376800537,0.0,2.3925769329071045,-2.49973683529072,-0.0,1,24.0,0.0,0.0,2.8855350017547607,11_18_13_1C_Cycle.xlsx,0.0002887845,0.00027461042349351164
A123_094,25C,90,2.527819871902466,0.0,2.382522821426392,-2.4997591909054107,-0.0,1,24.0,0.0,0.0,2.8855350017547607,10_07_13_1C_Cycle.xlsx,0.00030109286,0.0001889047827147582
A123_094,25C,90,4.048734188079834,1.0,4.067707061767578,2.319041334419397,0.0,1,24.0,0.0,0.0,2.8855350017547607,3_4_14_1C_Cycle.xlsx,0.00063061714,0.0004019580280158115
A123_094,25C,120,4.043869495391846,1.0,4.06884241104126,2.344707118820841,0.0,1,24.0,0.0,0.0,2.8855350017547607,11_18_13_1C_Cycle.xlsx,0.0,-0.00010825948275200408
A123_094,25C,30,4.069004535675049,1.0,4.069004535675049,2.3443763642492943,0.0,1,24.0,0.0,0.0,2.8855350017547607,11_18_13_1C_Cycle.xlsx,7.677078e-05,0.0013600544396456533
A123_094,25C,30,4.069166660308838,1.0,4.069166660308838,2.3400766531410424,0.0,1,24.0,0.0,0.0,2.8855350017547607,2_4_14_1C_Cycle.xlsx,7.112324e-05,0.0002567240548461628
A123_094,25C,30,2.385603904724121,0.0,2.385603904724121,-2.499703215286795,-0.0,1,24.0,0.0,0.0,2.8855350017547607,10_07_13_1C_Cycle.xlsx,0.0002631247,0.0002782400671567091
A123_094,25C,60,4.057328701019287,1.0,4.067869663238525,2.3170119374394416,0.0,1,24.0,0.0,0.0,2.8855350017547607,8_12_13_1C_Cycle.xlsx,0.00080665946,-0.007376273979657858
A123_094,25C,120,2.5542521476745605,0.0,2.39322566986084,-2.4997089174058704,-0.0,1,24.0,0.0,0.0,2.8855350017547607,8_12_13_1C_Cycle.xlsx,0.0002411902,8.964915667749628e-05
A123_094,25C,60,4.056355953216553,1.0,4.066734313964844,2.327780217370566,0.0,1,24.0,0.0,0.0,2.8855350017547607,11_6_13_1C_Cycle.xlsx,0.000100791454,0.0002598125588920774
A123_094,25C,120,4.039329051971436,1.0,4.066734313964844,2.320223041292694,0.0,1,24.0,0.0,0.0,2.8855350017547607,8_1_13_1C_Cycle.xlsx,0.0,-6.410414337198082e-06
A123_094,25C,30,4.067869663238525,1.0,4.067869663238525,2.339674444509703,0.0,1,24.0,0.0,0.0,2.8855350017547607,2_4_14_1C_Cycle.xlsx,6.684661e-05,0.0005391313299481793
A123_094,25C,120,4.039653301239014,1.0,4.067220687866211,2.323663246119395,0.0,1,24.0,0.0,0.0,2.8855350017547607,7_15_13_1C_Cycle.xlsx,0.0,0.0008748158975213511
A123_094,25C,120,2.5587925910949707,0.0,2.3799283504486084,-2.49979277627658,-0.0,1,24.0,0.0,0.0,2.8855350017547607,9_25_13_1C_Cycle.xlsx,0.0,-3.908992505288762e-05
A123_094,25C,60,2.504144191741944,0.0,2.4214417934417725,-2.499713291631681,-0.0,1,24.0,0.0,0.0,2.8855350017547607,2_20_14_1C_Cycle.xlsx,0.00078240037,0.0020995722240718722
A123_094,25C,30,2.4799821376800537,0.0,2.4032795429229736,-2.4997313426712813,-0.0306843353314574,1,24.0,0.0,0.0,2.8855350017547607,7_24_13_1C_Cycle.xlsx,0.0019444674,0.01622272283792138
A123_094,25C,150,4.033004760742188,1.0,4.066410064697266,2.313355210435684,0.0,1,24.0,0.0,0.0,2.8855350017547607,10_07_13_1C_Cycle.xlsx,0.0005403012,-5.634955075275213e-05
A123_094,25C,90,4.049383163452148,1.0,4.067707061767578,2.3238098128982214,0.0,1,24.0,0.0,0.0,2.8855350017547607,2_4_14_1C_Cycle.xlsx,0.0005994439,0.00034677546302266205
A123_094,25C,30,4.06884241104126,1.0,4.06884241104126,2.339376524156123,0.0,1,24.0,0.0,0.0,2.8855350017547607,2_20_14_1C_Cycle.xlsx,7.174909e-05,0.0007774414737087954
A123_094,25C,30,2.379279613494873,0.0,2.379279613494873,-2.4999052654613148,-0.0,1,24.0,0.0,0.0,2.8855350017547607,12_13_13_1C_Cycle.xlsx,0.00027121603,0.00031597758152679054
A123_094,25C,150,4.042247772216797,1.0,4.071112632751465,2.3532100651860235,0.0,1,24.0,0.0,0.0,2.8855350017547607,7_24_13_1C_Cycle.xlsx,0.0002438128,-0.010301848570930297
A123_094,25C,90,2.5398197174072266,0.0,2.3989012241363525,-2.4997183563553285,-0.0,1,24.0,0.0,0.0,2.8855350017547607,3_4_14_1C_Cycle.xlsx,0.0007352233,0.0004607529857466502
A123_094,25C,60,4.058626174926758,1.0,4.068356037139893,2.3450684634558225,0.0,1,24.0,0.0,0.0,2.8855350017547607,11_6_13_1C_Cycle.xlsx,0.0,0.0006035077620785463
A123_094,25C,150,4.039004802703857,1.0,4.068680286407471,2.3394827323786,0.0,1,24.0,0.0,0.0,2.8855350017547607,2_20_14_1C_Cycle.xlsx,0.00064106286,0.00010708729212188599
A123_094,25C,90,4.042734146118164,1.0,4.0680317878723145,2.3249509797384174,0.0,1,24.0,0.0,0.0,2.8855350017547607,12_4_13_1C_Cycle.xlsx,0.0,-7.665566916605219e-05
A123_094,25C,60,4.0558695793151855,1.0,4.066572189331055,2.313368545814616,0.0,1,24.0,0.0,0.0,2.8855350017547607,10_07_13_1C_Cycle.xlsx,0.0008973479,-6.35974118832797e-05
A123_094,25C,90,4.047599315643311,1.0,4.067058563232422,2.332156955401917,0.0,1,24.0,0.0,0.0,2.8855350017547607,9_16_13_1C_Cycle.xlsx,0.0,0.0005991369443899372
A123_094,25C,60,4.057491302490234,1.0,4.067707061767578,2.324266235479432,0.0,1,24.0,0.0,0.0,2.8855350017547607,1_23_14_1C_Cycle.xlsx,0.00043457747,0.000593932684563929
A123_094,25C,60,2.528468370437622,0.0,2.4754414558410645,-2.4773955420272875,-0.0,1,24.0,0.0,0.0,2.8855350017547607,11_6_13_1C_Cycle.xlsx,0.00028780103,0.0002814760463804901
A123_094,25C,30,2.3838202953338623,0.0,2.3838202953338623,-2.4997201342331734,-0.0,1,24.0,0.0,0.0,2.8855350017547607,9_16_13_1C_Cycle.xlsx,0.00026354194,0.0002782400671567091
A123_094,25C,90,2.523603677749634,0.0,2.374901294708252,-2.49987434074942,-0.0,1,24.0,0.0,0.0,2.8855350017547607,9_25_13_1C_Cycle.xlsx,0.00012639165,0.0001889047827147582
A123_094,25C,150,4.033815383911133,1.0,4.067058563232422,2.3142213433738648,0.0,1,24.0,0.0,0.0,2.8855350017547607,9_16_13_1C_Cycle.xlsx,0.0006092787,-8.901365631115468e-05
A123_094,25C,60,4.056518077850342,1.0,4.067058563232422,2.319537615787888,0.0,1,24.0,0.0,0.0,2.8855350017547607,8_1_13_1C_Cycle.xlsx,0.000559181,0.00027686507968000424
A123_094,25C,60,2.47900915145874,0.0,2.39776611328125,-2.499721493039812,-0.0,1,24.0,0.0,0.0,2.8855350017547607,7_19_13_1C_Cycle.xlsx,0.00014013052,0.0005382258564283015
A123_094,25C,30,2.3611176013946533,0.0,2.3611176013946533,-2.499672418783519,-0.0,1,24.0,0.0,0.0,2.8855350017547607,7_5_13_1C_Cycle.xlsx,0.00029668212,0.0002782400671567091
A123_094,25C,120,4.040463924407959,1.0,4.0673828125,2.3175091530680656,0.0,1,24.0,0.0,0.0,2.8855350017547607,8_12_13_1C_Cycle.xlsx,0.0003373474,0.000260440390990374
A123_094,25C,60,4.056518077850342,1.0,4.067220687866211,2.319333992661938,0.0,1,24.0,0.0,0.0,2.8855350017547607,8_1_13_1C_Cycle.xlsx,0.0005109608,0.0003689165633143964
A123_094,25C,60,4.056031703948975,1.0,4.066734313964844,2.3128664874639666,0.0,1,24.0,0.0,0.0,2.8855350017547607,9_25_13_1C_Cycle.xlsx,0.00095140934,5.651600458995285e-05
A123_094,25C,90,2.5266847610473637,0.0,2.3740904331207275,-2.5001909605094363,-0.0,1,24.0,0.0,0.0,2.8855350017547607,10_16_13_1C_Cycle.xlsx,0.0001693815,0.0001889047827147582
A123_094,25C,60,2.5296034812927246,0.0,2.4734957218170166,-2.477323715813114,-0.0,1,24.0,0.0,0.0,2.8855350017547607,12_13_13_1C_Cycle.xlsx,0.0003812611,0.0002814760463804901
A123_094,25C,30,2.478198289871216,0.0,2.478198289871216,-2.478164279314585,-0.0,1,24.0,0.0,0.0,2.8855350017547607,8_29_13_1C_Cycle.xlsx,0.00029152632,0.00029601475214002197
A123_094,25C,30,2.488576650619507,0.0,2.488576650619507,-2.476553105709306,-0.0,1,24.0,0.0,0.0,2.8855350017547607,3_4_14_1C_Cycle.xlsx,0.00040349364,-0.01978523549030439
A123_094,25C,150,4.032842636108398,1.0,4.066896438598633,2.3177288458943366,0.0,1,24.0,0.0,0.0,2.8855350017547607,8_12_13_1C_Cycle.xlsx,1.180172e-05,-6.416011376348814e-05
A123_094,25C,90,2.5328469276428223,0.0,2.3989012241363525,-2.499736846030296,-0.0,1,24.0,0.0,0.0,2.8855350017547607,11_6_13_1C_Cycle.xlsx,0.00056639314,0.0004607529857466502
A123_094,25C,60,4.063166618347168,1.0,4.07192325592041,2.361629956171044,0.0,1,24.0,0.0,0.0,2.8855350017547607,12_4_13_1C_Cycle.xlsx,0.0,0.002278841105920754
A123_094,25C,150,4.036085605621338,1.0,4.0680317878723145,2.3270499804565885,0.0,1,24.0,0.0,0.0,2.8855350017547607,12_4_13_1C_Cycle.xlsx,0.00038817525,0.0037770545790310355
A123_094,25C,90,2.5296034812927246,0.0,2.393712043762207,-2.499705909608721,-0.0,1,24.0,0.0,0.0,2.8855350017547607,11_18_13_1C_Cycle.xlsx,0.00044873357,0.0001971375528118593
A123_094,25C,30,2.496360540390014,0.0,2.4138200283050537,-2.4997143237679094,-0.0330199780431488,1,24.0,0.0,0.0,2.8855350017547607,2_4_14_1C_Cycle.xlsx,0.0,-0.009177980588440235
A123_094,25C,30,4.0701398849487305,1.0,4.0701398849487305,2.342619191759672,0.0,1,24.0,0.0,0.0,2.8855350017547607,12_13_13_1C_Cycle.xlsx,7.049739e-05,-0.0021514543231727443
A123_094,25C,120,4.033004760742188,1.0,4.066896438598633,2.327711878829644,0.0,1,24.0,0.0,0.0,2.8855350017547607,11_6_13_1C_Cycle.xlsx,0.0,0.0002293687024157609
A123_094,25C,30,2.387712001800537,0.0,2.387712001800537,-2.499772403841821,-0.0,1,24.0,0.0,0.0,2.8855350017547607,3_4_14_1C_Cycle.xlsx,0.00026610494,0.00031597758152679054
A123_094,25C,120,2.571765661239624,0.0,2.3907930850982666,-2.499856853039465,-0.0,1,24.0,0.0,0.0,2.8855350017547607,3_4_14_1C_Cycle.xlsx,0.00043728948,-0.00016142922816073468
A123_094,25C,60,2.474630832672119,0.0,2.383333683013916,-2.499755010270236,-0.0,1,24.0,0.0,0.0,2.8855350017547607,9_16_13_1C_Cycle.xlsx,0.00024113059,0.0002663776533964107
A123_094,25C,150,4.03722095489502,1.0,4.068518161773682,2.344973527589592,0.0,1,24.0,0.0,0.0,2.8855350017547607,11_18_13_1C_Cycle.xlsx,0.0,-0.0009352521009827401
A123_094,25C,60,4.056680202484131,1.0,4.067220687866211,2.3157495674827406,0.0,1,24.0,0.0,0.0,2.8855350017547607,8_29_13_1C_Cycle.xlsx,0.00085031986,0.0003689165633143964
A123_094,25C,30,4.067220687866211,1.0,4.067220687866211,2.3139819120609664,0.0,1,24.0,0.0,0.0,2.8855350017547607,8_29_13_1C_Cycle.xlsx,0.0007199794,0.0033162881336347583
A123_094,25C,30,2.469928026199341,0.0,2.469928026199341,-2.4776308045627764,-0.0,1,24.0,0.0,0.0,2.8855350017547607,10_16_13_1C_Cycle.xlsx,0.00017026067,0.00029601475214002197
A123_094,25C,60,4.058950424194336,1.0,4.068518161773682,2.339577834138222,0.0,1,24.0,0.0,0.0,2.8855350017547607,2_20_14_1C_Cycle.xlsx,0.0,0.0007809410821260966
A123_094,25C,60,2.4734957218170166,0.0,2.376847267150879,-2.499871549861772,-0.0,1,24.0,0.0,0.0,2.8855350017547607,10_16_13_1C_Cycle.xlsx,0.00031903386,0.0002663776533964107
A123_094,25C,60,2.4749550819396973,0.0,2.38268518447876,-2.4998791281100923,-0.0369097435245573,1,24.0,0.0,0.0,2.8855350017547607,10_07_13_1C_Cycle.xlsx,0.0,-8.211829065121913e-06
A123_094,25C,60,2.538198232650757,0.0,2.4861443042755127,-2.499708224679822,-0.0,1,24.0,0.0,0.0,2.8855350017547607,3_4_14_1C_Cycle.xlsx,0.0010479093,0.0004945229428852309
A123_094,25C,90,2.5296034812927246,0.0,2.39322566986084,-2.499837787301691,-0.0,1,24.0,0.0,0.0,2.8855350017547607,11_18_13_1C_Cycle.xlsx,0.00044682622,0.0001889047827147582
A123_094,25C,30,2.4778740406036377,0.0,2.4778740406036377,-2.4770090851541187,-0.0,1,24.0,0.0,0.0,2.8855350017547607,1_23_14_1C_Cycle.xlsx,0.00026009977,0.00029601475214002197
A123_094,25C,90,4.046950817108154,1.0,4.066734313964844,2.3147383916789925,0.0,1,24.0,0.0,0.0,2.8855350017547607,9_16_13_1C_Cycle.xlsx,0.00046990812,-1.5801127422272285e-05
A123_094,25C,30,2.395333766937256,0.0,2.395333766937256,-2.499627103153457,-0.0,1,24.0,0.0,0.0,2.8855350017547607,8_1_13_1C_Cycle.xlsx,0.00026869774,0.0002782400671567091
A123_094,25C,60,4.059112548828125,1.0,4.069166660308838,2.344779095912384,0.0,1,24.0,0.0,0.0,2.8855350017547607,11_18_13_1C_Cycle.xlsx,0.0,0.0003353771541661081
A123_094,25C,120,4.041437149047852,1.0,4.067707061767578,2.3271759854895726,0.0,1,24.0,0.0,0.0,2.8855350017547607,11_6_13_1C_Cycle.xlsx,2.8252602e-05,0.0043114348144645915
A123_094,25C,120,4.039653301239014,1.0,4.066734313964844,2.319883184773581,0.0,1,24.0,0.0,0.0,2.8855350017547607,8_1_13_1C_Cycle.xlsx,7.376075e-05,0.00077128435142817
A123_094,25C,120,2.561387300491333,0.0,2.3929011821746826,-2.4998263904640265,-0.0,1,24.0,0.0,0.0,2.8855350017547607,11_18_13_1C_Cycle.xlsx,0.0003555119,-3.908992505288762e-05
A123_094,25C,30,2.39322566986084,0.0,2.39322566986084,-2.499694971604781,-0.0,1,24.0,0.0,0.0,2.8855350017547607,12_13_13_1C_Cycle.xlsx,0.0002680868,0.0002782400671567091
A123_094,25C,30,2.387712001800537,0.0,2.387712001800537,-2.499918530572136,-0.0,1,24.0,0.0,0.0,2.8855350017547607,3_4_14_1C_Cycle.xlsx,0.0002708882,0.00031597758152679054
A123_094,25C,90,4.051004409790039,1.0,4.068680286407471,2.3389090127066563,0.0,1,24.0,0.0,0.0,2.8855350017547607,3_4_14_1C_Cycle.xlsx,0.0,0.0003596220462764771
A123_094,25C,120,4.043707370758057,1.0,4.068356037139893,2.3403091452691864,0.0,1,24.0,0.0,0.0,2.8855350017547607,2_4_14_1C_Cycle.xlsx,0.0,0.0013674419122041157
A123_094,25C,90,4.049383163452148,1.0,4.067220687866211,2.340671308338642,0.0,1,24.0,0.0,0.0,2.8855350017547607,2_20_14_1C_Cycle.xlsx,0.0,5.878547671075148e-05
A123_094,25C,60,2.5268468856811523,0.0,2.472036123275757,-2.4997505375317166,-0.0,1,24.0,0.0,0.0,2.8855350017547607,10_16_13_1C_Cycle.xlsx,0.0008006096,0.00018026167288213377
A123_094,25C,30,4.067869663238525,1.0,4.067869663238525,2.325932496685093,0.0,1,24.0,0.0,0.0,2.8855350017547607,12_13_13_1C_Cycle.xlsx,0.00026866794,0.00030151647762981823
A123_094,25C,120,4.039166927337647,1.0,4.066734313964844,2.3130560383567067,0.0,1,24.0,0.0,0.0,2.8855350017547607,9_25_13_1C_Cycle.xlsx,0.0002963692,-1.2297575878300292e-05
A123_094,25C,120,4.039491176605225,1.0,4.066572189331055,2.3127509761052054,0.0,1,24.0,0.0,0.0,2.8855350017547607,9_25_13_1C_Cycle.xlsx,0.00053465366,-0.00023724337610536573
A123_094,25C,60,4.05830192565918,1.0,4.0680317878723145,2.3452261548678752,0.0,1,24.0,0.0,0.0,2.8855350017547607,11_18_13_1C_Cycle.xlsx,0.0,0.0005206557106102778
A123_094,25C,60,2.4760901927948,0.0,2.384630918502808,-2.4998055580442986,-0.0,1,24.0,0.0,0.0,2.8855350017547607,10_07_13_1C_Cycle.xlsx,0.00027956069,0.0002663776533964107
A123_094,25C,150,4.038031578063965,1.0,4.069004535675049,2.344740814261012,0.0,1,24.0,0.0,0.0,2.8855350017547607,11_18_13_1C_Cycle.xlsx,0.0,-6.917778092114987e-05
A123_094,25C,60,4.058139801025391,1.0,4.0680317878723145,2.3270044393148743,0.0,1,24.0,0.0,0.0,2.8855350017547607,12_4_13_1C_Cycle.xlsx,0.00042024255,0.00030319118956292766
A123_094,25C,60,4.056518077850342,1.0,4.067220687866211,2.3155921963193724,0.0,1,24.0,0.0,0.0,2.8855350017547607,8_29_13_1C_Cycle.xlsx,0.0007792711,0.0009384208375091853
A123_094,25C,30,4.066572189331055,1.0,4.066572189331055,2.316323626546129,0.0,1,24.0,0.0,0.0,2.8855350017547607,8_29_13_1C_Cycle.xlsx,0.0005711019,2.3591747551615697e-05
A123_094,25C,90,2.497495651245117,0.0,2.3619284629821777,-2.499670704857248,-0.0,1,24.0,0.0,0.0,2.8855350017547607,7_5_13_1C_Cycle.xlsx,0.0,0.0003675420130670811
A123_094,25C,30,2.389171600341797,0.0,2.389171600341797,-2.499921034429675,-0.0,1,24.0,0.0,0.0,2.8855350017547607,2_4_14_1C_Cycle.xlsx,0.00027175248,0.00031597758152679054
A123_094,25C,30,2.4799821376800537,0.0,2.4799821376800537,-2.499782431233037,-0.0,1,24.0,0.0,0.0,2.8855350017547607,11_18_13_1C_Cycle.xlsx,0.00083996356,0.00024077066310884823
A123_094,25C,150,4.036734580993652,1.0,4.0680317878723145,2.325310859387204,0.0,1,24.0,0.0,0.0,2.8855350017547607,12_13_13_1C_Cycle.xlsx,0.0008473098,-0.00023834840374870481
A123_094,25C,30,4.067544937133789,1.0,4.067544937133789,2.318258553033784,0.0,1,24.0,0.0,0.0,2.8855350017547607,8_1_13_1C_Cycle.xlsx,0.0005324036,0.0010774430167754452
A123_094,25C,60,4.055383205413818,1.0,4.066410064697266,2.316676195470556,0.0,1,24.0,0.0,0.0,2.8855350017547607,8_12_13_1C_Cycle.xlsx,0.0004849434,-6.667075254771883e-05
A123_094,25C,30,4.067869663238525,1.0,4.067869663238525,2.3243125620433407,0.0,1,24.0,0.0,0.0,2.8855350017547607,1_23_14_1C_Cycle.xlsx,0.00031751394,0.00030151647762981823
A123_094,25C,150,4.032193660736084,1.0,4.066410064697266,2.313258927376544,0.0,1,24.0,0.0,0.0,2.8855350017547607,9_25_13_1C_Cycle.xlsx,0.00017905235,-5.634955075275213e-05
A123_094,25C,60,4.057491302490234,1.0,4.067869663238525,2.324185946749316,0.0,1,24.0,0.0,0.0,2.8855350017547607,1_23_14_1C_Cycle.xlsx,0.0003812015,0.00030319118956292766
A123_094,25C,60,2.539008855819702,0.0,2.483874082565308,-2.476504511986511,-0.0,1,24.0,0.0,0.0,2.8855350017547607,3_4_14_1C_Cycle.xlsx,0.0006197989,0.055311264527376634
A123_094,25C,60,4.056680202484131,1.0,4.067220687866211,2.324612080668792,0.0,1,24.0,0.0,0.0,2.8855350017547607,12_13_13_1C_Cycle.xlsx,0.000246346,0.000313733998321247
A123_094,25C,120,4.036734580993652,1.0,4.066085815429688,2.2678437135285803,0.0,1,24.0,0.0,0.0,2.8855350017547607,7_3_13_1C_Cycle.xlsx,0.0036284626,0.020837673211279308
A123_094,25C,30,2.468630790710449,0.0,2.468630790710449,-2.479001115636192,-0.0,1,24.0,0.0,0.0,2.8855350017547607,7_11_13_1C_Cycle.xlsx,0.0001873076,0.00029601475214002197
A123_094,25C,90,2.523765802383423,0.0,2.375063419342041,-2.499869542839253,-0.0,1,24.0,0.0,0.0,2.8855350017547607,9_25_13_1C_Cycle.xlsx,0.00013136864,0.0001889047827147582
A123_094,25C,60,4.056193828582764,1.0,4.067058563232422,2.307566058843635,0.0,1,24.0,0.0,0.0085787791809643,2.890114430281131,7_11_13_1C_Cycle.xlsx,0.0013428777,0.0009232778073722577
A123_094,25C,60,2.4752793312072754,0.0,2.3820364475250244,-2.499740039352822,-0.0,1,24.0,0.0,0.0,2.8855350017547607,10_07_13_1C_Cycle.xlsx,0.00029337406,0.00027461042349351164
A123_094,25C,30,4.067058563232422,1.0,4.067058563232422,2.319878912575188,0.0,1,24.0,0.0,0.0,2.8855350017547607,8_1_13_1C_Cycle.xlsx,0.00044304132,0.00047570476761503433
A123_094,25C,60,2.5274953842163086,0.0,2.4757659435272217,-2.4778239027006763,-0.0,1,24.0,0.0,0.0,2.8855350017547607,10_07_13_1C_Cycle.xlsx,0.00024572015,0.0002814760463804901
A123_094,25C,150,4.034950733184815,1.0,4.067544937133789,2.327493299330984,0.0,1,24.0,0.0,0.0,2.8855350017547607,11_6_13_1C_Cycle.xlsx,5.313754e-05,0.0003771803296609373
A123_094,25C,120,4.038517951965332,1.0,4.066410064697266,2.3169326665661027,0.0,1,24.0,0.0,0.0,2.8855350017547607,8_29_13_1C_Cycle.xlsx,0.0,-3.299084074791079e-05
A123_094,25C,60,2.4759280681610107,0.0,2.380577087402344,-2.499777546874037,-0.0,1,24.0,0.0,0.0,2.8855350017547607,11_6_13_1C_Cycle.xlsx,0.0003491938,0.0002663776533964107
A123_094,25C,90,2.540306329727173,0.0,2.4068472385406494,-2.4998643942046583,-0.0,1,24.0,0.0,0.0,2.8855350017547607,9_16_13_1C_Cycle.xlsx,0.00081282854,0.00558109176155103
A123_094,25C,30,4.067707061767578,1.0,4.067707061767578,2.3242863261292124,0.0,1,24.0,0.0,0.0,2.8855350017547607,1_23_14_1C_Cycle.xlsx,0.00031259656,0.0010222604517822957
A123_094,25C,120,4.039977550506592,1.0,4.067220687866211,2.317636353850365,0.0,1,24.0,0.0,0.0,2.8855350017547607,8_12_13_1C_Cycle.xlsx,0.0001758337,0.0001866897230723564
A123_094,25C,60,4.059274673461914,1.0,4.068518161773682,2.3394922333066925,0.0,1,24.0,0.0,0.0,2.8855350017547607,2_20_14_1C_Cycle.xlsx,0.0,0.0007809410821260966
A123_094,25C,60,4.057491302490234,1.0,4.067707061767578,2.325917197549242,0.0,1,24.0,0.0,0.0,2.8855350017547607,12_13_13_1C_Cycle.xlsx,0.00033012033,0.000593932684563929
A123_094,25C,30,4.068680286407471,1.0,4.068680286407471,2.3394827323786,0.0,1,24.0,0.0,0.0,2.8855350017547607,2_20_14_1C_Cycle.xlsx,7.0512295e-05,0.0007774414737087954
A123_094,25C,30,4.066410064697266,1.0,4.066410064697266,2.311217465060801,0.0,1,24.0,0.0,0.0,2.8855350017547607,10_16_13_1C_Cycle.xlsx,0.0008215606,2.3591747551615697e-05
A123_094,25C,120,4.039004802703857,1.0,4.066572189331055,2.313094541002981,0.0,1,24.0,0.0,0.0,2.8855350017547607,9_25_13_1C_Cycle.xlsx,0.0002821833,-3.299084074791079e-05
A123_094,25C,150,4.036247730255127,1.0,4.0680317878723145,2.3270044393148743,0.0,1,24.0,0.0,0.0,2.8855350017547607,12_4_13_1C_Cycle.xlsx,0.00046741962,-0.00023834840374870481
A123_094,25C,60,2.544360399246216,0.0,2.4978199005126958,-2.476738423892989,-0.0,1,24.0,0.0,0.0,2.8855350017547607,2_4_14_1C_Cycle.xlsx,0.0006161183,0.0024735679640832163
A123_094,25C,150,4.04176139831543,1.0,4.070464134216309,2.341585825017669,0.0,1,24.0,0.0,0.0,2.8855350017547607,2_4_14_1C_Cycle.xlsx,0.001170218,0.0009414914705813886
A123_094,25C,60,4.056680202484131,1.0,4.0673828125,2.3197441107578696,0.0,1,24.0,0.0,0.0,2.8855350017547607,8_1_13_1C_Cycle.xlsx,0.000495106,0.0003732014421387635
A123_094,25C,150,4.033977508544922,1.0,4.0673828125,2.317318363904953,0.0,1,24.0,0.0,0.0,2.8855350017547607,8_12_13_1C_Cycle.xlsx,0.00033643842,0.00010164203778892156
A123_094,25C,30,2.380090475082397,0.0,2.380090475082397,-2.4998662121799016,-0.0,1,24.0,0.0,0.0,2.8855350017547607,1_23_14_1C_Cycle.xlsx,0.0002694428,0.00031597758152679054
A123_094,25C,120,4.039977550506592,1.0,4.067544937133789,2.323836901516188,0.0,1,24.0,0.0,0.0,2.8855350017547607,7_15_13_1C_Cycle.xlsx,0.0,0.00021119144445374999
A123_094,25C,90,2.5250630378723145,0.0,2.395333766937256,-2.4997141484556527,-0.0,1,24.0,0.0,0.0,2.8855350017547607,8_12_13_1C_Cycle.xlsx,0.00034579635,0.0001971375528118593
A123_094,25C,30,4.067544937133789,1.0,4.067544937133789,2.3194946087305506,0.0,1,24.0,0.0,0.0,2.8855350017547607,7_24_13_1C_Cycle.xlsx,0.000480026,0.0010774430167754452
A123_094,25C,30,4.066734313964844,1.0,4.066734313964844,2.3266168900970685,0.0,1,24.0,0.0,0.0,2.8855350017547607,11_6_13_1C_Cycle.xlsx,0.00021654367,0.00022802028634086644
A123_094,25C,60,4.056193828582764,1.0,4.067058563232422,2.2944181184989936,0.0,1,24.0,0.0,0.0,2.8855350017547607,7_5_13_1C_Cycle.xlsx,0.0027325898,-0.00013297681620147076
A123_094,25C,150,4.0343017578125,1.0,4.067058563232422,2.3197354999812028,0.0,1,24.0,0.0,0.0,2.8855350017547607,3_4_14_1C_Cycle.xlsx,0.0004451871,-6.416011376348814e-05
A123_094,25C,90,2.550684690475464,0.0,2.424685001373291,-2.4996896458563405,-0.0,1,24.0,0.0,0.0,2.8855350017547607,2_20_14_1C_Cycle.xlsx,0.0011914223,0.00014577810158053776
A123_094,25C,90,4.048085689544678,1.0,4.067869663238525,2.2813017326059626,0.0,1,24.0,0.0,0.0,2.8855350017547607,7_3_13_1C_Cycle.xlsx,0.0042786,0.05082097577917907
A123_094,25C,60,2.529927968978882,0.0,2.4751172065734863,-2.47719346623981,-0.0,1,24.0,0.0,0.0,2.8855350017547607,12_4_13_1C_Cycle.xlsx,0.0003607273,0.0002814760463804901
A123_094,25C,60,2.4832253456115723,0.0,2.3881986141204834,-2.499884434466092,-0.0,1,24.0,0.0,0.0,2.8855350017547607,3_4_14_1C_Cycle.xlsx,0.00051803887,0.0002663776533964107
A123_094,25C,60,2.549387216567993,0.0,2.5043063163757324,-2.499811250472737,-0.0,1,24.0,0.0,0.0,2.8855350017547607,2_20_14_1C_Cycle.xlsx,0.0012455285,-0.002432233605811064
A123_094,25C,90,2.528468370437622,0.0,2.386739015579224,-2.4997479957816875,-0.0,1,24.0,0.0,0.0,2.8855350017547607,10_07_13_1C_Cycle.xlsx,0.00036124885,0.0001889047827147582
A123_094,25C,30,4.066247940063477,1.0,4.066247940063477,2.31366912867935,0.0,1,24.0,0.0,0.0,2.8855350017547607,9_25_13_1C_Cycle.xlsx,0.0006815195,2.3591747551615697e-05
A123_094,25C,30,4.067058563232422,1.0,4.067058563232422,2.323575737304054,0.0,1,24.0,0.0,0.0,2.8855350017547607,7_15_13_1C_Cycle.xlsx,0.00031220913,0.00042052220262188503
A123_094,25C,30,4.0680317878723145,1.0,4.0680317878723145,2.325294012487945,0.0,1,24.0,0.0,0.0,2.8855350017547607,12_4_13_1C_Cycle.xlsx,0.0002927035,0.00030151647762981823
A123_094,25C,90,2.5581440925598145,0.0,2.4799821376800537,-2.478172069025057,-0.0,1,24.0,0.0,0.0,2.8855350017547607,8_29_13_1C_Cycle.xlsx,0.0010519028,0.01229156317615404
A123_094,25C,60,2.474630832672119,0.0,2.3796041011810303,-2.499726342303412,-0.0,1,24.0,0.0,0.0,2.8855350017547607,10_16_13_1C_Cycle.xlsx,0.0003116578,0.00027461042349351164
A123_094,25C,30,2.495387554168701,0.0,2.495387554168701,-2.476531355784068,-0.0,1,24.0,0.0,0.0,2.8855350017547607,2_4_14_1C_Cycle.xlsx,0.0005083233,-0.015760308670804888
A123_094,25C,90,2.531225204467773,0.0,2.399712085723877,-2.4996945127710566,-0.0,1,24.0,0.0,0.0,2.8855350017547607,12_4_13_1C_Cycle.xlsx,0.00052930415,0.0004607529857466502
A123_094,25C,60,2.5422523021698,0.0,2.496360540390014,-2.4996842035540827,-0.0,1,24.0,0.0,0.0,2.8855350017547607,2_4_14_1C_Cycle.xlsx,0.0010668039,0.005854869140782171
A123_094,25C,60,2.527981996536255,0.0,2.4749550819396973,-2.4773874741128696,-0.0,1,24.0,0.0,0.0,2.8855350017547607,11_18_13_1C_Cycle.xlsx,0.00027376413,0.0002814760463804901
A123_094,25C,90,4.0477614402771,1.0,4.0673828125,2.317432541191578,0.0,1,24.0,0.0,0.0,2.8855350017547607,8_12_13_1C_Cycle.xlsx,0.0004066378,0.0003960244095592862
A123_094,25C,30,4.067544937133789,1.0,4.067544937133789,2.319460188822141,0.0,1,24.0,0.0,0.0,2.8855350017547607,7_24_13_1C_Cycle.xlsx,0.00048142672,0.0010774430167754452
A123_094,25C,90,2.5276577472686768,0.0,2.3929011821746826,-2.4997423280749405,-0.0,1,24.0,0.0,0.0,2.8855350017547607,9_16_13_1C_Cycle.xlsx,0.00039622188,0.0001971375528118593
A123_094,25C,60,4.056193828582764,1.0,4.066896438598633,2.3282584908003567,0.0,1,24.0,0.0,0.0,2.8855350017547607,11_6_13_1C_Cycle.xlsx,0.0,0.0008055942191905181
A123_094,25C,120,4.039491176605225,1.0,4.066734313964844,2.319805747873726,0.0,1,24.0,0.0,0.0,2.8855350017547607,8_1_13_1C_Cycle.xlsx,1.5318394e-05,-5.346960103407573e-05
A123_094,25C,30,2.397279739379883,0.0,2.397279739379883,-2.499707825043622,-0.0,1,24.0,0.0,0.0085787791809643,2.890114430281131,7_11_13_1C_Cycle.xlsx,0.00027433038,0.000541855500091499
A123_094,25C,120,4.040950775146484,1.0,4.067707061767578,2.317006162405014,0.0,1,24.0,0.0,0.0,2.8855350017547607,8_12_13_1C_Cycle.xlsx,0.0004733801,0.0018591681086122028
A123_094,25C,60,2.5398197174072266,0.0,2.486468553543091,-2.4766317529342983,-0.0,1,24.0,0.0,0.0,2.8855350017547607,2_4_14_1C_Cycle.xlsx,0.0006084591,-0.000604056700123094
A123_094,25C,60,4.05684232711792,1.0,4.067220687866211,2.327666375253881,0.0,1,24.0,0.0,0.0,2.8855350017547607,11_6_13_1C_Cycle.xlsx,0.00013521314,0.0006385212367298869
A123_094,25C,150,4.038193702697754,1.0,4.069004535675049,2.34442995652809,0.0,1,24.0,0.0,0.0,2.8855350017547607,11_18_13_1C_Cycle.xlsx,0.0,-6.917778092114987e-05
A123_094,25C,30,2.470414638519287,0.0,2.470414638519287,-2.499805570703692,-0.0,1,24.0,0.0,0.0,2.8855350017547607,9_25_13_1C_Cycle.xlsx,0.00073322654,0.00024077066310884823
A123_094,25C,90,2.528306245803833,0.0,2.3857662677764893,-2.4998535498053625,-0.0,1,24.0,0.0,0.0,2.8855350017547607,10_07_13_1C_Cycle.xlsx,0.0003490448,0.0001889047827147582
A123_094,25C,120,2.5602521896362305,0.0,2.3920905590057373,-2.4997423280749405,-0.0,1,24.0,0.0,0.0,2.8855350017547607,9_16_13_1C_Cycle.xlsx,0.00031471252,-3.08571549557865e-05
A123_094,25C,60,2.4770631790161133,0.0,2.3859283924102783,-2.499861546322308,-0.0,1,24.0,0.0,0.0,2.8855350017547607,10_07_13_1C_Cycle.xlsx,0.00029739738,0.0002663776533964107
A123_094,25C,90,4.0477614402771,1.0,4.067058563232422,2.3309944263420816,0.0,1,24.0,0.0,0.0,2.8855350017547607,9_25_13_1C_Cycle.xlsx,0.0,0.0005991369443899372
A123_094,25C,90,2.5266847610473637,0.0,2.3732798099517822,-2.4997505375317166,-0.039052377828575,1,24.0,0.0,0.0,2.8855350017547607,10_16_13_1C_Cycle.xlsx,0.0,-0.0025030931490934373
A123_094,25C,60,2.511441469192505,0.0,2.4666848182678223,-2.4996937414010367,-0.0,1,24.0,0.0,0.0,2.8855350017547607,7_11_13_1C_Cycle.xlsx,0.00030973554,0.0002536608967312478
A123_094,25C,150,4.033329010009766,1.0,4.066734313964844,2.3325020545696624,0.0,1,24.0,0.0,0.0,2.8855350017547607,9_16_13_1C_Cycle.xlsx,0.0,0.00010566609575151045
A123_094,25C,120,4.039653301239014,1.0,4.066572189331055,2.327727064552928,0.0,1,24.0,0.0,0.0,2.8855350017547607,11_6_13_1C_Cycle.xlsx,0.0,0.0007350643718402226
A123_094,25C,120,4.039977550506592,1.0,4.067058563232422,2.332156955401917,0.0,1,24.0,0.0,0.0,2.8855350017547607,9_16_13_1C_Cycle.xlsx,0.0,0.00046355292582102504
A123_094,25C,120,4.039491176605225,1.0,4.066896438598633,2.317487435877323,0.0,1,24.0,0.0,0.0,2.8855350017547607,8_12_13_1C_Cycle.xlsx,9.691715e-05,1.319302641786328e-05
A123_094,25C,120,4.044355869293213,1.0,4.068193912506104,2.3396126570408806,0.0,1,24.0,0.0,0.0,2.8855350017547607,2_20_14_1C_Cycle.xlsx,0.0003015399,-7.72395436039806e-05
A123_094,25C,30,4.070464134216309,1.0,4.070464134216309,2.3422254104262743,0.0,1,24.0,0.0,0.0,2.8855350017547607,12_13_13_1C_Cycle.xlsx,7.164478e-05,-0.005650274891246543
A123_094,25C,60,2.479657888412476,0.0,2.3966310024261475,-2.4998093221941566,-0.0,1,24.0,0.0,0.0,2.8855350017547607,8_1_13_1C_Cycle.xlsx,0.00019416213,0.0005382258564283015
A123_094,25C,60,4.056680202484131,1.0,4.067220687866211,2.3319555449559064,0.0,1,24.0,0.0,0.0,2.8855350017547607,9_16_13_1C_Cycle.xlsx,0.0,0.0006534647403915052
A123_094,25C,30,2.42030668258667,0.0,2.42030668258667,-2.4996951885943144,-0.0,1,24.0,0.0,0.0,2.8855350017547607,2_4_14_1C_Cycle.xlsx,0.0003466308,0.0014856296109382432
A123_094,25C,60,2.4799821376800537,0.0,2.3943607807159424,-2.4997367589370065,-0.0,1,24.0,0.0,0.0,2.8855350017547607,8_29_13_1C_Cycle.xlsx,0.0002527088,0.00027461042349351164
A123_094,25C,30,2.380090475082397,0.0,2.380090475082397,-2.499902214322771,-0.0,1,24.0,0.0,0.0,2.8855350017547607,10_16_13_1C_Cycle.xlsx,0.0002706349,0.00031597758152679054
A123_094,25C,150,4.038355827331543,1.0,4.069004535675049,2.344601478995913,0.0,1,24.0,0.0,0.0,2.8855350017547607,11_18_13_1C_Cycle.xlsx,0.0,-6.917778092114987e-05
A123_094,25C,90,4.043869495391846,1.0,4.06884241104126,2.3438869774596305,0.0,1,24.0,0.0,0.0,2.8855350017547607,12_13_13_1C_Cycle.xlsx,0.0,-0.00022290158567437788
A123_094,25C,30,2.3742525577545166,0.0,2.3742525577545166,-2.4999019796198065,-0.0,1,24.0,0.0,0.0,2.8855350017547607,12_13_13_1C_Cycle.xlsx,0.0002759993,0.00031597758152679054
A123_094,25C,30,4.0680317878723145,1.0,4.0680317878723145,2.3248805612704517,0.0,1,24.0,0.0,0.0,2.8855350017547607,12_4_13_1C_Cycle.xlsx,0.0003053546,0.00030151647762981823
A123_094,25C,120,4.039166927337647,1.0,4.066247940063477,2.311302578523139,0.0,1,24.0,0.0,0.0,2.8855350017547607,10_16_13_1C_Cycle.xlsx,0.0006168783,-3.299084074791079e-05
A123_094,25C,90,4.039977550506592,1.0,4.067058563232422,2.319537615787888,0.0,1,24.0,0.0,0.0,2.8855350017547607,8_1_13_1C_Cycle.xlsx,0.0,9.75326208191643e-05
A123_094,25C,120,4.039491176605225,1.0,4.066896438598633,2.320167118003444,0.0,1,24.0,0.0,0.0,2.8855350017547607,8_1_13_1C_Cycle.xlsx,0.0,1.319302641786328e-05
A123_094,25C,30,4.07030200958252,1.0,4.07030200958252,2.3434072188654187,0.0,1,24.0,0.0,0.0,2.8855350017547607,12_4_13_1C_Cycle.xlsx,7.110834e-05,-0.0021514543231727443
A123_094,25C,90,4.042572021484375,1.0,4.0680317878723145,2.324973949562695,0.0,1,24.0,0.0,0.0,2.8855350017547607,12_4_13_1C_Cycle.xlsx,0.0,-7.665566916605219e-05
A123_094,25C,120,4.04030179977417,1.0,4.0673828125,2.3193942436741457,0.0,1,24.0,0.0,0.0,2.8855350017547607,8_1_13_1C_Cycle.xlsx,0.00014539063,0.00019097460189672355
A123_094,25C,60,4.056680202484131,1.0,4.067544937133789,2.309849733610948,0.0,1,24.0,0.0,0.0,2.8855350017547607,12_4_13_1C_Cycle.xlsx,0.0011865497,0.0016345221719699383
A123_094,25C,120,4.041599273681641,1.0,4.067707061767578,2.331400237427872,0.0,1,24.0,0.0,0.0,2.8855350017547607,9_16_13_1C_Cycle.xlsx,0.0,0.0005509221865240081
A123_094,25C,60,4.058788299560547,1.0,4.068680286407471,2.343729460468659,0.0,1,24.0,0.0,0.0,2.8855350017547607,12_4_13_1C_Cycle.xlsx,0.0,0.0004404545800596611
A123_094,25C,30,2.4814414978027344,0.0,2.4814414978027344,-2.4774116655670304,-0.0,1,24.0,0.0,0.0,2.8855350017547607,11_18_13_1C_Cycle.xlsx,0.00031898916,0.00029601475214002197
A123_094,25C,60,2.4882524013519287,0.0,2.40376615524292,-2.499705302513252,-0.0,1,24.0,0.0,0.0,2.8855350017547607,7_17_13_1C_Cycle.xlsx,0.000425905,0.0017240878360509368
A123_094,25C,30,2.3812255859375,0.0,2.3812255859375,-2.4997551266206512,-0.0,1,24.0,0.0,0.0,2.8855350017547607,1_23_14_1C_Cycle.xlsx,0.00026522577,0.00031597758152679054
A123_094,25C,150,4.035599231719971,1.0,4.0680317878723145,2.320256651621165,0.0,1,24.0,0.0,0.0,2.8855350017547607,7_19_13_1C_Cycle.xlsx,0.0006444305,-0.00018316583875555535
A123_094,25C,30,2.472036123275757,0.0,2.472036123275757,-2.4774633023002286,-0.0,1,24.0,0.0,0.0,2.8855350017547607,11_6_13_1C_Cycle.xlsx,0.00019317865,0.00029601475214002197
A123_094,25C,60,2.476414442062378,0.0,2.39176607131958,-2.4998510209923115,-0.0,1,24.0,0.0,0.0,2.8855350017547607,8_1_13_1C_Cycle.xlsx,0.00015260279,0.0002663776533964107
A123_094,25C,90,2.534144163131714,0.0,2.395820140838623,-2.499876160140431,-0.0,1,24.0,0.0,0.0,2.8855350017547607,1_23_14_1C_Cycle.xlsx,0.0005763322,0.0001889047827147582
A123_094,25C,60,2.5205225944519043,0.0,2.47009015083313,-2.4997499811238257,-0.0,1,24.0,0.0,0.0,2.8855350017547607,8_12_13_1C_Cycle.xlsx,0.00057923794,0.00018026167288213377
A123_094,25C,120,4.040463924407959,1.0,4.066896438598633,2.321659005530502,0.0,1,24.0,0.0,0.0,2.8855350017547607,2_4_14_1C_Cycle.xlsx,0.00024411082,9.463823943796443e-05
A123_094,25C,30,4.066410064697266,1.0,4.066410064697266,2.3129716080720306,0.0,1,24.0,0.0,0.0,2.8855350017547607,9_25_13_1C_Cycle.xlsx,0.0007265061,2.3591747551615697e-05
A123_094,25C,90,4.0474371910095215,1.0,4.067058563232422,2.3141728565702597,0.0,1,24.0,0.0,0.0,2.8855350017547607,9_16_13_1C_Cycle.xlsx,0.00061658025,0.00019457285579222428
A123_094,25C,60,2.4760901927948,0.0,2.384793281555176,-2.499843943435534,-0.0,1,24.0,0.0,0.0,2.8855350017547607,10_07_13_1C_Cycle.xlsx,0.00027740002,0.0002663776533964107
A123_094,25C,120,2.565441370010376,0.0,2.3802525997161865,-2.499758011585957,-0.0,1,24.0,0.0,0.0,2.8855350017547607,12_4_13_1C_Cycle.xlsx,3.0994415e-06,-3.908992505288762e-05
A123_094,25C,30,4.067058563232422,1.0,4.067058563232422,2.305313720542472,0.0,1,24.0,0.0,0.0,2.8855350017547607,7_19_13_1C_Cycle.xlsx,0.0012390316,-0.0019309091060082779
A123_094,25C,30,2.4757659435272217,0.0,2.4757659435272217,-2.4997920393943787,-0.0,1,24.0,0.0,0.0,2.8855350017547607,8_12_13_1C_Cycle.xlsx,0.0007915795,0.00024077066310884823
A123_094,25C,60,4.056031703948975,1.0,4.066572189331055,2.3132619170136137,0.0,1,24.0,0.0,0.0,2.8855350017547607,10_07_13_1C_Cycle.xlsx,0.0009930432,-6.35974118832797e-05
A123_094,25C,30,4.066896438598633,1.0,4.066896438598633,2.31434324468539,0.0,1,24.0,0.0,0.0,2.8855350017547607,9_16_13_1C_Cycle.xlsx,0.00068330765,0.0004978347607391142
A123_094,25C,120,4.040139675140381,1.0,4.067058563232422,2.3142213433738648,0.0,1,24.0,0.0,0.0,2.8855350017547607,9_16_13_1C_Cycle.xlsx,0.0005455464,6.978469689029781e-05
A123_094,25C,60,2.4820902347564697,0.0,2.387549877166748,-2.4998181906613435,-0.0,1,24.0,0.0,0.0,2.8855350017547607,12_4_13_1C_Cycle.xlsx,0.00048021972,0.0002663776533964107
A123_094,25C,60,2.47446870803833,0.0,2.386739015579224,-2.499830994112738,-0.0,1,24.0,0.0,0.0,2.8855350017547607,8_12_13_1C_Cycle.xlsx,0.00016897917,0.0002663776533964107
A123_094,25C,120,2.5729007720947266,0.0,2.4138200283050537,-2.4996908947273537,-0.0,1,24.0,0.0,0.0,2.8855350017547607,2_4_14_1C_Cycle.xlsx,0.0010981262,0.001097390523200839
A123_094,25C,150,4.031869411468506,1.0,4.066572189331055,2.3133685215696937,0.0,1,24.0,0.0,0.0,2.8855350017547607,9_25_13_1C_Cycle.xlsx,0.0,-5.634955075275213e-05
A123_094,25C,60,4.056193828582764,1.0,4.066734313964844,2.3129805215313786,0.0,1,24.0,0.0,0.0,2.8855350017547607,9_25_13_1C_Cycle.xlsx,0.0010305643,5.651600458995285e-05
A123_094,25C,30,2.3723068237304688,0.0,2.3723068237304688,-2.499660339511809,-0.0,1,24.0,0.0,0.0,2.8855350017547607,7_3_13_1C_Cycle.xlsx,0.0002706498,0.0002782400671567091
A123_094,25C,60,4.056355953216553,1.0,4.066734313964844,2.321457881772,0.0,1,24.0,0.0,0.0,2.8855350017547607,2_4_14_1C_Cycle.xlsx,0.0004787147,0.00010318712537945046
A123_094,25C,60,2.4833874702453613,0.0,2.397117376327514,-2.499853049153867,-0.0,1,24.0,0.0,0.0,2.8855350017547607,8_29_13_1C_Cycle.xlsx,0.00034949183,0.0005382258564283015
A123_094,25C,60,2.5276577472686768,0.0,2.476414442062378,-2.477808049956557,-0.0,1,24.0,0.0,0.0,2.8855350017547607,10_07_13_1C_Cycle.xlsx,0.0002411902,0.0002814760463804901
A123_094,25C,90,2.528144121170044,0.0,2.370847225189209,-2.499751496959377,-0.0,1,24.0,0.0,0.0,2.8855350017547607,11_6_13_1C_Cycle.xlsx,0.00012940168,0.0001889047827147582
A123_094,25C,90,4.047112941741943,1.0,4.067058563232422,2.2944181184989936,0.0,1,24.0,0.0,0.0,2.8855350017547607,7_5_13_1C_Cycle.xlsx,0.002284363,0.016359908743079018
A123_094,25C,120,2.556360244750977,0.0,2.398090362548828,-2.4998031375754595,-0.0,1,24.0,0.0,0.0,2.8855350017547607,8_1_13_1C_Cycle.xlsx,0.00039604306,0.00035326458961228727
A123_094,25C,90,4.046950817108154,1.0,4.066734313964844,2.3130382692105456,0.0,1,24.0,0.0,0.0,2.8855350017547607,9_25_13_1C_Cycle.xlsx,0.00059373677,-1.5801127422272285e-05
A123_094,25C,120,4.042247772216797,1.0,4.067869663238525,2.3248177781322243,0.0,1,24.0,0.0,0.0,2.8855350017547607,12_4_13_1C_Cycle.xlsx,0.00047248602,-7.955005054725217e-05
A123_094,25C,30,4.067058563232422,1.0,4.067058563232422,2.3333711301287017,0.0,1,24.0,0.0,0.0,2.8855350017547607,8_29_13_1C_Cycle.xlsx,0.000100418925,0.001112698029524954
A123_094,25C,30,4.066410064697266,1.0,4.066410064697266,2.316676195470556,0.0,1,24.0,0.0,0.0,2.8855350017547607,8_12_13_1C_Cycle.xlsx,0.00054721534,2.3591747551615697e-05
A123_094,25C,30,2.3812255859375,0.0,2.3812255859375,-2.499789577669802,-0.0,1,24.0,0.0,0.0,2.8855350017547607,9_25_13_1C_Cycle.xlsx,0.00026638806,0.00031597758152679054
A123_094,25C,90,4.046950817108154,1.0,4.066734313964844,2.3134292571759616,0.0,1,24.0,0.0,0.0,2.8855350017547607,10_07_13_1C_Cycle.xlsx,0.0005647242,-1.5801127422272285e-05
A123_094,25C,30,4.067544937133789,1.0,4.067544937133789,2.324445311776084,0.0,1,24.0,0.0,0.0,2.8855350017547607,12_13_13_1C_Cycle.xlsx,0.00030201674,0.0010222604517822957
A123_094,25C,30,4.067707061767578,1.0,4.067707061767578,2.3259891426285444,0.0,1,24.0,0.0,0.0,2.8855350017547607,12_13_13_1C_Cycle.xlsx,0.0002619028,0.0011535206624069525
A123_094,25C,30,4.069004535675049,1.0,4.069004535675049,2.3446382182508203,0.0,1,24.0,0.0,0.0,2.8855350017547607,11_18_13_1C_Cycle.xlsx,7.83205e-05,0.0013600544396456533
A123_094,25C,60,2.5297658443450928,0.0,2.47446870803833,-2.499742616306652,-0.0,1,24.0,0.0,0.0,2.8855350017547607,12_13_13_1C_Cycle.xlsx,0.0008832514,0.00018026167288213377
A123_094,25C,150,4.03251838684082,1.0,4.066896438598633,2.3054280581418425,0.0,1,24.0,0.0,0.0,2.8855350017547607,7_17_13_1C_Cycle.xlsx,0.0006853044,0.002615917185839112
A123_094,25C,30,2.4854955673217773,0.0,2.4854955673217773,-2.4767790073130054,-0.0,1,24.0,0.0,0.0,2.8855350017547607,2_4_14_1C_Cycle.xlsx,0.00036278367,-0.0007793930577775415
A123_094,25C,60,4.056355953216553,1.0,4.067058563232422,2.3176869381666183,0.0,1,24.0,0.0,0.0,2.8855350017547607,8_12_13_1C_Cycle.xlsx,0.00061285496,0.00027686507968000424
A123_094,25C,60,2.473982095718384,0.0,2.3865768909454346,-2.499770234371054,-0.0,1,24.0,0.0,0.0,2.8855350017547607,8_12_13_1C_Cycle.xlsx,0.00014963746,0.0002663776533964107
A123_094,25C,60,2.47754979133606,0.0,2.3844687938690186,-2.4998647449290856,-0.0,1,24.0,0.0,0.0,2.8855350017547607,9_25_13_1C_Cycle.xlsx,0.0003464818,0.0002663776533964107
A123_094,25C,60,4.055058479309082,1.0,4.066085815429688,2.3137016996252733,0.0,1,24.0,0.0,0.0,2.8855350017547607,9_25_13_1C_Cycle.xlsx,0.00066769123,-3.499955132288657e-05
A123_094,25C,30,4.067869663238525,1.0,4.067869663238525,2.325241931098497,0.0,1,24.0,0.0,0.0,2.8855350017547607,12_4_13_1C_Cycle.xlsx,0.0002888143,0.00030151647762981823
A123_094,25C,30,4.067707061767578,1.0,4.067707061767578,2.319041334419397,0.0,1,24.0,0.0,0.0,2.8855350017547607,3_4_14_1C_Cycle.xlsx,0.00050638616,0.0010774430167754452
A123_094,25C,30,4.0680317878723145,1.0,4.0680317878723145,2.334693940356374,0.0,1,24.0,0.0,0.0,2.8855350017547607,8_12_13_1C_Cycle.xlsx,9.87649e-05,0.0008244854079958369
A123_094,25C,30,4.067220687866211,1.0,4.067220687866211,2.3158282441717963,0.0,1,24.0,0.0,0.0,2.8855350017547607,8_29_13_1C_Cycle.xlsx,0.0006276071,0.002746783859439967
A123_094,25C,60,4.066247940063477,1.0,4.072896480560303,0.7073385454714298,0.0,1,24.0,0.0,1.0,3.553644180297852,7_15_13_1C_Cycle.xlsx,1.0,0.850018217780936
A123_094,25C,60,4.057166576385498,1.0,4.067544937133789,2.3388430885640923,0.0,1,24.0,0.0,0.0,2.8855350017547607,3_4_14_1C_Cycle.xlsx,0.0,0.0010211634127143608
A123_094,25C,30,2.4730091094970703,0.0,2.4730091094970703,-2.477379071881768,-0.0,1,24.0,0.0,0.0,2.8855350017547607,12_13_13_1C_Cycle.xlsx,0.00020380318,0.00029601475214002197
A123_094,25C,150,4.0430588722229,1.0,4.071599006652832,2.353114661037922,0.0,1,24.0,0.0,0.0,2.8855350017547607,7_24_13_1C_Cycle.xlsx,0.00043147802,0.006133323957674243
A123_094,25C,90,2.523765802383423,0.0,2.389657974243164,-2.4996705589623285,-0.0,1,24.0,0.0,0.0,2.8855350017547607,8_12_13_1C_Cycle.xlsx,0.00027820468,0.0001971375528118593
A123_094,25C,60,2.495063066482544,0.0,2.41138768196106,-2.4997026081438416,-0.0,1,24.0,0.0,0.0,2.8855350017547607,2_4_14_1C_Cycle.xlsx,0.00057530403,0.0015049996226587032
A123_094,25C,120,4.044517993927002,1.0,4.069166660308838,2.3441467174028947,0.0,1,24.0,0.0,0.0,2.8855350017547607,11_18_13_1C_Cycle.xlsx,0.0,-0.0003804672777359341
A123_094,25C,90,4.0514912605285645,1.0,4.069490909576416,2.3370987191086723,0.0,1,24.0,0.0,0.0,2.8855350017547607,7_24_13_1C_Cycle.xlsx,4.142523e-06,-0.011390920661290728
A123_094,25C,120,4.036409854888916,1.0,4.067869663238525,2.323410679323551,0.0,1,24.0,0.0,0.0,2.8855350017547607,1_23_14_1C_Cycle.xlsx,0.0,-0.00023834840374870481
A123_094,25C,60,4.057653427124023,1.0,4.0680317878723145,2.323469362452499,0.0,1,24.0,0.0,0.0,2.8855350017547607,1_23_14_1C_Cycle.xlsx,0.00043852627,0.00030319118956292766
A123_094,25C,150,4.038193702697754,1.0,4.06884241104126,2.344580047653388,0.0,1,24.0,0.0,0.0,2.8855350017547607,11_18_13_1C_Cycle.xlsx,0.0,-6.917778092114987e-05
A123_094,25C,120,4.041437149047852,1.0,4.067544937133789,2.32425849700076,0.0,1,24.0,0.0,0.0,2.8855350017547607,1_23_14_1C_Cycle.xlsx,0.00026272237,0.00021119144445374999
A123_094,25C,150,4.032842636108398,1.0,4.066572189331055,2.3117924030285235,0.0,1,24.0,0.0,0.0,2.8855350017547607,10_16_13_1C_Cycle.xlsx,0.0005083978,-5.634955075275213e-05
A123_094,25C,30,2.4691171646118164,0.0,2.4691171646118164,-2.4783803041751744,-0.0,1,24.0,0.0,0.0,2.8855350017547607,8_12_13_1C_Cycle.xlsx,0.00017824769,0.00029601475214002197
A123_094,25C,30,2.3881986141204834,0.0,2.3881986141204834,-2.499884434466092,-0.0,1,24.0,0.0,0.0,2.8855350017547607,3_4_14_1C_Cycle.xlsx,0.00027000904,0.00031597758152679054
A123_094,25C,90,2.542089939117432,0.0,2.4138200283050537,-2.4997143237679094,-0.0330199780431488,1,24.0,0.0,0.0,2.8855350017547607,2_4_14_1C_Cycle.xlsx,0.0024615228,0.020871972171224697
A123_094,25C,60,2.5270090103149414,0.0,2.4715497493743896,-2.499726333788463,-0.0,1,24.0,0.0,0.0,2.8855350017547607,10_16_13_1C_Cycle.xlsx,0.0008149147,0.00018026167288213377
A123_094,25C,30,2.3716580867767334,0.0,2.3716580867767334,-2.4995650436197008,-0.0,1,24.0,0.0,0.0,2.8855350017547607,10_16_13_1C_Cycle.xlsx,0.00026848912,0.0002782400671567091
A123_094,25C,120,2.553603410720825,0.0,2.385117530822754,-2.499746865239637,-0.0,1,24.0,0.0,0.0,2.8855350017547607,8_12_13_1C_Cycle.xlsx,1.9818544e-05,8.141638658039517e-05
A123_094,25C,30,2.4780361652374268,0.0,2.387387752532959,-2.4997775490219527,-0.0362625917413868,1,24.0,0.0,0.0,2.8855350017547607,11_18_13_1C_Cycle.xlsx,0.0,-0.0008386084064929049
A123_094,25C,60,2.4863064289093018,0.0,2.3924148082733154,-2.499919345445722,-0.0,1,24.0,0.0,0.0,2.8855350017547607,2_4_14_1C_Cycle.xlsx,0.00057142973,0.0002663776533964107
A123_094,25C,30,4.067058563232422,1.0,4.067058563232422,2.327793899328769,0.0,1,24.0,0.0,0.0,2.8855350017547607,11_6_13_1C_Cycle.xlsx,0.00019724667,0.001363206345052489
A123_094,25C,90,2.5247387886047363,0.0,2.381063461303711,-2.499734401702881,-0.0,1,24.0,0.0,0.0,2.8855350017547607,9_16_13_1C_Cycle.xlsx,0.00022281706,0.0001971375528118593
A123_094,25C,90,4.052788257598877,1.0,4.0701398849487305,2.3425682332271185,0.0,1,24.0,0.0,0.0,2.8855350017547607,12_13_13_1C_Cycle.xlsx,0.0,0.0005531671995730122
A123_094,25C,60,2.5231170654296875,0.0,2.467819929122925,-2.4778429259936194,-0.0,1,24.0,0.0,0.0,2.8855350017547607,9_25_13_1C_Cycle.xlsx,0.00019046664,0.0002814760463804901
A123_094,25C,30,2.479657888412476,0.0,2.395820140838623,-2.4996456121787047,-0.0335398534757809,1,24.0,0.0,0.0,2.8855350017547607,8_1_13_1C_Cycle.xlsx,0.0,0.017350596560147234
A123_094,25C,60,4.056355953216553,1.0,4.067058563232422,2.315647563566604,0.0,1,24.0,0.0,0.0,2.8855350017547607,8_29_13_1C_Cycle.xlsx,0.00076186657,0.0002520115371323376
A123_094,25C,30,4.072896480560303,1.0,4.072896480560303,0.7073385454714298,0.0,1,24.0,0.0,1.0,3.553644180297852,7_15_13_1C_Cycle.xlsx,1.0,0.8497145240018633
A123_094,25C,60,2.4799821376800537,0.0,2.3924148082733154,-2.499767773860209,-0.0,1,24.0,0.0,0.0,2.8855350017547607,11_18_13_1C_Cycle.xlsx,0.00029283762,0.0002663776533964107
A123_094,25C,90,4.051004409790039,1.0,4.069004535675049,2.343473090766332,0.0,1,24.0,0.0,0.0,2.8855350017547607,12_4_13_1C_Cycle.xlsx,0.0,0.00470392494817117
A123_094,25C,30,4.066572189331055,1.0,4.066572189331055,2.331024300214673,0.0,1,24.0,0.0,0.0,2.8855350017547607,10_07_13_1C_Cycle.xlsx,0.0001244843,0.00039982646554059863
A123_094,25C,90,4.047923564910889,1.0,4.0673828125,2.3170682701468466,0.0,1,24.0,0.0,0.0,2.8855350017547607,8_1_13_1C_Cycle.xlsx,0.0005091876,0.0003960244095592862
A123_094,25C,60,2.533657550811768,0.0,2.4816036224365234,-2.4998794761272745,-0.0,1,24.0,0.0,0.0,2.8855350017547607,1_23_14_1C_Cycle.xlsx,0.0009341985,0.00018026167288213377
A123_094,25C,30,2.384630918502808,0.0,2.384630918502808,-2.499738546686435,-0.0,1,24.0,0.0,0.0,2.8855350017547607,1_23_14_1C_Cycle.xlsx,0.0002641678,0.0003242103516238914
A123_094,25C,90,4.049707412719727,1.0,4.068193912506104,2.327494828515694,0.0,1,24.0,0.0,0.0,2.8855350017547607,11_18_13_1C_Cycle.xlsx,0.00030127168,0.00037631325823540856
A123_094,25C,30,2.386901378631592,0.0,2.386901378631592,-2.499740633471258,-0.0,1,24.0,0.0,0.0,2.8855350017547607,8_12_13_1C_Cycle.xlsx,0.00026470423,0.0003242103516238914
A123_094,25C,90,2.5271711349487305,0.0,2.393387794494629,-2.4997461878735088,-0.0,1,24.0,0.0,0.0,2.8855350017547607,8_29_13_1C_Cycle.xlsx,0.00038781762,0.0001889047827147582
A123_094,25C,120,4.044355869293213,1.0,4.069004535675049,2.3443763642492943,0.0,1,24.0,0.0,0.0,2.8855350017547607,11_18_13_1C_Cycle.xlsx,0.0,-0.00010825948275200408
A123_094,25C,90,2.526522397994995,0.0,2.399387836456299,-2.4996654845900457,-0.0,1,24.0,0.0,0.0,2.8855350017547607,7_24_13_1C_Cycle.xlsx,0.0004028082,0.0004607529857466502
A123_094,25C,90,4.048085689544678,1.0,4.066896438598633,2.319432747076478,0.0,1,24.0,0.0,0.0,2.8855350017547607,3_4_14_1C_Cycle.xlsx,0.0006170422,0.00023022225800687656
A123_094,25C,150,4.039329051971436,1.0,4.06884241104126,2.3393575275937715,0.0,1,24.0,0.0,0.0,2.8855350017547607,2_20_14_1C_Cycle.xlsx,0.0007490665,0.00010708729212188599
A123_094,25C,30,2.479657888412476,0.0,2.479657888412476,-2.499911952437016,-0.0,1,24.0,0.0,0.0,2.8855350017547607,9_16_13_1C_Cycle.xlsx,0.0008394122,0.00024077066310884823
A123_094,25C,60,2.448036193847656,0.0,2.3632256984710693,-2.499761051818973,-0.0,1,24.0,0.0,0.0,2.8855350017547607,7_3_13_1C_Cycle.xlsx,0.0,0.0002663776533964107
A123_094,25C,60,4.0558695793151855,1.0,4.066410064697266,2.3281916840111507,0.0,1,24.0,0.0,0.0,2.8855350017547607,11_6_13_1C_Cycle.xlsx,6.28829e-06,0.00031915670693132806
A123_094,25C,30,2.483874082565308,0.0,2.483874082565308,-2.476717095345655,-0.0,1,24.0,0.0,0.0,2.8855350017547607,3_4_14_1C_Cycle.xlsx,0.00033779442,-0.0007793930577775415
A123_094,25C,150,4.033166885375977,1.0,4.067058563232422,2.3171564294099807,0.0,1,24.0,0.0,0.0,2.8855350017547607,8_12_13_1C_Cycle.xlsx,0.00011765957,-8.901365631115468e-05
A123_094,25C,60,4.056680202484131,1.0,4.067058563232422,2.319702218433744,0.0,1,24.0,0.0,0.0,2.8855350017547607,3_4_14_1C_Cycle.xlsx,0.0006236732,0.00027686507968000424
A123_094,25C,90,2.5253872871398926,0.0,2.3901445865631104,-2.4997210461160413,-0.0,1,24.0,0.0,0.0,2.8855350017547607,8_29_13_1C_Cycle.xlsx,0.00032123923,0.0001971375528118593
A123_094,25C,30,2.445441722869873,0.0,2.445441722869873,-2.499681380169451,-0.0,1,24.0,0.0,0.0,2.8855350017547607,7_5_13_1C_Cycle.xlsx,0.0005007684,0.0010271408909217883
A123_094,25C,60,4.057328701019287,1.0,4.067544937133789,2.318859028384874,0.0,1,24.0,0.0,0.0,2.8855350017547607,3_4_14_1C_Cycle.xlsx,0.0008045435,0.0006491152495570785
A123_094,25C,60,4.056193828582764,1.0,4.066734313964844,2.330865983320169,0.0,1,24.0,0.0,0.0,2.8855350017547607,10_07_13_1C_Cycle.xlsx,0.0,0.0003351984290958893
A123_094,25C,60,4.060572147369385,1.0,4.069977760314941,2.3433949517370283,0.0,1,24.0,0.0,0.0,2.8855350017547607,11_6_13_1C_Cycle.xlsx,0.0,-0.00021961038562884255
A123_094,25C,120,4.039329051971436,1.0,4.066410064697266,2.31121299003274,0.0,1,24.0,0.0,0.0,2.8855350017547607,10_16_13_1C_Cycle.xlsx,0.00063718855,-7.377479999630638e-05
A123_094,25C,120,4.044355869293213,1.0,4.0680317878723145,2.339821883460932,0.0,1,24.0,0.0,0.0,2.8855350017547607,2_20_14_1C_Cycle.xlsx,0.00034883618,-7.72395436039806e-05
A123_094,25C,60,4.056518077850342,1.0,4.067058563232422,2.328194734491721,0.0,1,24.0,0.0,0.0,2.8855350017547607,11_6_13_1C_Cycle.xlsx,4.1216612e-05,0.0008055942191905181
A123_094,25C,60,4.0557074546813965,1.0,4.066572189331055,2.294029382763036,0.0,1,24.0,0.0,0.0,2.8855350017547607,7_5_13_1C_Cycle.xlsx,0.0027164817,-0.021517993160135935
A123_094,25C,150,4.042896747589111,1.0,4.071436882019043,2.3529296525120733,0.0,1,24.0,0.0,0.0,2.8855350017547607,7_24_13_1C_Cycle.xlsx,0.00043204427,0.006133323957674243
A123_094,25C,30,4.069004535675049,1.0,4.069004535675049,2.344831130388429,0.0,1,24.0,0.0,0.0,2.8855350017547607,11_18_13_1C_Cycle.xlsx,7.95424e-05,0.0013600544396456533
A123_094,25C,60,4.0557074546813965,1.0,4.066247940063477,2.31340408813758,0.0,1,24.0,0.0,0.0,2.8855350017547607,10_07_13_1C_Cycle.xlsx,0.000953123,-6.35974118832797e-05
A123_094,25C,60,2.4877657890319824,0.0,2.3945229053497314,-2.499574731503214,-0.0,1,24.0,0.0,0.0,2.8855350017547607,10_16_13_1C_Cycle.xlsx,0.00058601797,0.00027461042349351164
A123_094,25C,30,2.383009433746338,0.0,2.383009433746338,-2.499767187422356,-0.0,1,24.0,0.0,0.0,2.8855350017547607,10_07_13_1C_Cycle.xlsx,0.00026516616,0.00031597758152679054
A123_094,25C,90,2.523603677749634,0.0,2.40230655670166,-2.4995781991441373,-0.0,1,24.0,0.0,0.0,2.8855350017547607,7_24_13_1C_Cycle.xlsx,0.00033077598,0.0015600254932655617
A123_094,25C,120,2.5732250213623047,0.0,2.3924148082733154,-2.499919345445722,-0.0,1,24.0,0.0,0.0,2.8855350017547607,2_4_14_1C_Cycle.xlsx,0.0005094856,-0.00016142922816073468
A123_094,25C,30,2.39776611328125,0.0,2.39776611328125,-2.499721493039812,-0.0,1,24.0,0.0,0.0,2.8855350017547607,7_19_13_1C_Cycle.xlsx,0.00027564168,0.000541855500091499
A123_094,25C,120,4.039977550506592,1.0,4.066734313964844,2.3308271557585267,0.0,1,24.0,0.0,0.0,2.8855350017547607,10_07_13_1C_Cycle.xlsx,0.0,0.0002599869157024643
A123_094,25C,150,4.033004760742188,1.0,4.067058563232422,2.317750533103943,0.0,1,24.0,0.0,0.0,2.8855350017547607,8_12_13_1C_Cycle.xlsx,2.0444393e-05,-6.416011376348814e-05
A123_094,25C,120,4.045004844665527,1.0,4.069328784942627,2.3385381590771046,0.0,1,24.0,0.0,0.0,2.8855350017547607,3_4_14_1C_Cycle.xlsx,0.00023901463,-0.0009002146102698098
A123_094,25C,60,4.059274673461914,1.0,4.069166660308838,2.344500427023839,0.0,1,24.0,0.0,0.0,2.8855350017547607,11_18_13_1C_Cycle.xlsx,0.0,0.0003353771541661081
A123_094,25C,120,2.561063051223755,0.0,2.3967931270599365,-2.499689632707888,-0.0,1,24.0,0.0,0.0,2.8855350017547607,11_18_13_1C_Cycle.xlsx,0.00045236945,0.00021495709271129117
A123_094,25C,120,2.573062896728516,0.0,2.3881986141204834,-2.499884434466092,-0.0,1,24.0,0.0,0.0,2.8855350017547607,3_4_14_1C_Cycle.xlsx,0.00036093593,-0.00016142922816073468
A123_094,25C,60,4.05684232711792,1.0,4.0673828125,2.329524971048037,0.0,1,24.0,0.0,0.0,2.8855350017547607,9_25_13_1C_Cycle.xlsx,0.0,0.0008175640723433266
A123_094,25C,90,4.047112941741943,1.0,4.066734313964844,2.3129420031900287,0.0,1,24.0,0.0,0.0,2.8855350017547607,9_25_13_1C_Cycle.xlsx,0.0006837547,8.136040208645137e-05
A123_094,25C,30,2.4666848182678223,0.0,2.4666848182678223,-2.4996937414010367,-0.0,1,24.0,0.0,0.0,2.8855350017547607,7_11_13_1C_Cycle.xlsx,0.0006913841,0.0002681996024907797
A123_094,25C,60,2.526198148727417,0.0,2.474144220352173,-2.499725605534241,-0.0,1,24.0,0.0,0.0,2.8855350017547607,10_07_13_1C_Cycle.xlsx,0.00074097514,0.00018026167288213377
A123_094,25C,90,4.047923564910889,1.0,4.0673828125,2.317318363904953,0.0,1,24.0,0.0,0.0,2.8855350017547607,8_12_13_1C_Cycle.xlsx,0.0004912019,0.0003960244095592862
A123_094,25C,60,2.520035982131958,0.0,2.4691171646118164,-2.4783803041751744,-0.0,1,24.0,0.0,0.0,2.8855350017547607,8_12_13_1C_Cycle.xlsx,3.7387013e-05,0.0002814760463804901
A123_094,25C,150,4.033653259277344,1.0,4.066896438598633,2.331331913505704,0.0,1,24.0,0.0,0.0,2.8855350017547607,10_07_13_1C_Cycle.xlsx,0.0,0.00030475457261957216
A123_094,25C,60,4.056518077850342,1.0,4.066896438598633,2.319432747076478,0.0,1,24.0,0.0,0.0,2.8855350017547607,3_4_14_1C_Cycle.xlsx,0.0006304085,0.00027686507968000424
A123_094,25C,150,4.032680511474609,1.0,4.066247940063477,2.313384832112027,0.0,1,24.0,0.0,0.0,2.8855350017547607,10_07_13_1C_Cycle.xlsx,0.00044719875,-5.634955075275213e-05
A123_094,25C,30,2.385279655456543,0.0,2.385279655456543,-2.49990033453161,-0.0,1,24.0,0.0,0.0,2.8855350017547607,12_4_13_1C_Cycle.xlsx,0.000269562,0.00031597758152679054
A123_094,25C,150,4.039491176605225,1.0,4.069490909576416,2.338332123400872,0.0,1,24.0,0.0,0.0,2.8855350017547607,3_4_14_1C_Cycle.xlsx,0.00063046813,0.0012753269123017977
A123_094,25C,30,4.066572189331055,1.0,4.066572189331055,2.313128641027896,0.0,1,24.0,0.0,0.0,2.8855350017547607,10_07_13_1C_Cycle.xlsx,0.0007275492,2.3591747551615697e-05
A123_094,25C,30,4.067058563232422,1.0,4.067058563232422,2.332376186048887,0.0,1,24.0,0.0,0.0,2.8855350017547607,9_16_13_1C_Cycle.xlsx,0.00011315942,0.001112698029524954
A123_094,25C,150,4.0343017578125,1.0,4.067058563232422,2.319358255060618,0.0,1,24.0,0.0,0.0,2.8855350017547607,3_4_14_1C_Cycle.xlsx,0.00047193468,-6.416011376348814e-05
A123_094,25C,90,4.045491218566895,1.0,4.069977760314941,2.342997513393052,0.0,1,24.0,0.0,0.0,2.8855350017547607,12_4_13_1C_Cycle.xlsx,0.0,0.0005531671995730122
A123_094,25C,60,4.05976152420044,1.0,4.069166660308838,2.3400766531410424,0.0,1,24.0,0.0,0.0,2.8855350017547607,2_4_14_1C_Cycle.xlsx,0.0,0.0010606964712889298
A123_094,25C,60,2.4798200130462646,0.0,2.39322566986084,-2.499728060605233,-0.0346415054301781,1,24.0,0.0,0.0,2.8855350017547607,9_16_13_1C_Cycle.xlsx,0.0,0.013014948762893412
A123_094,25C,60,2.5109550952911377,0.0,2.4566307067871094,-2.4793411571394306,-0.0,1,24.0,0.0,0.0,2.8855350017547607,7_3_13_1C_Cycle.xlsx,0.0,0.0002814760463804901
A123_094,25C,90,4.040950775146484,1.0,4.0673828125,2.3244314087379694,0.0,1,24.0,0.0,0.0,2.8855350017547607,12_13_13_1C_Cycle.xlsx,0.0,0.00013868641828477407
A123_094,25C,60,2.5021982192993164,0.0,2.4047391414642334,-2.4998347103048904,-0.0,1,24.0,0.0,0.0927144074875381,2.935471040997363,12_4_13_1C_Cycle.xlsx,0.0010289699,0.005526293179048616
A123_094,25C,150,4.03251838684082,1.0,4.066734313964844,2.30534478178015,0.0,1,24.0,0.0,0.0,2.8855350017547607,7_19_13_1C_Cycle.xlsx,0.0007636249,0.0013007715904109905
A123_094,25C,150,4.03251838684082,1.0,4.066410064697266,2.311345881728594,0.0,1,24.0,0.0,0.0,2.8855350017547607,10_16_13_1C_Cycle.xlsx,0.00044988096,-5.634955075275213e-05
A123_094,25C,150,4.033004760742188,1.0,4.066734313964844,2.319883184773581,0.0,1,24.0,0.0,0.0,2.8855350017547607,8_1_13_1C_Cycle.xlsx,3.1590462e-06,1.7359650661021035e-05
A123_094,25C,120,4.039653301239014,1.0,4.066896438598633,2.317871941924095,0.0,1,24.0,0.0,0.0,2.8855350017547607,8_12_13_1C_Cycle.xlsx,0.00013954937,0.0008379469788801086
A123_094,25C,120,2.559279203414917,0.0,2.389171600341797,-2.499769399831961,-0.0,1,24.0,0.0,0.0,2.8855350017547607,11_18_13_1C_Cycle.xlsx,0.00021830201,-3.908992505288762e-05
A123_094,25C,30,2.421603918075561,0.0,2.421603918075561,-2.499682887692318,-0.0,1,24.0,0.0,0.0,2.8855350017547607,2_20_14_1C_Cycle.xlsx,0.00035233796,0.0010271408909217883
A123_094,25C,90,4.048085689544678,1.0,4.067220687866211,2.3331507601873662,0.0,1,24.0,0.0,0.0,2.8855350017547607,8_29_13_1C_Cycle.xlsx,0.0,0.0004631170600924279
A123_094,25C,30,4.067058563232422,1.0,4.067058563232422,2.3158311578294923,0.0,1,24.0,0.0,0.0,2.8855350017547607,8_29_13_1C_Cycle.xlsx,0.00061894953,0.0004978347607391142
A123_094,25C,30,4.066247940063477,1.0,4.066247940063477,2.3115459656542985,0.0,1,24.0,0.0,0.0,2.8855350017547607,10_16_13_1C_Cycle.xlsx,0.00079350173,2.3591747551615697e-05
A123_094,25C,60,4.056680202484131,1.0,4.0673828125,2.3172301446199417,0.0,1,24.0,0.0,0.0,2.8855350017547607,8_1_13_1C_Cycle.xlsx,0.00067071617,0.000442667231232414
A123_094,25C,30,4.067220687866211,1.0,4.067220687866211,2.3217319338105797,0.0,1,24.0,0.0,0.0,2.8855350017547607,7_24_13_1C_Cycle.xlsx,0.00038033724,0.0004922769086827322
A123_094,25C,30,4.068356037139893,1.0,4.068356037139893,2.320344860628834,0.0,1,24.0,0.0,0.0,2.8855350017547607,7_24_13_1C_Cycle.xlsx,0.00048178434,0.007608190771130612
A123_094,25C,90,2.523765802383423,0.0,2.4026310443878174,-2.4996823415917864,-0.0,1,24.0,0.0,0.0,2.8855350017547607,7_24_13_1C_Cycle.xlsx,0.00033792853,0.0016563782846346418
A123_094,25C,90,2.528630495071411,0.0,2.3987390995025635,-2.4996896030522198,-0.0,1,24.0,0.0,0.0,2.8855350017547607,7_17_13_1C_Cycle.xlsx,0.00045610964,0.0004607529857466502
A123_094,25C,60,4.057491302490234,1.0,4.067707061767578,2.325947799798796,0.0,1,24.0,0.0,0.0,2.8855350017547607,12_13_13_1C_Cycle.xlsx,0.00032821298,0.000593932684563929
A123_094,25C,90,4.047599315643311,1.0,4.067058563232422,2.3175437844991684,0.0,1,24.0,0.0,0.0,2.8855350017547607,8_1_13_1C_Cycle.xlsx,0.0004503131,0.00023022225800687656
A123_094,25C,150,4.052139759063721,1.0,4.072896480560303,0.7073385454714298,0.0,1,24.0,0.0,1.0,3.553644180297852,7_15_13_1C_Cycle.xlsx,0.99939835,0.9162877435031359
A123_094,25C,90,4.053275108337402,1.0,4.070464134216309,2.3422254104262743,0.0,1,24.0,0.0,0.0,2.8855350017547607,12_13_13_1C_Cycle.xlsx,8.136034e-05,0.0003179299816426976
A123_094,25C,150,4.035437107086182,1.0,4.067544937133789,2.324463906960609,0.0,1,24.0,0.0,0.0,2.8855350017547607,1_23_14_1C_Cycle.xlsx,0.00045603514,5.239309125229723e-05
A123_094,25C,30,4.067869663238525,1.0,4.067869663238525,2.3241442479511614,0.0,1,24.0,0.0,0.0,2.8855350017547607,1_23_14_1C_Cycle.xlsx,0.00032290816,0.00030151647762981823
A123_094,25C,120,2.568522453308105,0.0,2.403928279876709,-2.49971328940347,-0.0,1,24.0,0.0,0.0,2.8855350017547607,3_4_14_1C_Cycle.xlsx,0.00077183545,0.00446135884089136
A123_094,25C,120,4.04484224319458,1.0,4.069004535675049,2.34323223024352,0.0,1,24.0,0.0,0.0881340440509348,2.932696159797668,12_13_13_1C_Cycle.xlsx,2.9802322e-07,0.01022152926575669
A123_094,25C,60,2.5270090103149414,0.0,2.478360414505005,-2.499743913349352,-0.0,1,24.0,0.0,0.0,2.8855350017547607,9_16_13_1C_Cycle.xlsx,0.00071647763,0.00018026167288213377
A123_094,25C,60,2.476414442062378,0.0,2.387063503265381,-2.499724890056409,-0.0,1,24.0,0.0,0.0,2.8855350017547607,9_16_13_1C_Cycle.xlsx,0.00024363399,0.00027461042349351164
A123_094,25C,30,4.067544937133789,1.0,4.067544937133789,2.3304942286581047,0.0,1,24.0,0.0,0.0,2.8855350017547607,9_16_13_1C_Cycle.xlsx,0.0001527369,0.0022470386188628683
A123_094,25C,60,4.056518077850342,1.0,4.066896438598633,2.330158830371996,0.0,1,24.0,0.0,0.0673531844196503,2.9214887298513648,9_25_13_1C_Cycle.xlsx,0.0,0.0008055942191905181
A123_094,25C,30,2.47754979133606,0.0,2.47754979133606,-2.499738546686435,-0.0,1,24.0,0.0,0.0,2.8855350017547607,1_23_14_1C_Cycle.xlsx,0.00081053376,0.00024077066310884823
A123_094,25C,120,4.033329010009766,1.0,4.066734313964844,2.315449341650932,0.0,1,24.0,0.0,0.0,2.8855350017547607,8_29_13_1C_Cycle.xlsx,0.0,-2.9311470128476755e-05
A123_094,25C,90,2.5245766639709477,0.0,2.3927390575408936,-2.4990572603339825,-0.0,1,24.0,0.0,0.0,2.8855350017547607,8_12_13_1C_Cycle.xlsx,0.00030875206,0.0001971375528118593
A123_094,25C,60,2.52571177482605,0.0,2.4777119159698486,-2.4781658372566797,-0.0,1,24.0,0.0,0.0,2.8855350017547607,8_29_13_1C_Cycle.xlsx,0.00014220178,0.0002814760463804901
A123_094,25C,120,4.039653301239014,1.0,4.066896438598633,2.3158734103123986,0.0,1,24.0,0.0,0.0,2.8855350017547607,8_29_13_1C_Cycle.xlsx,0.00026597083,0.0008130934363324418
A123_094,25C,90,2.5785763263702397,0.0,2.447549819946289,-2.4996798465836725,-0.0,1,24.0,0.0,0.1239297544096464,2.9543819594244725,2_20_14_1C_Cycle.xlsx,0.002160877,0.11284995641981423
A123_094,25C,90,4.046788215637207,1.0,4.066247940063477,2.311447414300166,0.0,1,24.0,0.0,0.0,2.8855350017547607,10_16_13_1C_Cycle.xlsx,0.0008471608,-0.0001251186842285192
A123_094,25C,90,2.5313873291015625,0.0,2.37976622581482,-2.499777546874037,-0.0,1,24.0,0.0,0.0,2.8855350017547607,11_6_13_1C_Cycle.xlsx,0.0003286749,0.0001889047827147582
A123_094,25C,30,4.069004535675049,1.0,4.069004535675049,2.3415963273366978,0.0,1,24.0,0.0,0.0,2.8855350017547607,1_23_14_1C_Cycle.xlsx,6.853044e-05,0.0009709552581276138
A123_094,25C,120,4.041275024414063,1.0,4.067220687866211,2.3211059958390567,0.0,1,24.0,0.0,0.0,2.8855350017547607,2_4_14_1C_Cycle.xlsx,0.00053314865,0.0001866897230723564
A123_094,25C,60,4.062680244445801,1.0,4.071599006652832,2.3618940216226454,0.0,1,24.0,0.0,0.0,2.8855350017547607,12_4_13_1C_Cycle.xlsx,0.0,0.002278841105920754
A123_094,25C,60,2.5296034812927246,0.0,2.4754414558410645,-2.477367675044104,-0.0,1,24.0,0.0,0.0,2.8855350017547607,12_4_13_1C_Cycle.xlsx,0.00034204125,0.0002814760463804901
A123_094,25C,90,4.046626091003418,1.0,4.066410064697266,2.3119865121427647,0.0,1,24.0,0.0,0.0,2.8855350017547607,10_16_13_1C_Cycle.xlsx,0.0006464124,-0.0001251186842285192
A123_094,25C,90,2.5268468856811523,0.0,2.393063545227051,-2.4997131865957507,-0.0,1,24.0,0.0,0.0,2.8855350017547607,8_29_13_1C_Cycle.xlsx,0.0003771484,0.0001971375528118593
A123_094,25C,30,4.067707061767578,1.0,4.067707061767578,2.317006162405014,0.0,1,24.0,0.0,0.0,2.8855350017547607,8_12_13_1C_Cycle.xlsx,0.0005970448,0.0027172206516124942
A123_094,25C,90,2.492954969406128,0.0,2.368901252746582,-2.4997037836342804,-0.0,1,24.0,0.0,0.0,2.8855350017547607,7_5_13_1C_Cycle.xlsx,0.0,0.0002069008720772158
A123_094,25C,120,2.557819604873657,0.0,2.393712043762207,-2.499714760158373,-0.0,1,24.0,0.0,0.0,2.8855350017547607,8_29_13_1C_Cycle.xlsx,0.00031659007,-3.08571549557865e-05
A123_094,25C,90,4.046788215637207,1.0,4.066247940063477,2.31196560618306,0.0,1,24.0,0.0,0.0,2.8855350017547607,10_16_13_1C_Cycle.xlsx,0.00080503523,-0.0001251186842285192
A123_094,25C,30,2.4833874702453613,0.0,2.4833874702453613,-2.477144622649821,-0.0,1,24.0,0.0,0.0,2.8855350017547607,12_4_13_1C_Cycle.xlsx,0.00034055114,0.00029601475214002197
A123_094,25C,30,4.066410064697266,1.0,4.066410064697266,2.3281916840111507,0.0,1,24.0,0.0,0.0,2.8855350017547607,11_6_13_1C_Cycle.xlsx,0.00017239153,0.0005596409186680518
A123_094,25C,60,2.476901054382324,0.0,2.389820098876953,-2.499728901489921,-0.0,1,24.0,0.0,0.0,2.8855350017547607,8_29_13_1C_Cycle.xlsx,0.00020980835,0.00027461042349351164
A123_094,25C,60,4.056193828582764,1.0,4.066734313964844,2.315991425526238,0.0,1,24.0,0.0,0.0,2.8855350017547607,8_29_13_1C_Cycle.xlsx,0.00079137087,5.651600458995285e-05
A123_094,25C,90,4.04630184173584,1.0,4.066085815429688,2.31356695080634,0.0,1,24.0,0.0,0.0,2.8855350017547607,9_25_13_1C_Cycle.xlsx,0.0005032867,-0.00010916346669300782
A123_094,25C,90,4.0477614402771,1.0,4.0673828125,2.3176247905492784,0.0,1,24.0,0.0,0.0,2.8855350017547607,8_12_13_1C_Cycle.xlsx,0.00039342046,0.0003960244095592862
A123_094,25C,30,2.4876036643981934,0.0,2.4876036643981934,-2.4765564528513804,-0.0,1,24.0,0.0,0.0,2.8855350017547607,3_4_14_1C_Cycle.xlsx,0.0003889799,-0.01978523549030439
A123_094,25C,90,2.5005767345428467,0.0,2.370522975921631,-2.4996499181762943,-0.0,1,24.0,0.0,0.0,2.8855350017547607,7_3_13_1C_Cycle.xlsx,0.0,0.0003675420130670811
A123_094,25C,30,4.067707061767578,1.0,4.067707061767578,2.331095167420438,0.0,1,24.0,0.0,0.0,2.8855350017547607,9_16_13_1C_Cycle.xlsx,0.00014525652,0.0019050348386300197
A123_094,25C,60,4.057166576385498,1.0,4.0673828125,2.3241503642410293,0.0,1,24.0,0.0,0.0,2.8855350017547607,12_13_13_1C_Cycle.xlsx,0.00041919947,0.0005185332770137534
A123_094,25C,90,4.048085689544678,1.0,4.067220687866211,2.327666375253881,0.0,1,24.0,0.0,0.0,2.8855350017547607,11_6_13_1C_Cycle.xlsx,0.0,0.0005918784150567591
A123_094,25C,120,2.5600900650024414,0.0,2.3963067531585693,-2.4997156804746337,-0.0,1,24.0,0.0,0.0,2.8855350017547607,11_18_13_1C_Cycle.xlsx,0.00042265654,0.0003701302527330932
A123_094,25C,30,2.3966310024261475,0.0,2.3966310024261475,-2.499916827903604,-0.0,1,24.0,0.0,0.0,2.8855350017547607,3_4_14_1C_Cycle.xlsx,0.00027996302,0.0005878257845586813
A123_094,25C,30,4.0673828125,1.0,4.0673828125,2.309189840184368,0.0,1,24.0,0.0,0.0,2.8855350017547607,7_8_13_1C_Cycle.xlsx,0.0010047257,0.001045019101431537
A123_094,25C,60,2.530414342880249,0.0,2.476252317428589,-2.4997229012576017,-0.0,1,24.0,0.0,0.0,2.8855350017547607,12_13_13_1C_Cycle.xlsx,0.0008805543,0.00018026167288213377
A123_094,25C,30,2.504468441009521,0.0,2.504468441009521,-2.476683627990833,-0.0,1,24.0,0.0,0.0,2.8855350017547607,2_20_14_1C_Cycle.xlsx,0.0006607175,-0.007300165151007277
A123_094,25C,30,2.394036293029785,0.0,2.394036293029785,-2.499810109267364,-0.0,1,24.0,0.0,0.0,2.8855350017547607,11_18_13_1C_Cycle.xlsx,0.00027281046,0.00031597758152679054
A123_094,25C,90,4.052788257598877,1.0,4.0701398849487305,2.342589848571353,0.0,1,24.0,0.0,0.0,2.8855350017547607,12_13_13_1C_Cycle.xlsx,0.0,0.0005531671995730122
A123_094,25C,90,2.538846731185913,0.0,2.393063545227051,-2.4999142784938635,-0.0,1,24.0,0.0,0.0,2.8855350017547607,3_4_14_1C_Cycle.xlsx,0.00065234303,0.0001889047827147582
A123_094,25C,60,4.060734272003174,1.0,4.0701398849487305,2.3425682332271185,0.0,1,24.0,0.0,0.0,2.8855350017547607,12_13_13_1C_Cycle.xlsx,0.0,-0.00021961038562884255
A123_094,25C,120,2.565603494644165,0.0,2.395820140838623,-2.499876160140431,-0.0,1,24.0,0.0,0.0,2.8855350017547607,1_23_14_1C_Cycle.xlsx,0.00050498545,-3.908992505288762e-05
A123_094,25C,120,2.557171106338501,0.0,2.3987390995025635,-2.4998494763659616,-0.0,1,24.0,0.0,0.0,2.8855350017547607,8_1_13_1C_Cycle.xlsx,0.00042697787,0.00035326458961228727
A123_094,25C,60,2.479657888412476,0.0,2.391441822052002,-2.499808481147697,-0.0,1,24.0,0.0,0.0,2.8855350017547607,11_18_13_1C_Cycle.xlsx,0.00029924512,0.0002663776533964107
A123_094,25C,60,2.5309009552001958,0.0,2.483063220977783,-2.4996782315743937,-0.0,1,24.0,0.0,0.0,2.8855350017547607,12_4_13_1C_Cycle.xlsx,0.0008018613,0.0002536608967312478
A123_094,25C,60,2.483063220977783,0.0,2.4008471965789795,-2.499727471261962,-0.0,1,24.0,0.0,0.0,2.8855350017547607,8_1_13_1C_Cycle.xlsx,0.00025558472,0.0020429462607990797
A123_094,25C,30,2.3929011821746826,0.0,2.3929011821746826,-2.4998263904640265,-0.0,1,24.0,0.0,0.0,2.8855350017547607,11_18_13_1C_Cycle.xlsx,0.000271976,0.00031597758152679054
A123_094,25C,120,4.04484224319458,1.0,4.068680286407471,2.3394874839536977,0.0,1,24.0,0.0,0.0,2.8855350017547607,2_20_14_1C_Cycle.xlsx,0.00034546852,6.800559029103179e-05
A123_094,25C,90,2.577927827835083,0.0,2.5039820671081543,-2.476601632720472,-0.0,1,24.0,0.0,0.0,2.8855350017547607,2_20_14_1C_Cycle.xlsx,0.0017361045,-0.013595073315408336
A123_094,25C,60,4.059112548828125,1.0,4.069004535675049,2.344831130388429,0.0,1,24.0,0.0,0.0,2.8855350017547607,11_18_13_1C_Cycle.xlsx,0.0,0.0006785179792141904
A123_094,25C,30,2.4029552936553955,0.0,2.4029552936553955,-2.499694161054467,-0.0,1,24.0,0.0,0.0132420880328592,2.892603745967333,7_15_13_1C_Cycle.xlsx,0.00028562546,0.001727717479714134
A123_094,25C,90,2.528306245803833,0.0,2.3865768909454346,-2.4997559922986325,-0.0,1,24.0,0.0,0.0,2.8855350017547607,10_07_13_1C_Cycle.xlsx,0.00035622716,0.0001889047827147582
A123_094,25C,90,4.046788215637207,1.0,4.066247940063477,2.311287637769191,0.0,1,24.0,0.0,0.0,2.8855350017547607,10_16_13_1C_Cycle.xlsx,0.00086021423,-0.0001251186842285192
A123_094,25C,60,4.056193828582764,1.0,4.066734313964844,2.3132189779130163,0.0,1,24.0,0.0,0.0,2.8855350017547607,10_07_13_1C_Cycle.xlsx,0.0010108948,5.651600458995285e-05
A123_094,25C,30,2.4799821376800537,0.0,2.4799821376800537,-2.4785482712293248,-0.0,1,24.0,0.0,0.0,2.8855350017547607,8_1_13_1C_Cycle.xlsx,0.00032499433,0.00029601475214002197
A123_094,25C,90,4.039815425872803,1.0,4.067058563232422,2.3172460680007934,0.0,1,24.0,0.0,0.0,2.8855350017547607,8_12_13_1C_Cycle.xlsx,0.0,7.26790782714976e-05
A123_094,25C,60,2.482576608657837,0.0,2.399387836456299,-2.499657066018732,-0.0,1,24.0,0.0,0.0,2.8855350017547607,12_4_13_1C_Cycle.xlsx,0.00026223063,0.0005382258564283015
A123_094,25C,60,4.057328701019287,1.0,4.0673828125,2.3245349121399417,0.0,1,24.0,0.0,0.0,2.8855350017547607,12_13_13_1C_Cycle.xlsx,0.00046491623,0.0005185332770137534
A123_094,25C,30,4.066734313964844,1.0,4.066734313964844,2.318149402976036,0.0,1,24.0,0.0,0.0,2.8855350017547607,8_1_13_1C_Cycle.xlsx,0.0004988313,0.00027479104433487494
A123_094,25C,60,2.5231170654296875,0.0,2.476901054382324,-2.4786141111260926,-0.0,1,24.0,0.0,0.0,2.8855350017547607,8_1_13_1C_Cycle.xlsx,5.7667494e-05,0.0002814760463804901
A123_094,25C,60,2.4778740406036377,0.0,2.393063545227051,-2.4996674101928185,-0.0,1,24.0,0.0,0.0,2.8855350017547607,8_12_13_1C_Cycle.xlsx,0.00018498302,0.00027461042349351164
A123_094,25C,30,2.4780361652374268,0.0,2.4780361652374268,-2.4783216314661267,-0.0,1,24.0,0.0,0.0,2.8855350017547607,8_29_13_1C_Cycle.xlsx,0.00029304624,0.00029601475214002197
A123_094,25C,120,2.561387300491333,0.0,2.377333641052246,-2.499903827905655,-0.0,1,24.0,0.0,0.0,2.8855350017547607,10_16_13_1C_Cycle.xlsx,0.0,-3.908992505288762e-05
A123_094,25C,60,2.5252251625061035,0.0,2.4773874282836914,-2.499901765325795,-0.0,1,24.0,0.0,0.0,2.8855350017547607,8_29_13_1C_Cycle.xlsx,0.0006673336,0.00018026167288213377
A123_094,25C,150,4.032356262207031,1.0,4.066572189331055,2.3162536930533184,0.0,1,24.0,0.0,0.0,2.8855350017547607,8_29_13_1C_Cycle.xlsx,1.3679266e-05,-5.634955075275213e-05
A123_094,25C,90,2.5125765800476074,0.0,2.3901445865631104,-2.499678675333659,-0.0,1,24.0,0.0,0.0,2.8855350017547607,7_11_13_1C_Cycle.xlsx,0.0,0.0003675420130670811
A123_094,25C,150,4.035437107086182,1.0,4.067869663238525,2.3243727892255173,0.0,1,24.0,0.0,0.0,2.8855350017547607,1_23_14_1C_Cycle.xlsx,0.00033651292,-0.00023834840374870481
A123_094,25C,30,4.067869663238525,1.0,4.067869663238525,2.320519841914102,0.0,1,24.0,0.0,0.0,2.8855350017547607,7_24_13_1C_Cycle.xlsx,0.0004530698,0.0003566990426229677
A123_094,25C,90,4.049869537353516,1.0,4.068356037139893,2.3255849212281783,0.0,1,24.0,0.0,0.0,2.8855350017547607,12_4_13_1C_Cycle.xlsx,0.0004427135,0.0074434551067256065
A123_094,25C,30,4.067058563232422,1.0,4.067058563232422,2.3296770149221024,0.0,1,24.0,0.0,0.0,2.8855350017547607,10_16_13_1C_Cycle.xlsx,0.00015757978,0.0015984066683837523
A123_094,25C,150,4.024572372436523,1.0,4.065923690795898,2.1758319679503293,0.0,1,24.0,0.0,0.0,2.8855350017547607,12_4_13_1C_Cycle.xlsx,0.014762089,0.0553300050745705
A123_094,25C,30,2.4876036643981934,0.0,2.4876036643981934,-2.47810793239927,-0.0,1,24.0,0.0,0.0,2.8855350017547607,9_16_13_1C_Cycle.xlsx,0.00042378902,0.0006102760221431188
A123_094,25C,90,2.538522481918335,0.0,2.4074957370758057,-2.4996930502228816,-0.0,1,24.0,0.0,0.0,2.8855350017547607,7_17_13_1C_Cycle.xlsx,0.00076666474,0.004749013789253913
A123_094,25C,60,2.4903604984283447,0.0,2.404252529144287,-2.4998437856373035,-0.0,1,24.0,0.0,0.0,2.8855350017547607,9_16_13_1C_Cycle.xlsx,0.00051374733,0.005526293179048616
A123_094,25C,90,4.047923564910889,1.0,4.067220687866211,2.3276511961672486,0.0,1,24.0,0.0,0.0,2.8855350017547607,11_6_13_1C_Cycle.xlsx,0.0,0.0005918784150567591
A123_094,25C,90,2.5273332595825195,0.0,2.3774960041046143,-2.499905439359801,-0.0,1,24.0,0.0,0.0,2.8855350017547607,10_16_13_1C_Cycle.xlsx,0.00022776425,0.0001889047827147582
A123_094,25C,60,4.056518077850342,1.0,4.067058563232422,2.333272677732677,0.0,1,24.0,0.0,0.0,2.8855350017547607,8_29_13_1C_Cycle.xlsx,0.0,0.0005020749074371154
A123_094,25C,60,2.4812793731689453,0.0,2.396144390106201,-2.49972381892505,-0.0,1,24.0,0.0,0.0,2.8855350017547607,11_18_13_1C_Cycle.xlsx,0.00027306378,0.0006933990164501038
A123_094,25C,90,4.0477614402771,1.0,4.067220687866211,2.327617794776163,0.0,1,24.0,0.0,0.0,2.8855350017547607,11_6_13_1C_Cycle.xlsx,0.0,0.0005918784150567591
A123_094,25C,90,4.040788650512695,1.0,4.067220687866211,2.3211499892499137,0.0,1,24.0,0.0,0.0,2.8855350017547607,2_4_14_1C_Cycle.xlsx,0.0,0.00018958410445355628
A123_094,25C,60,2.495387554168701,0.0,2.449820041656494,-2.479319119896944,-0.0,1,24.0,0.0,0.0,2.8855350017547607,7_5_13_1C_Cycle.xlsx,0.0,0.001046510902642248
A123_094,25C,150,4.035437107086182,1.0,4.067869663238525,2.3242322694924145,0.0,1,24.0,0.0,0.0,2.8855350017547607,1_23_14_1C_Cycle.xlsx,0.00034597516,-0.00023834840374870481
A123_094,25C,30,4.065274715423584,1.0,4.065274715423584,2.2665040891117125,0.0,1,24.0,0.0,0.0,2.8855350017547607,7_3_13_1C_Cycle.xlsx,0.0053806305,-0.027774716310733714
A123_094,25C,90,4.049869537353516,1.0,4.0680317878723145,2.33959049293608,0.0,1,24.0,0.0,0.0,2.8855350017547607,3_4_14_1C_Cycle.xlsx,0.0,-0.0001181346138127866
A123_094,25C,60,4.056355953216553,1.0,4.067220687866211,2.2366425243830217,0.0,1,24.0,0.0,1.0,3.553644180297852,3_4_14_1C_Cycle.xlsx,0.013812721,0.6946373190666199
A123_094,25C,90,4.05084228515625,1.0,4.068680286407471,2.343675383645245,0.0,1,24.0,0.0,0.0,2.8855350017547607,12_4_13_1C_Cycle.xlsx,0.0,9.027197842948979e-05
A123_094,25C,90,2.5297658443450928,0.0,2.393549919128418,-2.4997401001217128,-0.0,1,24.0,0.0,0.0,2.8855350017547607,11_18_13_1C_Cycle.xlsx,0.0004518777,0.0001971375528118593
A123_094,25C,60,4.056193828582764,1.0,4.066572189331055,2.3129835014582656,0.0,1,24.0,0.0,0.0,2.8855350017547607,10_07_13_1C_Cycle.xlsx,0.0011063665,-6.35974118832797e-05
A123_094,25C,30,4.066896438598633,1.0,4.066896438598633,2.319619353801485,0.0,1,24.0,0.0,0.0,2.8855350017547607,8_1_13_1C_Cycle.xlsx,0.00044621527,0.00047570476761503433
A123_094,25C,150,4.038680553436279,1.0,4.068680286407471,2.3402180277782936,0.0,1,24.0,0.0,0.0,2.8855350017547607,2_4_14_1C_Cycle.xlsx,0.00042831898,0.00010708729212188599
A123_094,25C,60,2.4756038188934326,0.0,2.389171600341797,-2.4997858137919984,-0.0,1,24.0,0.0,0.0,2.8855350017547607,8_12_13_1C_Cycle.xlsx,0.0001680851,0.0002663776533964107
A123_094,25C,30,2.375063419342041,0.0,2.375063419342041,-2.499753137966534,-0.0,1,24.0,0.0,0.0,2.8855350017547607,11_6_13_1C_Cycle.xlsx,0.00026997924,0.00031597758152679054
A123_094,25C,30,4.067869663238525,1.0,4.067869663238525,2.324189029761359,0.0,1,24.0,0.0,0.0,2.8855350017547607,1_23_14_1C_Cycle.xlsx,0.00032146275,0.00030151647762981823
A123_094,25C,30,2.484846830368042,0.0,2.484846830368042,-2.477579652604778,-0.0,1,24.0,0.0,0.0,2.8855350017547607,10_16_13_1C_Cycle.xlsx,0.00037148595,0.00029601475214002197
A123_094,25C,30,4.070626258850098,1.0,4.070626258850098,2.362491618810046,0.0,1,24.0,0.0,0.0,2.8855350017547607,12_4_13_1C_Cycle.xlsx,0.0004235953,-0.004348788500563942
A123_094,25C,30,4.066734313964844,1.0,4.066734313964844,2.3130560383567067,0.0,1,24.0,0.0,0.0,2.8855350017547607,9_25_13_1C_Cycle.xlsx,0.0007406771,0.00022811992354537775
A123_094,25C,120,4.039329051971436,1.0,4.066247940063477,2.311142801499564,0.0,1,24.0,0.0,0.0,2.8855350017547607,10_16_13_1C_Cycle.xlsx,0.0007138252,-7.377479999630638e-05
A123_094,25C,60,2.531873941421509,0.0,2.4832253456115723,-2.477131597692491,-0.0,1,24.0,0.0,0.0,2.8855350017547607,12_13_13_1C_Cycle.xlsx,0.0003002882,0.0002814760463804901
A123_094,25C,60,2.540630578994751,0.0,2.486792802810669,-2.4997994275850672,-0.0,1,24.0,0.0,0.0,2.8855350017547607,2_4_14_1C_Cycle.xlsx,0.0011437386,0.0004945229428852309
A123_094,25C,90,4.051167011260986,1.0,4.069004535675049,2.34442995652809,0.0,1,24.0,0.0,0.0,2.8855350017547607,11_18_13_1C_Cycle.xlsx,0.0,0.00032833537758401887
A123_094,25C,150,4.032193660736084,1.0,4.066572189331055,2.313346298564164,0.0,1,24.0,0.0,0.0,2.8855350017547607,9_25_13_1C_Cycle.xlsx,0.00011840463,-5.634955075275213e-05
A123_094,25C,30,2.3737661838531494,0.0,2.3737661838531494,-2.499916765906594,-0.0,1,24.0,0.0,0.0,2.8855350017547607,12_13_13_1C_Cycle.xlsx,0.0002771318,0.00031597758152679054
A123_094,25C,150,4.033815383911133,1.0,4.066896438598633,2.330725669922415,0.0,1,24.0,0.0,0.0,2.8855350017547607,10_07_13_1C_Cycle.xlsx,0.0,0.00030475457261957216
A123_094,25C,120,4.039653301239014,1.0,4.066734313964844,2.3155513342109417,0.0,1,24.0,0.0,0.0,2.8855350017547607,8_29_13_1C_Cycle.xlsx,0.00034850836,0.0007246132306386722
A123_094,25C,90,2.5253872871398926,0.0,2.384955406188965,-2.49975818081906,-0.0,1,24.0,0.0,0.0,2.8855350017547607,9_16_13_1C_Cycle.xlsx,0.00027742982,0.0001889047827147582
A123_094,25C,30,4.0673828125,1.0,4.0673828125,2.3242862519418077,0.0,1,24.0,0.0,0.0,2.8855350017547607,12_13_13_1C_Cycle.xlsx,0.00030133128,0.000516858565080644
A123_094,25C,30,4.067058563232422,1.0,4.067058563232422,2.3307226671537093,0.0,1,24.0,0.0,0.0,2.8855350017547607,9_25_13_1C_Cycle.xlsx,0.0001386404,0.001256402888150904
A123_094,25C,90,2.524090051651001,0.0,2.389820098876953,-2.499765045746513,-0.034576136944832,1,24.0,0.0,0.0,2.8855350017547607,8_29_13_1C_Cycle.xlsx,0.00065808,-0.0017576699457086628
A123_094,25C,30,4.066410064697266,1.0,4.066410064697266,2.311911851044529,0.0,1,24.0,0.0,0.0,2.8855350017547607,10_16_13_1C_Cycle.xlsx,0.0007831454,2.3591747551615697e-05
A123_094,25C,30,2.4760901927948,0.0,2.4760901927948,-2.4771142320823856,-0.0,1,24.0,0.0,0.0,2.8855350017547607,1_23_14_1C_Cycle.xlsx,0.00023835897,0.00029601475214002197
A123_094,25C,30,2.385441780090332,0.0,2.385441780090332,-2.499874336529622,-0.0,1,24.0,0.0,0.0,2.8855350017547607,10_07_13_1C_Cycle.xlsx,0.00026871264,0.00031597758152679054
A123_094,25C,90,2.530090093612671,0.0,2.378793239593506,-2.499716329574585,-0.0,1,24.0,0.0,0.0,2.8855350017547607,12_13_13_1C_Cycle.xlsx,0.0002913475,0.0001971375528118593
A123_094,25C,120,4.0477614402771,1.0,4.071112632751465,2.353499113380909,0.0,1,24.0,0.0,0.0,2.8855350017547607,7_24_13_1C_Cycle.xlsx,0.0,-0.010292437378537316
A123_094,25C,120,4.041923522949219,1.0,4.067869663238525,2.324195210622926,0.0,1,24.0,0.0,0.0,2.8855350017547607,1_23_14_1C_Cycle.xlsx,0.0003632307,-7.955005054725217e-05
A123_094,25C,90,2.5249009132385254,0.0,2.389009475708008,-2.499761902767679,-0.0,1,24.0,0.0,0.0,2.8855350017547607,8_29_13_1C_Cycle.xlsx,0.00030179322,0.0001889047827147582
A123_094,25C,90,4.039977550506592,1.0,4.0673828125,2.31978426802726,0.0,1,24.0,0.0,0.0,2.8855350017547607,8_1_13_1C_Cycle.xlsx,0.0,0.00019386898327792342
A123_094,25C,60,4.0557074546813965,1.0,4.066410064697266,2.3132337464905177,0.0,1,24.0,0.0,0.0,2.8855350017547607,9_25_13_1C_Cycle.xlsx,0.0008942038,-6.35974118832797e-05
A123_094,25C,30,4.067707061767578,1.0,4.067707061767578,2.3241998467307825,0.0,1,24.0,0.0,0.0,2.8855350017547607,1_23_14_1C_Cycle.xlsx,0.00031533837,0.0010222604517822957
A123_094,25C,30,4.069166660308838,1.0,4.069166660308838,2.317566934676297,0.0,1,24.0,0.0,0.1239297544096464,2.9543819594244725,2_20_14_1C_Cycle.xlsx,0.0006465912,-0.0012831757386509463
A123_094,25C,60,4.0701398849487305,1.0,4.075653076171875,0.8996493692199389,0.0,1,24.0,0.0,1.0,3.553644180297852,12_4_13_1C_Cycle.xlsx,0.99593234,1.0084122441417904
A123_094,25C,60,4.056518077850342,1.0,4.0673828125,2.314459296564261,0.0,1,24.0,0.0,0.0,2.8855350017547607,8_19_13_1C_Cycle6.xlsx,0.00079631805,0.0010121715054272039
A123_094,25C,60,4.058950424194336,1.0,4.068680286407471,2.344739284618931,0.0,1,24.0,0.0,0.0,2.8855350017547607,11_18_13_1C_Cycle.xlsx,0.0,0.0006785179792141904
A123_094,25C,30,2.400036334991455,0.0,2.400036334991455,-2.499684750496804,-0.0,1,24.0,0.0,0.0,2.8855350017547607,11_18_13_1C_Cycle.xlsx,0.00027878582,0.000541855500091499
A123_094,25C,30,2.384793281555176,0.0,2.384793281555176,-2.499863145625697,-0.0,1,24.0,0.0,0.0,2.8855350017547607,10_07_13_1C_Cycle.xlsx,0.0002682805,0.00031597758152679054
A123_094,25C,120,4.04484224319458,1.0,4.069490909576416,2.336860686008419,0.0,1,24.0,0.0,0.0,2.8855350017547607,7_24_13_1C_Cycle.xlsx,0.0002180934,-0.011390920661290728
A123_094,25C,30,4.069004535675049,1.0,4.069004535675049,2.3443947423691465,0.0,1,24.0,0.0,0.0,2.8855350017547607,11_18_13_1C_Cycle.xlsx,7.687509e-05,0.0013600544396456533
A123_094,25C,120,4.039004802703857,1.0,4.066247940063477,2.3149616523850254,0.0,1,24.0,0.0,0.0,2.8855350017547607,9_16_13_1C_Cycle.xlsx,0.0002796352,-3.299084074791079e-05
A123_094,25C,90,4.051004409790039,1.0,4.069004535675049,2.3443212493370145,0.0,1,24.0,0.0,0.0,2.8855350017547607,11_18_13_1C_Cycle.xlsx,0.0,0.00032833537758401887
A123_094,25C,90,2.5618736743927,0.0,2.472522735595703,-2.4774262022308124,-0.0,1,24.0,0.0,0.0,2.8855350017547607,11_6_13_1C_Cycle.xlsx,0.001204133,0.0140811505396088
A123_094,25C,30,4.0680317878723145,1.0,4.0680317878723145,2.3270044393148743,0.0,1,24.0,0.0,0.0,2.8855350017547607,12_4_13_1C_Cycle.xlsx,0.00024411082,0.00030151647762981823
A123_094,25C,60,2.48063063621521,0.0,2.3992254734039307,-2.499844668275219,-0.0,1,24.0,0.0,0.0,2.8855350017547607,7_24_13_1C_Cycle.xlsx,0.00018468499,0.0005382258564283015
A123_094,25C,60,4.057491302490234,1.0,4.067869663238525,2.324179763276862,0.0,1,24.0,0.0,0.0,2.8855350017547607,1_23_14_1C_Cycle.xlsx,0.00038161874,0.00030319118956292766
A123_094,25C,60,4.058950424194336,1.0,4.068680286407471,2.3447852014737616,0.0,1,24.0,0.0,0.0,2.8855350017547607,11_18_13_1C_Cycle.xlsx,0.0,0.0006785179792141904
A123_094,25C,120,4.043383121490479,1.0,4.068518161773682,2.344973527589592,0.0,1,24.0,0.0,0.0,2.8855350017547607,11_18_13_1C_Cycle.xlsx,0.0,-0.0010493870774633829
A123_094,25C,90,4.047112941741943,1.0,4.066734313964844,2.313014610197212,0.0,1,24.0,0.0,0.0,2.8855350017547607,10_07_13_1C_Cycle.xlsx,0.00067816675,-4.502574322328785e-05
A123_094,25C,120,2.5255496501922607,0.0,2.3611176013946533,-2.499672418783519,-0.0,1,24.0,0.0,0.0,2.8855350017547607,7_5_13_1C_Cycle.xlsx,0.0,8.964915667749628e-05
A123_094,25C,60,2.530576467514038,0.0,2.4757659435272217,-2.477329396208266,-0.0,1,24.0,0.0,0.0,2.8855350017547607,12_4_13_1C_Cycle.xlsx,0.000382483,0.0002814760463804901
A123_094,25C,60,2.5234413146972656,0.0,2.4760901927948,-2.4783262548964218,-0.0,1,24.0,0.0,0.0,2.8855350017547607,8_12_13_1C_Cycle.xlsx,7.459521e-05,0.0002814760463804901
A123_094,25C,150,4.040950775146484,1.0,4.0701398849487305,2.342247028126676,0.0,1,24.0,0.0,0.0,2.8855350017547607,12_13_13_1C_Cycle.xlsx,0.0008045286,0.00010705910769043833
A123_094,25C,60,2.527981996536255,0.0,2.476738929748535,-2.47779378248685,-0.0,1,24.0,0.0,0.0,2.8855350017547607,10_07_13_1C_Cycle.xlsx,0.00025001168,0.0002814760463804901
A123_094,25C,150,4.033815383911133,1.0,4.066896438598633,2.330158830371996,0.0,1,24.0,0.0,0.0673531844196503,2.9214887298513648,9_25_13_1C_Cycle.xlsx,0.0,0.00046456902574702573
A123_094,25C,30,4.066410064697266,1.0,4.066410064697266,2.311501165867345,0.0,1,24.0,0.0,0.0,2.8855350017547607,10_16_13_1C_Cycle.xlsx,0.0008057505,2.3591747551615697e-05
A123_094,25C,90,4.0477614402771,1.0,4.067058563232422,2.3323628484103525,0.0,1,24.0,0.0,0.0,2.8855350017547607,9_16_13_1C_Cycle.xlsx,0.0,0.0005991369443899372
A123_094,25C,60,4.0558695793151855,1.0,4.066572189331055,2.311602756257885,0.0,1,24.0,0.0,0.0,2.8855350017547607,10_16_13_1C_Cycle.xlsx,0.0010405779,-6.35974118832797e-05
A123_094,25C,120,4.039977550506592,1.0,4.066734313964844,2.3313677460570967,0.0,1,24.0,0.0,0.0,2.8855350017547607,10_07_13_1C_Cycle.xlsx,0.0,0.0002599869157024643
A123_094,25C,90,2.5501980781555176,0.0,2.424036264419556,-2.499679509724412,-0.0,1,24.0,0.0,0.0,2.8855350017547607,2_20_14_1C_Cycle.xlsx,0.0011743605,0.00014577810158053776
A123_094,25C,30,4.069166660308838,1.0,4.069166660308838,2.3433851092799096,0.0,1,24.0,0.0,0.0,2.8855350017547607,12_13_13_1C_Cycle.xlsx,7.1793795e-05,0.005948332867079058
A123_094,25C,60,2.472360610961914,0.0,2.3742525577545166,-2.4999019796198065,-0.0,1,24.0,0.0,0.0,2.8855350017547607,12_13_13_1C_Cycle.xlsx,0.00032004714,0.0002663776533964107
A123_094,25C,120,2.565441370010376,0.0,2.387549877166748,-2.4997368438823804,-0.0,1,24.0,0.0,0.0,2.8855350017547607,12_4_13_1C_Cycle.xlsx,0.00025355816,-3.08571549557865e-05
A123_094,25C,30,2.480306386947632,0.0,2.480306386947632,-2.4773777819718816,-0.0,1,24.0,0.0,0.0,2.8855350017547607,11_18_13_1C_Cycle.xlsx,0.00030227005,0.00029601475214002197
A123_094,25C,60,2.549062967300415,0.0,2.5039820671081543,-2.4997183563553285,-0.0,1,24.0,0.0,0.0,2.8855350017547607,2_20_14_1C_Cycle.xlsx,0.0012349188,-0.002432233605811064
A123_094,25C,150,4.033004760742188,1.0,4.066734313964844,2.311344426956551,0.0,1,24.0,0.0,0.0,2.8855350017547607,10_16_13_1C_Cycle.xlsx,0.0005540103,-2.9311470128476755e-05
A123_094,25C,60,4.056193828582764,1.0,4.066572189331055,2.3132545196252767,0.0,1,24.0,0.0,0.0,2.8855350017547607,10_07_13_1C_Cycle.xlsx,0.0010834932,-6.35974118832797e-05
A123_094,25C,60,4.061220645904541,1.0,4.0701398849487305,2.341937664308046,0.0,1,24.0,0.0,0.0,2.8855350017547607,2_4_14_1C_Cycle.xlsx,6.5118074e-05,-0.0014250177297716047
A123_094,25C,150,4.039653301239014,1.0,4.069166660308838,2.3393607004300545,0.0,1,24.0,0.0,0.0,2.8855350017547607,2_20_14_1C_Cycle.xlsx,0.00077694654,0.0005937285941054879
A123_094,25C,30,2.3697121143341064,0.0,2.3697121143341064,-2.4996993029413144,-0.0,1,24.0,0.0,0.0,2.8855350017547607,7_5_13_1C_Cycle.xlsx,0.00027643144,0.0002782400671567091
A123_094,25C,120,2.5604143142700195,0.0,2.3862526416778564,-2.4997623895121888,-0.0365223310988446,1,24.0,0.0,0.0,2.8855350017547607,10_07_13_1C_Cycle.xlsx,0.0008866489,0.017313500752965387
A123_094,25C,60,4.065761566162109,1.0,4.072896480560303,0.7145202644169331,0.0,1,24.0,0.0,1.0,3.553644180297852,8_19_13_1C_Cycle6.xlsx,1.0,0.850018217780936
A123_094,25C,60,2.4460902214050293,0.0,2.360630989074707,-2.499679886605129,-0.0,1,24.0,0.0,0.0,2.8855350017547607,7_5_13_1C_Cycle.xlsx,0.0,0.00027461042349351164
A123_094,25C,60,4.060247898101807,1.0,4.069977760314941,2.3362340814182683,0.0,1,24.0,0.0,0.0,2.8855350017547607,7_24_13_1C_Cycle.xlsx,6.990135e-05,-0.006848906089619791
A123_094,25C,90,4.046950817108154,1.0,4.066896438598633,2.3198229810075155,0.0,1,24.0,0.0,0.0,2.8855350017547607,8_1_13_1C_Cycle.xlsx,8.291006e-05,9.75326208191643e-05
A123_094,25C,90,4.048734188079834,1.0,4.067869663238525,2.324249220072714,0.0,1,24.0,0.0,0.0,2.8855350017547607,1_23_14_1C_Cycle.xlsx,0.00020766258,5.603396802165961e-05
A123_094,25C,150,4.035274982452393,1.0,4.067544937133789,2.319161780047835,0.0,1,24.0,0.0,0.0,2.8855350017547607,3_4_14_1C_Cycle.xlsx,0.0007740259,0.00010757565624544671
A123_094,25C,60,2.448684930801392,0.0,2.368577003479004,-2.499669431654875,-0.0,1,24.0,0.0,0.0,2.8855350017547607,7_5_13_1C_Cycle.xlsx,0.0,0.00027461042349351164
A123_094,25C,60,4.056680202484131,1.0,4.067220687866211,2.327831862290868,0.0,1,24.0,0.0,0.0,2.8855350017547607,11_6_13_1C_Cycle.xlsx,6.878376e-05,0.0006385212367298869
A123_094,25C,90,2.53025221824646,0.0,2.3859283924102783,-2.499821476502852,-0.0,1,24.0,0.0,0.0,2.8855350017547607,12_4_13_1C_Cycle.xlsx,0.00039058924,0.0001889047827147582
A123_094,25C,30,4.066734313964844,1.0,4.066734313964844,2.3131849159349183,0.0,1,24.0,0.0,0.0,2.8855350017547607,9_25_13_1C_Cycle.xlsx,0.0007338822,0.00022811992354537775
A123_094,25C,60,4.057328701019287,1.0,4.067544937133789,2.319161780047835,0.0,1,24.0,0.0,0.0,2.8855350017547607,3_4_14_1C_Cycle.xlsx,0.0007814914,0.0006491152495570785
A123_094,25C,30,2.4799821376800537,0.0,2.4799821376800537,-2.478347705043773,-0.0,1,24.0,0.0,0.0,2.8855350017547607,8_1_13_1C_Cycle.xlsx,0.00032031536,0.00029601475214002197
A123_094,25C,30,4.0673828125,1.0,4.0673828125,2.3241503642410293,0.0,1,24.0,0.0,0.0,2.8855350017547607,12_13_13_1C_Cycle.xlsx,0.0003055483,0.000516858565080644
A123_094,25C,30,4.066572189331055,1.0,4.066572189331055,2.3114534422508943,0.0,1,24.0,0.0,0.0,2.8855350017547607,10_16_13_1C_Cycle.xlsx,0.00081822276,2.3591747551615697e-05
A123_094,25C,90,2.538684606552124,0.0,2.391441822052002,-2.4999372846675367,-0.0,1,24.0,0.0,0.0,2.8855350017547607,3_4_14_1C_Cycle.xlsx,0.0006289929,0.0001889047827147582
A123_094,25C,30,4.066410064697266,1.0,4.066410064697266,2.311265242247542,0.0,1,24.0,0.0,0.0,2.8855350017547607,10_16_13_1C_Cycle.xlsx,0.0008188933,2.3591747551615697e-05
A123_094,25C,120,4.044031620025635,1.0,4.068680286407471,2.344748472005634,0.0,1,24.0,0.0,0.0,2.8855350017547607,11_18_13_1C_Cycle.xlsx,0.0,-0.00010825948275200408
A123_094,25C,30,4.067707061767578,1.0,4.067707061767578,2.338799908361604,0.0,1,24.0,0.0,0.0,2.8855350017547607,3_4_14_1C_Cycle.xlsx,6.7815185e-05,0.0013569983966223928
A123_094,25C,90,4.048896312713623,1.0,4.0680317878723145,2.3244932562459346,0.0,1,24.0,0.0,0.0,2.8855350017547607,7_11_13_1C_Cycle.xlsx,0.00020341575,5.603396802165961e-05
A123_094,25C,60,2.520198106765747,0.0,2.4749550819396973,-2.4788938254690343,-0.0,1,24.0,0.0,0.0,2.8855350017547607,7_15_13_1C_Cycle.xlsx,0.0,0.0002814760463804901
A123_094,25C,90,4.047599315643311,1.0,4.067220687866211,2.327831862290868,0.0,1,24.0,0.0,0.0,2.8855350017547607,11_6_13_1C_Cycle.xlsx,0.0,0.0005918784150567591
A123_094,25C,60,2.484846830368042,0.0,2.391441822052002,-2.4999372846675367,-0.0,1,24.0,0.0,0.0,2.8855350017547607,3_4_14_1C_Cycle.xlsx,0.0005274713,0.0002663776533964107
A123_094,25C,150,4.035112857818604,1.0,4.067058563232422,2.323787797793098,0.0,1,24.0,0.0,0.0,2.8855350017547607,2_4_14_1C_Cycle.xlsx,0.0005451441,-0.00011934267875663766
A123_094,25C,30,2.3774960041046143,0.0,2.3774960041046143,-2.499905439359801,-0.0,1,24.0,0.0,0.0,2.8855350017547607,10_16_13_1C_Cycle.xlsx,0.00027255714,0.00031597758152679054
A123_094,25C,60,2.4884145259857178,0.0,2.399712085723877,-2.499845030151795,-0.0,1,24.0,0.0,0.0,2.8855350017547607,3_4_14_1C_Cycle.xlsx,0.00051909685,0.0005382258564283015
A123_094,25C,150,4.038031578063965,1.0,4.069004535675049,2.3446963940889147,0.0,1,24.0,0.0,0.0,2.8855350017547607,11_18_13_1C_Cycle.xlsx,0.0,-6.917778092114987e-05
A123_094,25C,120,2.564306259155273,0.0,2.38722562789917,-2.499874052134427,-0.0,1,24.0,0.0,0.0,2.8855350017547607,12_4_13_1C_Cycle.xlsx,0.00022935867,-3.908992505288762e-05
A123_094,25C,120,2.5620357990264893,0.0,2.378468990325928,-2.499886620152104,-0.0,1,24.0,0.0,0.0,2.8855350017547607,11_6_13_1C_Cycle.xlsx,0.0,-3.908992505288762e-05
A123_094,25C,120,2.57987380027771,0.0,2.4117119312286377,-2.4997183585835394,-0.0,1,24.0,0.0,0.0,2.8855350017547607,2_4_14_1C_Cycle.xlsx,0.0011945367,0.06815901477898811
A123_094,25C,150,4.033004760742188,1.0,4.067058563232422,2.3173616889715194,0.0,1,24.0,0.0,0.0,2.8855350017547607,8_12_13_1C_Cycle.xlsx,4.2378902e-05,-8.901365631115468e-05
A123_094,25C,90,2.5287928581237797,0.0,2.3859283924102783,-2.4997384720020466,-0.0,1,24.0,0.0,0.0,2.8855350017547607,11_18_13_1C_Cycle.xlsx,0.000359416,0.0001971375528118593
A123_094,25C,90,4.05084228515625,1.0,4.06884241104126,2.3447392739481847,0.0,1,24.0,0.0,0.0,2.8855350017547607,11_18_13_1C_Cycle.xlsx,0.0,0.00032833537758401887
A123_094,25C,90,4.041599273681641,1.0,4.067869663238525,2.3242322694924145,0.0,1,24.0,0.0,0.0,2.8855350017547607,1_23_14_1C_Cycle.xlsx,0.0,-7.665566916605219e-05
A123_094,25C,150,4.032842636108398,1.0,4.066572189331055,2.3278394218127265,0.0,1,24.0,0.0,0.0,2.8855350017547607,11_6_13_1C_Cycle.xlsx,0.0,9.120424473059082e-05
A123_094,25C,60,2.4694416522979736,0.0,2.389495849609375,-2.4996440509955087,-0.0,1,24.0,0.0,0.0,2.8855350017547607,7_11_13_1C_Cycle.xlsx,0.0,0.00027461042349351164
A123_094,25C,60,2.528468370437622,0.0,2.482576608657837,-2.4788682173268173,-0.0,1,24.0,0.0,0.0,2.8855350017547607,7_17_13_1C_Cycle.xlsx,0.00020496547,0.0002814760463804901
A123_094,25C,60,2.5274953842163086,0.0,2.4730091094970703,-2.4773890817450592,-0.0,1,24.0,0.0,0.0,2.8855350017547607,11_6_13_1C_Cycle.xlsx,0.00028851628,0.0002814760463804901
A123_094,25C,120,4.041923522949219,1.0,4.0680317878723145,2.3204174160253346,0.0,1,24.0,0.0,0.0,2.8855350017547607,7_24_13_1C_Cycle.xlsx,0.0005684793,-2.4367485554102837e-05
A123_094,25C,60,2.54079270362854,0.0,2.4876036643981934,-2.4767706405869427,-0.0,1,24.0,0.0,0.0,2.8855350017547607,2_4_14_1C_Cycle.xlsx,0.00063692033,-0.000604056700123094
A123_094,25C,90,2.539657592773437,0.0,2.399874210357666,-2.499693184568171,-0.0,1,24.0,0.0,0.0,2.8855350017547607,8_19_13_1C_Cycle6.xlsx,0.0007403046,0.0004607529857466502
A123_094,25C,150,4.0432209968566895,1.0,4.071436882019043,2.3528169107437136,0.0,1,24.0,0.0,0.0,2.8855350017547607,7_24_13_1C_Cycle.xlsx,0.0005977154,0.006133323957674243
A123_094,25C,60,4.057004451751709,1.0,4.0673828125,2.3189683580209337,0.0,1,24.0,0.0,0.0,2.8855350017547607,8_1_13_1C_Cycle.xlsx,0.0007020235,0.001350452039899298
A123_094,25C,30,4.0673828125,1.0,4.0673828125,2.324141091261154,0.0,1,24.0,0.0,0.0,2.8855350017547607,1_23_14_1C_Cycle.xlsx,0.00030583143,0.000516858565080644
A123_094,25C,30,4.0701398849487305,1.0,4.0701398849487305,2.342589848571353,0.0,1,24.0,0.0,0.0,2.8855350017547607,12_13_13_1C_Cycle.xlsx,7.0512295e-05,-0.0021514543231727443
A123_094,25C,60,2.4841983318328857,0.0,2.395820140838623,-2.499876160140431,-0.0,1,24.0,0.0,0.0,2.8855350017547607,1_23_14_1C_Cycle.xlsx,0.0004119277,0.0002663776533964107
A123_094,25C,120,4.045166969299316,1.0,4.068680286407471,2.3392434133249416,0.0,1,24.0,0.0,0.0,2.8855350017547607,2_20_14_1C_Cycle.xlsx,0.00051648915,6.800559029103179e-05
A123_094,25C,120,4.044517993927002,1.0,4.06884241104126,2.3400734791289204,0.0,1,24.0,0.0,0.0,2.8855350017547607,2_4_14_1C_Cycle.xlsx,0.000110283494,6.800559029103179e-05
A123_094,25C,30,4.066085815429688,1.0,4.066085815429688,2.291938833892345,0.0,1,24.0,0.0,0.0,2.8855350017547607,7_11_13_1C_Cycle.xlsx,0.0022744536,-0.006786668197318424
A123_094,25C,120,4.039815425872803,1.0,4.067058563232422,2.315647563566604,0.0,1,24.0,0.0,0.0,2.8855350017547607,8_29_13_1C_Cycle.xlsx,0.0002924353,6.978469689029781e-05
A123_094,25C,30,2.3966310024261475,0.0,2.3966310024261475,-2.499699397130056,-0.0,1,24.0,0.0,0.0,2.8855350017547607,11_18_13_1C_Cycle.xlsx,0.00027301908,0.000541855500091499
A123_094,25C,60,2.4801442623138428,0.0,2.3967931270599365,-2.499858744124062,-0.0,1,24.0,0.0,0.0,2.8855350017547607,8_1_13_1C_Cycle.xlsx,0.00021350384,0.0005382258564283015
A123_094,25C,30,2.375874280929565,0.0,2.375874280929565,-2.499339705114966,-0.0,1,24.0,0.0,0.0,2.8855350017547607,11_6_13_1C_Cycle.xlsx,0.0002552569,0.0002782400671567091
A123_094,25C,30,4.067220687866211,1.0,4.067220687866211,2.3158442814263607,0.0,1,24.0,0.0,0.0,2.8855350017547607,8_29_13_1C_Cycle.xlsx,0.00062683225,0.002746783859439967
A123_094,25C,120,2.55279278755188,0.0,2.381063461303711,-2.499753099063347,-0.0,1,24.0,0.0,0.0,2.8855350017547607,8_12_13_1C_Cycle.xlsx,0.0,8.141638658039517e-05
A123_094,25C,120,4.039977550506592,1.0,4.066896438598633,2.3194472860131,0.0,1,24.0,0.0,0.0,2.8855350017547607,8_1_13_1C_Cycle.xlsx,0.00017687678,9.463823943796443e-05
A123_094,25C,60,4.0557074546813965,1.0,4.066572189331055,2.2952544097647523,0.0,1,24.0,0.0,0.0,2.8855350017547607,7_5_13_1C_Cycle.xlsx,0.0025706291,-0.010797894321081645
A123_094,25C,30,2.4772253036499023,0.0,2.4772253036499023,-2.478470154106617,-0.0,1,24.0,0.0,0.0,2.8855350017547607,8_12_13_1C_Cycle.xlsx,0.00028553605,0.00029601475214002197
A123_094,25C,60,2.4770631790161133,0.0,2.382522821426392,-2.4999036225405606,-0.0,1,24.0,0.0,0.0,2.8855350017547607,12_4_13_1C_Cycle.xlsx,0.00036376715,0.0002663776533964107
A123_094,25C,120,2.5649547576904297,0.0,2.377171516418457,-2.49991512298584,-0.0,1,24.0,0.0,0.0,2.8855350017547607,12_13_13_1C_Cycle.xlsx,0.0,-3.908992505288762e-05
A123_094,25C,150,4.035112857818604,1.0,4.067544937133789,2.3242275735251923,0.0,1,24.0,0.0,0.0,2.8855350017547607,12_13_13_1C_Cycle.xlsx,0.00032283366,5.239309125229723e-05
A123_094,25C,30,4.067058563232422,1.0,4.067058563232422,2.3158777825414174,0.0,1,24.0,0.0,0.0,2.8855350017547607,8_29_13_1C_Cycle.xlsx,0.00061672926,0.0004978347607391142
A123_094,25C,30,2.449657917022705,0.0,2.449657917022705,-2.479352911765785,-0.0,1,24.0,0.0,0.0,2.8855350017547607,7_5_13_1C_Cycle.xlsx,0.0,0.0010271408909217883
A123_094,25C,60,4.05830192565918,1.0,4.0680317878723145,2.3249295788927604,0.0,1,24.0,0.0,0.0,2.8855350017547607,12_4_13_1C_Cycle.xlsx,0.00063483417,0.00030319118956292766
A123_094,25C,120,4.040139675140381,1.0,4.067058563232422,2.330980984694209,0.0,1,24.0,0.0,0.0,2.8855350017547607,10_07_13_1C_Cycle.xlsx,0.0,0.00046355292582102504
A123_094,25C,150,4.034626483917236,1.0,4.067220687866211,2.3245039861171675,0.0,1,24.0,0.0,0.0,2.8855350017547607,12_13_13_1C_Cycle.xlsx,0.00021162629,-2.729119512224557e-05
A123_094,25C,150,4.032842636108398,1.0,4.067058563232422,2.3176869381666183,0.0,1,24.0,0.0,0.0,2.8855350017547607,8_12_13_1C_Cycle.xlsx,0.0,-6.416011376348814e-05
A123_094,25C,60,2.5127387046813965,0.0,2.468630790710449,-2.479001115636192,-0.0,1,24.0,0.0,0.0,2.8855350017547607,7_11_13_1C_Cycle.xlsx,0.0,0.0002814760463804901
A123_094,25C,60,2.4939279556274414,0.0,2.4490091800689697,-2.4997127450202123,-0.0,1,24.0,0.0,0.0,2.8855350017547607,7_5_13_1C_Cycle.xlsx,0.0,0.0009731116787931339
A123_094,25C,60,4.057491302490234,1.0,4.067869663238525,2.324042337254072,0.0,1,24.0,0.0,0.0,2.8855350017547607,1_23_14_1C_Cycle.xlsx,0.00039032102,0.00030319118956292766
A123_094,25C,90,4.0474371910095215,1.0,4.067058563232422,2.327793899328769,0.0,1,24.0,0.0,0.0,2.8855350017547607,11_6_13_1C_Cycle.xlsx,0.0,0.0005129552145191401
A123_094,25C,30,2.414630889892578,0.0,2.414630889892578,-2.499689221382141,-0.0,1,24.0,0.0,0.0,2.8855350017547607,2_4_14_1C_Cycle.xlsx,0.00032235682,0.0015590288347873578
A123_094,25C,30,4.0673828125,1.0,4.0673828125,2.3175091530680656,0.0,1,24.0,0.0,0.0,2.8855350017547607,8_12_13_1C_Cycle.xlsx,0.00055772066,0.0006884904548391903
A123_094,25C,120,2.571765661239624,0.0,2.3945229053497314,-2.499574731503214,-0.0,1,24.0,0.0,0.0,2.8855350017547607,10_16_13_1C_Cycle.xlsx,0.00055903196,-0.0001557702851445659
A123_094,25C,120,4.040950775146484,1.0,4.0673828125,2.3244314087379694,0.0,1,24.0,0.0,0.0,2.8855350017547607,12_13_13_1C_Cycle.xlsx,0.00010450184,0.00013579203690357414
A123_094,25C,60,4.056031703948975,1.0,4.066734313964844,2.3131108662632647,0.0,1,24.0,0.0,0.0,2.8855350017547607,9_25_13_1C_Cycle.xlsx,0.0009317994,5.651600458995285e-05
A123_094,25C,60,4.058139801025391,1.0,4.0680317878723145,2.3265732281974385,0.0,1,24.0,0.0,0.0,2.8855350017547607,11_18_13_1C_Cycle.xlsx,0.00044825673,0.00030319118956292766
A123_094,25C,60,4.056355953216553,1.0,4.067058563232422,2.305313720542472,0.0,1,24.0,0.0,0.0,2.8855350017547607,7_19_13_1C_Cycle.xlsx,0.001658082,-0.003478903586792212
A123_094,25C,60,2.538360357284546,0.0,2.4874415397644043,-2.499714978387422,-0.0,1,24.0,0.0,0.0,2.8855350017547607,3_4_14_1C_Cycle.xlsx,0.0010346323,0.0004945229428852309
A123_094,25C,90,4.046626091003418,1.0,4.066572189331055,2.3132115404014706,0.0,1,24.0,0.0,0.0,2.8855350017547607,9_25_13_1C_Cycle.xlsx,0.00048840046,-0.0001251186842285192
A123_094,25C,30,4.07030200958252,1.0,4.07030200958252,2.342339690233397,0.0,1,24.0,0.0,0.0,2.8855350017547607,12_13_13_1C_Cycle.xlsx,7.1018934e-05,-0.005937285062162849
A123_094,25C,30,4.067544937133789,1.0,4.067544937133789,2.3317156790099185,0.0,1,24.0,0.0,0.0,2.8855350017547607,9_16_13_1C_Cycle.xlsx,0.00013157725,0.0019050348386300197
A123_094,25C,30,2.4900360107421875,0.0,2.4900360107421875,-2.478106360909853,-0.0,1,24.0,0.0,0.0,2.8855350017547607,9_16_13_1C_Cycle.xlsx,0.00046005845,0.007828918865441587
A123_094,25C,120,4.038680553436279,1.0,4.066085815429688,2.3116833265285845,0.0,1,24.0,0.0,0.0,2.8855350017547607,10_16_13_1C_Cycle.xlsx,0.00041654706,-8.895877563420149e-05
A123_094,25C,120,2.553441286087036,0.0,2.385441780090332,-2.4997593287763924,-0.0,1,24.0,0.0,0.0,2.8855350017547607,8_12_13_1C_Cycle.xlsx,2.643466e-05,8.141638658039517e-05
A123_094,25C,30,2.400036334991455,0.0,2.400036334991455,-2.49970647205006,-0.0,1,24.0,0.0,0.0,2.8855350017547607,12_4_13_1C_Cycle.xlsx,0.00027948618,0.000541855500091499
A123_094,25C,120,4.044680118560791,1.0,4.068518161773682,2.339577834138222,0.0,1,24.0,0.0,0.0,2.8855350017547607,2_20_14_1C_Cycle.xlsx,0.00032742321,6.800559029103179e-05
A123_094,25C,120,2.5647926330566406,0.0,2.393387794494629,-2.499770863014355,-0.0,1,24.0,0.0,0.0,2.8855350017547607,8_19_13_1C_Cycle6.xlsx,0.00042285025,-3.908992505288762e-05
A123_094,25C,30,4.0680317878723145,1.0,4.0680317878723145,2.325316968863293,0.0,1,24.0,0.0,0.0,2.8855350017547607,12_4_13_1C_Cycle.xlsx,0.00029200315,0.00030151647762981823
A123_094,25C,60,2.505441427230835,0.0,2.423712015151977,-2.49971328940347,-0.0,1,24.0,0.0,0.0,2.8855350017547607,2_20_14_1C_Cycle.xlsx,0.0007947087,0.0009842271545621559
A123_094,25C,60,4.057328701019287,1.0,4.067707061767578,2.3260136424106057,0.0,1,24.0,0.0,0.0,2.8855350017547607,12_13_13_1C_Cycle.xlsx,0.00025871396,0.000593932684563929
A123_094,25C,60,2.538684606552124,0.0,2.485171318054199,-2.499922723413628,-0.0,1,24.0,0.0,0.0,2.8855350017547607,3_4_14_1C_Cycle.xlsx,0.0010895431,0.0004945229428852309
A123_094,25C,120,2.5412793159484863,0.0,2.3901445865631104,-2.499678675333659,-0.0,1,24.0,0.0,0.0,2.8855350017547607,7_11_13_1C_Cycle.xlsx,0.0,8.964915667749628e-05
A123_094,25C,150,4.036896705627441,1.0,4.0680317878723145,2.3391704966493867,0.0,1,24.0,0.0,0.0,2.8855350017547607,2_4_14_1C_Cycle.xlsx,0.0,-0.0004125169855831522
A123_094,25C,90,4.039329051971436,1.0,4.066572189331055,2.31115624111546,0.0,1,24.0,0.0,0.0,2.8855350017547607,10_16_13_1C_Cycle.xlsx,0.0,0.0063465078027530935
